{
    "AnonymizedUserWorkerID": "9f21d8b6-df7e-edd4-ef00-9da97dbb279f",
    "AnonymizedWizardWorkerID": "ac9c2dc2-a643-8ec0-d96c-1bc923b2777f",
    "BatchID": "woz_1590426434",
    "CompletionLevel": "DisconnectDuringDialogue",
    "DialogueID": 1121,
    "Events": [
        {
            "Action": "instruct",
            "Agent": "UserGuide",
            "Text": "Your task is written on the left panel. [instruction 1 of 4]",
            "UnixTime": 1590442748
        },
        {
            "Action": "utter",
            "Agent": "User",
            "Text": "I am playing trivia. Start at question 4",
            "UnixTime": 1590442758,
            "PredictedBeliefState": {
                "QuestionNum": "4"
            },
            "ActionLabel": [
                "user_trivia_inform_question_number",
                "user_bad_label"
            ]
        },
        {
            "APIName": "trivia",
            "Action": "query",
            "Agent": "Wizard",
            "Constraints": [
                {
                    "QuestionNum": "4"
                }
            ],
            "UnixTime": 1590442782
        },
        {
            "APIName": "trivia",
            "Action": "return_item",
            "Agent": "KnowledgeBase",
            "Item": {
                "APIName": "trivia",
                "Answer": "poem",
                "Question": "A ____ written to celebrate a wedding is called a epithalamium"
            },
            "TotalItems": -1,
            "PredictedBeliefState": {
                "QuestionNum": "4"
            },
            "ActionLabel": [
                "db_inform_question"
            ]
        },
        {
            "Action": "request_suggestions",
            "Agent": "Wizard",
            "PrimaryItem": {
                "APIName": "trivia",
                "Answer": "poem",
                "Question": "A ____ written to celebrate a wedding is called a epithalamium"
            },
            "Text": "A written to",
            "UnixTime": 1590442791
        },
        {
            "Action": "pick_suggestion",
            "ActionLabel": "trivia_ask_question",
            "ActionLabelOptions": [
                "trivia_ask_question",
                "trivia_inform_answer_2_ask_next",
                "out_of_scope"
            ],
            "Agent": "Wizard",
            "PrimaryItem": {
                "APIName": "trivia",
                "Answer": "poem",
                "Question": "A ____ written to celebrate a wedding is called a epithalamium"
            },
            "Text": "A ____ written to celebrate a wedding is called a epithalamium",
            "UnixTime": 1590442795
        },
        {
            "Action": "utter",
            "Agent": "User",
            "Text": "Poem",
            "UnixTime": 1590442798,
            "PredictedBeliefState": {
                "QuestionNum": "4"
            },
            "ActionLabel": [
                "user_trivia_answer"
            ]
        },
        {
            "Action": "instruct",
            "Agent": "UserGuide",
            "Text": "Engage in some smalltalk. [instruction 2 of 4]",
            "UnixTime": 1590442798
        },
        {
            "Action": "request_suggestions",
            "Agent": "Wizard",
            "PrimaryItem": {
                "APIName": "trivia",
                "Answer": "poem",
                "Question": "A ____ written to celebrate a wedding is called a epithalamium"
            },
            "Text": "Correct",
            "UnixTime": 1590442815
        },
        {
            "Action": "pick_suggestion",
            "ActionLabel": "trivia_inform_answer_correct_ask_next",
            "ActionLabelOptions": [
                "trivia_inform_answer_correct_ask_next",
                "out_of_scope",
                "trivia_inform_answer_incorrect_ask_next"
            ],
            "Agent": "Wizard",
            "PrimaryItem": {
                "APIName": "trivia",
                "Answer": "poem",
                "Question": "A ____ written to celebrate a wedding is called a epithalamium"
            },
            "Text": "Your answer was correct! Great job! Would you like to continue playing?",
            "UnixTime": 1590442819
        },
        {
            "Action": "utter",
            "Agent": "User",
            "Text": "yes next",
            "UnixTime": 1590442828,
            "PredictedBeliefState": {
                "QuestionNum": "4"
            },
            "ActionLabel": [
                "user_bad_label"
            ]
        },
        {
            "Action": "request_suggestions",
            "Agent": "Wizard",
            "PrimaryItem": {
                "APIName": "trivia",
                "Answer": "poem",
                "Question": "A ____ written to celebrate a wedding is called a epithalamium"
            },
            "Text": "Number",
            "UnixTime": 1590442835
        },
        {
            "Action": "pick_suggestion",
            "ActionLabel": "trivia_ask_question_number",
            "ActionLabelOptions": [
                "trivia_ask_question_number",
                "trivia_ask_question",
                "trivia_bye"
            ],
            "Agent": "Wizard",
            "PrimaryItem": {
                "APIName": "trivia",
                "Answer": "poem",
                "Question": "A ____ written to celebrate a wedding is called a epithalamium"
            },
            "Text": "At what question would you like to start?",
            "UnixTime": 1590442839
        },
        {
            "Action": "utter",
            "Agent": "User",
            "Text": "The next one dude",
            "UnixTime": 1590442846,
            "PredictedBeliefState": {
                "QuestionNum": "4"
            },
            "ActionLabel": [
                "user_trivia_ask_trivia"
            ]
        },
        {
            "Action": "instruct",
            "Agent": "UserGuide",
            "Text": "Say something about the questions. [instruction 3 of 4]",
            "UnixTime": 1590442846
        },
        {
            "Action": "request_suggestions",
            "Agent": "Wizard",
            "PrimaryItem": {
                "APIName": "trivia",
                "Answer": "poem",
                "Question": "A ____ written to celebrate a wedding is called a epithalamium"
            },
            "Text": "Question number ",
            "UnixTime": 1590442885
        },
        {
            "Action": "utter",
            "Agent": "Wizard",
            "PrimaryItem": {
                "APIName": "trivia",
                "Answer": "poem",
                "Question": "A ____ written to celebrate a wedding is called a epithalamium"
            },
            "Text": "Question number ",
            "UnixTime": 1590442897
        }
    ],
    "FORMAT-VERSION": 7,
    "IntroducesConflicts": false,
    "Scenario": {
        "Domains": [
            "trivia"
        ],
        "Happy": false,
        "MultiTask": false,
        "UserTask": "You would like to play a game of trivia. You've already answered some of the questions, so you should start from question 4 and play 5 questions. You have answers for the following questions: (3) snail, (7) do not iron. For the rest, try your best!",
        "WizardCapabilities": [
            {
                "Domain": "trivia",
                "SchemaImage": "trivia.jpg",
                "Task": "trivia"
            }
        ],
        "WizardTask": "Let the user play a trivia game. Query for and ask the questions until the user wants to stop. Note: Please DO NOT CHANGE THE COMPARATOR for the question number, i.e. leave it as 'is_equal_to'. "
    },
    "UserQuestionnaire": [],
    "WizardQuestionnaire": []
}