{
    "AnonymizedUserWorkerID": "16097ca3-5946-ab85-b263-8bba736f47c3",
    "AnonymizedWizardWorkerID": "3a5ea463-ded5-1b72-cab6-2e2ea04d6cf7",
    "BatchID": "woz_1590426434",
    "CompletionLevel": "Complete",
    "DialogueID": 1124,
    "Events": [
        {
            "Action": "instruct",
            "Agent": "UserGuide",
            "Text": "You (Ben) want to organize a surprise party for your friend Alexis, who just got a degree in Engineering. Talk to your personal AI assistant. Maybe it can help? [instruction 1 of 6]",
            "UnixTime": 1590439079
        },
        {
            "Action": "utter",
            "Agent": "User",
            "Text": "Oh I'm excited. My friend Alexis just got her degree in Engineering. She worked so hard for it and I feel she deserves a party. Can you help me get it going?",
            "UnixTime": 1590439133,
            "PredictedBeliefState": {},
            "ActionLabel": [
                "user_party_plan_ask_party_plan"
            ]
        },
        {
            "Action": "instruct",
            "Agent": "UserGuide",
            "Text": "Ideally, the thing should happen on Friday at the Southside Venue, 8 pm, and you'd expect about 95 to show up. [instruction 2 of 6]",
            "UnixTime": 1590439133
        },
        {
            "Action": "request_suggestions",
            "Agent": "Wizard",
            "Text": "name",
            "UnixTime": 1590439178
        },
        {
            "Action": "pick_suggestion",
            "ActionLabel": "ask_name",
            "ActionLabelOptions": [
                "ask_name",
                "goodbye_1",
                "out_of_scope"
            ],
            "Agent": "Wizard",
            "Text": "May I have your name, please?",
            "UnixTime": 1590439180
        },
        {
            "Action": "utter",
            "Agent": "User",
            "Text": "Ben",
            "UnixTime": 1590439191,
            "PredictedBeliefState": {
                "HostName": "ben"
            },
            "ActionLabel": [
                "user_party_plan_inform_name"
            ]
        },
        {
            "Action": "request_suggestions",
            "Agent": "Wizard",
            "Text": "number of guests",
            "UnixTime": 1590439203
        },
        {
            "Action": "pick_suggestion",
            "ActionLabel": "party_ask_number_of_guests",
            "ActionLabelOptions": [
                "party_ask_number_of_guests",
                "out_of_scope",
                "goodbye_1"
            ],
            "Agent": "Wizard",
            "Text": "How many people would you like to invite?",
            "UnixTime": 1590439204
        },
        {
            "Action": "utter",
            "Agent": "User",
            "Text": "Well, I figure there is going to be around 95 people here. I would like to have it Friday at the Southside Venue. Friday gives everyone the weekend to recuperate, and that venue is gorgeous! ",
            "UnixTime": 1590439303,
            "PredictedBeliefState": {
                "HostName": "ben",
                "NumberGuests": "95",
                "Name": "southside venue",
                "Day": "friday"
            },
            "ActionLabel": [
                "user_party_plan_inform_number_of_guests",
                "user_party_plan_inform_venue",
                "user_party_plan_inform_day"
            ]
        },
        {
            "Action": "request_suggestions",
            "Agent": "Wizard",
            "Text": "What time",
            "UnixTime": 1590439325
        },
        {
            "Action": "pick_suggestion",
            "ActionLabel": "party_ask_starting_time",
            "ActionLabelOptions": [
                "party_ask_starting_time",
                "party_ask_day",
                "party_ask_venue"
            ],
            "Agent": "Wizard",
            "Text": "When would you like your party to kick off?",
            "UnixTime": 1590439330
        },
        {
            "Action": "utter",
            "Agent": "User",
            "Text": "8 pm seems like the right time.",
            "UnixTime": 1590439382,
            "PredictedBeliefState": {
                "StartTimeHour": "8 pm",
                "Day": "friday",
                "Name": "southside venue",
                "HostName": "ben",
                "NumberGuests": "95"
            },
            "ActionLabel": [
                "user_party_plan_inform_starting_time"
            ]
        },
        {
            "Action": "instruct",
            "Agent": "UserGuide",
            "Text": "Interrupt the conversation with a little small talk [instruction 3 of 6]",
            "UnixTime": 1590439382
        },
        {
            "APIName": "party_plan",
            "Action": "query",
            "Agent": "Wizard",
            "Constraints": [
                {
                    "Name": "api.is_equal_to(\"Southside Venue\")"
                },
                {
                    "HostName": "\"Ben\""
                },
                {
                    "Day": "\"Friday\""
                },
                {
                    "StartTimeHour": "\"8 pm\""
                },
                {
                    "NumberGuests": "95"
                },
                {
                    "RequestType": "\"Check\""
                }
            ],
            "UnixTime": 1590439393
        },
        {
            "APIName": "party_plan",
            "Action": "return_item",
            "Agent": "KnowledgeBase",
            "Item": {
                "APIName": "party_plan",
                "Day": "Friday",
                "Message": "The venue is too small for your party. Try another venue.",
                "Time": "8 pm",
                "VenueName": "Southside Venue"
            },
            "TotalItems": -1,
            "PredictedBeliefState": {
                "StartTimeHour": "8 pm",
                "Day": "friday",
                "Name": "southside venue",
                "HostName": "ben",
                "NumberGuests": "95"
            },
            "ActionLabel": [
                "result_bad_label"
            ]
        },
        {
            "Action": "request_suggestions",
            "Agent": "Wizard",
            "PrimaryItem": {
                "APIName": "party_plan",
                "Day": "Friday",
                "Message": "The venue is too small for your party. Try another venue.",
                "Time": "8 pm",
                "VenueName": "Southside Venue"
            },
            "Text": "too small",
            "UnixTime": 1590439399
        },
        {
            "Action": "utter",
            "Agent": "Wizard",
            "PrimaryItem": {
                "APIName": "party_plan",
                "Day": "Friday",
                "Message": "The venue is too small for your party. Try another venue.",
                "Time": "8 pm",
                "VenueName": "Southside Venue"
            },
            "Text": "I am sorry but the Southside Venue is too small for that many guests",
            "UnixTime": 1590439424
        },
        {
            "Action": "utter",
            "Agent": "User",
            "Text": "Oh no. Well, I guess try another one then. What can you do. Can you imagine how hard Alexis worked for her degree?",
            "UnixTime": 1590439456,
            "PredictedBeliefState": {
                "NumberGuests": "95",
                "Day": "friday",
                "StartTimeHour": "8 pm",
                "Name": "west bay venue",
                "HostName": "ben"
            },
            "ActionLabel": [
                "user_party_plan_inform_venue"
            ]
        },
        {
            "Action": "instruct",
            "Agent": "UserGuide",
            "Text": "You just learn that on Friday Alexis will be away. So you have to plan the party for a different day. [instruction 4 of 6]",
            "UnixTime": 1590439456
        },
        {
            "APIName": "party_plan",
            "Action": "query",
            "Agent": "Wizard",
            "Constraints": [
                {
                    "Name": "\"North Heights Venue\""
                },
                {
                    "HostName": "\"Ben\""
                },
                {
                    "Day": "\"Friday\""
                },
                {
                    "StartTimeHour": "\"8 pm\""
                },
                {
                    "NumberGuests": "95"
                },
                {
                    "RequestType": "\"Check\""
                }
            ],
            "PrimaryItem": {
                "APIName": "party_plan",
                "Day": "Friday",
                "Message": "The venue is too small for your party. Try another venue.",
                "Time": "8 pm",
                "VenueName": "Southside Venue"
            },
            "UnixTime": 1590439471
        },
        {
            "APIName": "party_plan",
            "Action": "return_item",
            "Agent": "KnowledgeBase",
            "Item": {
                "APIName": "party_plan",
                "Day": "Friday",
                "Message": "The venue is available.",
                "Time": "8 pm",
                "VenueName": "North Heights Venue"
            },
            "TotalItems": -1,
            "PredictedBeliefState": {
                "NumberGuests": "95",
                "Day": "friday",
                "StartTimeHour": "8 pm",
                "Name": "west bay venue",
                "HostName": "ben"
            },
            "ActionLabel": [
                "db_party_venue_available"
            ]
        },
        {
            "Action": "request_suggestions",
            "Agent": "Wizard",
            "PrimaryItem": {
                "APIName": "party_plan",
                "Day": "Friday",
                "Message": "The venue is available.",
                "Time": "8 pm",
                "VenueName": "North Heights Venue"
            },
            "Text": "venue",
            "UnixTime": 1590439476
        },
        {
            "Action": "pick_suggestion",
            "ActionLabel": "party_ask_confirm_booking",
            "ActionLabelOptions": [
                "party_ask_confirm_booking",
                "party_ask_venue",
                "hello"
            ],
            "Agent": "Wizard",
            "PrimaryItem": {
                "APIName": "party_plan",
                "Day": "Friday",
                "Message": "The venue is available.",
                "Time": "8 pm",
                "VenueName": "North Heights Venue"
            },
            "Text": "OK, the North Heights Venue would be happy to accommodate you on Friday @ 8 pm.\nCan I book it for you now?",
            "UnixTime": 1590439479
        },
        {
            "Action": "utter",
            "Agent": "User",
            "Text": "Do you know if they can add twinkling lights around the place?",
            "UnixTime": 1590439507,
            "PredictedBeliefState": {
                "StartTimeHour": "8 pm",
                "Name": "north heights venue",
                "HostName": "ben",
                "Day": "friday",
                "NumberGuests": "95"
            },
            "ActionLabel": [
                "user_party_plan_inform_venue",
                "user_custom"
            ]
        },
        {
            "Action": "request_suggestions",
            "Agent": "Wizard",
            "PrimaryItem": {
                "APIName": "party_plan",
                "Day": "Friday",
                "Message": "The venue is available.",
                "Time": "8 pm",
                "VenueName": "North Heights Venue"
            },
            "Text": "no idea",
            "UnixTime": 1590439538
        },
        {
            "Action": "pick_suggestion",
            "ActionLabel": "out_of_scope",
            "ActionLabelOptions": [
                "out_of_scope",
                "goodbye_1",
                "party_booking_failed"
            ],
            "Agent": "Wizard",
            "PrimaryItem": {
                "APIName": "party_plan",
                "Day": "Friday",
                "Message": "The venue is available.",
                "Time": "8 pm",
                "VenueName": "North Heights Venue"
            },
            "Text": "I am sorry, I don't quite understand what you mean. I am only able to help you organise a party.",
            "UnixTime": 1590439542
        },
        {
            "Action": "utter",
            "Agent": "User",
            "Text": "Yes, I meant inside the venue. Strands of white lights. It would be so pretty.",
            "UnixTime": 1590439561,
            "PredictedBeliefState": {
                "Name": "north heights venue",
                "Day": "friday",
                "StartTimeHour": "8 pm",
                "HostName": "ben",
                "NumberGuests": "95"
            },
            "ActionLabel": []
        },
        {
            "Action": "instruct",
            "Agent": "UserGuide",
            "Text": "Either make some more smalltalk, tell a joke, or say something about the Southside Venue. [instruction 5 of 6]",
            "UnixTime": 1590439561
        },
        {
            "Action": "request_suggestions",
            "Agent": "Wizard",
            "PrimaryItem": {
                "APIName": "party_plan",
                "Day": "Friday",
                "Message": "The venue is available.",
                "Time": "8 pm",
                "VenueName": "North Heights Venue"
            },
            "Text": "no",
            "UnixTime": 1590439572
        },
        {
            "Action": "request_suggestions",
            "Agent": "Wizard",
            "PrimaryItem": {
                "APIName": "party_plan",
                "Day": "Friday",
                "Message": "The venue is available.",
                "Time": "8 pm",
                "VenueName": "North Heights Venue"
            },
            "Text": "shall I book",
            "UnixTime": 1590439579
        },
        {
            "Action": "pick_suggestion",
            "ActionLabel": "party_ask_confirm_booking",
            "ActionLabelOptions": [
                "party_ask_confirm_booking",
                "party_ask_day",
                "party_ask_food"
            ],
            "Agent": "Wizard",
            "PrimaryItem": {
                "APIName": "party_plan",
                "Day": "Friday",
                "Message": "The venue is available.",
                "Time": "8 pm",
                "VenueName": "North Heights Venue"
            },
            "Text": "OK, the North Heights Venue would be happy to accommodate you on Friday @ 8 pm.\nCan I book it for you now?",
            "UnixTime": 1590439582
        },
        {
            "Action": "utter",
            "Agent": "User",
            "Text": "can you try southside again? I really hoped they would do it.",
            "UnixTime": 1590439604,
            "PredictedBeliefState": {
                "Name": "southside venue",
                "Day": "friday",
                "NumberGuests": "95",
                "HostName": "ben",
                "StartTimeHour": "8 pm"
            },
            "ActionLabel": [
                "user_party_plan_inform_venue",
                "user_bad_label"
            ]
        },
        {
            "Action": "instruct",
            "Agent": "UserGuide",
            "Text": "Make sure you have booked a venue. If nothing was available, change the day or reduce the number of guests until it works. Then you can bring the conversation to a natural close. [instruction 6 of 6]",
            "UnixTime": 1590439604
        },
        {
            "Action": "request_suggestions",
            "Agent": "Wizard",
            "PrimaryItem": {
                "APIName": "party_plan",
                "Day": "Friday",
                "Message": "The venue is available.",
                "Time": "8 pm",
                "VenueName": "North Heights Venue"
            },
            "Text": "No",
            "UnixTime": 1590439614
        },
        {
            "Action": "utter",
            "Agent": "Wizard",
            "PrimaryItem": {
                "APIName": "party_plan",
                "Day": "Friday",
                "Message": "The venue is available.",
                "Time": "8 pm",
                "VenueName": "North Heights Venue"
            },
            "Text": "As I told you, the venue is too small.",
            "UnixTime": 1590439626
        },
        {
            "Action": "utter",
            "Agent": "User",
            "Text": "Well no need to be rude!",
            "UnixTime": 1590439636,
            "PredictedBeliefState": {
                "StartTimeHour": "8 pm",
                "HostName": "ben",
                "Name": "southside venue",
                "NumberGuests": "95",
                "Day": "friday"
            },
            "ActionLabel": [
                "user_bad_label"
            ]
        },
        {
            "Action": "request_suggestions",
            "Agent": "Wizard",
            "PrimaryItem": {
                "APIName": "party_plan",
                "Day": "Friday",
                "Message": "The venue is available.",
                "Time": "8 pm",
                "VenueName": "North Heights Venue"
            },
            "Text": "anything else",
            "UnixTime": 1590439644
        },
        {
            "Action": "pick_suggestion",
            "ActionLabel": "anything_else",
            "ActionLabelOptions": [
                "anything_else",
                "party_inform_food_drink_criteria",
                "goodbye_1"
            ],
            "Agent": "Wizard",
            "PrimaryItem": {
                "APIName": "party_plan",
                "Day": "Friday",
                "Message": "The venue is available.",
                "Time": "8 pm",
                "VenueName": "North Heights Venue"
            },
            "Text": "Is there anything else that I can do for you?",
            "UnixTime": 1590439646
        },
        {
            "Action": "utter",
            "Agent": "User",
            "Text": "Just book the other venue. I am really used to nicer customer service.",
            "UnixTime": 1590439671,
            "PredictedBeliefState": {
                "NumberGuests": "95",
                "StartTimeHour": "8 pm",
                "Day": "friday",
                "Name": "north heights venue",
                "HostName": "ben"
            },
            "ActionLabel": [
                "user_party_plan_inform_venue",
                "user_bad_label"
            ]
        },
        {
            "APIName": "party_plan",
            "Action": "query",
            "Agent": "Wizard",
            "Constraints": [
                {
                    "Name": "\"North Heights Venue\""
                },
                {
                    "HostName": "\"Ben\""
                },
                {
                    "Day": "\"Friday\""
                },
                {
                    "StartTimeHour": "\"8 pm\""
                },
                {
                    "NumberGuests": "95"
                },
                {
                    "RequestType": "\"Book\""
                }
            ],
            "PrimaryItem": {
                "APIName": "party_plan",
                "Day": "Friday",
                "Message": "The venue is available.",
                "Time": "8 pm",
                "VenueName": "North Heights Venue"
            },
            "UnixTime": 1590439678
        },
        {
            "APIName": "party_plan",
            "Action": "return_item",
            "Agent": "KnowledgeBase",
            "Item": {
                "APIName": "party_plan",
                "Day": "Friday",
                "Message": "Your event has been successfully scheduled.",
                "Time": "8 pm",
                "VenueName": "North Heights Venue"
            },
            "TotalItems": -1,
            "PredictedBeliefState": {
                "NumberGuests": "95",
                "StartTimeHour": "8 pm",
                "Day": "friday",
                "Name": "north heights venue",
                "HostName": "ben"
            },
            "ActionLabel": [
                "db_party_booking_successful"
            ]
        },
        {
            "Action": "request_suggestions",
            "Agent": "Wizard",
            "PrimaryItem": {
                "APIName": "party_plan",
                "Day": "Friday",
                "Message": "Your event has been successfully scheduled.",
                "Time": "8 pm",
                "VenueName": "North Heights Venue"
            },
            "Text": "done",
            "UnixTime": 1590439681
        },
        {
            "Action": "pick_suggestion",
            "ActionLabel": "party_booking_successful",
            "ActionLabelOptions": [
                "party_booking_successful",
                "hello",
                "party_ask_food"
            ],
            "Agent": "Wizard",
            "PrimaryItem": {
                "APIName": "party_plan",
                "Day": "Friday",
                "Message": "Your event has been successfully scheduled.",
                "Time": "8 pm",
                "VenueName": "North Heights Venue"
            },
            "Text": "Great, your party has been successfully booked at the North Heights Venue on Friday at 8 pm!",
            "UnixTime": 1590439683
        },
        {
            "Action": "complete",
            "Agent": "User",
            "UnixTime": 1590439688
        }
    ],
    "FORMAT-VERSION": 7,
    "IntroducesConflicts": false,
    "Scenario": {
        "Domains": [
            "party"
        ],
        "Happy": false,
        "MultiTask": false,
        "UserTask": "Follow the instructions and comments of the MTurk System bot (darker yellow boxes in the dialogue). Do not end the dialogue before the MTurk System bot (not the assistant) has told you to do so. ",
        "WizardCapabilities": [
            {
                "Domain": "party",
                "SchemaImage": "party_plan.jpg",
                "Task": "party_plan"
            }
        ],
        "WizardTask": "Follow the flow charts and help the user plan a party."
    },
    "UserQuestionnaire": [
        {
            "Answer": false,
            "Question": "Did the assistant stay calm and helpful throughout the dialogue?"
        }
    ],
    "WizardQuestionnaire": [
        {
            "Answer": true,
            "Question": "Did the user change his/her mind about what he/she wants at any time?"
        },
        {
            "Answer": true,
            "Question": "Did the user become aggressive or annoyed during the dialogue? (Note: some users may be instructed to be annoying.)"
        },
        {
            "Answer": false,
            "Question": "Where you unsure about what to do at any time? (Feel free to send us an email with details.)"
        }
    ]
}