{
    "AnonymizedUserWorkerID": "6f51e967-ce78-081f-da64-6595f6cdfeca",
    "AnonymizedWizardWorkerID": "a0362f23-a428-0712-805e-13fe4ea1da38",
    "BatchID": "woz_1590426434",
    "CompletionLevel": "Complete",
    "DialogueID": 1133,
    "Events": [
        {
            "Action": "instruct",
            "Agent": "UserGuide",
            "Text": "Somebody has transferred $500 from your account. Quickly you contact the bank-system's AI assistant. Surely it can help? [instruction 1 of 5]",
            "UnixTime": 1590446313
        },
        {
            "Action": "utter",
            "Agent": "User",
            "Text": "Somebody has transferred $500 from your account",
            "UnixTime": 1590446341,
            "PredictedBeliefState": {
                "FraudReport": "somebody transferred $500 from client's account."
            },
            "ActionLabel": [
                "user_bank_inform_fraud_details",
                "user_bank_ask_fraud"
            ]
        },
        {
            "Action": "instruct",
            "Agent": "UserGuide",
            "Text": "You are Brian White. Your account number is 153531981, but you forgot your PIN. (You might need your mother's maiden name for the security questions: Sanders.) [instruction 2 of 5]",
            "UnixTime": 1590446341
        },
        {
            "Action": "request_suggestions",
            "Agent": "Wizard",
            "Text": "name",
            "UnixTime": 1590446346
        },
        {
            "Action": "pick_suggestion",
            "ActionLabel": "ask_name",
            "ActionLabelOptions": [
                "ask_name",
                "goodbye_1",
                "bank_inform_fraud_report_submitted"
            ],
            "Agent": "Wizard",
            "Text": "Could I get your full name, please?",
            "UnixTime": 1590446349
        },
        {
            "Action": "utter",
            "Agent": "User",
            "Text": "Brian White",
            "UnixTime": 1590446354,
            "PredictedBeliefState": {
                "FraudReport": "somebody transferred $500 from client's account",
                "FullName": "brian white"
            },
            "ActionLabel": [
                "user_bank_inform_name"
            ]
        },
        {
            "Action": "request_suggestions",
            "Agent": "Wizard",
            "Text": "account number",
            "UnixTime": 1590446357
        },
        {
            "Action": "pick_suggestion",
            "ActionLabel": "bank_ask_account_number",
            "ActionLabelOptions": [
                "bank_ask_account_number",
                "bank_inform_cannot_authenticate",
                "out_of_scope"
            ],
            "Agent": "Wizard",
            "Text": "Can you tell me your account number, please?",
            "UnixTime": 1590446360
        },
        {
            "Action": "utter",
            "Agent": "User",
            "Text": "153531981",
            "UnixTime": 1590446366,
            "PredictedBeliefState": {
                "FullName": "brian white",
                "AccountNumber": "153531981",
                "FraudReport": "somebody transferred $500 from client's account"
            },
            "ActionLabel": [
                "user_bank_inform_account_number"
            ]
        },
        {
            "Action": "request_suggestions",
            "Agent": "Wizard",
            "Text": "pin",
            "UnixTime": 1590446369
        },
        {
            "Action": "pick_suggestion",
            "ActionLabel": "bank_ask_pin",
            "ActionLabelOptions": [
                "bank_ask_pin",
                "out_of_scope",
                "ask_name"
            ],
            "Agent": "Wizard",
            "Text": "Right, and your PIN as well please.",
            "UnixTime": 1590446370
        },
        {
            "Action": "utter",
            "Agent": "User",
            "Text": "I forgot it.",
            "UnixTime": 1590446378,
            "PredictedBeliefState": {
                "PIN": "forgot",
                "FraudReport": "somebody transferred $500 from client's account.",
                "AccountNumber": "153531981",
                "FullName": "brian white"
            },
            "ActionLabel": [
                "user_bank_forgot_pin"
            ]
        },
        {
            "Action": "instruct",
            "Agent": "UserGuide",
            "Text": "Now you remember you PIN again. Maybe. It was either 0314 or 7402. [instruction 3 of 5]",
            "UnixTime": 1590446378
        },
        {
            "Action": "request_suggestions",
            "Agent": "Wizard",
            "Text": "date of birth",
            "UnixTime": 1590446381
        },
        {
            "Action": "pick_suggestion",
            "ActionLabel": "bank_ask_dob",
            "ActionLabelOptions": [
                "bank_ask_dob",
                "bank_inform_cannot_authenticate",
                "goodbye_1"
            ],
            "Agent": "Wizard",
            "Text": "Could you provide your date of birth, please?",
            "UnixTime": 1590446382
        },
        {
            "Action": "utter",
            "Agent": "User",
            "Text": "My PIN is either 0314 or 7402.",
            "UnixTime": 1590446395,
            "PredictedBeliefState": {
                "FraudReport": "somebody transferred $500 from client's account.",
                "FullName": "brian white",
                "PIN": "0314",
                "AccountNumber": "153531981"
            },
            "ActionLabel": [
                "user_bank_inform_pin"
            ]
        },
        {
            "Action": "instruct",
            "Agent": "UserGuide",
            "Text": "Choose: Complain about your situation; make a joke; or write something else that's unexpected yet somehow fits the conversation. [instruction 4 of 5]",
            "UnixTime": 1590446395
        },
        {
            "APIName": "bank_fraud_report",
            "Action": "query",
            "Agent": "Wizard",
            "Constraints": [
                {
                    "FraudReport": "\"$500 transferred from account\""
                },
                {
                    "FullName": "\"Brian White\""
                },
                {
                    "AccountNumber": "153531981"
                },
                {
                    "PIN": "0314"
                }
            ],
            "UnixTime": 1590446403
        },
        {
            "APIName": "bank_fraud_report",
            "Action": "return_item",
            "Agent": "KnowledgeBase",
            "Item": {
                "APIName": "bank_fraud_report",
                "Confirmation": "Fraud report submitted successfully."
            },
            "TotalItems": -1,
            "PredictedBeliefState": {
                "FraudReport": "somebody transferred $500 from client's account.",
                "FullName": "brian white",
                "PIN": "0314",
                "AccountNumber": "153531981"
            },
            "ActionLabel": [
                "db_bank_inform_fraud_report_submitted"
            ]
        },
        {
            "Action": "request_suggestions",
            "Agent": "Wizard",
            "PrimaryItem": {
                "APIName": "bank_fraud_report",
                "Confirmation": "Fraud report submitted successfully."
            },
            "Text": "Fraud report submitted successfully.",
            "UnixTime": 1590446406
        },
        {
            "Action": "pick_suggestion",
            "ActionLabel": "bank_inform_fraud_report_submitted",
            "ActionLabelOptions": [
                "bank_inform_fraud_report_submitted",
                "bank_ask_fraud_details",
                "goodbye_1"
            ],
            "Agent": "Wizard",
            "PrimaryItem": {
                "APIName": "bank_fraud_report",
                "Confirmation": "Fraud report submitted successfully."
            },
            "Text": "Your report has been successfully submitted.\nWe will have a look at the matter ASAP and will contact you with details in due course.",
            "UnixTime": 1590446408
        },
        {
            "Action": "utter",
            "Agent": "User",
            "Text": "Great. Hopefully I'll get my money back.",
            "UnixTime": 1590446438,
            "PredictedBeliefState": {
                "FraudReport": "somebody transferred $500 from client's account.",
                "AccountNumber": "153531981",
                "FullName": "brian white",
                "PIN": "0314"
            },
            "ActionLabel": [
                "user_bad_label"
            ]
        },
        {
            "Action": "request_suggestions",
            "Agent": "Wizard",
            "PrimaryItem": {
                "APIName": "bank_fraud_report",
                "Confirmation": "Fraud report submitted successfully."
            },
            "Text": "Our team will do everything possible to resolve this. Is there anything else I can do for you?",
            "UnixTime": 1590446464
        },
        {
            "Action": "utter",
            "Agent": "Wizard",
            "PrimaryItem": {
                "APIName": "bank_fraud_report",
                "Confirmation": "Fraud report submitted successfully."
            },
            "Text": "Our team will do everything possible to resolve this. Is there anything else I can do for you?",
            "UnixTime": 1590446467
        },
        {
            "Action": "utter",
            "Agent": "User",
            "Text": "I'm good.",
            "UnixTime": 1590446476,
            "PredictedBeliefState": {
                "PIN": "0314",
                "FullName": "brian white",
                "AccountNumber": "153531981",
                "FraudReport": "somebody transferred $500 from client's account."
            },
            "ActionLabel": [
                "user_bank_goodbye"
            ]
        },
        {
            "Action": "instruct",
            "Agent": "UserGuide",
            "Text": "Once the AI tells you that the report has been filed, you can end the dialogue. Otherwise, keep going and try to get the report filed (you can be creative about PINs and names). [instruction 5 of 5]",
            "UnixTime": 1590446476
        },
        {
            "Action": "request_suggestions",
            "Agent": "Wizard",
            "PrimaryItem": {
                "APIName": "bank_fraud_report",
                "Confirmation": "Fraud report submitted successfully."
            },
            "Text": "goodbye",
            "UnixTime": 1590446479
        },
        {
            "Action": "pick_suggestion",
            "ActionLabel": "goodbye_1",
            "ActionLabelOptions": [
                "goodbye_1",
                "bank_ask_childhood_pets_name",
                "bank_inform_cannot_authenticate"
            ],
            "Agent": "Wizard",
            "PrimaryItem": {
                "APIName": "bank_fraud_report",
                "Confirmation": "Fraud report submitted successfully."
            },
            "Text": "Thank you and goodbye.",
            "UnixTime": 1590446481
        },
        {
            "Action": "utter",
            "Agent": "User",
            "Text": "Bye",
            "UnixTime": 1590446485,
            "PredictedBeliefState": {
                "AccountNumber": "153531981",
                "PIN": "0314",
                "FullName": "brian white",
                "FraudReport": "somebody transferred $500 from client's account."
            },
            "ActionLabel": [
                "user_bad_label"
            ]
        },
        {
            "Action": "request_suggestions",
            "Agent": "Wizard",
            "PrimaryItem": {
                "APIName": "bank_fraud_report",
                "Confirmation": "Fraud report submitted successfully."
            },
            "Text": "goodbye",
            "UnixTime": 1590446487
        },
        {
            "Action": "utter",
            "Agent": "Wizard",
            "PrimaryItem": {
                "APIName": "bank_fraud_report",
                "Confirmation": "Fraud report submitted successfully."
            },
            "Text": "Bye.",
            "UnixTime": 1590446490
        },
        {
            "Action": "complete",
            "Agent": "User",
            "UnixTime": 1590446585
        }
    ],
    "FORMAT-VERSION": 7,
    "IntroducesConflicts": false,
    "Scenario": {
        "Domains": [
            "bank"
        ],
        "Happy": false,
        "MultiTask": false,
        "UserTask": "Follow the instructions and comments of the MTurk System bot (darker yellow boxes in the dialogue). Do not end the dialogue before the MTurk System bot (not the assistant) has told you to do so. ",
        "WizardCapabilities": [
            {
                "Domain": "bank",
                "SchemaImage": "bank_fraud_report.jpg",
                "Task": "bank_fraud_report"
            }
        ],
        "WizardTask": "Follow the flow charts and help the user. Some facts you should be aware of: \n\n* You are the customer service AI of the international banking system"
    },
    "UserQuestionnaire": [
        {
            "Answer": true,
            "Question": "Did the assistant stay calm and helpful throughout the dialogue?"
        }
    ],
    "WizardQuestionnaire": [
        {
            "Answer": false,
            "Question": "Did the user seem confused? (He or she may have been instructed to be.)"
        },
        {
            "Answer": false,
            "Question": "Did the user change his/her mind about what he/she wants at any time?"
        },
        {
            "Answer": false,
            "Question": "Did the user become aggressive or annoyed during the dialogue? (Note: some users may be instructed to be annoying.)"
        },
        {
            "Answer": false,
            "Question": "Where you unsure about what to do at any time? (Feel free to send us an email with details.)"
        }
    ]
}