{
    "AnonymizedUserWorkerID": "c06538fc-4352-5d92-9ced-53d9fa54e376",
    "AnonymizedWizardWorkerID": "4b56e0fa-e086-4b01-d3c6-840b91b26164",
    "BatchID": "woz_1590426434",
    "CompletionLevel": "Complete",
    "DialogueID": 1135,
    "Events": [
        {
            "Action": "utter",
            "Agent": "User",
            "Text": "Hello",
            "UnixTime": 1590438926,
            "PredictedBeliefState": {},
            "ActionLabel": [
                "user_bad_label"
            ]
        },
        {
            "Action": "instruct",
            "Agent": "UserGuide",
            "Text": "You remember that your friend recommended the Hyatt Hotel. Tell the assistant you've changed your mind and want to stay at Hyatt Hotel. [instruction 1 of 5]",
            "UnixTime": 1590438926
        },
        {
            "Action": "request_suggestions",
            "Agent": "Wizard",
            "Text": "how can help",
            "UnixTime": 1590438958
        },
        {
            "Action": "utter",
            "Agent": "Wizard",
            "Text": "Hi. How may I help you?",
            "UnixTime": 1590438968
        },
        {
            "Action": "utter",
            "Agent": "User",
            "Text": "I need a reservation",
            "UnixTime": 1590439009,
            "PredictedBeliefState": {},
            "ActionLabel": [
                "user_bad_label"
            ]
        },
        {
            "Action": "request_suggestions",
            "Agent": "Wizard",
            "Text": "where",
            "UnixTime": 1590439024
        },
        {
            "Action": "pick_suggestion",
            "ActionLabel": "hotel_ask_hotel",
            "ActionLabelOptions": [
                "hotel_ask_hotel",
                "hello",
                "hotel_ask_date_to"
            ],
            "Agent": "Wizard",
            "Text": "What hotel would you like to stay at?",
            "UnixTime": 1590439030
        },
        {
            "Action": "utter",
            "Agent": "User",
            "Text": "Hilton",
            "UnixTime": 1590439044,
            "PredictedBeliefState": {
                "Name": "hilton hotel"
            },
            "ActionLabel": [
                "user_hotel_book_inform_hotel_name",
                "user_hotel_book_ask_hotel_book"
            ]
        },
        {
            "Action": "instruct",
            "Agent": "UserGuide",
            "Text": "Actually, you recall that your friend stayed at Hyatt Hotel in another town. However you've read on a blog that the Shadyside Inn is by long and far the most authentic one. Tell the assistant you've changed your mind and want to stay at Shadyside Inn. [instruction 2 of 5]",
            "UnixTime": 1590439044
        },
        {
            "Action": "request_suggestions",
            "Agent": "Wizard",
            "Text": "what day",
            "UnixTime": 1590439052
        },
        {
            "Action": "pick_suggestion",
            "ActionLabel": "hotel_ask_date_from",
            "ActionLabelOptions": [
                "hotel_ask_date_to",
                "hotel_ask_date_from",
                "hotel_reservation_succeeded"
            ],
            "Agent": "Wizard",
            "Text": "When are you arriving?",
            "UnixTime": 1590439055
        },
        {
            "Action": "utter",
            "Agent": "User",
            "Text": "3rd-23rd",
            "UnixTime": 1590439083,
            "PredictedBeliefState": {
                "EndDate": "23rd",
                "Name": "hilton hotel",
                "StartDate": "3rd"
            },
            "ActionLabel": [
                "user_hotel_book_inform_end_date",
                "user_hotel_book_inform_start_date"
            ]
        },
        {
            "Action": "instruct",
            "Agent": "UserGuide",
            "Text": "Talk to the assistant about this great travel blog that you rely on and that its never let you down on your journeys. Be creative! [instruction 3 of 5]",
            "UnixTime": 1590439083
        },
        {
            "Action": "request_suggestions",
            "Agent": "Wizard",
            "Text": "name",
            "UnixTime": 1590439097
        },
        {
            "Action": "pick_suggestion",
            "ActionLabel": "ask_name",
            "ActionLabelOptions": [
                "ask_name",
                "hotel_inform_nothing_found",
                "hotel_ask_date_from"
            ],
            "Agent": "Wizard",
            "Text": "May I have your name, please?",
            "UnixTime": 1590439099
        },
        {
            "Action": "utter",
            "Agent": "User",
            "Text": "John",
            "UnixTime": 1590439130,
            "PredictedBeliefState": {
                "EndDate": "23rd",
                "StartDate": "3rd",
                "Name": "hilton hotel",
                "CustomerName": "john"
            },
            "ActionLabel": [
                "user_hotel_book_inform_name"
            ]
        },
        {
            "Action": "instruct",
            "Agent": "UserGuide",
            "Text": "You just received a text from your partner saying: 'Hey, my brother invited us to his wedding in London on the 23rd and I already booked us a flight for the 3rd!' Tell the assistant you would like to change your reservation to 13th-28th the following month. [instruction 4 of 5]",
            "UnixTime": 1590439130
        },
        {
            "APIName": "hotel_book",
            "Action": "query",
            "Agent": "Wizard",
            "Constraints": [
                {
                    "Name": "\"Hilton Hotel\""
                },
                {
                    "StartDate": "\"3rd\""
                },
                {
                    "EndDate": "\"23rd\""
                },
                {
                    "CustomerName": "\"John\""
                },
                {
                    "RequestType": "\"Check\""
                }
            ],
            "UnixTime": 1590439140
        },
        {
            "APIName": "hotel_book",
            "Action": "return_item",
            "Agent": "KnowledgeBase",
            "Item": {
                "APIName": "hotel_book",
                "HotelName": "Hilton Hotel",
                "Message": "Available"
            },
            "TotalItems": -1,
            "PredictedBeliefState": {
                "EndDate": "23rd",
                "StartDate": "3rd",
                "Name": "hilton hotel",
                "CustomerName": "john"
            },
            "ActionLabel": [
                "db_hotel_available"
            ]
        },
        {
            "Action": "request_suggestions",
            "Agent": "Wizard",
            "PrimaryItem": {
                "APIName": "hotel_book",
                "HotelName": "Hilton Hotel",
                "Message": "Available"
            },
            "Text": "available",
            "UnixTime": 1590439143
        },
        {
            "Action": "pick_suggestion",
            "ActionLabel": "hotel_ask_confirm_booking",
            "ActionLabelOptions": [
                "hotel_ask_confirm_booking",
                "hotel_reservation_failed",
                "hotel_ask_date_to"
            ],
            "Agent": "Wizard",
            "PrimaryItem": {
                "APIName": "hotel_book",
                "HotelName": "Hilton Hotel",
                "Message": "Available"
            },
            "Text": "Alright, the Hilton Hotel ticks all of your boxes, can I book this room for you?",
            "UnixTime": 1590439146
        },
        {
            "Action": "utter",
            "Agent": "User",
            "Text": "yes",
            "UnixTime": 1590439151,
            "PredictedBeliefState": {
                "EndDate": "23rd",
                "Name": "hilton hotel",
                "StartDate": "3rd",
                "CustomerName": "john"
            },
            "ActionLabel": [
                "user_hotel_book_inform_book"
            ]
        },
        {
            "Action": "instruct",
            "Agent": "UserGuide",
            "Text": "Tell the assistant you don't really want to go to London because your partner's brother is a bit of a show-off, but obviously you'll be going to the wedding. Finish the booking and bring the conversation to an end. [instruction 5 of 5]",
            "UnixTime": 1590439151
        },
        {
            "APIName": "hotel_book",
            "Action": "query",
            "Agent": "Wizard",
            "Constraints": [
                {
                    "Name": "\"Hilton Hotel\""
                },
                {
                    "StartDate": "\"3rd\""
                },
                {
                    "EndDate": "\"23rd\""
                },
                {
                    "CustomerName": "\"John\""
                },
                {
                    "RequestType": "\"Book\""
                }
            ],
            "PrimaryItem": {
                "APIName": "hotel_book",
                "HotelName": "Hilton Hotel",
                "Message": "Available"
            },
            "UnixTime": 1590439157
        },
        {
            "APIName": "hotel_book",
            "Action": "return_item",
            "Agent": "KnowledgeBase",
            "Item": {
                "APIName": "hotel_book",
                "HotelName": "Hilton Hotel",
                "Message": "Reservation Failed"
            },
            "TotalItems": -1,
            "PredictedBeliefState": {
                "EndDate": "23rd",
                "Name": "hilton hotel",
                "StartDate": "3rd",
                "CustomerName": "john"
            },
            "ActionLabel": [
                "db_hotel_reservation_failed"
            ]
        },
        {
            "Action": "request_suggestions",
            "Agent": "Wizard",
            "PrimaryItem": {
                "APIName": "hotel_book",
                "HotelName": "Hilton Hotel",
                "Message": "Reservation Failed"
            },
            "Text": "failed",
            "UnixTime": 1590439160
        },
        {
            "Action": "pick_suggestion",
            "ActionLabel": "hotel_reservation_failed",
            "ActionLabelOptions": [
                "hotel_reservation_failed",
                "goodbye_1",
                "hotel_inform_nothing_found"
            ],
            "Agent": "Wizard",
            "PrimaryItem": {
                "APIName": "hotel_book",
                "HotelName": "Hilton Hotel",
                "Message": "Reservation Failed"
            },
            "Text": "I'm sorry, but your booking request failed.",
            "UnixTime": 1590439161
        },
        {
            "Action": "utter",
            "Agent": "User",
            "Text": "That's okay",
            "UnixTime": 1590439173,
            "PredictedBeliefState": {
                "CustomerName": "john",
                "EndDate": "23rd",
                "StartDate": "3rd",
                "Name": "hilton hotel"
            },
            "ActionLabel": [
                "user_hotel_book_thank_you"
            ]
        },
        {
            "Action": "request_suggestions",
            "Agent": "Wizard",
            "PrimaryItem": {
                "APIName": "hotel_book",
                "HotelName": "Hilton Hotel",
                "Message": "Reservation Failed"
            },
            "Text": "anything else",
            "UnixTime": 1590439180
        },
        {
            "Action": "pick_suggestion",
            "ActionLabel": "anything_else",
            "ActionLabelOptions": [
                "hotel_ask_customer_request",
                "anything_else",
                "hotel_ask_date_to"
            ],
            "Agent": "Wizard",
            "PrimaryItem": {
                "APIName": "hotel_book",
                "HotelName": "Hilton Hotel",
                "Message": "Reservation Failed"
            },
            "Text": "Is there anything else that I can do for you?",
            "UnixTime": 1590439183
        },
        {
            "Action": "complete",
            "Agent": "User",
            "UnixTime": 1590439196
        }
    ],
    "FORMAT-VERSION": 7,
    "IntroducesConflicts": true,
    "Scenario": {
        "Domains": [
            "hotel"
        ],
        "Happy": false,
        "MultiTask": false,
        "UserTask": "Make a reservation at Hilton Hotel from May 3rd to 23rd. Your name is John. Please request extra towels. It is ok if the room is not available - just say goodbye in this case.",
        "WizardCapabilities": [
            {
                "Domain": "hotel",
                "SchemaImage": "hotel_book.jpg",
                "Task": "hotel_book"
            }
        ],
        "WizardTask": "Help the user reserve a hotel room. (You can find the video tutorial under https://youtu.be/L7QpscLPTFM, in case you want to watch it again.)"
    },
    "UserQuestionnaire": [
        {
            "Answer": true,
            "Question": "Did the assistant reserve your hotel?"
        },
        {
            "Answer": true,
            "Question": "Did the assistant stay calm and helpful throughout the dialogue?"
        }
    ],
    "WizardQuestionnaire": [
        {
            "Answer": false,
            "Question": "Did the user change his/her mind about what he/she wants at any time?"
        },
        {
            "Answer": false,
            "Question": "Did the user become aggressive or annoyed during the dialogue? (Note: some users may be instructed to be annoying.)"
        },
        {
            "Answer": false,
            "Question": "Where you unsure about what to do at any time? (Feel free to send us an email with details.)"
        }
    ]
}