{
    "AnonymizedUserWorkerID": "ac9c2dc2-a643-8ec0-d96c-1bc923b2777f",
    "AnonymizedWizardWorkerID": "5d99ecec-8924-cc09-6519-ccb1eb7eb585",
    "BatchID": "woz_1590426434",
    "CompletionLevel": "EarlyDisconnectDuringDialogue",
    "DialogueID": 1192,
    "Events": [
        {
            "Action": "instruct",
            "Agent": "UserGuide",
            "Text": "In this dialogue, either act confused, like a person with memory problems, or act concerned about the effects of the medicine.  [instruction 1 of 3]",
            "UnixTime": 1590440825
        },
        {
            "Action": "utter",
            "Agent": "User",
            "Text": "Hi I'm Angela I want to book an appointment with Dr Morgan",
            "UnixTime": 1590440868,
            "PredictedBeliefState": {
                "Name": "dr. morgan",
                "PatientName": "angela"
            },
            "ActionLabel": [
                "user_doctor_inform_doctor_name",
                "user_doctor_inform_name",
                "user_bad_label"
            ]
        },
        {
            "Action": "instruct",
            "Agent": "UserGuide",
            "Text": "Oh, Dr. Morgan was actually your previous doctor. Your new doctor is Dr. Alexis now. That's the one you had the appointment with. [instruction 2 of 3]",
            "UnixTime": 1590440868
        },
        {
            "APIName": "doctor_followup",
            "Action": "query",
            "Agent": "Wizard",
            "Constraints": [
                {
                    "Name": "\"Dr. Morgan\""
                },
                {
                    "PatientName": "\"Angela\""
                }
            ],
            "UnixTime": 1590440886
        },
        {
            "APIName": "doctor_followup",
            "Action": "return_item",
            "Agent": "KnowledgeBase",
            "Item": {
                "APIName": "doctor_followup",
                "Message": "Take your medicine before you go to sleep. If you experience nausea, please contact your doctor immediately."
            },
            "TotalItems": -1,
            "PredictedBeliefState": {
                "Name": "dr. morgan",
                "PatientName": "angela"
            },
            "ActionLabel": [
                "result_bad_label"
            ]
        },
        {
            "Action": "request_suggestions",
            "Agent": "Wizard",
            "PrimaryItem": {
                "APIName": "doctor_followup",
                "Message": "Take your medicine before you go to sleep. If you experience nausea, please contact your doctor immediately."
            },
            "Text": "Sorry",
            "UnixTime": 1590440913
        },
        {
            "APIName": "doctor_followup",
            "Action": "query",
            "Agent": "Wizard",
            "Constraints": [
                {
                    "Name": "\"Dr. Morgan\""
                },
                {
                    "PatientName": "\"Angela\""
                }
            ],
            "PrimaryItem": {
                "APIName": "doctor_followup",
                "Message": "Take your medicine before you go to sleep. If you experience nausea, please contact your doctor immediately."
            },
            "UnixTime": 1590440938
        },
        {
            "APIName": "doctor_followup",
            "Action": "return_item",
            "Agent": "KnowledgeBase",
            "Item": {
                "APIName": "doctor_followup",
                "Message": "Take your medicine before you go to sleep. If you experience nausea, please contact your doctor immediately."
            },
            "TotalItems": -1,
            "PredictedBeliefState": {
                "Name": "dr. morgan",
                "PatientName": "angela"
            },
            "ActionLabel": [
                "result_bad_label"
            ]
        },
        {
            "Action": "request_suggestions",
            "Agent": "Wizard",
            "PrimaryItem": {
                "APIName": "doctor_followup",
                "Message": "Take your medicine before you go to sleep. If you experience nausea, please contact your doctor immediately."
            },
            "Text": "can't",
            "UnixTime": 1590440953
        }
    ],
    "FORMAT-VERSION": 7,
    "IntroducesConflicts": false,
    "Scenario": {
        "Domains": [
            "doctor"
        ],
        "Happy": false,
        "MultiTask": false,
        "UserTask": "You (Angela) had an appointment with Dr. Morgan the other day. Unfortunately, you forgot to write down the instructions the doctor gave you. Please followup and find out how often to take your medicine.",
        "WizardCapabilities": [
            {
                "Domain": "doctor",
                "SchemaImage": "doctor_followup.jpg",
                "Task": "doctor_followup"
            }
        ],
        "WizardTask": "Inform the user of his/her doctor's orders."
    },
    "UserQuestionnaire": [],
    "WizardQuestionnaire": []
}