{
    "AnonymizedUserWorkerID": "58be375a-caa2-7735-72af-2683a9d7dda2",
    "AnonymizedWizardWorkerID": "91b16ed4-3c20-2cd4-e99c-ff1316c27cf2",
    "BatchID": "woz_1590426434",
    "CompletionLevel": "Complete",
    "DialogueID": 1251,
    "Events": [
        {
            "Action": "instruct",
            "Agent": "UserGuide",
            "Text": "Say hallo to the AI Assistant. [instruction 1 of 6]",
            "UnixTime": 1590449069
        },
        {
            "Action": "utter",
            "Agent": "User",
            "Text": "hi, can i look at an apartment at North Hill Apartments ",
            "UnixTime": 1590449091,
            "PredictedBeliefState": {
                "Name": "north hill apartments"
            },
            "ActionLabel": [
                "user_apartment_inform_apartment_name",
                "user_apartment_ask_apartment"
            ]
        },
        {
            "Action": "request_suggestions",
            "Agent": "Wizard",
            "Text": "name",
            "UnixTime": 1590449116
        },
        {
            "Action": "pick_suggestion",
            "ActionLabel": "ask_name",
            "ActionLabelOptions": [
                "ask_name",
                "apartment_ask_start_time",
                "apartment_ask_apartment_name"
            ],
            "Agent": "Wizard",
            "Text": "Could you give me your name, please?",
            "UnixTime": 1590449118
        },
        {
            "Action": "utter",
            "Agent": "User",
            "Text": "Alexis",
            "UnixTime": 1590449208,
            "PredictedBeliefState": {
                "RenterName": "alexis",
                "Name": "north hill apartments"
            },
            "ActionLabel": [
                "user_apartment_inform_name"
            ]
        },
        {
            "Action": "instruct",
            "Agent": "UserGuide",
            "Text": "You suddenly remember that you have a hot date on Tuesday at 3 pm. [instruction 2 of 6]",
            "UnixTime": 1590449208
        },
        {
            "Action": "request_suggestions",
            "Agent": "Wizard",
            "Text": "day",
            "UnixTime": 1590449249
        },
        {
            "Action": "pick_suggestion",
            "ActionLabel": "apartment_ask_day",
            "ActionLabelOptions": [
                "apartment_ask_day",
                "hello",
                "out_of_scope"
            ],
            "Agent": "Wizard",
            "Text": "What day would you like to make the booking for?",
            "UnixTime": 1590449251
        },
        {
            "Action": "utter",
            "Agent": "User",
            "Text": "ya know i was going to go on tuesday at 3 pm but i remembered i have a date. how about wednesday at 4?",
            "UnixTime": 1590449306,
            "PredictedBeliefState": {
                "RenterName": "alexis",
                "StartTimeHour": "4 pm",
                "Day": "wednesday",
                "Name": "north hill apartments"
            },
            "ActionLabel": [
                "user_apartment_inform_start_time",
                "user_apartment_inform_day"
            ]
        },
        {
            "Action": "instruct",
            "Agent": "UserGuide",
            "Text": "Ask something about the apartment, or engage in smalltalk, or make a joke. [instruction 3 of 6]",
            "UnixTime": 1590449306
        },
        {
            "Action": "request_suggestions",
            "Agent": "Wizard",
            "Text": "application fe",
            "UnixTime": 1590449333
        },
        {
            "Action": "request_suggestions",
            "Agent": "Wizard",
            "Text": "fee",
            "UnixTime": 1590449337
        },
        {
            "Action": "pick_suggestion",
            "ActionLabel": "apartment_ask_application_fee_paid",
            "ActionLabelOptions": [
                "apartment_inform_viewing_available",
                "apartment_ask_application_fee_paid",
                "out_of_scope"
            ],
            "Agent": "Wizard",
            "Text": "Have you already paid the application fee for the apartment?",
            "UnixTime": 1590449338
        },
        {
            "Action": "utter",
            "Agent": "User",
            "Text": "i'm not positive",
            "UnixTime": 1590449348,
            "PredictedBeliefState": {
                "ApplicationFeePaid": "no",
                "StartTimeHour": "4 pm",
                "Day": "wednesday",
                "RenterName": "alexis",
                "Name": "north hill apartments"
            },
            "ActionLabel": [
                "user_apartment_inform_fee_paid"
            ]
        },
        {
            "Action": "instruct",
            "Agent": "UserGuide",
            "Text": "You cannot remember if you had payed the application fee. Find a way to make an appointment anyway. If no date is available, change date and/or time until something works. If you already got the appointment, engage in smalltalk. [instruction 4 of 6]",
            "UnixTime": 1590449348
        },
        {
            "APIName": "apartment_schedule",
            "Action": "query",
            "Agent": "Wizard",
            "Constraints": [
                {
                    "Name": "\"North Hill Apartments\""
                },
                {
                    "RenterName": "\"Alexis\""
                },
                {
                    "Day": "\"Wednesday\""
                },
                {
                    "StartTimeHour": "\"4 pm\""
                },
                {
                    "ApplicationFeePaid": "\"No\""
                },
                {
                    "RequestType": "\"Check\""
                }
            ],
            "UnixTime": 1590449361
        },
        {
            "APIName": "apartment_schedule",
            "Action": "return_item",
            "Agent": "KnowledgeBase",
            "Item": {
                "APIName": "apartment_schedule",
                "Message": "That time is unavailable. Please try another time."
            },
            "TotalItems": -1,
            "PredictedBeliefState": {
                "ApplicationFeePaid": "no",
                "StartTimeHour": "4 pm",
                "Day": "wednesday",
                "RenterName": "alexis",
                "Name": "north hill apartments"
            },
            "ActionLabel": [
                "db_apartment_inform_viewing_unavailable"
            ]
        },
        {
            "Action": "request_suggestions",
            "Agent": "Wizard",
            "PrimaryItem": {
                "APIName": "apartment_schedule",
                "Message": "That time is unavailable. Please try another time."
            },
            "Text": "unav",
            "UnixTime": 1590449364
        },
        {
            "Action": "request_suggestions",
            "Agent": "Wizard",
            "PrimaryItem": {
                "APIName": "apartment_schedule",
                "Message": "That time is unavailable. Please try another time."
            },
            "Text": "unavailable",
            "UnixTime": 1590449372
        },
        {
            "Action": "pick_suggestion",
            "ActionLabel": "apartment_inform_viewing_unavailable",
            "ActionLabelOptions": [
                "apartment_inform_viewing_unavailable",
                "apartment_ask_end_time",
                "goodbye_2"
            ],
            "Agent": "Wizard",
            "PrimaryItem": {
                "APIName": "apartment_schedule",
                "Message": "That time is unavailable. Please try another time."
            },
            "Text": "I am sorry, but there is no viewing available at your preferred time.",
            "UnixTime": 1590449374
        },
        {
            "Action": "utter",
            "Agent": "User",
            "Text": "hm ok what time that day works",
            "UnixTime": 1590449443,
            "PredictedBeliefState": {
                "ApplicationFeePaid": "no",
                "RenterName": "alexis",
                "StartTimeHour": "4 pm",
                "Day": "wednesday",
                "Name": "north hill apartments"
            },
            "ActionLabel": [
                "user_bad_label"
            ]
        },
        {
            "Action": "instruct",
            "Agent": "UserGuide",
            "Text": "Once you've scheduled the viewing, say something about your hot date. [instruction 5 of 6]",
            "UnixTime": 1590449443
        },
        {
            "APIName": "apartment_schedule",
            "Action": "query",
            "Agent": "Wizard",
            "Constraints": [
                {
                    "Name": "\"North Hill Apartments\""
                },
                {
                    "RenterName": "\"Alexis\""
                },
                {
                    "Day": "\"Wednesday\""
                },
                {
                    "StartTimeHour": "\"5 pm\""
                },
                {
                    "ApplicationFeePaid": "\"No\""
                },
                {
                    "RequestType": "\"Check\""
                }
            ],
            "PrimaryItem": {
                "APIName": "apartment_schedule",
                "Message": "That time is unavailable. Please try another time."
            },
            "UnixTime": 1590449449
        },
        {
            "APIName": "apartment_schedule",
            "Action": "return_item",
            "Agent": "KnowledgeBase",
            "Item": {
                "APIName": "apartment_schedule",
                "Message": "That time is unavailable. Please try another time."
            },
            "TotalItems": -1,
            "PredictedBeliefState": {
                "ApplicationFeePaid": "no",
                "RenterName": "alexis",
                "StartTimeHour": "4 pm",
                "Day": "wednesday",
                "Name": "north hill apartments"
            },
            "ActionLabel": [
                "result_bad_label"
            ]
        },
        {
            "APIName": "apartment_schedule",
            "Action": "query",
            "Agent": "Wizard",
            "Constraints": [
                {
                    "Name": "\"North Hill Apartments\""
                },
                {
                    "RenterName": "\"Alexis\""
                },
                {
                    "Day": "\"Wednesday\""
                },
                {
                    "StartTimeHour": "\"6 pm\""
                },
                {
                    "ApplicationFeePaid": "\"No\""
                },
                {
                    "RequestType": "\"Check\""
                }
            ],
            "PrimaryItem": {
                "APIName": "apartment_schedule",
                "Message": "That time is unavailable. Please try another time."
            },
            "UnixTime": 1590449455
        },
        {
            "APIName": "apartment_schedule",
            "Action": "return_item",
            "Agent": "KnowledgeBase",
            "Item": {
                "APIName": "apartment_schedule",
                "Message": "That time is unavailable. Please try another time."
            },
            "TotalItems": -1,
            "PredictedBeliefState": {
                "ApplicationFeePaid": "no",
                "RenterName": "alexis",
                "StartTimeHour": "4 pm",
                "Day": "wednesday",
                "Name": "north hill apartments"
            },
            "ActionLabel": [
                "result_bad_label"
            ]
        },
        {
            "APIName": "apartment_schedule",
            "Action": "query",
            "Agent": "Wizard",
            "Constraints": [
                {
                    "Name": "\"North Hill Apartments\""
                },
                {
                    "RenterName": "\"Alexis\""
                },
                {
                    "Day": "\"Wednesday\""
                },
                {
                    "StartTimeHour": "\"7 pm\""
                },
                {
                    "ApplicationFeePaid": "\"No\""
                },
                {
                    "RequestType": "\"Check\""
                }
            ],
            "PrimaryItem": {
                "APIName": "apartment_schedule",
                "Message": "That time is unavailable. Please try another time."
            },
            "UnixTime": 1590449460
        },
        {
            "APIName": "apartment_schedule",
            "Action": "return_item",
            "Agent": "KnowledgeBase",
            "Item": {
                "APIName": "apartment_schedule",
                "Message": "The time slot is available."
            },
            "TotalItems": -1,
            "PredictedBeliefState": {
                "ApplicationFeePaid": "no",
                "RenterName": "alexis",
                "StartTimeHour": "4 pm",
                "Day": "wednesday",
                "Name": "north hill apartments"
            },
            "ActionLabel": [
                "result_bad_label"
            ]
        },
        {
            "Action": "request_suggestions",
            "Agent": "Wizard",
            "PrimaryItem": {
                "APIName": "apartment_schedule",
                "Message": "The time slot is available."
            },
            "Text": "There is a time slot available at 7 pm.",
            "UnixTime": 1590449471
        },
        {
            "Action": "utter",
            "Agent": "Wizard",
            "PrimaryItem": {
                "APIName": "apartment_schedule",
                "Message": "The time slot is available."
            },
            "Text": "There is a time slot available at 7 pm.",
            "UnixTime": 1590449479
        },
        {
            "Action": "utter",
            "Agent": "User",
            "Text": "perfect",
            "UnixTime": 1590449575,
            "PredictedBeliefState": {
                "Name": "north hill apartments",
                "StartTimeHour": "7 pm",
                "RenterName": "alexis",
                "Day": "wednesday",
                "ApplicationFeePaid": "no"
            },
            "ActionLabel": [
                "user_apartment_inform_start_time",
                "user_bad_label"
            ]
        },
        {
            "Action": "instruct",
            "Agent": "UserGuide",
            "Text": "When you are done with all the instructions, bring the conversation to a natural close.  [instruction 6 of 6]",
            "UnixTime": 1590449575
        },
        {
            "APIName": "apartment_schedule",
            "Action": "query",
            "Agent": "Wizard",
            "Constraints": [
                {
                    "Name": "\"North Hill Apartments\""
                },
                {
                    "RenterName": "\"Alexis\""
                },
                {
                    "Day": "\"Wednesday\""
                },
                {
                    "StartTimeHour": "\"7 pm\""
                },
                {
                    "ApplicationFeePaid": "\"No\""
                },
                {
                    "RequestType": "\"Book\""
                }
            ],
            "PrimaryItem": {
                "APIName": "apartment_schedule",
                "Message": "The time slot is available."
            },
            "UnixTime": 1590449582
        },
        {
            "APIName": "apartment_schedule",
            "Action": "return_item",
            "Agent": "KnowledgeBase",
            "Item": {
                "APIName": "apartment_schedule",
                "Message": "Your apartment viewing has been successfuly scheduled. Please bring SCHUFA certificate and Bank Statement with you."
            },
            "TotalItems": -1,
            "PredictedBeliefState": {
                "Name": "north hill apartments",
                "StartTimeHour": "7 pm",
                "RenterName": "alexis",
                "Day": "wednesday",
                "ApplicationFeePaid": "no"
            },
            "ActionLabel": [
                "result_bad_label"
            ]
        },
        {
            "Action": "request_suggestions",
            "Agent": "Wizard",
            "PrimaryItem": {
                "APIName": "apartment_schedule",
                "Message": "Your apartment viewing has been successfuly scheduled. Please bring SCHUFA certificate and Bank Statement with you."
            },
            "Text": "your",
            "UnixTime": 1590449591
        },
        {
            "Action": "utter",
            "Agent": "Wizard",
            "PrimaryItem": {
                "APIName": "apartment_schedule",
                "Message": "Your apartment viewing has been successfuly scheduled. Please bring SCHUFA certificate and Bank Statement with you."
            },
            "Text": "Your apartment viewing has been successfuly scheduled. Please bring SCHUFA certificate and Bank Statement with you.",
            "UnixTime": 1590449594
        },
        {
            "Action": "utter",
            "Agent": "User",
            "Text": "great thank you. hope my date's worth it",
            "UnixTime": 1590449665,
            "PredictedBeliefState": {
                "Name": "north hill apartments",
                "RenterName": "alexis",
                "Day": "wednesday",
                "StartTimeHour": "7 pm",
                "ApplicationFeePaid": "no"
            },
            "ActionLabel": [
                "user_apartment_thanks"
            ]
        },
        {
            "Action": "request_suggestions",
            "Agent": "Wizard",
            "PrimaryItem": {
                "APIName": "apartment_schedule",
                "Message": "Your apartment viewing has been successfuly scheduled. Please bring SCHUFA certificate and Bank Statement with you."
            },
            "Text": "anything else",
            "UnixTime": 1590449693
        },
        {
            "Action": "pick_suggestion",
            "ActionLabel": "anything_else",
            "ActionLabelOptions": [
                "anything_else",
                "goodbye_2",
                "apartment_inform_viewing_available"
            ],
            "Agent": "Wizard",
            "PrimaryItem": {
                "APIName": "apartment_schedule",
                "Message": "Your apartment viewing has been successfuly scheduled. Please bring SCHUFA certificate and Bank Statement with you."
            },
            "Text": "Is there anything else that I can do for you?",
            "UnixTime": 1590449694
        },
        {
            "Action": "utter",
            "Agent": "User",
            "Text": "nope",
            "UnixTime": 1590449758,
            "PredictedBeliefState": {
                "StartTimeHour": "7 pm",
                "RenterName": "alexis",
                "ApplicationFeePaid": "no",
                "Day": "wednesday",
                "Name": "north hill apartments"
            },
            "ActionLabel": [
                "user_apartment_thanks"
            ]
        },
        {
            "Action": "request_suggestions",
            "Agent": "Wizard",
            "PrimaryItem": {
                "APIName": "apartment_schedule",
                "Message": "Your apartment viewing has been successfuly scheduled. Please bring SCHUFA certificate and Bank Statement with you."
            },
            "Text": "thank you",
            "UnixTime": 1590449770
        },
        {
            "Action": "pick_suggestion",
            "ActionLabel": "goodbye_2",
            "ActionLabelOptions": [
                "goodbye_2",
                "apartment_inform_viewing_available",
                "apartment_ask_application_fee_paid"
            ],
            "Agent": "Wizard",
            "PrimaryItem": {
                "APIName": "apartment_schedule",
                "Message": "Your apartment viewing has been successfuly scheduled. Please bring SCHUFA certificate and Bank Statement with you."
            },
            "Text": "Thank you and goodbye.",
            "UnixTime": 1590449772
        },
        {
            "Action": "complete",
            "Agent": "User",
            "UnixTime": 1590449791
        }
    ],
    "FORMAT-VERSION": 7,
    "IntroducesConflicts": false,
    "Scenario": {
        "Domains": [
            "apartment"
        ],
        "Happy": false,
        "MultiTask": false,
        "UserTask": "You are interested in viewing an apartment. Please schedule a viewing at North Hill Apartments for Tuesday at 3 pm. Your name is Alexis. You cannot remember if you had payed the application fee. ",
        "WizardCapabilities": [
            {
                "Domain": "apartment",
                "SchemaImage": "apartment_schedule.jpg",
                "Task": "apartment_schedule"
            }
        ],
        "WizardTask": "Help the user schedule an apartment viewing."
    },
    "UserQuestionnaire": [
        {
            "Answer": true,
            "Question": "Did the assistant stay calm and helpful throughout the dialogue?"
        }
    ],
    "WizardQuestionnaire": [
        {
            "Answer": false,
            "Question": "Did the user change his/her mind about what he/she wants at any time?"
        },
        {
            "Answer": false,
            "Question": "Did the user become aggressive or annoyed during the dialogue? (Note: some users may be instructed to be annoying.)"
        },
        {
            "Answer": false,
            "Question": "Where you unsure about what to do at any time? (Feel free to send us an email with details.)"
        }
    ]
}