{
    "AnonymizedUserWorkerID": "6f51e967-ce78-081f-da64-6595f6cdfeca",
    "AnonymizedWizardWorkerID": "eae96765-3d74-8647-cc03-fc417533d9b1",
    "BatchID": "woz_1590426434",
    "CompletionLevel": "Complete",
    "DialogueID": 1275,
    "Events": [
        {
            "Action": "instruct",
            "Agent": "UserGuide",
            "Text": "Somebody has transferred $500 from your account. Quickly you contact the bank-system's AI assistant. Perhaps it can help? [instruction 1 of 5]",
            "UnixTime": 1590448930
        },
        {
            "Action": "utter",
            "Agent": "User",
            "Text": "Somebody has transferred $500 from my account.",
            "UnixTime": 1590448978,
            "PredictedBeliefState": {
                "FraudReport": "somebody transferred $500 from client's account."
            },
            "ActionLabel": [
                "user_bank_inform_fraud_details",
                "user_bank_ask_fraud"
            ]
        },
        {
            "Action": "instruct",
            "Agent": "UserGuide",
            "Text": "You are Sarah Brown. Your PIN is 1596, but you forgot your account number. (You might need your childhood pet's name for the security questions: Poppy.) [instruction 2 of 5]",
            "UnixTime": 1590448978
        },
        {
            "Action": "request_suggestions",
            "Agent": "Wizard",
            "Text": "full name",
            "UnixTime": 1590448982
        },
        {
            "Action": "pick_suggestion",
            "ActionLabel": "ask_name",
            "ActionLabelOptions": [
                "ask_name",
                "hello",
                "goodbye_1"
            ],
            "Agent": "Wizard",
            "Text": "Could I get your full name, please?",
            "UnixTime": 1590448983
        },
        {
            "Action": "utter",
            "Agent": "User",
            "Text": "Sarah Brown",
            "UnixTime": 1590449023,
            "PredictedBeliefState": {
                "FraudReport": "somebody transferred $500 from client's account.",
                "FullName": "sarah brown"
            },
            "ActionLabel": [
                "user_bank_inform_name"
            ]
        },
        {
            "Action": "request_suggestions",
            "Agent": "Wizard",
            "Text": "account number",
            "UnixTime": 1590449031
        },
        {
            "Action": "pick_suggestion",
            "ActionLabel": "bank_ask_account_number",
            "ActionLabelOptions": [
                "bank_ask_account_number",
                "bank_inform_cannot_authenticate",
                "out_of_scope"
            ],
            "Agent": "Wizard",
            "Text": "Can you tell me your account number, please?",
            "UnixTime": 1590449032
        },
        {
            "Action": "utter",
            "Agent": "User",
            "Text": "forgot",
            "UnixTime": 1590449047,
            "PredictedBeliefState": {
                "AccountNumber": "forgot",
                "FullName": "sarah brown",
                "FraudReport": "somebody transferred $500 from client's account."
            },
            "ActionLabel": [
                "user_bank_forgot_account_number"
            ]
        },
        {
            "Action": "instruct",
            "Agent": "UserGuide",
            "Text": "You forget what you are doing (imagine you're 93 years old and have some mental condition). [instruction 3 of 5]",
            "UnixTime": 1590449047
        },
        {
            "Action": "request_suggestions",
            "Agent": "Wizard",
            "Text": "date of birth",
            "UnixTime": 1590449054
        },
        {
            "Action": "pick_suggestion",
            "ActionLabel": "bank_ask_dob",
            "ActionLabelOptions": [
                "bank_ask_dob",
                "bank_inform_cannot_authenticate",
                "goodbye_1"
            ],
            "Agent": "Wizard",
            "Text": "Could you provide your date of birth, please?",
            "UnixTime": 1590449055
        },
        {
            "Action": "utter",
            "Agent": "User",
            "Text": "What am I doing?",
            "UnixTime": 1590449105,
            "PredictedBeliefState": {
                "AccountNumber": "forgot",
                "FraudReport": "somebody transferred $500 from client's account.",
                "FullName": "sarah brown"
            },
            "ActionLabel": [
                "user_custom"
            ]
        },
        {
            "Action": "instruct",
            "Agent": "UserGuide",
            "Text": "Keep this conversation going for a bit - you can be creative! [instruction 4 of 5]",
            "UnixTime": 1590449105
        },
        {
            "Action": "request_suggestions",
            "Agent": "Wizard",
            "Text": "fraud report",
            "UnixTime": 1590449119
        },
        {
            "Action": "request_suggestions",
            "Agent": "Wizard",
            "Text": "i can file a fraud report",
            "UnixTime": 1590449127
        },
        {
            "Action": "request_suggestions",
            "Agent": "Wizard",
            "Text": "what do you want to do?",
            "UnixTime": 1590449144
        },
        {
            "Action": "pick_suggestion",
            "ActionLabel": "out_of_scope",
            "ActionLabelOptions": [
                "ask_name",
                "out_of_scope",
                "anything_else"
            ],
            "Agent": "Wizard",
            "Text": "I am sorry, I don't quite understand what you mean. I am only able to help you issue fraud reports.",
            "UnixTime": 1590449147
        },
        {
            "Action": "utter",
            "Agent": "User",
            "Text": "Why am I talking to you?",
            "UnixTime": 1590449177,
            "PredictedBeliefState": {
                "FullName": "sarah brown",
                "AccountNumber": "forgot",
                "FraudReport": "somebody transferred $500 from client's account."
            },
            "ActionLabel": [
                "user_custom"
            ]
        },
        {
            "Action": "request_suggestions",
            "Agent": "Wizard",
            "Text": "I am sorry",
            "UnixTime": 1590449186
        },
        {
            "Action": "pick_suggestion",
            "ActionLabel": "out_of_scope",
            "ActionLabelOptions": [
                "out_of_scope",
                "goodbye_1",
                "hello"
            ],
            "Agent": "Wizard",
            "Text": "I am sorry, I don't quite understand what you mean. I am only able to help you issue fraud reports.",
            "UnixTime": 1590449188
        },
        {
            "Action": "utter",
            "Agent": "User",
            "Text": "Do I know you?",
            "UnixTime": 1590449258,
            "PredictedBeliefState": {
                "FraudReport": "somebody transferred $500 from client's account.",
                "FullName": "sarah brown",
                "AccountNumber": "forgot"
            },
            "ActionLabel": [
                "user_bad_label"
            ]
        },
        {
            "Action": "request_suggestions",
            "Agent": "Wizard",
            "Text": "how can i help?",
            "UnixTime": 1590449267
        },
        {
            "Action": "pick_suggestion",
            "ActionLabel": "anything_else",
            "ActionLabelOptions": [
                "anything_else",
                "hello",
                "out_of_scope"
            ],
            "Agent": "Wizard",
            "Text": "Is there anything else that I can do for you?",
            "UnixTime": 1590449271
        },
        {
            "Action": "utter",
            "Agent": "User",
            "Text": "make me a pie",
            "UnixTime": 1590449285,
            "PredictedBeliefState": {
                "AccountNumber": "forgot",
                "FullName": "sarah brown",
                "FraudReport": "somebody transferred $500 from client's account."
            },
            "ActionLabel": [
                "user_custom"
            ]
        },
        {
            "Action": "request_suggestions",
            "Agent": "Wizard",
            "Text": "sorrry",
            "UnixTime": 1590449291
        },
        {
            "Action": "pick_suggestion",
            "ActionLabel": "out_of_scope",
            "ActionLabelOptions": [
                "out_of_scope",
                "goodbye_1",
                "hello"
            ],
            "Agent": "Wizard",
            "Text": "I am sorry, I don't quite understand what you mean. I am only able to help you issue fraud reports.",
            "UnixTime": 1590449292
        },
        {
            "Action": "utter",
            "Agent": "User",
            "Text": "a chocolate chess pie",
            "UnixTime": 1590449325,
            "PredictedBeliefState": {
                "FraudReport": "somebody transferred $500 from client's account.",
                "FullName": "sarah brown",
                "AccountNumber": "forgot"
            },
            "ActionLabel": [
                "user_bad_label"
            ]
        },
        {
            "Action": "instruct",
            "Agent": "UserGuide",
            "Text": "Ok, great. Now bring the conversation to a natural close. [instruction 5 of 5]",
            "UnixTime": 1590449325
        },
        {
            "Action": "request_suggestions",
            "Agent": "Wizard",
            "Text": "anything else?",
            "UnixTime": 1590449333
        },
        {
            "Action": "pick_suggestion",
            "ActionLabel": "bank_inform_nothing_found",
            "ActionLabelOptions": [
                "anything_else",
                "bank_ask_childhood_pets_name",
                "bank_inform_nothing_found"
            ],
            "Agent": "Wizard",
            "Text": "Unfortunately I cannot find your account.",
            "UnixTime": 1590449339
        },
        {
            "Action": "utter",
            "Agent": "User",
            "Text": "bye then",
            "UnixTime": 1590449415,
            "PredictedBeliefState": {
                "AccountNumber": "forgot",
                "FraudReport": "somebody transferred $500 from client's account.",
                "FullName": "sarah brown"
            },
            "ActionLabel": [
                "user_bank_goodbye"
            ]
        },
        {
            "Action": "request_suggestions",
            "Agent": "Wizard",
            "Text": "thanks bye",
            "UnixTime": 1590449418
        },
        {
            "Action": "pick_suggestion",
            "ActionLabel": "goodbye_1",
            "ActionLabelOptions": [
                "goodbye_1",
                "ask_name",
                "bank_inform_fraud_report_submitted"
            ],
            "Agent": "Wizard",
            "Text": "Thank you and goodbye.",
            "UnixTime": 1590449419
        },
        {
            "Action": "complete",
            "Agent": "User",
            "UnixTime": 1590449432
        }
    ],
    "FORMAT-VERSION": 7,
    "IntroducesConflicts": false,
    "Scenario": {
        "Domains": [
            "bank"
        ],
        "Happy": false,
        "MultiTask": false,
        "UserTask": "Follow the instructions and comments of the MTurk System bot (darker yellow boxes in the dialogue). Do not end the dialogue before the MTurk System bot (not the assistant) has told you to do so. ",
        "WizardCapabilities": [
            {
                "Domain": "bank",
                "SchemaImage": "bank_fraud_report.jpg",
                "Task": "bank_fraud_report"
            }
        ],
        "WizardTask": "Follow the flow charts and help the user. Some facts you should be aware of: \n\n* You are the customer service AI of the international banking system"
    },
    "UserQuestionnaire": [
        {
            "Answer": true,
            "Question": "Did the assistant stay calm and helpful throughout the dialogue?"
        }
    ],
    "WizardQuestionnaire": [
        {
            "Answer": true,
            "Question": "Did the user seem confused? (He or she may have been instructed to be.)"
        },
        {
            "Answer": true,
            "Question": "Did the user change his/her mind about what he/she wants at any time?"
        },
        {
            "Answer": true,
            "Question": "Did the user become aggressive or annoyed during the dialogue? (Note: some users may be instructed to be annoying.)"
        },
        {
            "Answer": false,
            "Question": "Where you unsure about what to do at any time? (Feel free to send us an email with details.)"
        }
    ]
}