{
    "AnonymizedUserWorkerID": "c06538fc-4352-5d92-9ced-53d9fa54e376",
    "AnonymizedWizardWorkerID": "e9fa7e8e-d139-9e5e-e5c1-e91880f700fb",
    "BatchID": "woz_1590426434",
    "CompletionLevel": "Complete",
    "DialogueID": 1307,
    "Events": [
        {
            "Action": "instruct",
            "Agent": "UserGuide",
            "Text": "You (Mark) want to organize a surprise party for your friend John, who just got a degree in Engineering. Talk to your personal AI assistant. Maybe it can help? [instruction 1 of 6]",
            "UnixTime": 1590449480
        },
        {
            "Action": "utter",
            "Agent": "User",
            "Text": "Hello",
            "UnixTime": 1590449499,
            "PredictedBeliefState": {},
            "ActionLabel": [
                "user_hello"
            ]
        },
        {
            "Action": "instruct",
            "Agent": "UserGuide",
            "Text": "Ideally, the thing should happen on Wednesday at the West Bay Venue, 9 pm, and you'd expect about 65 to show up. [instruction 2 of 6]",
            "UnixTime": 1590449499
        },
        {
            "Action": "request_suggestions",
            "Agent": "Wizard",
            "Text": "hellow how can I help?",
            "UnixTime": 1590449525
        },
        {
            "Action": "pick_suggestion",
            "ActionLabel": "hello",
            "ActionLabelOptions": [
                "hello",
                "party_ask_venue",
                "party_no_venue_available"
            ],
            "Agent": "Wizard",
            "Text": "Hello, how can I help?",
            "UnixTime": 1590449528
        },
        {
            "Action": "utter",
            "Agent": "User",
            "Text": "I need a party",
            "UnixTime": 1590449545,
            "PredictedBeliefState": {},
            "ActionLabel": [
                "user_party_plan_ask_party_plan"
            ]
        },
        {
            "Action": "request_suggestions",
            "Agent": "Wizard",
            "Text": "what venue would you like",
            "UnixTime": 1590449552
        },
        {
            "Action": "pick_suggestion",
            "ActionLabel": "party_ask_venue",
            "ActionLabelOptions": [
                "party_ask_venue",
                "party_ask_drinks",
                "party_ask_day"
            ],
            "Agent": "Wizard",
            "Text": "At what venue would you like to have your party organised?",
            "UnixTime": 1590449553
        },
        {
            "Action": "utter",
            "Agent": "User",
            "Text": "west bay",
            "UnixTime": 1590449560,
            "PredictedBeliefState": {
                "Name": "west bay venue"
            },
            "ActionLabel": [
                "user_party_plan_inform_venue"
            ]
        },
        {
            "Action": "request_suggestions",
            "Agent": "Wizard",
            "Text": "on what day would you like your party?",
            "UnixTime": 1590449573
        },
        {
            "Action": "pick_suggestion",
            "ActionLabel": "party_ask_day",
            "ActionLabelOptions": [
                "party_ask_day",
                "party_ask_end_time",
                "party_ask_number_of_guests"
            ],
            "Agent": "Wizard",
            "Text": "On what day would you like your party organised?",
            "UnixTime": 1590449575
        },
        {
            "Action": "utter",
            "Agent": "User",
            "Text": "wednesday",
            "UnixTime": 1590449597,
            "PredictedBeliefState": {
                "Name": "west bay venue",
                "Day": "wednesday"
            },
            "ActionLabel": [
                "user_party_plan_inform_day"
            ]
        },
        {
            "Action": "instruct",
            "Agent": "UserGuide",
            "Text": "Interrupt the conversation with a little small talk [instruction 3 of 6]",
            "UnixTime": 1590449597
        },
        {
            "Action": "request_suggestions",
            "Agent": "Wizard",
            "Text": "what time would you likethe party to start?",
            "UnixTime": 1590449623
        },
        {
            "Action": "pick_suggestion",
            "ActionLabel": "party_ask_starting_time",
            "ActionLabelOptions": [
                "party_ask_starting_time",
                "party_ask_day",
                "anything_else"
            ],
            "Agent": "Wizard",
            "Text": "When would you like your party to kick off?",
            "UnixTime": 1590449625
        },
        {
            "Action": "utter",
            "Agent": "User",
            "Text": "9pm",
            "UnixTime": 1590449634,
            "PredictedBeliefState": {
                "Name": "west bay venue",
                "StartTimeHour": "9 pm",
                "Day": "wednesday"
            },
            "ActionLabel": [
                "user_party_plan_inform_starting_time"
            ]
        },
        {
            "Action": "instruct",
            "Agent": "UserGuide",
            "Text": "You just learn that on Wednesday John will be away. So you have to plan the party for a different day. [instruction 4 of 6]",
            "UnixTime": 1590449634
        },
        {
            "Action": "request_suggestions",
            "Agent": "Wizard",
            "Text": "how many guessts are coming",
            "UnixTime": 1590449643
        },
        {
            "Action": "pick_suggestion",
            "ActionLabel": "party_ask_number_of_guests",
            "ActionLabelOptions": [
                "party_ask_number_of_guests",
                "out_of_scope",
                "party_ask_end_time"
            ],
            "Agent": "Wizard",
            "Text": "How many people would you like to invite?",
            "UnixTime": 1590449645
        },
        {
            "Action": "utter",
            "Agent": "User",
            "Text": "65",
            "UnixTime": 1590449663,
            "PredictedBeliefState": {
                "Day": "wednesday",
                "Name": "west bay venue",
                "NumberGuests": "65",
                "StartTimeHour": "9 pm"
            },
            "ActionLabel": [
                "user_party_plan_inform_number_of_guests"
            ]
        },
        {
            "Action": "request_suggestions",
            "Agent": "Wizard",
            "Text": "and can i have your name?",
            "UnixTime": 1590449673
        },
        {
            "Action": "pick_suggestion",
            "ActionLabel": "ask_name",
            "ActionLabelOptions": [
                "ask_name",
                "party_ask_venue",
                "party_ask_starting_time"
            ],
            "Agent": "Wizard",
            "Text": "May I have your name, please?",
            "UnixTime": 1590449675
        },
        {
            "Action": "utter",
            "Agent": "User",
            "Text": "Mark",
            "UnixTime": 1590449700,
            "PredictedBeliefState": {
                "Day": "wednesday",
                "NumberGuests": "65",
                "StartTimeHour": "9 pm",
                "Name": "west bay venue",
                "HostName": "mark"
            },
            "ActionLabel": [
                "user_party_plan_inform_name"
            ]
        },
        {
            "Action": "instruct",
            "Agent": "UserGuide",
            "Text": "Either make some more smalltalk, tell a joke, or say something about the West Bay Venue. [instruction 5 of 6]",
            "UnixTime": 1590449700
        },
        {
            "APIName": "party_plan",
            "Action": "query",
            "Agent": "Wizard",
            "Constraints": [
                {
                    "Name": "\"West Bay Venue\""
                },
                {
                    "HostName": "\"Mark\""
                },
                {
                    "Day": "\"Wednesday\""
                },
                {
                    "StartTimeHour": "\"9 pm\""
                },
                {
                    "NumberGuests": "65"
                },
                {
                    "RequestType": "\"Check\""
                }
            ],
            "UnixTime": 1590449705
        },
        {
            "APIName": "party_plan",
            "Action": "return_item",
            "Agent": "KnowledgeBase",
            "Item": {
                "APIName": "party_plan",
                "Day": "Wednesday",
                "Message": "The venue is available.",
                "Time": "9 pm",
                "VenueName": "West Bay Venue"
            },
            "TotalItems": -1,
            "PredictedBeliefState": {
                "Day": "wednesday",
                "NumberGuests": "65",
                "StartTimeHour": "9 pm",
                "Name": "west bay venue",
                "HostName": "mark"
            },
            "ActionLabel": [
                "db_party_venue_available"
            ]
        },
        {
            "Action": "request_suggestions",
            "Agent": "Wizard",
            "PrimaryItem": {
                "APIName": "party_plan",
                "Day": "Wednesday",
                "Message": "The venue is available.",
                "Time": "9 pm",
                "VenueName": "West Bay Venue"
            },
            "Text": "The venue is avilable. should I book?",
            "UnixTime": 1590449726
        },
        {
            "Action": "pick_suggestion",
            "ActionLabel": "party_ask_confirm_booking",
            "ActionLabelOptions": [
                "party_ask_confirm_booking",
                "party_no_venue_available",
                "party_ask_venue"
            ],
            "Agent": "Wizard",
            "PrimaryItem": {
                "APIName": "party_plan",
                "Day": "Wednesday",
                "Message": "The venue is available.",
                "Time": "9 pm",
                "VenueName": "West Bay Venue"
            },
            "Text": "OK, the West Bay Venue would be happy to accommodate you on Wednesday @ 9 pm.\nCan I book it for you now?",
            "UnixTime": 1590449728
        },
        {
            "Action": "utter",
            "Agent": "User",
            "Text": "yes",
            "UnixTime": 1590449735,
            "PredictedBeliefState": {
                "NumberGuests": "65",
                "Name": "west bay venue",
                "StartTimeHour": "9 pm",
                "Day": "wednesday",
                "HostName": "mark"
            },
            "ActionLabel": [
                "user_party_plan_inform_book"
            ]
        },
        {
            "Action": "instruct",
            "Agent": "UserGuide",
            "Text": "Make sure you have booked a venue. If nothing was available, change the day or reduce the number of guests until it works. Then you can bring the conversation to a natural close. [instruction 6 of 6]",
            "UnixTime": 1590449735
        },
        {
            "APIName": "party_plan",
            "Action": "query",
            "Agent": "Wizard",
            "Constraints": [
                {
                    "Name": "\"West Bay Venue\""
                },
                {
                    "HostName": "\"Mark\""
                },
                {
                    "Day": "\"Wednesday\""
                },
                {
                    "StartTimeHour": "\"9 pm\""
                },
                {
                    "NumberGuests": "65"
                },
                {
                    "RequestType": "\"Book\""
                }
            ],
            "PrimaryItem": {
                "APIName": "party_plan",
                "Day": "Wednesday",
                "Message": "The venue is available.",
                "Time": "9 pm",
                "VenueName": "West Bay Venue"
            },
            "UnixTime": 1590449753
        },
        {
            "APIName": "party_plan",
            "Action": "return_item",
            "Agent": "KnowledgeBase",
            "Item": {
                "APIName": "party_plan",
                "Day": "Wednesday",
                "Message": "Your event has been successfully scheduled.",
                "Time": "9 pm",
                "VenueName": "West Bay Venue"
            },
            "TotalItems": -1,
            "PredictedBeliefState": {
                "NumberGuests": "65",
                "Name": "west bay venue",
                "StartTimeHour": "9 pm",
                "Day": "wednesday",
                "HostName": "mark"
            },
            "ActionLabel": [
                "db_party_booking_successful"
            ]
        },
        {
            "Action": "request_suggestions",
            "Agent": "Wizard",
            "PrimaryItem": {
                "APIName": "party_plan",
                "Day": "Wednesday",
                "Message": "Your event has been successfully scheduled.",
                "Time": "9 pm",
                "VenueName": "West Bay Venue"
            },
            "Text": "your event has been scheduled",
            "UnixTime": 1590449758
        },
        {
            "Action": "pick_suggestion",
            "ActionLabel": "party_booking_successful",
            "ActionLabelOptions": [
                "party_booking_successful",
                "party_ask_day",
                "party_ask_food"
            ],
            "Agent": "Wizard",
            "PrimaryItem": {
                "APIName": "party_plan",
                "Day": "Wednesday",
                "Message": "Your event has been successfully scheduled.",
                "Time": "9 pm",
                "VenueName": "West Bay Venue"
            },
            "Text": "Great, your party has been successfully booked at the West Bay Venue on Wednesday at 9 pm!",
            "UnixTime": 1590449759
        },
        {
            "Action": "utter",
            "Agent": "User",
            "Text": "thanks a lot",
            "UnixTime": 1590449766,
            "PredictedBeliefState": {
                "Day": "wednesday",
                "Name": "west bay venue",
                "NumberGuests": "65",
                "StartTimeHour": "9 pm",
                "HostName": "mark"
            },
            "ActionLabel": [
                "user_party_plan_thanks"
            ]
        },
        {
            "Action": "request_suggestions",
            "Agent": "Wizard",
            "PrimaryItem": {
                "APIName": "party_plan",
                "Day": "Wednesday",
                "Message": "Your event has been successfully scheduled.",
                "Time": "9 pm",
                "VenueName": "West Bay Venue"
            },
            "Text": "thank you and goodbye",
            "UnixTime": 1590449771
        },
        {
            "Action": "pick_suggestion",
            "ActionLabel": "goodbye_1",
            "ActionLabelOptions": [
                "goodbye_1",
                "out_of_scope",
                "ask_name"
            ],
            "Agent": "Wizard",
            "PrimaryItem": {
                "APIName": "party_plan",
                "Day": "Wednesday",
                "Message": "Your event has been successfully scheduled.",
                "Time": "9 pm",
                "VenueName": "West Bay Venue"
            },
            "Text": "Thank you and goodbye.",
            "UnixTime": 1590449773
        },
        {
            "Action": "complete",
            "Agent": "User",
            "UnixTime": 1590449781
        }
    ],
    "FORMAT-VERSION": 7,
    "IntroducesConflicts": false,
    "Scenario": {
        "Domains": [
            "party"
        ],
        "Happy": false,
        "MultiTask": false,
        "UserTask": "Follow the instructions and comments of the MTurk System bot (darker yellow boxes in the dialogue). Do not end the dialogue before the MTurk System bot (not the assistant) has told you to do so. ",
        "WizardCapabilities": [
            {
                "Domain": "party",
                "SchemaImage": "party_plan.jpg",
                "Task": "party_plan"
            }
        ],
        "WizardTask": "Follow the flow charts and help the user plan a party."
    },
    "UserQuestionnaire": [
        {
            "Answer": true,
            "Question": "Did the assistant stay calm and helpful throughout the dialogue?"
        }
    ],
    "WizardQuestionnaire": [
        {
            "Answer": false,
            "Question": "Did the user change his/her mind about what he/she wants at any time?"
        },
        {
            "Answer": false,
            "Question": "Did the user become aggressive or annoyed during the dialogue? (Note: some users may be instructed to be annoying.)"
        },
        {
            "Answer": false,
            "Question": "Where you unsure about what to do at any time? (Feel free to send us an email with details.)"
        }
    ]
}