{
    "AnonymizedUserWorkerID": "6f51e967-ce78-081f-da64-6595f6cdfeca",
    "AnonymizedWizardWorkerID": "06e6755f-be58-d1ca-998c-b87e3a0d8c19",
    "BatchID": "woz_1590426434",
    "CompletionLevel": "Complete",
    "DialogueID": 1312,
    "Events": [
        {
            "Action": "instruct",
            "Agent": "UserGuide",
            "Text": "You have lost your debit card and before you could cancel it, somebody withdrew $300 at an ATM. Quickly you contact the bank-system's AI assistant. Perhaps it can help? [instruction 1 of 5]",
            "UnixTime": 1590445858
        },
        {
            "Action": "utter",
            "Agent": "User",
            "Text": "I lost my debit card and before I could cancel it, somebody withdrew $300 at an ATM",
            "UnixTime": 1590445884,
            "PredictedBeliefState": {
                "FraudReport": "stolen money"
            },
            "ActionLabel": [
                "user_bank_inform_fraud_details",
                "user_bank_ask_fraud"
            ]
        },
        {
            "Action": "instruct",
            "Agent": "UserGuide",
            "Text": "You are Sarah Brown. Your PIN is 7402, but you forgot your account number. (You might need your childhood pet's name for the security questions: Nemo.) [instruction 2 of 5]",
            "UnixTime": 1590445884
        },
        {
            "Action": "request_suggestions",
            "Agent": "Wizard",
            "Text": "Please provide",
            "UnixTime": 1590445898
        },
        {
            "Action": "pick_suggestion",
            "ActionLabel": "ask_name",
            "ActionLabelOptions": [
                "ask_name",
                "bank_ask_dob",
                "bank_ask_fraud_details"
            ],
            "Agent": "Wizard",
            "Text": "Could I get your full name, please?",
            "UnixTime": 1590445900
        },
        {
            "Action": "utter",
            "Agent": "User",
            "Text": "Sarah Brown",
            "UnixTime": 1590445910,
            "PredictedBeliefState": {
                "FraudReport": "stolen money",
                "FullName": "sarah brown"
            },
            "ActionLabel": [
                "user_bank_inform_name"
            ]
        },
        {
            "Action": "request_suggestions",
            "Agent": "Wizard",
            "Text": "What is you account ",
            "UnixTime": 1590445935
        },
        {
            "Action": "pick_suggestion",
            "ActionLabel": "bank_ask_account_number",
            "ActionLabelOptions": [
                "bank_ask_account_number",
                "bank_ask_fraud_details",
                "bank_ask_pin"
            ],
            "Agent": "Wizard",
            "Text": "Can you tell me your account number, please?",
            "UnixTime": 1590445937
        },
        {
            "Action": "utter",
            "Agent": "User",
            "Text": "I forgot.",
            "UnixTime": 1590445948,
            "PredictedBeliefState": {
                "AccountNumber": "forgot",
                "FullName": "sarah brown",
                "FraudReport": "stolen money"
            },
            "ActionLabel": [
                "user_bank_forgot_account_number"
            ]
        },
        {
            "Action": "instruct",
            "Agent": "UserGuide",
            "Text": "You forget what you are doing (imagine you're 93 years old and have some mental condition). [instruction 3 of 5]",
            "UnixTime": 1590445948
        },
        {
            "Action": "request_suggestions",
            "Agent": "Wizard",
            "Text": "What is you birtt",
            "UnixTime": 1590445972
        },
        {
            "Action": "pick_suggestion",
            "ActionLabel": "bank_ask_dob",
            "ActionLabelOptions": [
                "out_of_scope",
                "bank_ask_dob",
                "bank_inform_cannot_authenticate"
            ],
            "Agent": "Wizard",
            "Text": "Could you provide your date of birth, please?",
            "UnixTime": 1590445974
        },
        {
            "Action": "utter",
            "Agent": "User",
            "Text": "I love eggs.",
            "UnixTime": 1590445991,
            "PredictedBeliefState": {
                "AccountNumber": "forgot",
                "FraudReport": "stolen money",
                "FullName": "sarah brown"
            },
            "ActionLabel": []
        },
        {
            "Action": "instruct",
            "Agent": "UserGuide",
            "Text": "Keep this conversation going for a bit - you can be creative! [instruction 4 of 5]",
            "UnixTime": 1590445991
        },
        {
            "Action": "request_suggestions",
            "Agent": "Wizard",
            "Text": "I'll require the date of you birth in order to authenticate your account.",
            "UnixTime": 1590446029
        },
        {
            "Action": "pick_suggestion",
            "ActionLabel": "bank_inform_cannot_authenticate",
            "ActionLabelOptions": [
                "bank_ask_dob",
                "bank_inform_cannot_authenticate",
                "bank_ask_account_number"
            ],
            "Agent": "Wizard",
            "Text": "I am sorry, but I cannot authenticate you with the information you have provided.",
            "UnixTime": 1590446032
        },
        {
            "Action": "utter",
            "Agent": "User",
            "Text": "They are so versatile.",
            "UnixTime": 1590446046,
            "PredictedBeliefState": {
                "FraudReport": "stolen money",
                "AccountNumber": "forgot",
                "FullName": "sarah brown"
            },
            "ActionLabel": [
                "user_bad_label"
            ]
        },
        {
            "Action": "request_suggestions",
            "Agent": "Wizard",
            "Text": "Could you provide your",
            "UnixTime": 1590446058
        },
        {
            "Action": "pick_suggestion",
            "ActionLabel": "bank_ask_dob",
            "ActionLabelOptions": [
                "bank_ask_dob",
                "ask_name",
                "anything_else"
            ],
            "Agent": "Wizard",
            "Text": "Could you provide your date of birth, please?",
            "UnixTime": 1590446060
        },
        {
            "Action": "utter",
            "Agent": "User",
            "Text": "I was born a long time ago.",
            "UnixTime": 1590446078,
            "PredictedBeliefState": {
                "AccountNumber": "forgot",
                "FullName": "sarah brown",
                "FraudReport": "stolen money"
            },
            "ActionLabel": []
        },
        {
            "Action": "request_suggestions",
            "Agent": "Wizard",
            "Text": "What is your pin",
            "UnixTime": 1590446095
        },
        {
            "Action": "utter",
            "Agent": "Wizard",
            "Text": "Could you provide your PIN number please?",
            "UnixTime": 1590446139
        },
        {
            "Action": "utter",
            "Agent": "User",
            "Text": "7402",
            "UnixTime": 1590446155,
            "PredictedBeliefState": {
                "PIN": "7402",
                "FraudReport": "stolen money",
                "FullName": "sarah brown",
                "AccountNumber": "forgot"
            },
            "ActionLabel": [
                "user_bank_inform_pin",
                "user_bad_label"
            ]
        },
        {
            "Action": "request_suggestions",
            "Agent": "Wizard",
            "Text": "Could you provide  account",
            "UnixTime": 1590446183
        },
        {
            "Action": "pick_suggestion",
            "ActionLabel": "bank_ask_account_number",
            "ActionLabelOptions": [
                "bank_ask_account_number",
                "bank_ask_pin",
                "bank_ask_fraud_details"
            ],
            "Agent": "Wizard",
            "Text": "Can you tell me your account number, please?",
            "UnixTime": 1590446185
        },
        {
            "Action": "utter",
            "Agent": "User",
            "Text": "I don't remember it.",
            "UnixTime": 1590446195,
            "PredictedBeliefState": {
                "FullName": "sarah brown",
                "DateOfBirth": "forgot",
                "FraudReport": "stolen money",
                "SecurityAnswer2": "eggs",
                "PIN": "7402",
                "AccountNumber": "forgot"
            },
            "ActionLabel": [
                "user_bank_forgot_dob",
                "user_bank_inform_childhood_pets_name"
            ]
        },
        {
            "Action": "instruct",
            "Agent": "UserGuide",
            "Text": "Ok, great. Now bring the conversation to a natural close. [instruction 5 of 5]",
            "UnixTime": 1590446195
        },
        {
            "APIName": "bank_fraud_report",
            "Action": "query",
            "Agent": "Wizard",
            "Constraints": [
                {
                    "FraudReport": "\"lost debit card and $300 withdrawn from ATM\""
                },
                {
                    "FullName": "\"Sarah Brown\""
                },
                {
                    "PIN": "7402"
                }
            ],
            "UnixTime": 1590446202
        },
        {
            "APIName": "bank_fraud_report",
            "Action": "return_item",
            "Agent": "KnowledgeBase",
            "Item": {
                "APIName": "bank_fraud_report",
                "Message": "You must provide either AccountNumber/FullName/PIN or FullName/DateOfBirth/SecurityAnswer1/SecurityAnswer2. We cannot authenticate the user otherwise."
            },
            "TotalItems": -1,
            "PredictedBeliefState": {
                "FullName": "sarah brown",
                "DateOfBirth": "forgot",
                "FraudReport": "stolen money",
                "SecurityAnswer2": "eggs",
                "PIN": "7402",
                "AccountNumber": "forgot"
            },
            "ActionLabel": [
                "db_bank_inform_cannot_authenticate"
            ]
        },
        {
            "Action": "request_suggestions",
            "Agent": "Wizard",
            "PrimaryItem": {
                "APIName": "bank_fraud_report",
                "Message": "You must provide either AccountNumber/FullName/PIN or FullName/DateOfBirth/SecurityAnswer1/SecurityAnswer2. We cannot authenticate the user otherwise."
            },
            "Text": "I am unable",
            "UnixTime": 1590446212
        },
        {
            "Action": "pick_suggestion",
            "ActionLabel": "bank_inform_cannot_authenticate",
            "ActionLabelOptions": [
                "out_of_scope",
                "bank_inform_cannot_authenticate",
                "anything_else"
            ],
            "Agent": "Wizard",
            "PrimaryItem": {
                "APIName": "bank_fraud_report",
                "Message": "You must provide either AccountNumber/FullName/PIN or FullName/DateOfBirth/SecurityAnswer1/SecurityAnswer2. We cannot authenticate the user otherwise."
            },
            "Text": "I am sorry, but I cannot authenticate you with the information you have provided.",
            "UnixTime": 1590446219
        },
        {
            "Action": "utter",
            "Agent": "User",
            "Text": "bye",
            "UnixTime": 1590446268,
            "PredictedBeliefState": {
                "AccountNumber": "forgot",
                "PIN": "7402",
                "FullName": "sarah brown",
                "DateOfBirth": "forgot",
                "FraudReport": "stolen money",
                "SecurityAnswer2": "eggs"
            },
            "ActionLabel": [
                "user_bank_thanks"
            ]
        },
        {
            "Action": "request_suggestions",
            "Agent": "Wizard",
            "PrimaryItem": {
                "APIName": "bank_fraud_report",
                "Message": "You must provide either AccountNumber/FullName/PIN or FullName/DateOfBirth/SecurityAnswer1/SecurityAnswer2. We cannot authenticate the user otherwise."
            },
            "Text": "Is there any",
            "UnixTime": 1590446278
        },
        {
            "Action": "pick_suggestion",
            "ActionLabel": "anything_else",
            "ActionLabelOptions": [
                "anything_else",
                "bank_ask_account_number",
                "bank_ask_childhood_pets_name"
            ],
            "Agent": "Wizard",
            "PrimaryItem": {
                "APIName": "bank_fraud_report",
                "Message": "You must provide either AccountNumber/FullName/PIN or FullName/DateOfBirth/SecurityAnswer1/SecurityAnswer2. We cannot authenticate the user otherwise."
            },
            "Text": "Is there anything else that I can do for you?",
            "UnixTime": 1590446282
        },
        {
            "Action": "complete",
            "Agent": "User",
            "UnixTime": 1590446289
        }
    ],
    "FORMAT-VERSION": 7,
    "IntroducesConflicts": false,
    "Scenario": {
        "Domains": [
            "bank"
        ],
        "Happy": false,
        "MultiTask": false,
        "UserTask": "Follow the instructions and comments of the MTurk System bot (darker yellow boxes in the dialogue). Do not end the dialogue before the MTurk System bot (not the assistant) has told you to do so. ",
        "WizardCapabilities": [
            {
                "Domain": "bank",
                "SchemaImage": "bank_fraud_report.jpg",
                "Task": "bank_fraud_report"
            }
        ],
        "WizardTask": "Follow the flow charts and help the user. Some facts you should be aware of: \n\n* You are the customer service AI of the international banking system"
    },
    "UserQuestionnaire": [
        {
            "Answer": true,
            "Question": "Did the assistant stay calm and helpful throughout the dialogue?"
        }
    ],
    "WizardQuestionnaire": [
        {
            "Answer": true,
            "Question": "Did the user seem confused? (He or she may have been instructed to be.)"
        },
        {
            "Answer": false,
            "Question": "Did the user change his/her mind about what he/she wants at any time?"
        },
        {
            "Answer": false,
            "Question": "Did the user become aggressive or annoyed during the dialogue? (Note: some users may be instructed to be annoying.)"
        },
        {
            "Answer": false,
            "Question": "Where you unsure about what to do at any time? (Feel free to send us an email with details.)"
        }
    ]
}