{
    "AnonymizedUserWorkerID": "9f21d8b6-df7e-edd4-ef00-9da97dbb279f",
    "AnonymizedWizardWorkerID": "239936e4-190b-4d6e-8038-57290b8802d4",
    "BatchID": "woz_1590426434",
    "CompletionLevel": "Complete",
    "DialogueID": 1318,
    "Events": [
        {
            "Action": "instruct",
            "Agent": "UserGuide",
            "Text": "Your task is written on the left panel. [instruction 1 of 4]",
            "UnixTime": 1590450527
        },
        {
            "Action": "utter",
            "Agent": "User",
            "Text": "I want to play trivia please start at question 4",
            "UnixTime": 1590450534,
            "PredictedBeliefState": {
                "QuestionNum": "4"
            },
            "ActionLabel": [
                "user_trivia_inform_question_number",
                "user_bad_label"
            ]
        },
        {
            "APIName": "trivia",
            "Action": "query",
            "Agent": "Wizard",
            "Constraints": [
                {
                    "QuestionNum": "4"
                }
            ],
            "UnixTime": 1590450553
        },
        {
            "APIName": "trivia",
            "Action": "return_item",
            "Agent": "KnowledgeBase",
            "Item": {
                "APIName": "trivia",
                "Answer": "poem",
                "Question": "A ____ written to celebrate a wedding is called a epithalamium"
            },
            "TotalItems": -1,
            "PredictedBeliefState": {
                "QuestionNum": "4"
            },
            "ActionLabel": [
                "db_inform_question"
            ]
        },
        {
            "Action": "request_suggestions",
            "Agent": "Wizard",
            "PrimaryItem": {
                "APIName": "trivia",
                "Answer": "poem",
                "Question": "A ____ written to celebrate a wedding is called a epithalamium"
            },
            "Text": "a written",
            "UnixTime": 1590450560
        },
        {
            "Action": "pick_suggestion",
            "ActionLabel": "trivia_ask_question",
            "ActionLabelOptions": [
                "trivia_ask_question",
                "trivia_inform_answer_2_ask_next",
                "out_of_scope"
            ],
            "Agent": "Wizard",
            "PrimaryItem": {
                "APIName": "trivia",
                "Answer": "poem",
                "Question": "A ____ written to celebrate a wedding is called a epithalamium"
            },
            "Text": "A ____ written to celebrate a wedding is called a epithalamium",
            "UnixTime": 1590450562
        },
        {
            "Action": "utter",
            "Agent": "User",
            "Text": "poem",
            "UnixTime": 1590450566,
            "PredictedBeliefState": {
                "QuestionNum": "4"
            },
            "ActionLabel": [
                "user_trivia_answer"
            ]
        },
        {
            "Action": "instruct",
            "Agent": "UserGuide",
            "Text": "Engage in some smalltalk. [instruction 2 of 4]",
            "UnixTime": 1590450566
        },
        {
            "Action": "request_suggestions",
            "Agent": "Wizard",
            "PrimaryItem": {
                "APIName": "trivia",
                "Answer": "poem",
                "Question": "A ____ written to celebrate a wedding is called a epithalamium"
            },
            "Text": "correct",
            "UnixTime": 1590450571
        },
        {
            "Action": "pick_suggestion",
            "ActionLabel": "trivia_inform_answer_correct_ask_next",
            "ActionLabelOptions": [
                "trivia_inform_answer_correct_ask_next",
                "out_of_scope",
                "trivia_inform_answer_incorrect_ask_next"
            ],
            "Agent": "Wizard",
            "PrimaryItem": {
                "APIName": "trivia",
                "Answer": "poem",
                "Question": "A ____ written to celebrate a wedding is called a epithalamium"
            },
            "Text": "Your answer was correct! Great job! Would you like to continue playing?",
            "UnixTime": 1590450572
        },
        {
            "Action": "utter",
            "Agent": "User",
            "Text": "next",
            "UnixTime": 1590450576,
            "PredictedBeliefState": {
                "QuestionNum": "4"
            },
            "ActionLabel": [
                "user_trivia_next_question"
            ]
        },
        {
            "APIName": "trivia",
            "Action": "query",
            "Agent": "Wizard",
            "Constraints": [
                {
                    "QuestionNum": "5"
                }
            ],
            "PrimaryItem": {
                "APIName": "trivia",
                "Answer": "poem",
                "Question": "A ____ written to celebrate a wedding is called a epithalamium"
            },
            "UnixTime": 1590450582
        },
        {
            "APIName": "trivia",
            "Action": "return_item",
            "Agent": "KnowledgeBase",
            "Item": {
                "APIName": "trivia",
                "Answer": "wind",
                "Question": "A 'sirocco' refers to a type of ____"
            },
            "TotalItems": -1,
            "PredictedBeliefState": {
                "QuestionNum": "4"
            },
            "ActionLabel": [
                "db_inform_question"
            ]
        },
        {
            "Action": "request_suggestions",
            "Agent": "Wizard",
            "PrimaryItem": {
                "APIName": "trivia",
                "Answer": "wind",
                "Question": "A 'sirocco' refers to a type of ____"
            },
            "Text": "a sir",
            "UnixTime": 1590450586
        },
        {
            "Action": "pick_suggestion",
            "ActionLabel": "trivia_ask_question",
            "ActionLabelOptions": [
                "trivia_ask_question",
                "trivia_inform_answer_2_ask_next",
                "trivia_bye"
            ],
            "Agent": "Wizard",
            "PrimaryItem": {
                "APIName": "trivia",
                "Answer": "wind",
                "Question": "A 'sirocco' refers to a type of ____"
            },
            "Text": "A 'sirocco' refers to a type of ____",
            "UnixTime": 1590450589
        },
        {
            "Action": "utter",
            "Agent": "User",
            "Text": "Wind1",
            "UnixTime": 1590450592,
            "PredictedBeliefState": {
                "QuestionNum": "4"
            },
            "ActionLabel": [
                "user_trivia_answer"
            ]
        },
        {
            "Action": "instruct",
            "Agent": "UserGuide",
            "Text": "Say something about the questions. [instruction 3 of 4]",
            "UnixTime": 1590450592
        },
        {
            "Action": "request_suggestions",
            "Agent": "Wizard",
            "PrimaryItem": {
                "APIName": "trivia",
                "Answer": "wind",
                "Question": "A 'sirocco' refers to a type of ____"
            },
            "Text": "correct",
            "UnixTime": 1590450600
        },
        {
            "Action": "pick_suggestion",
            "ActionLabel": "trivia_inform_answer_correct_ask_next",
            "ActionLabelOptions": [
                "trivia_inform_answer_correct_ask_next",
                "out_of_scope",
                "trivia_inform_answer_incorrect_ask_next"
            ],
            "Agent": "Wizard",
            "PrimaryItem": {
                "APIName": "trivia",
                "Answer": "wind",
                "Question": "A 'sirocco' refers to a type of ____"
            },
            "Text": "Your answer was correct! Great job! Would you like to continue playing?",
            "UnixTime": 1590450683
        },
        {
            "Action": "utter",
            "Agent": "User",
            "Text": "Next",
            "UnixTime": 1590450688,
            "PredictedBeliefState": {
                "QuestionNum": "4"
            },
            "ActionLabel": [
                "user_trivia_next_question"
            ]
        },
        {
            "Action": "instruct",
            "Agent": "UserGuide",
            "Text": "Ok, just keep going until you've completed your task (see left panel). [instruction 4 of 4]",
            "UnixTime": 1590450688
        },
        {
            "APIName": "trivia",
            "Action": "query",
            "Agent": "Wizard",
            "Constraints": [
                {
                    "QuestionNum": "6"
                }
            ],
            "PrimaryItem": {
                "APIName": "trivia",
                "Answer": "wind",
                "Question": "A 'sirocco' refers to a type of ____"
            },
            "UnixTime": 1590450696
        },
        {
            "APIName": "trivia",
            "Action": "return_item",
            "Agent": "KnowledgeBase",
            "Item": {
                "APIName": "trivia",
                "Answer": "three",
                "Question": "A 3 1/2' floppy disk measures ____ & 1/2 inches across"
            },
            "TotalItems": -1,
            "PredictedBeliefState": {
                "QuestionNum": "4"
            },
            "ActionLabel": [
                "db_inform_question"
            ]
        },
        {
            "Action": "request_suggestions",
            "Agent": "Wizard",
            "PrimaryItem": {
                "APIName": "trivia",
                "Answer": "three",
                "Question": "A 3 1/2' floppy disk measures ____ & 1/2 inches across"
            },
            "Text": "a 3",
            "UnixTime": 1590450699
        },
        {
            "Action": "pick_suggestion",
            "ActionLabel": "trivia_ask_question",
            "ActionLabelOptions": [
                "trivia_ask_question",
                "trivia_ask_question_number",
                "trivia_inform_answer_2_ask_next"
            ],
            "Agent": "Wizard",
            "PrimaryItem": {
                "APIName": "trivia",
                "Answer": "three",
                "Question": "A 3 1/2' floppy disk measures ____ & 1/2 inches across"
            },
            "Text": "A 3 1/2' floppy disk measures ____ & 1/2 inches across",
            "UnixTime": 1590450700
        },
        {
            "Action": "utter",
            "Agent": "User",
            "Text": "3",
            "UnixTime": 1590450703,
            "PredictedBeliefState": {
                "QuestionNum": "4"
            },
            "ActionLabel": [
                "user_trivia_answer"
            ]
        },
        {
            "Action": "request_suggestions",
            "Agent": "Wizard",
            "PrimaryItem": {
                "APIName": "trivia",
                "Answer": "three",
                "Question": "A 3 1/2' floppy disk measures ____ & 1/2 inches across"
            },
            "Text": "correct",
            "UnixTime": 1590450713
        },
        {
            "Action": "pick_suggestion",
            "ActionLabel": "trivia_inform_answer_correct_ask_next",
            "ActionLabelOptions": [
                "trivia_inform_answer_correct_ask_next",
                "out_of_scope",
                "trivia_inform_answer_incorrect_ask_next"
            ],
            "Agent": "Wizard",
            "PrimaryItem": {
                "APIName": "trivia",
                "Answer": "three",
                "Question": "A 3 1/2' floppy disk measures ____ & 1/2 inches across"
            },
            "Text": "Your answer was correct! Great job! Would you like to continue playing?",
            "UnixTime": 1590450715
        },
        {
            "Action": "utter",
            "Agent": "User",
            "Text": "Yes next",
            "UnixTime": 1590450718,
            "PredictedBeliefState": {
                "QuestionNum": "4"
            },
            "ActionLabel": [
                "user_trivia_next_question"
            ]
        },
        {
            "APIName": "trivia",
            "Action": "query",
            "Agent": "Wizard",
            "Constraints": [
                {
                    "QuestionNum": "7"
                }
            ],
            "PrimaryItem": {
                "APIName": "trivia",
                "Answer": "three",
                "Question": "A 3 1/2' floppy disk measures ____ & 1/2 inches across"
            },
            "UnixTime": 1590450724
        },
        {
            "APIName": "trivia",
            "Action": "return_item",
            "Agent": "KnowledgeBase",
            "Item": {
                "APIName": "trivia",
                "Answer": "do not iron",
                "Question": "A 300,000 pound wedding dress made of platinum was once exhibited, and in the instructions from the designer was a warning. What was it"
            },
            "TotalItems": -1,
            "PredictedBeliefState": {
                "QuestionNum": "4"
            },
            "ActionLabel": [
                "db_inform_question"
            ]
        },
        {
            "Action": "request_suggestions",
            "Agent": "Wizard",
            "PrimaryItem": {
                "APIName": "trivia",
                "Answer": "do not iron",
                "Question": "A 300,000 pound wedding dress made of platinum was once exhibited, and in the instructions from the designer was a warning. What was it"
            },
            "Text": "a 300",
            "UnixTime": 1590450727
        },
        {
            "Action": "pick_suggestion",
            "ActionLabel": "trivia_ask_question",
            "ActionLabelOptions": [
                "trivia_ask_question",
                "trivia_bye",
                "trivia_inform_nothing_found"
            ],
            "Agent": "Wizard",
            "PrimaryItem": {
                "APIName": "trivia",
                "Answer": "do not iron",
                "Question": "A 300,000 pound wedding dress made of platinum was once exhibited, and in the instructions from the designer was a warning. What was it"
            },
            "Text": "A 300,000 pound wedding dress made of platinum was once exhibited, and in the instructions from the designer was a warning. What was it",
            "UnixTime": 1590450729
        },
        {
            "Action": "utter",
            "Agent": "User",
            "Text": "Do not sit on",
            "UnixTime": 1590450735,
            "PredictedBeliefState": {
                "QuestionNum": "4"
            },
            "ActionLabel": [
                "user_trivia_answer"
            ]
        },
        {
            "Action": "request_suggestions",
            "Agent": "Wizard",
            "PrimaryItem": {
                "APIName": "trivia",
                "Answer": "do not iron",
                "Question": "A 300,000 pound wedding dress made of platinum was once exhibited, and in the instructions from the designer was a warning. What was it"
            },
            "Text": "wrong",
            "UnixTime": 1590450741
        },
        {
            "Action": "pick_suggestion",
            "ActionLabel": "trivia_inform_answer_incorrect_ask_next",
            "ActionLabelOptions": [
                "trivia_inform_answer_incorrect_ask_next",
                "trivia_bye",
                "trivia_ask_question"
            ],
            "Agent": "Wizard",
            "PrimaryItem": {
                "APIName": "trivia",
                "Answer": "do not iron",
                "Question": "A 300,000 pound wedding dress made of platinum was once exhibited, and in the instructions from the designer was a warning. What was it"
            },
            "Text": "Unfortunately your answer was wrong. 'do not iron' would have been correct.\nWould you like to continue playing?",
            "UnixTime": 1590450743
        },
        {
            "Action": "utter",
            "Agent": "User",
            "Text": "Next!",
            "UnixTime": 1590450746,
            "PredictedBeliefState": {
                "QuestionNum": "4"
            },
            "ActionLabel": [
                "user_trivia_next_question"
            ]
        },
        {
            "APIName": "trivia",
            "Action": "query",
            "Agent": "Wizard",
            "Constraints": [
                {
                    "QuestionNum": "8"
                }
            ],
            "PrimaryItem": {
                "APIName": "trivia",
                "Answer": "do not iron",
                "Question": "A 300,000 pound wedding dress made of platinum was once exhibited, and in the instructions from the designer was a warning. What was it"
            },
            "UnixTime": 1590450751
        },
        {
            "APIName": "trivia",
            "Action": "return_item",
            "Agent": "KnowledgeBase",
            "Item": {
                "APIName": "trivia",
                "Answer": "two in the bush",
                "Question": "A bird in the hand is worth ____"
            },
            "TotalItems": -1,
            "PredictedBeliefState": {
                "QuestionNum": "4"
            },
            "ActionLabel": [
                "db_inform_question"
            ]
        },
        {
            "Action": "request_suggestions",
            "Agent": "Wizard",
            "PrimaryItem": {
                "APIName": "trivia",
                "Answer": "two in the bush",
                "Question": "A bird in the hand is worth ____"
            },
            "Text": "a bird",
            "UnixTime": 1590450756
        },
        {
            "Action": "pick_suggestion",
            "ActionLabel": "trivia_ask_question",
            "ActionLabelOptions": [
                "trivia_ask_question",
                "trivia_inform_answer_2_ask_next",
                "out_of_scope"
            ],
            "Agent": "Wizard",
            "PrimaryItem": {
                "APIName": "trivia",
                "Answer": "two in the bush",
                "Question": "A bird in the hand is worth ____"
            },
            "Text": "A bird in the hand is worth ____",
            "UnixTime": 1590450758
        },
        {
            "Action": "utter",
            "Agent": "User",
            "Text": "2 in the oven",
            "UnixTime": 1590450764,
            "PredictedBeliefState": {
                "QuestionNum": "4"
            },
            "ActionLabel": [
                "user_trivia_answer"
            ]
        },
        {
            "Action": "request_suggestions",
            "Agent": "Wizard",
            "PrimaryItem": {
                "APIName": "trivia",
                "Answer": "two in the bush",
                "Question": "A bird in the hand is worth ____"
            },
            "Text": "wrong",
            "UnixTime": 1590450771
        },
        {
            "Action": "pick_suggestion",
            "ActionLabel": "trivia_inform_answer_incorrect_ask_next",
            "ActionLabelOptions": [
                "trivia_inform_answer_incorrect_ask_next",
                "trivia_bye",
                "trivia_ask_question"
            ],
            "Agent": "Wizard",
            "PrimaryItem": {
                "APIName": "trivia",
                "Answer": "two in the bush",
                "Question": "A bird in the hand is worth ____"
            },
            "Text": "Unfortunately your answer was wrong. 'two in the bush' would have been correct.\nWould you like to continue playing?",
            "UnixTime": 1590450773
        },
        {
            "Action": "utter",
            "Agent": "User",
            "Text": "Oh... well that's it. Bye!",
            "UnixTime": 1590450780,
            "PredictedBeliefState": {
                "QuestionNum": "4"
            },
            "ActionLabel": [
                "user_trivia_goodbye"
            ]
        },
        {
            "Action": "request_suggestions",
            "Agent": "Wizard",
            "PrimaryItem": {
                "APIName": "trivia",
                "Answer": "two in the bush",
                "Question": "A bird in the hand is worth ____"
            },
            "Text": "bye",
            "UnixTime": 1590450785
        },
        {
            "Action": "pick_suggestion",
            "ActionLabel": "trivia_bye",
            "ActionLabelOptions": [
                "trivia_bye",
                "trivia_ask_question",
                "trivia_inform_answer_incorrect_ask_next"
            ],
            "Agent": "Wizard",
            "PrimaryItem": {
                "APIName": "trivia",
                "Answer": "two in the bush",
                "Question": "A bird in the hand is worth ____"
            },
            "Text": "Nice playing with you, bye!",
            "UnixTime": 1590450787
        },
        {
            "Action": "complete",
            "Agent": "User",
            "UnixTime": 1590450789
        }
    ],
    "FORMAT-VERSION": 7,
    "IntroducesConflicts": false,
    "Scenario": {
        "Domains": [
            "trivia"
        ],
        "Happy": false,
        "MultiTask": false,
        "UserTask": "You would like to play a game of trivia. You've already answered some of the questions, so you should start from question 4 and play 5 questions. You have answers for the following questions: (3) snail, (9) briquette, (6) three. For the rest, try your best!",
        "WizardCapabilities": [
            {
                "Domain": "trivia",
                "SchemaImage": "trivia.jpg",
                "Task": "trivia"
            }
        ],
        "WizardTask": "Let the user play a trivia game. Query for and ask the questions until the user wants to stop. Note: Please DO NOT CHANGE THE COMPARATOR for the question number, i.e. leave it as 'is_equal_to'. "
    },
    "UserQuestionnaire": [
        {
            "Answer": true,
            "Question": "Did the AI Assistant succesfully run the trivia quiz?"
        },
        {
            "Answer": true,
            "Question": "Did the AI Assistant stay calm and helpful throughout the dialogue?"
        }
    ],
    "WizardQuestionnaire": [
        {
            "Answer": false,
            "Question": "Did the user change his/her mind about what he/she wants at any time?"
        },
        {
            "Answer": false,
            "Question": "Did the user become aggressive or annoyed during the dialogue? (Note: some users may be instructed to be annoying.)"
        },
        {
            "Answer": false,
            "Question": "Where you unsure about what to do at any time? (Feel free to send us an email with details.)"
        }
    ]
}