{
    "AnonymizedUserWorkerID": "66c768ec-c1a7-affc-8806-fa55a561e851",
    "AnonymizedWizardWorkerID": "a4c9564b-06b9-37b4-27ca-fd6bf52c4154",
    "BatchID": "woz_1590426434",
    "CompletionLevel": "Complete",
    "DialogueID": 1332,
    "Events": [
        {
            "Action": "instruct",
            "Agent": "UserGuide",
            "Text": "In this dialogue, either act confused, like a person with memory problems, or act concerned about the effects of the medicine.  [instruction 1 of 3]",
            "UnixTime": 1590450524
        },
        {
            "Action": "utter",
            "Agent": "User",
            "Text": "hello",
            "UnixTime": 1590450530,
            "PredictedBeliefState": {},
            "ActionLabel": [
                "user_bad_label"
            ]
        },
        {
            "Action": "instruct",
            "Agent": "UserGuide",
            "Text": "Oh, Dr. Morgan was actually your previous doctor. Your new doctor is Dr. Alexis now. That's the one you had the appointment with. [instruction 2 of 3]",
            "UnixTime": 1590450530
        },
        {
            "Action": "request_suggestions",
            "Agent": "Wizard",
            "Text": "How can I help",
            "UnixTime": 1590450536
        },
        {
            "Action": "utter",
            "Agent": "Wizard",
            "Text": "How can I help you?",
            "UnixTime": 1590450543
        },
        {
            "Action": "utter",
            "Agent": "User",
            "Text": "I had a apointment with Dr. Morgan  the other day and would like to follow up to ensure i understand everything",
            "UnixTime": 1590450629,
            "PredictedBeliefState": {
                "PatientName": "alexis",
                "Name": "dr. morgan"
            },
            "ActionLabel": [
                "user_doctor_inform_name",
                "user_doctor_inform_doctor_name",
                "user_bad_label"
            ]
        },
        {
            "Action": "instruct",
            "Agent": "UserGuide",
            "Text": "Say something random about your doctors, your condition, or about something (imagined) that happened to you today. Then bring the conversation to a natural close. [instruction 3 of 3]",
            "UnixTime": 1590450629
        },
        {
            "Action": "request_suggestions",
            "Agent": "Wizard",
            "Text": "What is your name",
            "UnixTime": 1590450682
        },
        {
            "Action": "pick_suggestion",
            "ActionLabel": "ask_name",
            "ActionLabelOptions": [
                "ask_name",
                "goodbye_1",
                "doctor_inform_nothing_found"
            ],
            "Agent": "Wizard",
            "Text": "Could I get your name, please?",
            "UnixTime": 1590450684
        },
        {
            "Action": "utter",
            "Agent": "User",
            "Text": "oh i forgot my dr that i had the appoinment was Dr. Alexis. so i'm a little confused.  My name is Ben",
            "UnixTime": 1590450746,
            "PredictedBeliefState": {
                "PatientName": "ben",
                "Name": "dr. alexis"
            },
            "ActionLabel": [
                "user_doctor_inform_name",
                "user_doctor_inform_doctor_name",
                "user_doctor_ask_followup"
            ]
        },
        {
            "APIName": "doctor_followup",
            "Action": "query",
            "Agent": "Wizard",
            "Constraints": [
                {
                    "Name": "\"Dr. Alexis\""
                },
                {
                    "PatientName": "\"Ben\""
                }
            ],
            "UnixTime": 1590450755
        },
        {
            "APIName": "doctor_followup",
            "Action": "return_item",
            "Agent": "KnowledgeBase",
            "Item": {
                "APIName": "doctor_followup",
                "Message": "Take your medicine before you go to sleep. If you experience nausea, please contact your doctor immediately."
            },
            "TotalItems": -1,
            "PredictedBeliefState": {
                "PatientName": "ben",
                "Name": "dr. alexis"
            },
            "ActionLabel": [
                "db_doctor_inform_doctors_instructions"
            ]
        },
        {
            "Action": "request_suggestions",
            "Agent": "Wizard",
            "PrimaryItem": {
                "APIName": "doctor_followup",
                "Message": "Take your medicine before you go to sleep. If you experience nausea, please contact your doctor immediately."
            },
            "Text": "Take your medicine",
            "UnixTime": 1590450761
        },
        {
            "Action": "pick_suggestion",
            "ActionLabel": "doctor_inform_doctors_instructions",
            "ActionLabelOptions": [
                "doctor_inform_doctors_instructions",
                "hello",
                "goodbye_1"
            ],
            "Agent": "Wizard",
            "PrimaryItem": {
                "APIName": "doctor_followup",
                "Message": "Take your medicine before you go to sleep. If you experience nausea, please contact your doctor immediately."
            },
            "Text": "Your instructions are: Take your medicine before you go to sleep. If you experience nausea, please contact your doctor immediately..",
            "UnixTime": 1590450763
        },
        {
            "Action": "utter",
            "Agent": "User",
            "Text": "Do this medicine cause memory lose because i'm forgetting things lately",
            "UnixTime": 1590450852,
            "PredictedBeliefState": {
                "PatientName": "ben",
                "Name": "dr. alexis"
            },
            "ActionLabel": [
                "user_bad_label"
            ]
        },
        {
            "Action": "request_suggestions",
            "Agent": "Wizard",
            "PrimaryItem": {
                "APIName": "doctor_followup",
                "Message": "Take your medicine before you go to sleep. If you experience nausea, please contact your doctor immediately."
            },
            "Text": "I'm sorry. I am not familiar with the side effects. ",
            "UnixTime": 1590450881
        },
        {
            "Action": "utter",
            "Agent": "Wizard",
            "PrimaryItem": {
                "APIName": "doctor_followup",
                "Message": "Take your medicine before you go to sleep. If you experience nausea, please contact your doctor immediately."
            },
            "Text": "I'm sorry. I am not familiar with the side effects. ",
            "UnixTime": 1590450888
        },
        {
            "Action": "utter",
            "Agent": "User",
            "Text": "ok, thank you for your time. have a good day",
            "UnixTime": 1590450908,
            "PredictedBeliefState": {
                "PatientName": "ben",
                "Name": "dr. alexis"
            },
            "ActionLabel": [
                "user_doctor_followup_goodbye"
            ]
        },
        {
            "Action": "request_suggestions",
            "Agent": "Wizard",
            "PrimaryItem": {
                "APIName": "doctor_followup",
                "Message": "Take your medicine before you go to sleep. If you experience nausea, please contact your doctor immediately."
            },
            "Text": "bye",
            "UnixTime": 1590450927
        },
        {
            "Action": "pick_suggestion",
            "ActionLabel": "goodbye_1",
            "ActionLabelOptions": [
                "goodbye_1",
                "hello",
                "doctor_inform_doctors_instructions"
            ],
            "Agent": "Wizard",
            "PrimaryItem": {
                "APIName": "doctor_followup",
                "Message": "Take your medicine before you go to sleep. If you experience nausea, please contact your doctor immediately."
            },
            "Text": "Thank you and goodbye.",
            "UnixTime": 1590450929
        },
        {
            "Action": "complete",
            "Agent": "User",
            "UnixTime": 1590450934
        }
    ],
    "FORMAT-VERSION": 7,
    "IntroducesConflicts": true,
    "Scenario": {
        "Domains": [
            "doctor"
        ],
        "Happy": false,
        "MultiTask": false,
        "UserTask": "You (Ben) had an appointment with Dr. Morgan the other day and would like to followup to ensure you understood everything.",
        "WizardCapabilities": [
            {
                "Domain": "doctor",
                "SchemaImage": "doctor_followup.jpg",
                "Task": "doctor_followup"
            }
        ],
        "WizardTask": "Inform the user of his/her doctor's orders."
    },
    "UserQuestionnaire": [
        {
            "Answer": true,
            "Question": "Did the assistant stay calm and helpful throughout the dialogue?"
        }
    ],
    "WizardQuestionnaire": [
        {
            "Answer": false,
            "Question": "Did the user change his/her mind about what he/she wants at any time?"
        },
        {
            "Answer": false,
            "Question": "Did the user become aggressive or annoyed during the dialogue? (Note: some users may be instructed to be annoying.)"
        },
        {
            "Answer": false,
            "Question": "Where you unsure about what to do at any time? (Feel free to send us an email with details.)"
        }
    ]
}