{
    "AnonymizedUserWorkerID": "a0362f23-a428-0712-805e-13fe4ea1da38",
    "AnonymizedWizardWorkerID": "9f21d8b6-df7e-edd4-ef00-9da97dbb279f",
    "BatchID": "woz_1590426434",
    "CompletionLevel": "Complete",
    "DialogueID": 1378,
    "Events": [
        {
            "Action": "utter",
            "Agent": "User",
            "Text": "Hello",
            "UnixTime": 1590453986,
            "PredictedBeliefState": {},
            "ActionLabel": [
                "user_hello"
            ]
        },
        {
            "Action": "instruct",
            "Agent": "UserGuide",
            "Text": "You remember that your friend recommended the Old Town Inn. Tell the assistant you've changed your mind and want to stay at Old Town Inn. [instruction 1 of 5]",
            "UnixTime": 1590453986
        },
        {
            "Action": "request_suggestions",
            "Agent": "Wizard",
            "Text": "hi",
            "UnixTime": 1590453988
        },
        {
            "Action": "pick_suggestion",
            "ActionLabel": "hello",
            "ActionLabelOptions": [
                "hello",
                "hotel_reservation_succeeded",
                "out_of_scope"
            ],
            "Agent": "Wizard",
            "Text": "Hello, how can I help?",
            "UnixTime": 1590453990
        },
        {
            "Action": "utter",
            "Agent": "User",
            "Text": "I'd like to reserve a room at the Hilton Hotel.",
            "UnixTime": 1590454001,
            "PredictedBeliefState": {
                "Name": "hilton hotel"
            },
            "ActionLabel": [
                "user_hotel_book_inform_hotel_name",
                "user_hotel_book_ask_hotel_book"
            ]
        },
        {
            "Action": "request_suggestions",
            "Agent": "Wizard",
            "Text": "date",
            "UnixTime": 1590454010
        },
        {
            "Action": "pick_suggestion",
            "ActionLabel": "hotel_ask_date_from",
            "ActionLabelOptions": [
                "hotel_ask_date_from",
                "hotel_ask_date_to",
                "out_of_scope"
            ],
            "Agent": "Wizard",
            "Text": "When are you arriving?",
            "UnixTime": 1590454011
        },
        {
            "Action": "utter",
            "Agent": "User",
            "Text": "May 3rd. Actually, please make it the Old Town Inn.",
            "UnixTime": 1590454017,
            "PredictedBeliefState": {
                "Name": "old town inn",
                "StartDate": "3rd"
            },
            "ActionLabel": [
                "user_hotel_book_inform_hotel_name",
                "user_hotel_book_inform_start_date"
            ]
        },
        {
            "Action": "instruct",
            "Agent": "UserGuide",
            "Text": "Actually, you recall that your friend stayed at Old Town Inn in another town. However you've read on a blog that the Hyatt Hotel is by long and far the most authentic one. Tell the assistant you've changed your mind and want to stay at Hyatt Hotel. [instruction 2 of 5]",
            "UnixTime": 1590454017
        },
        {
            "Action": "request_suggestions",
            "Agent": "Wizard",
            "Text": "name",
            "UnixTime": 1590454024
        },
        {
            "Action": "pick_suggestion",
            "ActionLabel": "ask_name",
            "ActionLabelOptions": [
                "ask_name",
                "hotel_inform_nothing_found",
                "hotel_ask_date_from"
            ],
            "Agent": "Wizard",
            "Text": "May I have your name, please?",
            "UnixTime": 1590454025
        },
        {
            "Action": "utter",
            "Agent": "User",
            "Text": "Alexis. You know what, please make it the Hyatt Hotel instead, I read something about it on a blog.",
            "UnixTime": 1590454042,
            "PredictedBeliefState": {
                "CustomerName": "alexis",
                "Name": "hyatt hotel",
                "StartDate": "3rd"
            },
            "ActionLabel": [
                "user_hotel_book_inform_name",
                "user_hotel_book_inform_hotel_name"
            ]
        },
        {
            "Action": "instruct",
            "Agent": "UserGuide",
            "Text": "Talk to the assistant about this great travel blog that you rely on and that its never let you down on your journeys. Be creative! [instruction 3 of 5]",
            "UnixTime": 1590454042
        },
        {
            "Action": "request_suggestions",
            "Agent": "Wizard",
            "Text": "leaving date",
            "UnixTime": 1590454055
        },
        {
            "Action": "pick_suggestion",
            "ActionLabel": "hotel_ask_date_to",
            "ActionLabelOptions": [
                "hotel_ask_date_from",
                "hotel_ask_date_to",
                "out_of_scope"
            ],
            "Agent": "Wizard",
            "Text": "When will you be leaving again?",
            "UnixTime": 1590454057
        },
        {
            "Action": "utter",
            "Agent": "User",
            "Text": "May 25th. This blog is super helpful, I'm pretty sure it won't let me down this time as it never has before.",
            "UnixTime": 1590454074,
            "PredictedBeliefState": {
                "Name": "hyatt hotel",
                "StartDate": "3rd",
                "EndDate": "25th",
                "CustomerName": "alexis"
            },
            "ActionLabel": [
                "user_hotel_book_inform_end_date"
            ]
        },
        {
            "Action": "instruct",
            "Agent": "UserGuide",
            "Text": "You just received a text from your partner saying: 'Hey, my brother invited us to his wedding in London on the 25th and I already booked us a flight for the 3rd!' Tell the assistant you would like to change your reservation to 11th-31st the following month. [instruction 4 of 5]",
            "UnixTime": 1590454074
        },
        {
            "APIName": "hotel_book",
            "Action": "query",
            "Agent": "Wizard",
            "Constraints": [
                {
                    "Name": "\"Hyatt Hotel\""
                },
                {
                    "StartDate": "\"3rd\""
                },
                {
                    "EndDate": "\"25th\""
                },
                {
                    "CustomerName": "\"Alexis\""
                },
                {
                    "RequestType": "\"Check\""
                }
            ],
            "UnixTime": 1590454094
        },
        {
            "APIName": "hotel_book",
            "Action": "return_item",
            "Agent": "KnowledgeBase",
            "Item": {
                "APIName": "hotel_book",
                "HotelName": "Hyatt Hotel",
                "Message": "Available"
            },
            "TotalItems": -1,
            "PredictedBeliefState": {
                "Name": "hyatt hotel",
                "StartDate": "3rd",
                "EndDate": "25th",
                "CustomerName": "alexis"
            },
            "ActionLabel": [
                "db_hotel_available"
            ]
        },
        {
            "Action": "request_suggestions",
            "Agent": "Wizard",
            "PrimaryItem": {
                "APIName": "hotel_book",
                "HotelName": "Hyatt Hotel",
                "Message": "Available"
            },
            "Text": "available",
            "UnixTime": 1590454097
        },
        {
            "Action": "pick_suggestion",
            "ActionLabel": "hotel_ask_confirm_booking",
            "ActionLabelOptions": [
                "hotel_ask_confirm_booking",
                "hotel_reservation_failed",
                "hotel_ask_date_to"
            ],
            "Agent": "Wizard",
            "PrimaryItem": {
                "APIName": "hotel_book",
                "HotelName": "Hyatt Hotel",
                "Message": "Available"
            },
            "Text": "Alright, the Hyatt Hotel ticks all of your boxes, can I book this room for you?",
            "UnixTime": 1590454098
        },
        {
            "Action": "utter",
            "Agent": "User",
            "Text": "No, I just got a text about an international wedding. I need to change the reservation dates to June 11th through June 31st if possible please.",
            "UnixTime": 1590454116,
            "PredictedBeliefState": {
                "EndDate": "31st",
                "StartDate": "june 11th",
                "Name": "hyatt hotel",
                "CustomerName": "alexis"
            },
            "ActionLabel": [
                "user_hotel_book_inform_end_date",
                "user_hotel_book_inform_start_date",
                "user_hotel_book_inform_book"
            ]
        },
        {
            "Action": "instruct",
            "Agent": "UserGuide",
            "Text": "Tell the assistant you don't really want to go to London because your partner's brother is a bit of a show-off, but obviously you'll be going to the wedding. Finish the booking and bring the conversation to an end. [instruction 5 of 5]",
            "UnixTime": 1590454116
        },
        {
            "APIName": "hotel_book",
            "Action": "query",
            "Agent": "Wizard",
            "Constraints": [
                {
                    "Name": "\"Hyatt Hotel\""
                },
                {
                    "StartDate": "\"11th\""
                },
                {
                    "EndDate": "\"31st\""
                },
                {
                    "CustomerName": "\"Alexis\""
                },
                {
                    "RequestType": "\"Check\""
                }
            ],
            "PrimaryItem": {
                "APIName": "hotel_book",
                "HotelName": "Hyatt Hotel",
                "Message": "Available"
            },
            "UnixTime": 1590454124
        },
        {
            "APIName": "hotel_book",
            "Action": "return_item",
            "Agent": "KnowledgeBase",
            "Item": {
                "APIName": "hotel_book",
                "HotelName": "Hyatt Hotel",
                "Message": "Unavailable"
            },
            "TotalItems": -1,
            "PredictedBeliefState": {
                "EndDate": "31st",
                "StartDate": "june 11th",
                "Name": "hyatt hotel",
                "CustomerName": "alexis"
            },
            "ActionLabel": [
                "db_hotel_unavailable"
            ]
        },
        {
            "Action": "request_suggestions",
            "Agent": "Wizard",
            "PrimaryItem": {
                "APIName": "hotel_book",
                "HotelName": "Hyatt Hotel",
                "Message": "Unavailable"
            },
            "Text": "unavailable",
            "UnixTime": 1590454127
        },
        {
            "Action": "pick_suggestion",
            "ActionLabel": "hotel_unavailable",
            "ActionLabelOptions": [
                "hotel_unavailable",
                "hotel_ask_hotel",
                "goodbye_1"
            ],
            "Agent": "Wizard",
            "PrimaryItem": {
                "APIName": "hotel_book",
                "HotelName": "Hyatt Hotel",
                "Message": "Unavailable"
            },
            "Text": "I'm very sorry, but there is no room available at the Hyatt Hotel for your requested dates.",
            "UnixTime": 1590454129
        },
        {
            "Action": "utter",
            "Agent": "User",
            "Text": "Oh man, that's alright I guess. I really don't want to go to this wedding even, but it's a family affair so I'm kind of forced to.",
            "UnixTime": 1590454148,
            "PredictedBeliefState": {
                "EndDate": "31st",
                "CustomerName": "alexis",
                "Name": "hyatt hotel",
                "StartDate": "june 11th"
            },
            "ActionLabel": [
                "user_hotel_book_thank_you"
            ]
        },
        {
            "Action": "request_suggestions",
            "Agent": "Wizard",
            "PrimaryItem": {
                "APIName": "hotel_book",
                "HotelName": "Hyatt Hotel",
                "Message": "Unavailable"
            },
            "Text": "anything else",
            "UnixTime": 1590454155
        },
        {
            "Action": "pick_suggestion",
            "ActionLabel": "anything_else",
            "ActionLabelOptions": [
                "hotel_ask_customer_request",
                "anything_else",
                "hotel_ask_date_to"
            ],
            "Agent": "Wizard",
            "PrimaryItem": {
                "APIName": "hotel_book",
                "HotelName": "Hyatt Hotel",
                "Message": "Unavailable"
            },
            "Text": "Is there anything else that I can do for you?",
            "UnixTime": 1590454157
        },
        {
            "Action": "utter",
            "Agent": "User",
            "Text": "No, I'll try again later. Good bye.",
            "UnixTime": 1590454165,
            "PredictedBeliefState": {
                "CustomerName": "alexis",
                "EndDate": "31st",
                "Name": "hyatt hotel",
                "StartDate": "june 11th"
            },
            "ActionLabel": [
                "user_hotel_book_goodbye"
            ]
        },
        {
            "Action": "request_suggestions",
            "Agent": "Wizard",
            "PrimaryItem": {
                "APIName": "hotel_book",
                "HotelName": "Hyatt Hotel",
                "Message": "Unavailable"
            },
            "Text": "bye",
            "UnixTime": 1590454168
        },
        {
            "Action": "pick_suggestion",
            "ActionLabel": "goodbye_1",
            "ActionLabelOptions": [
                "goodbye_1",
                "hotel_reservation_failed",
                "hotel_ask_date_from"
            ],
            "Agent": "Wizard",
            "PrimaryItem": {
                "APIName": "hotel_book",
                "HotelName": "Hyatt Hotel",
                "Message": "Unavailable"
            },
            "Text": "Thank you and goodbye.",
            "UnixTime": 1590454169
        },
        {
            "Action": "complete",
            "Agent": "User",
            "UnixTime": 1590454173
        }
    ],
    "FORMAT-VERSION": 7,
    "IntroducesConflicts": false,
    "Scenario": {
        "Domains": [
            "hotel"
        ],
        "Happy": false,
        "MultiTask": false,
        "UserTask": "You want to reserve a room at the Hilton Hotel from May 3rd to 25th. Your name is Alexis. Please do not make a custom request, and it is ok if no room is available - just say goodbye in this case.",
        "WizardCapabilities": [
            {
                "Domain": "hotel",
                "SchemaImage": "hotel_book.jpg",
                "Task": "hotel_book"
            }
        ],
        "WizardTask": "Help the user reserve a hotel room. (You can find the video tutorial under https://youtu.be/L7QpscLPTFM, in case you want to watch it again.)"
    },
    "UserQuestionnaire": [
        {
            "Answer": false,
            "Question": "Did the assistant reserve your hotel?"
        },
        {
            "Answer": true,
            "Question": "Did the assistant stay calm and helpful throughout the dialogue?"
        }
    ],
    "WizardQuestionnaire": [
        {
            "Answer": false,
            "Question": "Did the user change his/her mind about what he/she wants at any time?"
        },
        {
            "Answer": false,
            "Question": "Did the user become aggressive or annoyed during the dialogue? (Note: some users may be instructed to be annoying.)"
        },
        {
            "Answer": false,
            "Question": "Where you unsure about what to do at any time? (Feel free to send us an email with details.)"
        }
    ]
}