{
    "AnonymizedUserWorkerID": "ac9c2dc2-a643-8ec0-d96c-1bc923b2777f",
    "AnonymizedWizardWorkerID": "6cb66f0b-1a8b-fec4-b481-96b6da01d513",
    "BatchID": "woz_1590426434",
    "CompletionLevel": "Complete",
    "DialogueID": 1404,
    "Events": [
        {
            "Action": "utter",
            "Agent": "User",
            "Text": "Hi I'm mark reserve a room at Hyatt hotel from May 6th to 17th ",
            "UnixTime": 1590449975,
            "PredictedBeliefState": {
                "StartDate": "6th",
                "EndDate": "17th",
                "CustomerName": "mark",
                "Name": "hyatt hotel"
            },
            "ActionLabel": [
                "user_hotel_book_inform_start_date",
                "user_hotel_book_inform_end_date",
                "user_hotel_book_inform_name",
                "user_hotel_book_inform_hotel_name",
                "user_hotel_book_ask_hotel_book"
            ]
        },
        {
            "Action": "instruct",
            "Agent": "UserGuide",
            "Text": "You remember that your friend recommended the Shadyside Inn. Tell the assistant you've changed your mind and want to stay at Shadyside Inn. [instruction 1 of 5]",
            "UnixTime": 1590449975
        },
        {
            "APIName": "hotel_book",
            "Action": "query",
            "Agent": "Wizard",
            "Constraints": [
                {
                    "Name": "\"Hyatt Hotel\""
                },
                {
                    "StartDate": "\"6th\""
                },
                {
                    "EndDate": "\"17th\""
                },
                {
                    "CustomerName": "\"Mark\""
                },
                {
                    "RequestType": "\"Check\""
                }
            ],
            "UnixTime": 1590450005
        },
        {
            "APIName": "hotel_book",
            "Action": "return_item",
            "Agent": "KnowledgeBase",
            "Item": {
                "APIName": "hotel_book",
                "HotelName": "Hyatt Hotel",
                "Message": "Unavailable"
            },
            "TotalItems": -1,
            "PredictedBeliefState": {
                "StartDate": "6th",
                "EndDate": "17th",
                "CustomerName": "mark",
                "Name": "hyatt hotel"
            },
            "ActionLabel": [
                "db_hotel_unavailable"
            ]
        },
        {
            "Action": "request_suggestions",
            "Agent": "Wizard",
            "PrimaryItem": {
                "APIName": "hotel_book",
                "HotelName": "Hyatt Hotel",
                "Message": "Unavailable"
            },
            "Text": "Unavailable",
            "UnixTime": 1590450010
        },
        {
            "Action": "pick_suggestion",
            "ActionLabel": "hotel_unavailable",
            "ActionLabelOptions": [
                "hotel_unavailable",
                "hotel_ask_hotel",
                "goodbye_1"
            ],
            "Agent": "Wizard",
            "PrimaryItem": {
                "APIName": "hotel_book",
                "HotelName": "Hyatt Hotel",
                "Message": "Unavailable"
            },
            "Text": "I'm very sorry, but there is no room available at the Hyatt Hotel for your requested dates.",
            "UnixTime": 1590450011
        },
        {
            "Action": "utter",
            "Agent": "User",
            "Text": "I change my mind I want Shadyside",
            "UnixTime": 1590450032,
            "PredictedBeliefState": {
                "StartDate": "6th",
                "CustomerName": "mark",
                "Name": "shadyside inn",
                "EndDate": "17th"
            },
            "ActionLabel": [
                "user_hotel_book_inform_hotel_name"
            ]
        },
        {
            "APIName": "hotel_book",
            "Action": "query",
            "Agent": "Wizard",
            "Constraints": [
                {
                    "Name": "\"Shadyside Inn\""
                },
                {
                    "StartDate": "\"6th\""
                },
                {
                    "EndDate": "\"17th\""
                },
                {
                    "CustomerName": "\"Mark\""
                },
                {
                    "RequestType": "\"Check\""
                }
            ],
            "PrimaryItem": {
                "APIName": "hotel_book",
                "HotelName": "Hyatt Hotel",
                "Message": "Unavailable"
            },
            "UnixTime": 1590450046
        },
        {
            "APIName": "hotel_book",
            "Action": "return_item",
            "Agent": "KnowledgeBase",
            "Item": {
                "APIName": "hotel_book",
                "HotelName": "Shadyside Inn",
                "Message": "Available"
            },
            "TotalItems": -1,
            "PredictedBeliefState": {
                "StartDate": "6th",
                "CustomerName": "mark",
                "Name": "shadyside inn",
                "EndDate": "17th"
            },
            "ActionLabel": [
                "db_hotel_available"
            ]
        },
        {
            "Action": "request_suggestions",
            "Agent": "Wizard",
            "PrimaryItem": {
                "APIName": "hotel_book",
                "HotelName": "Shadyside Inn",
                "Message": "Available"
            },
            "Text": "Available",
            "UnixTime": 1590450057
        },
        {
            "Action": "pick_suggestion",
            "ActionLabel": "hotel_ask_confirm_booking",
            "ActionLabelOptions": [
                "hotel_ask_confirm_booking",
                "hotel_reservation_failed",
                "hotel_ask_date_to"
            ],
            "Agent": "Wizard",
            "PrimaryItem": {
                "APIName": "hotel_book",
                "HotelName": "Shadyside Inn",
                "Message": "Available"
            },
            "Text": "Alright, the Shadyside Inn ticks all of your boxes, can I book this room for you?",
            "UnixTime": 1590450058
        },
        {
            "Action": "utter",
            "Agent": "User",
            "Text": "Please do",
            "UnixTime": 1590450069,
            "PredictedBeliefState": {
                "EndDate": "17th",
                "CustomerName": "mark",
                "Name": "shadyside inn",
                "StartDate": "6th"
            },
            "ActionLabel": [
                "user_hotel_book_inform_book"
            ]
        },
        {
            "Action": "instruct",
            "Agent": "UserGuide",
            "Text": "Actually, you recall that your friend stayed at Shadyside Inn in another town. However you've read on a blog that the Old Town Inn is by long and far the most authentic one. Tell the assistant you've changed your mind and want to stay at Old Town Inn. [instruction 2 of 5]",
            "UnixTime": 1590450069
        },
        {
            "APIName": "hotel_book",
            "Action": "query",
            "Agent": "Wizard",
            "Constraints": [
                {
                    "Name": "\"Shadyside Inn\""
                },
                {
                    "StartDate": "\"6th\""
                },
                {
                    "EndDate": "\"17th\""
                },
                {
                    "CustomerName": "\"Mark\""
                },
                {
                    "RequestType": "\"Book\""
                }
            ],
            "PrimaryItem": {
                "APIName": "hotel_book",
                "HotelName": "Shadyside Inn",
                "Message": "Available"
            },
            "UnixTime": 1590450077
        },
        {
            "APIName": "hotel_book",
            "Action": "return_item",
            "Agent": "KnowledgeBase",
            "Item": {
                "APIName": "hotel_book",
                "HotelName": "Shadyside Inn",
                "Message": "Reservation Failed"
            },
            "TotalItems": -1,
            "PredictedBeliefState": {
                "EndDate": "17th",
                "CustomerName": "mark",
                "Name": "shadyside inn",
                "StartDate": "6th"
            },
            "ActionLabel": [
                "db_hotel_reservation_failed"
            ]
        },
        {
            "Action": "request_suggestions",
            "Agent": "Wizard",
            "PrimaryItem": {
                "APIName": "hotel_book",
                "HotelName": "Shadyside Inn",
                "Message": "Reservation Failed"
            },
            "Text": "Reservation Failed",
            "UnixTime": 1590450083
        },
        {
            "Action": "pick_suggestion",
            "ActionLabel": "hotel_reservation_failed",
            "ActionLabelOptions": [
                "hotel_reservation_failed",
                "goodbye_1",
                "hotel_inform_nothing_found"
            ],
            "Agent": "Wizard",
            "PrimaryItem": {
                "APIName": "hotel_book",
                "HotelName": "Shadyside Inn",
                "Message": "Reservation Failed"
            },
            "Text": "I'm sorry, but your booking request failed.",
            "UnixTime": 1590450085
        },
        {
            "Action": "utter",
            "Agent": "User",
            "Text": "I want old Town inn",
            "UnixTime": 1590450127,
            "PredictedBeliefState": {
                "StartDate": "6th",
                "CustomerName": "mark",
                "EndDate": "17th",
                "Name": "old town inn"
            },
            "ActionLabel": [
                "user_hotel_book_inform_hotel_name",
                "user_bad_label"
            ]
        },
        {
            "Action": "instruct",
            "Agent": "UserGuide",
            "Text": "Talk to the assistant about this great travel blog that you rely on and that its never let you down on your journeys. Be creative! [instruction 3 of 5]",
            "UnixTime": 1590450127
        },
        {
            "APIName": "hotel_book",
            "Action": "query",
            "Agent": "Wizard",
            "Constraints": [
                {
                    "Name": "\"Old Town Inn\""
                },
                {
                    "StartDate": "\"6th\""
                },
                {
                    "EndDate": "\"17th\""
                },
                {
                    "CustomerName": "\"Mark\""
                },
                {
                    "RequestType": "\"Book\""
                }
            ],
            "PrimaryItem": {
                "APIName": "hotel_book",
                "HotelName": "Shadyside Inn",
                "Message": "Reservation Failed"
            },
            "UnixTime": 1590450166
        },
        {
            "APIName": "hotel_book",
            "Action": "return_item",
            "Agent": "KnowledgeBase",
            "Item": {
                "APIName": "hotel_book",
                "HotelName": "Old Town Inn",
                "Message": "Reservation Failed"
            },
            "TotalItems": -1,
            "PredictedBeliefState": {
                "StartDate": "6th",
                "CustomerName": "mark",
                "EndDate": "17th",
                "Name": "old town inn"
            },
            "ActionLabel": [
                "db_hotel_reservation_failed"
            ]
        },
        {
            "Action": "request_suggestions",
            "Agent": "Wizard",
            "PrimaryItem": {
                "APIName": "hotel_book",
                "HotelName": "Old Town Inn",
                "Message": "Reservation Failed"
            },
            "Text": "Reservation Failed",
            "UnixTime": 1590450172
        },
        {
            "Action": "pick_suggestion",
            "ActionLabel": "hotel_reservation_failed",
            "ActionLabelOptions": [
                "hotel_reservation_failed",
                "goodbye_1",
                "hotel_inform_nothing_found"
            ],
            "Agent": "Wizard",
            "PrimaryItem": {
                "APIName": "hotel_book",
                "HotelName": "Old Town Inn",
                "Message": "Reservation Failed"
            },
            "Text": "I'm sorry, but your booking request failed.",
            "UnixTime": 1590450175
        },
        {
            "Action": "utter",
            "Agent": "User",
            "Text": "I enjoy this new blog I've been following on travel",
            "UnixTime": 1590450196,
            "PredictedBeliefState": {
                "Name": "old town inn",
                "EndDate": "17th",
                "StartDate": "6th",
                "CustomerName": "mark"
            },
            "ActionLabel": [
                "user_hotel_book_thank_you"
            ]
        },
        {
            "Action": "instruct",
            "Agent": "UserGuide",
            "Text": "You just received a text from your partner saying: 'Hey, my brother invited us to his wedding in London on the 17th and I already booked us a flight for the 6th!' Tell the assistant you would like to change your reservation to 5th-23rd the following month. [instruction 4 of 5]",
            "UnixTime": 1590450196
        },
        {
            "Action": "request_suggestions",
            "Agent": "Wizard",
            "PrimaryItem": {
                "APIName": "hotel_book",
                "HotelName": "Old Town Inn",
                "Message": "Reservation Failed"
            },
            "Text": "is there anywhere else",
            "UnixTime": 1590450305
        },
        {
            "Action": "pick_suggestion",
            "ActionLabel": "anything_else",
            "ActionLabelOptions": [
                "anything_else",
                "ask_name",
                "hotel_ask_date_to"
            ],
            "Agent": "Wizard",
            "PrimaryItem": {
                "APIName": "hotel_book",
                "HotelName": "Old Town Inn",
                "Message": "Reservation Failed"
            },
            "Text": "Is there anything else that I can do for you?",
            "UnixTime": 1590450309
        },
        {
            "Action": "utter",
            "Agent": "User",
            "Text": "Change the date to 5th to 23rd",
            "UnixTime": 1590450325,
            "PredictedBeliefState": {
                "EndDate": "23rd",
                "CustomerName": "mark",
                "StartDate": "5th",
                "Name": "old town inn"
            },
            "ActionLabel": [
                "user_hotel_book_inform_end_date",
                "user_hotel_book_inform_start_date",
                "user_bad_label"
            ]
        },
        {
            "Action": "instruct",
            "Agent": "UserGuide",
            "Text": "Tell the assistant you don't really want to go to London because your partner's brother is a bit of a show-off, but obviously you'll be going to the wedding. Finish the booking and bring the conversation to an end. [instruction 5 of 5]",
            "UnixTime": 1590450325
        },
        {
            "APIName": "hotel_book",
            "Action": "query",
            "Agent": "Wizard",
            "Constraints": [
                {
                    "Name": "\"Old Town Inn\""
                },
                {
                    "StartDate": "\"5th\""
                },
                {
                    "EndDate": "\"23rd\""
                },
                {
                    "CustomerName": "\"Mark\""
                },
                {
                    "RequestType": "\"Book\""
                }
            ],
            "PrimaryItem": {
                "APIName": "hotel_book",
                "HotelName": "Old Town Inn",
                "Message": "Reservation Failed"
            },
            "UnixTime": 1590450334
        },
        {
            "APIName": "hotel_book",
            "Action": "return_item",
            "Agent": "KnowledgeBase",
            "Item": {
                "APIName": "hotel_book",
                "HotelName": "Old Town Inn",
                "Message": "Reservation Failed"
            },
            "TotalItems": -1,
            "PredictedBeliefState": {
                "EndDate": "23rd",
                "CustomerName": "mark",
                "StartDate": "5th",
                "Name": "old town inn"
            },
            "ActionLabel": [
                "db_hotel_reservation_failed"
            ]
        },
        {
            "Action": "request_suggestions",
            "Agent": "Wizard",
            "PrimaryItem": {
                "APIName": "hotel_book",
                "HotelName": "Old Town Inn",
                "Message": "Reservation Failed"
            },
            "Text": "Reservation Failed",
            "UnixTime": 1590450341
        },
        {
            "Action": "pick_suggestion",
            "ActionLabel": "hotel_reservation_failed",
            "ActionLabelOptions": [
                "hotel_reservation_failed",
                "goodbye_1",
                "hotel_inform_nothing_found"
            ],
            "Agent": "Wizard",
            "PrimaryItem": {
                "APIName": "hotel_book",
                "HotelName": "Old Town Inn",
                "Message": "Reservation Failed"
            },
            "Text": "I'm sorry, but your booking request failed.",
            "UnixTime": 1590450344
        },
        {
            "Action": "utter",
            "Agent": "User",
            "Text": "Why",
            "UnixTime": 1590450367,
            "PredictedBeliefState": {
                "Name": "old town inn",
                "EndDate": "23rd",
                "CustomerName": "mark",
                "StartDate": "5th"
            },
            "ActionLabel": [
                "user_bad_label"
            ]
        },
        {
            "Action": "request_suggestions",
            "Agent": "Wizard",
            "PrimaryItem": {
                "APIName": "hotel_book",
                "HotelName": "Old Town Inn",
                "Message": "Reservation Failed"
            },
            "Text": "search",
            "UnixTime": 1590450386
        },
        {
            "Action": "pick_suggestion",
            "ActionLabel": "hotel_ask_hotel",
            "ActionLabelOptions": [
                "hotel_inform_nothing_found",
                "hotel_ask_hotel",
                "hotel_reservation_succeeded"
            ],
            "Agent": "Wizard",
            "PrimaryItem": {
                "APIName": "hotel_book",
                "HotelName": "Old Town Inn",
                "Message": "Reservation Failed"
            },
            "Text": "What hotel would you like to stay at?",
            "UnixTime": 1590450400
        },
        {
            "Action": "utter",
            "Agent": "User",
            "Text": "Old Town inn ",
            "UnixTime": 1590450436,
            "PredictedBeliefState": {
                "Name": "old town inn",
                "CustomerName": "mark",
                "EndDate": "23rd",
                "StartDate": "5th"
            },
            "ActionLabel": []
        },
        {
            "APIName": "hotel_book",
            "Action": "query",
            "Agent": "Wizard",
            "Constraints": [
                {
                    "Name": "\"Old Town Inn\""
                },
                {
                    "StartDate": "\"5th\""
                },
                {
                    "EndDate": "\"23rd\""
                },
                {
                    "CustomerName": "\"Mark\""
                },
                {
                    "RequestType": "\"Check\""
                }
            ],
            "PrimaryItem": {
                "APIName": "hotel_book",
                "HotelName": "Old Town Inn",
                "Message": "Reservation Failed"
            },
            "UnixTime": 1590450538
        },
        {
            "APIName": "hotel_book",
            "Action": "return_item",
            "Agent": "KnowledgeBase",
            "Item": {
                "APIName": "hotel_book",
                "HotelName": "Old Town Inn",
                "Message": "Available"
            },
            "TotalItems": -1,
            "PredictedBeliefState": {
                "Name": "old town inn",
                "CustomerName": "mark",
                "EndDate": "23rd",
                "StartDate": "5th"
            },
            "ActionLabel": [
                "db_hotel_available"
            ]
        },
        {
            "Action": "request_suggestions",
            "Agent": "Wizard",
            "PrimaryItem": {
                "APIName": "hotel_book",
                "HotelName": "Old Town Inn",
                "Message": "Available"
            },
            "Text": "Available",
            "UnixTime": 1590450552
        },
        {
            "Action": "pick_suggestion",
            "ActionLabel": "hotel_ask_confirm_booking",
            "ActionLabelOptions": [
                "hotel_ask_confirm_booking",
                "hotel_reservation_failed",
                "hotel_ask_date_to"
            ],
            "Agent": "Wizard",
            "PrimaryItem": {
                "APIName": "hotel_book",
                "HotelName": "Old Town Inn",
                "Message": "Available"
            },
            "Text": "Alright, the Old Town Inn ticks all of your boxes, can I book this room for you?",
            "UnixTime": 1590450553
        },
        {
            "Action": "utter",
            "Agent": "User",
            "Text": "Yes do",
            "UnixTime": 1590450563,
            "PredictedBeliefState": {
                "EndDate": "23rd",
                "Name": "old town inn",
                "StartDate": "5th",
                "CustomerName": "mark"
            },
            "ActionLabel": [
                "user_hotel_book_inform_book"
            ]
        },
        {
            "APIName": "hotel_book",
            "Action": "query",
            "Agent": "Wizard",
            "Constraints": [
                {
                    "Name": "\"Old Town Inn\""
                },
                {
                    "StartDate": "\"5th\""
                },
                {
                    "EndDate": "\"23rd\""
                },
                {
                    "CustomerName": "\"Mark\""
                },
                {
                    "RequestType": "\"Book\""
                }
            ],
            "PrimaryItem": {
                "APIName": "hotel_book",
                "HotelName": "Old Town Inn",
                "Message": "Available"
            },
            "UnixTime": 1590450582
        },
        {
            "APIName": "hotel_book",
            "Action": "return_item",
            "Agent": "KnowledgeBase",
            "Item": {
                "APIName": "hotel_book",
                "HotelName": "Old Town Inn",
                "Message": "Reservation Failed"
            },
            "TotalItems": -1,
            "PredictedBeliefState": {
                "EndDate": "23rd",
                "Name": "old town inn",
                "StartDate": "5th",
                "CustomerName": "mark"
            },
            "ActionLabel": [
                "db_hotel_reservation_failed"
            ]
        },
        {
            "Action": "request_suggestions",
            "Agent": "Wizard",
            "PrimaryItem": {
                "APIName": "hotel_book",
                "HotelName": "Old Town Inn",
                "Message": "Reservation Failed"
            },
            "Text": "Reservation Failed",
            "UnixTime": 1590450600
        },
        {
            "Action": "pick_suggestion",
            "ActionLabel": "hotel_reservation_failed",
            "ActionLabelOptions": [
                "hotel_reservation_failed",
                "goodbye_1",
                "hotel_inform_nothing_found"
            ],
            "Agent": "Wizard",
            "PrimaryItem": {
                "APIName": "hotel_book",
                "HotelName": "Old Town Inn",
                "Message": "Reservation Failed"
            },
            "Text": "I'm sorry, but your booking request failed.",
            "UnixTime": 1590450602
        },
        {
            "Action": "utter",
            "Agent": "User",
            "Text": "Why",
            "UnixTime": 1590450611,
            "PredictedBeliefState": {
                "EndDate": "23rd",
                "Name": "old town inn",
                "StartDate": "5th",
                "CustomerName": "mark"
            },
            "ActionLabel": []
        },
        {
            "Action": "request_suggestions",
            "Agent": "Wizard",
            "PrimaryItem": {
                "APIName": "hotel_book",
                "HotelName": "Old Town Inn",
                "Message": "Reservation Failed"
            },
            "Text": "unfortunalety",
            "UnixTime": 1590450645
        },
        {
            "Action": "pick_suggestion",
            "ActionLabel": "hotel_unavailable",
            "ActionLabelOptions": [
                "hotel_unavailable",
                "goodbye_1",
                "hotel_ask_customer_request"
            ],
            "Agent": "Wizard",
            "PrimaryItem": {
                "APIName": "hotel_book",
                "HotelName": "Old Town Inn",
                "Message": "Reservation Failed"
            },
            "Text": "I'm very sorry, but there is no room available at the Old Town Inn for your requested dates.",
            "UnixTime": 1590450649
        },
        {
            "Action": "complete",
            "Agent": "User",
            "UnixTime": 1590450656
        }
    ],
    "FORMAT-VERSION": 7,
    "IntroducesConflicts": false,
    "Scenario": {
        "Domains": [
            "hotel"
        ],
        "Happy": false,
        "MultiTask": false,
        "UserTask": "You want to reserve a room at the Hyatt Hotel from May 6th to 17th. Your name is Mark. Please do not make a custom request, and it is ok if no room is available - just say goodbye in this case.",
        "WizardCapabilities": [
            {
                "Domain": "hotel",
                "SchemaImage": "hotel_book.jpg",
                "Task": "hotel_book"
            }
        ],
        "WizardTask": "Help the user reserve a hotel room. (You can find the video tutorial under https://youtu.be/L7QpscLPTFM, in case you want to watch it again.)"
    },
    "UserQuestionnaire": [
        {
            "Answer": false,
            "Question": "Did the assistant reserve your hotel?"
        },
        {
            "Answer": true,
            "Question": "Did the assistant stay calm and helpful throughout the dialogue?"
        }
    ],
    "WizardQuestionnaire": [
        {
            "Answer": false,
            "Question": "Did the user change his/her mind about what he/she wants at any time?"
        },
        {
            "Answer": false,
            "Question": "Did the user become aggressive or annoyed during the dialogue? (Note: some users may be instructed to be annoying.)"
        },
        {
            "Answer": false,
            "Question": "Where you unsure about what to do at any time? (Feel free to send us an email with details.)"
        }
    ]
}