{
    "AnonymizedUserWorkerID": "7fd15aa1-0368-5c6b-075a-13b3696d4627",
    "AnonymizedWizardWorkerID": "c06538fc-4352-5d92-9ced-53d9fa54e376",
    "BatchID": "woz_1589458635",
    "CompletionLevel": "Complete",
    "DialogueID": 143,
    "Events": [
        {
            "Action": "utter",
            "Agent": "User",
            "Text": "Hi. I would like play a trivia game.",
            "UnixTime": 1589480455,
            "PredictedBeliefState": {},
            "ActionLabel": [
                "user_trivia_ask_trivia"
            ]
        },
        {
            "Action": "request_suggestions",
            "Agent": "Wizard",
            "Text": "what number",
            "UnixTime": 1589480463
        },
        {
            "Action": "pick_suggestion",
            "ActionLabel": "trivia_ask_question_number",
            "ActionLabelOptions": [
                "trivia_ask_question_number",
                "out_of_scope"
            ],
            "Agent": "Wizard",
            "Text": "At what question would you like to start?",
            "UnixTime": 1589480465
        },
        {
            "Action": "utter",
            "Agent": "User",
            "Text": "I would like to start at question 2, and play to 5 please.",
            "UnixTime": 1589480487,
            "PredictedBeliefState": {
                "QuestionNum": "2"
            },
            "ActionLabel": [
                "user_trivia_inform_question_number"
            ]
        },
        {
            "APIName": "trivia",
            "Action": "query",
            "Agent": "Wizard",
            "Constraints": [
                {
                    "QuestionNum": "2"
                }
            ],
            "UnixTime": 1589480497
        },
        {
            "APIName": "trivia",
            "Action": "return_item",
            "Agent": "KnowledgeBase",
            "Item": {
                "APIName": "trivia",
                "Answer": "canton",
                "Question": "A ____ is the blue field behind the stars"
            },
            "TotalItems": -1,
            "PredictedBeliefState": {
                "QuestionNum": "2"
            },
            "ActionLabel": [
                "db_inform_question"
            ]
        },
        {
            "Action": "request_suggestions",
            "Agent": "Wizard",
            "PrimaryItem": {
                "APIName": "trivia",
                "Answer": "canton",
                "Question": "A ____ is the blue field behind the stars"
            },
            "Text": "Question:\tA ____ is the blue field behind the stars",
            "UnixTime": 1589480503
        },
        {
            "Action": "request_suggestions",
            "Agent": "Wizard",
            "PrimaryItem": {
                "APIName": "trivia",
                "Answer": "canton",
                "Question": "A ____ is the blue field behind the stars"
            },
            "Text": "A ____ is the blue field behind the stars",
            "UnixTime": 1589480515
        },
        {
            "Action": "pick_suggestion",
            "ActionLabel": "trivia_ask_question",
            "ActionLabelOptions": [
                "trivia_ask_question",
                "trivia_inform_answer_2_ask_next"
            ],
            "Agent": "Wizard",
            "PrimaryItem": {
                "APIName": "trivia",
                "Answer": "canton",
                "Question": "A ____ is the blue field behind the stars"
            },
            "Text": "A ____ is the blue field behind the stars",
            "UnixTime": 1589480518
        },
        {
            "Action": "utter",
            "Agent": "User",
            "Text": "bodkin",
            "UnixTime": 1589480530,
            "PredictedBeliefState": {
                "QuestionNum": "2"
            },
            "ActionLabel": [
                "user_trivia_answer"
            ]
        },
        {
            "Action": "request_suggestions",
            "Agent": "Wizard",
            "PrimaryItem": {
                "APIName": "trivia",
                "Answer": "canton",
                "Question": "A ____ is the blue field behind the stars"
            },
            "Text": "incorrect",
            "UnixTime": 1589480539
        },
        {
            "Action": "pick_suggestion",
            "ActionLabel": "trivia_inform_answer_incorrect_ask_next",
            "ActionLabelOptions": [
                "trivia_inform_answer_incorrect_ask_next",
                "trivia_bye"
            ],
            "Agent": "Wizard",
            "PrimaryItem": {
                "APIName": "trivia",
                "Answer": "canton",
                "Question": "A ____ is the blue field behind the stars"
            },
            "Text": "Unfortunately your answer was wrong. 'canton' would have been correct.\nWould you like to continue playing?",
            "UnixTime": 1589480541
        },
        {
            "Action": "utter",
            "Agent": "User",
            "Text": "Yes",
            "UnixTime": 1589480551,
            "PredictedBeliefState": {
                "QuestionNum": "2"
            },
            "ActionLabel": [
                "user_trivia_next_question"
            ]
        },
        {
            "APIName": "trivia",
            "Action": "query",
            "Agent": "Wizard",
            "Constraints": [
                {
                    "QuestionNum": "3"
                }
            ],
            "PrimaryItem": {
                "APIName": "trivia",
                "Answer": "canton",
                "Question": "A ____ is the blue field behind the stars"
            },
            "UnixTime": 1589480558
        },
        {
            "APIName": "trivia",
            "Action": "return_item",
            "Agent": "KnowledgeBase",
            "Item": {
                "APIName": "trivia",
                "Answer": "snail",
                "Question": "A ____ takes 33 hours to crawl one mile"
            },
            "TotalItems": -1,
            "PredictedBeliefState": {
                "QuestionNum": "2"
            },
            "ActionLabel": [
                "db_inform_question"
            ]
        },
        {
            "Action": "request_suggestions",
            "Agent": "Wizard",
            "PrimaryItem": {
                "APIName": "trivia",
                "Answer": "snail",
                "Question": "A ____ takes 33 hours to crawl one mile"
            },
            "Text": "\tA ____ takes 33 hours to crawl one mile",
            "UnixTime": 1589480564
        },
        {
            "Action": "request_suggestions",
            "Agent": "Wizard",
            "PrimaryItem": {
                "APIName": "trivia",
                "Answer": "snail",
                "Question": "A ____ takes 33 hours to crawl one mile"
            },
            "Text": "A ____ takes 33 hours to crawl one mile",
            "UnixTime": 1589480568
        },
        {
            "Action": "pick_suggestion",
            "ActionLabel": "trivia_ask_question",
            "ActionLabelOptions": [
                "trivia_ask_question",
                "trivia_inform_answer_2_ask_next"
            ],
            "Agent": "Wizard",
            "PrimaryItem": {
                "APIName": "trivia",
                "Answer": "snail",
                "Question": "A ____ takes 33 hours to crawl one mile"
            },
            "Text": "A ____ takes 33 hours to crawl one mile",
            "UnixTime": 1589480569
        },
        {
            "Action": "utter",
            "Agent": "User",
            "Text": "turtle",
            "UnixTime": 1589480591,
            "PredictedBeliefState": {
                "QuestionNum": "2"
            },
            "ActionLabel": [
                "user_trivia_answer"
            ]
        },
        {
            "Action": "request_suggestions",
            "Agent": "Wizard",
            "PrimaryItem": {
                "APIName": "trivia",
                "Answer": "snail",
                "Question": "A ____ takes 33 hours to crawl one mile"
            },
            "Text": "incorrect",
            "UnixTime": 1589480601
        },
        {
            "Action": "pick_suggestion",
            "ActionLabel": "trivia_inform_answer_incorrect_ask_next",
            "ActionLabelOptions": [
                "trivia_inform_answer_incorrect_ask_next",
                "trivia_bye"
            ],
            "Agent": "Wizard",
            "PrimaryItem": {
                "APIName": "trivia",
                "Answer": "snail",
                "Question": "A ____ takes 33 hours to crawl one mile"
            },
            "Text": "Unfortunately your answer was wrong. 'snail' would have been correct.\nWould you like to continue playing?",
            "UnixTime": 1589480604
        },
        {
            "Action": "utter",
            "Agent": "User",
            "Text": "yes",
            "UnixTime": 1589480608,
            "PredictedBeliefState": {
                "QuestionNum": "2"
            },
            "ActionLabel": [
                "user_trivia_next_question"
            ]
        },
        {
            "APIName": "trivia",
            "Action": "query",
            "Agent": "Wizard",
            "Constraints": [
                {
                    "QuestionNum": "4"
                }
            ],
            "PrimaryItem": {
                "APIName": "trivia",
                "Answer": "snail",
                "Question": "A ____ takes 33 hours to crawl one mile"
            },
            "UnixTime": 1589480610
        },
        {
            "APIName": "trivia",
            "Action": "return_item",
            "Agent": "KnowledgeBase",
            "Item": {
                "APIName": "trivia",
                "Answer": "poem",
                "Question": "A ____ written to celebrate a wedding is called a epithalamium"
            },
            "TotalItems": -1,
            "PredictedBeliefState": {
                "QuestionNum": "2"
            },
            "ActionLabel": [
                "db_inform_question"
            ]
        },
        {
            "Action": "request_suggestions",
            "Agent": "Wizard",
            "PrimaryItem": {
                "APIName": "trivia",
                "Answer": "poem",
                "Question": "A ____ written to celebrate a wedding is called a epithalamium"
            },
            "Text": "A ____ written to celebrate a wedding is called a epithalamium",
            "UnixTime": 1589480618
        },
        {
            "Action": "pick_suggestion",
            "ActionLabel": "trivia_ask_question",
            "ActionLabelOptions": [
                "trivia_ask_question",
                "trivia_inform_answer_2_ask_next"
            ],
            "Agent": "Wizard",
            "PrimaryItem": {
                "APIName": "trivia",
                "Answer": "poem",
                "Question": "A ____ written to celebrate a wedding is called a epithalamium"
            },
            "Text": "A ____ written to celebrate a wedding is called a epithalamium",
            "UnixTime": 1589480620
        },
        {
            "Action": "utter",
            "Agent": "User",
            "Text": "poem",
            "UnixTime": 1589480643,
            "PredictedBeliefState": {
                "QuestionNum": "2"
            },
            "ActionLabel": [
                "user_trivia_answer"
            ]
        },
        {
            "Action": "request_suggestions",
            "Agent": "Wizard",
            "PrimaryItem": {
                "APIName": "trivia",
                "Answer": "poem",
                "Question": "A ____ written to celebrate a wedding is called a epithalamium"
            },
            "Text": "correct",
            "UnixTime": 1589480650
        },
        {
            "Action": "pick_suggestion",
            "ActionLabel": "trivia_inform_answer_correct_ask_next",
            "ActionLabelOptions": [
                "trivia_inform_answer_correct_ask_next",
                "out_of_scope"
            ],
            "Agent": "Wizard",
            "PrimaryItem": {
                "APIName": "trivia",
                "Answer": "poem",
                "Question": "A ____ written to celebrate a wedding is called a epithalamium"
            },
            "Text": "Your answer was correct! Great job! Would you like to continue playing?",
            "UnixTime": 1589480652
        },
        {
            "Action": "utter",
            "Agent": "User",
            "Text": "yes",
            "UnixTime": 1589480657,
            "PredictedBeliefState": {
                "QuestionNum": "2"
            },
            "ActionLabel": [
                "user_trivia_next_question"
            ]
        },
        {
            "APIName": "trivia",
            "Action": "query",
            "Agent": "Wizard",
            "Constraints": [
                {
                    "QuestionNum": "5"
                }
            ],
            "PrimaryItem": {
                "APIName": "trivia",
                "Answer": "poem",
                "Question": "A ____ written to celebrate a wedding is called a epithalamium"
            },
            "UnixTime": 1589480663
        },
        {
            "APIName": "trivia",
            "Action": "return_item",
            "Agent": "KnowledgeBase",
            "Item": {
                "APIName": "trivia",
                "Answer": "wind",
                "Question": "A 'sirocco' refers to a type of ____"
            },
            "TotalItems": -1,
            "PredictedBeliefState": {
                "QuestionNum": "2"
            },
            "ActionLabel": [
                "db_inform_question"
            ]
        },
        {
            "Action": "request_suggestions",
            "Agent": "Wizard",
            "PrimaryItem": {
                "APIName": "trivia",
                "Answer": "wind",
                "Question": "A 'sirocco' refers to a type of ____"
            },
            "Text": "A 'sirocco' refers to a type of ____",
            "UnixTime": 1589480669
        },
        {
            "Action": "pick_suggestion",
            "ActionLabel": "trivia_ask_question",
            "ActionLabelOptions": [
                "trivia_ask_question",
                "trivia_inform_answer_2_ask_next"
            ],
            "Agent": "Wizard",
            "PrimaryItem": {
                "APIName": "trivia",
                "Answer": "wind",
                "Question": "A 'sirocco' refers to a type of ____"
            },
            "Text": "A 'sirocco' refers to a type of ____",
            "UnixTime": 1589480670
        },
        {
            "Action": "utter",
            "Agent": "User",
            "Text": "storm",
            "UnixTime": 1589480687,
            "PredictedBeliefState": {
                "QuestionNum": "2"
            },
            "ActionLabel": [
                "user_trivia_answer"
            ]
        },
        {
            "Action": "request_suggestions",
            "Agent": "Wizard",
            "PrimaryItem": {
                "APIName": "trivia",
                "Answer": "wind",
                "Question": "A 'sirocco' refers to a type of ____"
            },
            "Text": "incorrect",
            "UnixTime": 1589480694
        },
        {
            "Action": "pick_suggestion",
            "ActionLabel": "trivia_inform_answer_incorrect_ask_next",
            "ActionLabelOptions": [
                "trivia_inform_answer_incorrect_ask_next",
                "trivia_bye"
            ],
            "Agent": "Wizard",
            "PrimaryItem": {
                "APIName": "trivia",
                "Answer": "wind",
                "Question": "A 'sirocco' refers to a type of ____"
            },
            "Text": "Unfortunately your answer was wrong. 'wind' would have been correct.\nWould you like to continue playing?",
            "UnixTime": 1589480695
        },
        {
            "Action": "utter",
            "Agent": "User",
            "Text": "yes",
            "UnixTime": 1589480701,
            "PredictedBeliefState": {
                "QuestionNum": "2"
            },
            "ActionLabel": [
                "user_trivia_next_question"
            ]
        },
        {
            "APIName": "trivia",
            "Action": "query",
            "Agent": "Wizard",
            "Constraints": [
                {
                    "QuestionNum": "6"
                }
            ],
            "PrimaryItem": {
                "APIName": "trivia",
                "Answer": "wind",
                "Question": "A 'sirocco' refers to a type of ____"
            },
            "UnixTime": 1589480708
        },
        {
            "APIName": "trivia",
            "Action": "return_item",
            "Agent": "KnowledgeBase",
            "Item": {
                "APIName": "trivia",
                "Answer": "three",
                "Question": "A 3 1/2' floppy disk measures ____ & 1/2 inches across"
            },
            "TotalItems": -1,
            "PredictedBeliefState": {
                "QuestionNum": "2"
            },
            "ActionLabel": [
                "db_inform_question"
            ]
        },
        {
            "Action": "request_suggestions",
            "Agent": "Wizard",
            "PrimaryItem": {
                "APIName": "trivia",
                "Answer": "three",
                "Question": "A 3 1/2' floppy disk measures ____ & 1/2 inches across"
            },
            "Text": "A 3 1/2' floppy disk measures ____ & 1/2 inches across",
            "UnixTime": 1589480714
        },
        {
            "Action": "pick_suggestion",
            "ActionLabel": "trivia_ask_question",
            "ActionLabelOptions": [
                "trivia_ask_question",
                "trivia_inform_answer_2_ask_next"
            ],
            "Agent": "Wizard",
            "PrimaryItem": {
                "APIName": "trivia",
                "Answer": "three",
                "Question": "A 3 1/2' floppy disk measures ____ & 1/2 inches across"
            },
            "Text": "A 3 1/2' floppy disk measures ____ & 1/2 inches across",
            "UnixTime": 1589480715
        },
        {
            "Action": "utter",
            "Agent": "User",
            "Text": "8",
            "UnixTime": 1589480733,
            "PredictedBeliefState": {
                "QuestionNum": "2"
            },
            "ActionLabel": [
                "user_trivia_answer"
            ]
        },
        {
            "Action": "request_suggestions",
            "Agent": "Wizard",
            "PrimaryItem": {
                "APIName": "trivia",
                "Answer": "three",
                "Question": "A 3 1/2' floppy disk measures ____ & 1/2 inches across"
            },
            "Text": "incorrect",
            "UnixTime": 1589480739
        },
        {
            "Action": "pick_suggestion",
            "ActionLabel": "trivia_inform_answer_incorrect_ask_next",
            "ActionLabelOptions": [
                "trivia_inform_answer_incorrect_ask_next",
                "trivia_bye"
            ],
            "Agent": "Wizard",
            "PrimaryItem": {
                "APIName": "trivia",
                "Answer": "three",
                "Question": "A 3 1/2' floppy disk measures ____ & 1/2 inches across"
            },
            "Text": "Unfortunately your answer was wrong. 'three' would have been correct.\nWould you like to continue playing?",
            "UnixTime": 1589480741
        },
        {
            "Action": "utter",
            "Agent": "User",
            "Text": "yes",
            "UnixTime": 1589480745,
            "PredictedBeliefState": {
                "QuestionNum": "2"
            },
            "ActionLabel": [
                "user_trivia_next_question"
            ]
        },
        {
            "APIName": "trivia",
            "Action": "query",
            "Agent": "Wizard",
            "Constraints": [
                {
                    "QuestionNum": "7"
                }
            ],
            "PrimaryItem": {
                "APIName": "trivia",
                "Answer": "three",
                "Question": "A 3 1/2' floppy disk measures ____ & 1/2 inches across"
            },
            "UnixTime": 1589480748
        },
        {
            "APIName": "trivia",
            "Action": "return_item",
            "Agent": "KnowledgeBase",
            "Item": {
                "APIName": "trivia",
                "Answer": "do not iron",
                "Question": "A 300,000 pound wedding dress made of platinum was once exhibited, and in the instructions from the designer was a warning. What was it"
            },
            "TotalItems": -1,
            "PredictedBeliefState": {
                "QuestionNum": "2"
            },
            "ActionLabel": [
                "db_inform_question"
            ]
        },
        {
            "Action": "request_suggestions",
            "Agent": "Wizard",
            "PrimaryItem": {
                "APIName": "trivia",
                "Answer": "do not iron",
                "Question": "A 300,000 pound wedding dress made of platinum was once exhibited, and in the instructions from the designer was a warning. What was it"
            },
            "Text": "A 300,000 pound wedding dress made of platinum was once exhibited, and in the instructions from the designer was a warning. What was it",
            "UnixTime": 1589480756
        },
        {
            "Action": "pick_suggestion",
            "ActionLabel": "trivia_ask_question",
            "ActionLabelOptions": [
                "trivia_ask_question",
                "trivia_inform_answer_2_ask_next"
            ],
            "Agent": "Wizard",
            "PrimaryItem": {
                "APIName": "trivia",
                "Answer": "do not iron",
                "Question": "A 300,000 pound wedding dress made of platinum was once exhibited, and in the instructions from the designer was a warning. What was it"
            },
            "Text": "A 300,000 pound wedding dress made of platinum was once exhibited, and in the instructions from the designer was a warning. What was it",
            "UnixTime": 1589480757
        },
        {
            "Action": "utter",
            "Agent": "User",
            "Text": "loose some weight",
            "UnixTime": 1589480778,
            "PredictedBeliefState": {
                "QuestionNum": "2"
            },
            "ActionLabel": [
                "user_trivia_answer"
            ]
        },
        {
            "Action": "request_suggestions",
            "Agent": "Wizard",
            "PrimaryItem": {
                "APIName": "trivia",
                "Answer": "do not iron",
                "Question": "A 300,000 pound wedding dress made of platinum was once exhibited, and in the instructions from the designer was a warning. What was it"
            },
            "Text": "incorrect",
            "UnixTime": 1589480787
        },
        {
            "Action": "pick_suggestion",
            "ActionLabel": "trivia_inform_answer_incorrect_ask_next",
            "ActionLabelOptions": [
                "trivia_inform_answer_incorrect_ask_next",
                "trivia_bye"
            ],
            "Agent": "Wizard",
            "PrimaryItem": {
                "APIName": "trivia",
                "Answer": "do not iron",
                "Question": "A 300,000 pound wedding dress made of platinum was once exhibited, and in the instructions from the designer was a warning. What was it"
            },
            "Text": "Unfortunately your answer was wrong. 'do not iron' would have been correct.\nWould you like to continue playing?",
            "UnixTime": 1589480794
        },
        {
            "Action": "utter",
            "Agent": "User",
            "Text": "yes",
            "UnixTime": 1589480800,
            "PredictedBeliefState": {
                "QuestionNum": "2"
            },
            "ActionLabel": [
                "user_trivia_next_question"
            ]
        },
        {
            "APIName": "trivia",
            "Action": "query",
            "Agent": "Wizard",
            "Constraints": [
                {
                    "QuestionNum": "8"
                }
            ],
            "PrimaryItem": {
                "APIName": "trivia",
                "Answer": "do not iron",
                "Question": "A 300,000 pound wedding dress made of platinum was once exhibited, and in the instructions from the designer was a warning. What was it"
            },
            "UnixTime": 1589480805
        },
        {
            "APIName": "trivia",
            "Action": "return_item",
            "Agent": "KnowledgeBase",
            "Item": {
                "APIName": "trivia",
                "Answer": "two in the bush",
                "Question": "A bird in the hand is worth ____"
            },
            "TotalItems": -1,
            "PredictedBeliefState": {
                "QuestionNum": "2"
            },
            "ActionLabel": [
                "db_inform_question"
            ]
        },
        {
            "Action": "request_suggestions",
            "Agent": "Wizard",
            "PrimaryItem": {
                "APIName": "trivia",
                "Answer": "two in the bush",
                "Question": "A bird in the hand is worth ____"
            },
            "Text": "A bird in the hand is worth ____",
            "UnixTime": 1589480812
        },
        {
            "Action": "pick_suggestion",
            "ActionLabel": "trivia_ask_question",
            "ActionLabelOptions": [
                "trivia_ask_question",
                "trivia_inform_answer_2_ask_next"
            ],
            "Agent": "Wizard",
            "PrimaryItem": {
                "APIName": "trivia",
                "Answer": "two in the bush",
                "Question": "A bird in the hand is worth ____"
            },
            "Text": "A bird in the hand is worth ____",
            "UnixTime": 1589480816
        },
        {
            "Action": "utter",
            "Agent": "User",
            "Text": "two in the bush",
            "UnixTime": 1589480837,
            "PredictedBeliefState": {
                "QuestionNum": "2"
            },
            "ActionLabel": [
                "user_trivia_answer"
            ]
        },
        {
            "Action": "request_suggestions",
            "Agent": "Wizard",
            "PrimaryItem": {
                "APIName": "trivia",
                "Answer": "two in the bush",
                "Question": "A bird in the hand is worth ____"
            },
            "Text": "correct",
            "UnixTime": 1589480886
        },
        {
            "Action": "pick_suggestion",
            "ActionLabel": "trivia_inform_answer_correct_ask_next",
            "ActionLabelOptions": [
                "trivia_inform_answer_correct_ask_next",
                "out_of_scope"
            ],
            "Agent": "Wizard",
            "PrimaryItem": {
                "APIName": "trivia",
                "Answer": "two in the bush",
                "Question": "A bird in the hand is worth ____"
            },
            "Text": "Your answer was correct! Great job! Would you like to continue playing?",
            "UnixTime": 1589480888
        },
        {
            "Action": "utter",
            "Agent": "User",
            "Text": "yes",
            "UnixTime": 1589480906,
            "PredictedBeliefState": {
                "QuestionNum": "2"
            },
            "ActionLabel": [
                "user_trivia_next_question"
            ]
        },
        {
            "APIName": "trivia",
            "Action": "query",
            "Agent": "Wizard",
            "Constraints": [
                {
                    "QuestionNum": "9"
                }
            ],
            "PrimaryItem": {
                "APIName": "trivia",
                "Answer": "two in the bush",
                "Question": "A bird in the hand is worth ____"
            },
            "UnixTime": 1589480938
        },
        {
            "APIName": "trivia",
            "Action": "return_item",
            "Agent": "KnowledgeBase",
            "Item": {
                "APIName": "trivia",
                "Answer": "briquette",
                "Question": "A block of compressed coal dust used as fuel"
            },
            "TotalItems": -1,
            "PredictedBeliefState": {
                "QuestionNum": "2"
            },
            "ActionLabel": [
                "db_inform_question"
            ]
        },
        {
            "Action": "request_suggestions",
            "Agent": "Wizard",
            "PrimaryItem": {
                "APIName": "trivia",
                "Answer": "briquette",
                "Question": "A block of compressed coal dust used as fuel"
            },
            "Text": "A block of compressed coal dust used as fuel",
            "UnixTime": 1589480943
        },
        {
            "Action": "pick_suggestion",
            "ActionLabel": "trivia_ask_question",
            "ActionLabelOptions": [
                "trivia_ask_question",
                "trivia_inform_answer_2_ask_next"
            ],
            "Agent": "Wizard",
            "PrimaryItem": {
                "APIName": "trivia",
                "Answer": "briquette",
                "Question": "A block of compressed coal dust used as fuel"
            },
            "Text": "A block of compressed coal dust used as fuel",
            "UnixTime": 1589480945
        },
        {
            "Action": "utter",
            "Agent": "User",
            "Text": "airlock",
            "UnixTime": 1589480958,
            "PredictedBeliefState": {
                "QuestionNum": "2"
            },
            "ActionLabel": [
                "user_trivia_answer"
            ]
        },
        {
            "Action": "request_suggestions",
            "Agent": "Wizard",
            "PrimaryItem": {
                "APIName": "trivia",
                "Answer": "briquette",
                "Question": "A block of compressed coal dust used as fuel"
            },
            "Text": "incorrect",
            "UnixTime": 1589480963
        },
        {
            "Action": "pick_suggestion",
            "ActionLabel": "trivia_inform_answer_incorrect_ask_next",
            "ActionLabelOptions": [
                "trivia_inform_answer_incorrect_ask_next",
                "trivia_bye"
            ],
            "Agent": "Wizard",
            "PrimaryItem": {
                "APIName": "trivia",
                "Answer": "briquette",
                "Question": "A block of compressed coal dust used as fuel"
            },
            "Text": "Unfortunately your answer was wrong. 'briquette' would have been correct.\nWould you like to continue playing?",
            "UnixTime": 1589480966
        },
        {
            "Action": "utter",
            "Agent": "User",
            "Text": "yes",
            "UnixTime": 1589480972,
            "PredictedBeliefState": {
                "QuestionNum": "2"
            },
            "ActionLabel": [
                "user_trivia_next_question"
            ]
        },
        {
            "APIName": "trivia",
            "Action": "query",
            "Agent": "Wizard",
            "Constraints": [
                {
                    "QuestionNum": "10"
                }
            ],
            "PrimaryItem": {
                "APIName": "trivia",
                "Answer": "briquette",
                "Question": "A block of compressed coal dust used as fuel"
            },
            "UnixTime": 1589480978
        },
        {
            "APIName": "trivia",
            "Action": "return_item",
            "Agent": "KnowledgeBase",
            "Item": {
                "APIName": "trivia",
                "Answer": "airlock",
                "Question": "A blockage in a pipe caused by a trapped bubble of air"
            },
            "TotalItems": -1,
            "PredictedBeliefState": {
                "QuestionNum": "2"
            },
            "ActionLabel": [
                "db_inform_question"
            ]
        },
        {
            "Action": "request_suggestions",
            "Agent": "Wizard",
            "PrimaryItem": {
                "APIName": "trivia",
                "Answer": "airlock",
                "Question": "A blockage in a pipe caused by a trapped bubble of air"
            },
            "Text": "A blockage in a pipe caused by a trapped bubble of air",
            "UnixTime": 1589480986
        },
        {
            "Action": "pick_suggestion",
            "ActionLabel": "trivia_ask_question",
            "ActionLabelOptions": [
                "trivia_ask_question",
                "trivia_inform_answer_2_ask_next"
            ],
            "Agent": "Wizard",
            "PrimaryItem": {
                "APIName": "trivia",
                "Answer": "airlock",
                "Question": "A blockage in a pipe caused by a trapped bubble of air"
            },
            "Text": "A blockage in a pipe caused by a trapped bubble of air",
            "UnixTime": 1589480988
        },
        {
            "Action": "utter",
            "Agent": "User",
            "Text": "airlock",
            "UnixTime": 1589480997,
            "PredictedBeliefState": {
                "QuestionNum": "2"
            },
            "ActionLabel": [
                "user_trivia_answer"
            ]
        },
        {
            "Action": "request_suggestions",
            "Agent": "Wizard",
            "PrimaryItem": {
                "APIName": "trivia",
                "Answer": "airlock",
                "Question": "A blockage in a pipe caused by a trapped bubble of air"
            },
            "Text": "correct",
            "UnixTime": 1589481016
        },
        {
            "Action": "pick_suggestion",
            "ActionLabel": "trivia_inform_answer_correct_ask_next",
            "ActionLabelOptions": [
                "trivia_inform_answer_correct_ask_next",
                "out_of_scope"
            ],
            "Agent": "Wizard",
            "PrimaryItem": {
                "APIName": "trivia",
                "Answer": "airlock",
                "Question": "A blockage in a pipe caused by a trapped bubble of air"
            },
            "Text": "Your answer was correct! Great job! Would you like to continue playing?",
            "UnixTime": 1589481021
        },
        {
            "Action": "utter",
            "Agent": "User",
            "Text": "yes one more question",
            "UnixTime": 1589481033,
            "PredictedBeliefState": {
                "QuestionNum": "2"
            },
            "ActionLabel": [
                "user_trivia_next_question"
            ]
        },
        {
            "APIName": "trivia",
            "Action": "query",
            "Agent": "Wizard",
            "Constraints": [
                {
                    "QuestionNum": "11"
                }
            ],
            "PrimaryItem": {
                "APIName": "trivia",
                "Answer": "airlock",
                "Question": "A blockage in a pipe caused by a trapped bubble of air"
            },
            "UnixTime": 1589481038
        },
        {
            "APIName": "trivia",
            "Action": "return_item",
            "Agent": "KnowledgeBase",
            "Item": {
                "APIName": "trivia",
                "Answer": "bodkin",
                "Question": "A blunt thick needle for sewing with thick thread or tape"
            },
            "TotalItems": -1,
            "PredictedBeliefState": {
                "QuestionNum": "2"
            },
            "ActionLabel": [
                "db_inform_question"
            ]
        },
        {
            "Action": "request_suggestions",
            "Agent": "Wizard",
            "PrimaryItem": {
                "APIName": "trivia",
                "Answer": "bodkin",
                "Question": "A blunt thick needle for sewing with thick thread or tape"
            },
            "Text": "A blunt thick needle for sewing with thick thread or tape",
            "UnixTime": 1589481045
        },
        {
            "Action": "pick_suggestion",
            "ActionLabel": "trivia_ask_question",
            "ActionLabelOptions": [
                "trivia_ask_question",
                "trivia_inform_answer_2_ask_next"
            ],
            "Agent": "Wizard",
            "PrimaryItem": {
                "APIName": "trivia",
                "Answer": "bodkin",
                "Question": "A blunt thick needle for sewing with thick thread or tape"
            },
            "Text": "A blunt thick needle for sewing with thick thread or tape",
            "UnixTime": 1589481046
        },
        {
            "Action": "utter",
            "Agent": "User",
            "Text": "bodkin",
            "UnixTime": 1589481054,
            "PredictedBeliefState": {
                "QuestionNum": "2"
            },
            "ActionLabel": [
                "user_trivia_answer"
            ]
        },
        {
            "Action": "request_suggestions",
            "Agent": "Wizard",
            "PrimaryItem": {
                "APIName": "trivia",
                "Answer": "bodkin",
                "Question": "A blunt thick needle for sewing with thick thread or tape"
            },
            "Text": "correct",
            "UnixTime": 1589481058
        },
        {
            "Action": "pick_suggestion",
            "ActionLabel": "trivia_inform_answer_correct_ask_next",
            "ActionLabelOptions": [
                "trivia_inform_answer_correct_ask_next",
                "out_of_scope"
            ],
            "Agent": "Wizard",
            "PrimaryItem": {
                "APIName": "trivia",
                "Answer": "bodkin",
                "Question": "A blunt thick needle for sewing with thick thread or tape"
            },
            "Text": "Your answer was correct! Great job! Would you like to continue playing?",
            "UnixTime": 1589481060
        },
        {
            "Action": "utter",
            "Agent": "User",
            "Text": "No, I am done for today. Thanks for playing.",
            "UnixTime": 1589481070,
            "PredictedBeliefState": {
                "QuestionNum": "2"
            },
            "ActionLabel": [
                "user_bad_label"
            ]
        },
        {
            "Action": "request_suggestions",
            "Agent": "Wizard",
            "PrimaryItem": {
                "APIName": "trivia",
                "Answer": "bodkin",
                "Question": "A blunt thick needle for sewing with thick thread or tape"
            },
            "Text": "Your final score is 4/10, good job",
            "UnixTime": 1589481099
        },
        {
            "Action": "utter",
            "Agent": "Wizard",
            "PrimaryItem": {
                "APIName": "trivia",
                "Answer": "bodkin",
                "Question": "A blunt thick needle for sewing with thick thread or tape"
            },
            "Text": "Your final score is 4/10, good job.",
            "UnixTime": 1589481109
        },
        {
            "Action": "complete",
            "Agent": "User",
            "UnixTime": 1589481114
        }
    ],
    "FORMAT-VERSION": 7,
    "IntroducesConflicts": false,
    "Scenario": {
        "Domains": [
            null
        ],
        "Happy": true,
        "MultiTask": false,
        "UserTask": "You would like to play a game of trivia. You've already answered some of the questions, so you should start from question 2 and play 5 questions. You have answers for the following questions: (11) bodkin, (10) airlock, (4) poem. For the rest, try your best!",
        "WizardCapabilities": [
            {
                "Domain": null,
                "SchemaImage": "trivia.jpg",
                "Task": "trivia"
            }
        ],
        "WizardTask": "Let the user play a trivia game. Query for and ask the questions until the user wants to stop."
    },
    "UserQuestionnaire": [
        {
            "Answer": true,
            "Question": "Did the AI Assistant succesfully run the trivia quiz?"
        },
        {
            "Answer": true,
            "Question": "Did the AI Assistant stay calm and helpful throughout the dialogue?"
        }
    ],
    "WizardQuestionnaire": [
        {
            "Answer": false,
            "Question": "Did the user change his/her mind about what he/she wants at any time?"
        },
        {
            "Answer": false,
            "Question": "Did the user become aggressive or annoyed during the dialogue? (Note: some users may be instructed to be annoying.)"
        },
        {
            "Answer": false,
            "Question": "Where you unsure about what to do at any time? (Feel free to send us an email with details.)"
        }
    ]
}