{
    "AnonymizedUserWorkerID": "348e8d2f-ab94-60d9-68e4-3b9a35a75d8b",
    "AnonymizedWizardWorkerID": "7fd15aa1-0368-5c6b-075a-13b3696d4627",
    "BatchID": "woz_1590426434",
    "CompletionLevel": "Complete",
    "DialogueID": 1464,
    "Events": [
        {
            "Action": "instruct",
            "Agent": "UserGuide",
            "Text": "Your task is written on the left panel. [instruction 1 of 4]",
            "UnixTime": 1590451097
        },
        {
            "Action": "utter",
            "Agent": "User",
            "Text": "hello",
            "UnixTime": 1590451106,
            "PredictedBeliefState": {},
            "ActionLabel": [
                "user_hello"
            ]
        },
        {
            "Action": "request_suggestions",
            "Agent": "Wizard",
            "Text": "How can I help",
            "UnixTime": 1590451124
        },
        {
            "Action": "request_suggestions",
            "Agent": "Wizard",
            "Text": "Hello. How can I help you today?",
            "UnixTime": 1590451138
        },
        {
            "Action": "pick_suggestion",
            "ActionLabel": "hello",
            "ActionLabelOptions": [
                "hello",
                "trivia_ask_question_number",
                "anything_else"
            ],
            "Agent": "Wizard",
            "Text": "Hello, how can I help?",
            "UnixTime": 1590451139
        },
        {
            "Action": "utter",
            "Agent": "User",
            "Text": "I want to play trivia question 5",
            "UnixTime": 1590451150,
            "PredictedBeliefState": {
                "QuestionNum": "5"
            },
            "ActionLabel": [
                "user_trivia_inform_question_number",
                "user_bad_label"
            ]
        },
        {
            "Action": "instruct",
            "Agent": "UserGuide",
            "Text": "Engage in some smalltalk. [instruction 2 of 4]",
            "UnixTime": 1590451150
        },
        {
            "APIName": "trivia",
            "Action": "query",
            "Agent": "Wizard",
            "Constraints": [
                {
                    "QuestionNum": "5"
                }
            ],
            "UnixTime": 1590451157
        },
        {
            "APIName": "trivia",
            "Action": "return_item",
            "Agent": "KnowledgeBase",
            "Item": {
                "APIName": "trivia",
                "Answer": "wind",
                "Question": "A 'sirocco' refers to a type of ____"
            },
            "TotalItems": -1,
            "PredictedBeliefState": {
                "QuestionNum": "5"
            },
            "ActionLabel": [
                "db_inform_question"
            ]
        },
        {
            "Action": "request_suggestions",
            "Agent": "Wizard",
            "PrimaryItem": {
                "APIName": "trivia",
                "Answer": "wind",
                "Question": "A 'sirocco' refers to a type of ____"
            },
            "Text": "A sirocco refers to a type of",
            "UnixTime": 1590451169
        },
        {
            "Action": "pick_suggestion",
            "ActionLabel": "trivia_ask_question",
            "ActionLabelOptions": [
                "trivia_ask_question",
                "trivia_inform_answer_2_ask_next",
                "hello"
            ],
            "Agent": "Wizard",
            "PrimaryItem": {
                "APIName": "trivia",
                "Answer": "wind",
                "Question": "A 'sirocco' refers to a type of ____"
            },
            "Text": "A 'sirocco' refers to a type of ____",
            "UnixTime": 1590451171
        },
        {
            "Action": "utter",
            "Agent": "User",
            "Text": "storm",
            "UnixTime": 1590451186,
            "PredictedBeliefState": {
                "QuestionNum": "5"
            },
            "ActionLabel": [
                "user_trivia_answer"
            ]
        },
        {
            "Action": "request_suggestions",
            "Agent": "Wizard",
            "PrimaryItem": {
                "APIName": "trivia",
                "Answer": "wind",
                "Question": "A 'sirocco' refers to a type of ____"
            },
            "Text": "Wind would be the correct answer",
            "UnixTime": 1590451194
        },
        {
            "Action": "pick_suggestion",
            "ActionLabel": "trivia_inform_answer_2_ask_next",
            "ActionLabelOptions": [
                "trivia_inform_answer_2_ask_next",
                "trivia_ask_question",
                "out_of_scope"
            ],
            "Agent": "Wizard",
            "PrimaryItem": {
                "APIName": "trivia",
                "Answer": "wind",
                "Question": "A 'sirocco' refers to a type of ____"
            },
            "Text": "The answer to this question would have been 'wind'. Would you like to continue playing?",
            "UnixTime": 1590451197
        },
        {
            "Action": "utter",
            "Agent": "User",
            "Text": "yes",
            "UnixTime": 1590451204,
            "PredictedBeliefState": {
                "QuestionNum": "5"
            },
            "ActionLabel": [
                "user_trivia_next_question"
            ]
        },
        {
            "Action": "instruct",
            "Agent": "UserGuide",
            "Text": "Say something about the questions. [instruction 3 of 4]",
            "UnixTime": 1590451204
        },
        {
            "APIName": "trivia",
            "Action": "query",
            "Agent": "Wizard",
            "Constraints": [
                {
                    "QuestionNum": "6"
                }
            ],
            "PrimaryItem": {
                "APIName": "trivia",
                "Answer": "wind",
                "Question": "A 'sirocco' refers to a type of ____"
            },
            "UnixTime": 1590451207
        },
        {
            "APIName": "trivia",
            "Action": "return_item",
            "Agent": "KnowledgeBase",
            "Item": {
                "APIName": "trivia",
                "Answer": "three",
                "Question": "A 3 1/2' floppy disk measures ____ & 1/2 inches across"
            },
            "TotalItems": -1,
            "PredictedBeliefState": {
                "QuestionNum": "5"
            },
            "ActionLabel": [
                "db_inform_question"
            ]
        },
        {
            "Action": "request_suggestions",
            "Agent": "Wizard",
            "PrimaryItem": {
                "APIName": "trivia",
                "Answer": "three",
                "Question": "A 3 1/2' floppy disk measures ____ & 1/2 inches across"
            },
            "Text": "A 3 floppy disk measures - a ",
            "UnixTime": 1590451218
        },
        {
            "Action": "pick_suggestion",
            "ActionLabel": "trivia_ask_question",
            "ActionLabelOptions": [
                "trivia_ask_question",
                "trivia_inform_answer_2_ask_next",
                "trivia_bye"
            ],
            "Agent": "Wizard",
            "PrimaryItem": {
                "APIName": "trivia",
                "Answer": "three",
                "Question": "A 3 1/2' floppy disk measures ____ & 1/2 inches across"
            },
            "Text": "A 3 1/2' floppy disk measures ____ & 1/2 inches across",
            "UnixTime": 1590451220
        },
        {
            "Action": "utter",
            "Agent": "User",
            "Text": "how has your day been?",
            "UnixTime": 1590451227,
            "PredictedBeliefState": {
                "QuestionNum": "5"
            },
            "ActionLabel": [
                "user_custom"
            ]
        },
        {
            "Action": "instruct",
            "Agent": "UserGuide",
            "Text": "Ok, just keep going until you've completed your task (see left panel). [instruction 4 of 4]",
            "UnixTime": 1590451227
        },
        {
            "Action": "request_suggestions",
            "Agent": "Wizard",
            "PrimaryItem": {
                "APIName": "trivia",
                "Answer": "three",
                "Question": "A 3 1/2' floppy disk measures ____ & 1/2 inches across"
            },
            "Text": "I am sorry I can only understand trivia",
            "UnixTime": 1590451248
        },
        {
            "Action": "pick_suggestion",
            "ActionLabel": "out_of_scope",
            "ActionLabelOptions": [
                "out_of_scope",
                "trivia_inform_answer_incorrect_ask_next",
                "trivia_bye"
            ],
            "Agent": "Wizard",
            "PrimaryItem": {
                "APIName": "trivia",
                "Answer": "three",
                "Question": "A 3 1/2' floppy disk measures ____ & 1/2 inches across"
            },
            "Text": "I am sorry, I don't quite understand what you mean. I am only able to play trivia with you.",
            "UnixTime": 1590451249
        },
        {
            "Action": "utter",
            "Agent": "User",
            "Text": "3",
            "UnixTime": 1590451255,
            "PredictedBeliefState": {
                "QuestionNum": "3"
            },
            "ActionLabel": [
                "user_trivia_inform_question_number",
                "user_bad_label"
            ]
        },
        {
            "Action": "request_suggestions",
            "Agent": "Wizard",
            "PrimaryItem": {
                "APIName": "trivia",
                "Answer": "three",
                "Question": "A 3 1/2' floppy disk measures ____ & 1/2 inches across"
            },
            "Text": "Correct, would you like to keep playing",
            "UnixTime": 1590451267
        },
        {
            "Action": "pick_suggestion",
            "ActionLabel": "trivia_inform_answer_correct_ask_next",
            "ActionLabelOptions": [
                "trivia_inform_answer_incorrect_ask_next",
                "trivia_inform_answer_correct_ask_next",
                "trivia_ask_question_number"
            ],
            "Agent": "Wizard",
            "PrimaryItem": {
                "APIName": "trivia",
                "Answer": "three",
                "Question": "A 3 1/2' floppy disk measures ____ & 1/2 inches across"
            },
            "Text": "Your answer was correct! Great job! Would you like to continue playing?",
            "UnixTime": 1590451272
        },
        {
            "Action": "utter",
            "Agent": "User",
            "Text": "1 for 1 so far questions are good",
            "UnixTime": 1590451282,
            "PredictedBeliefState": {
                "QuestionNum": "5"
            },
            "ActionLabel": [
                "user_trivia_inform_question_number",
                "user_trivia_next_question"
            ]
        },
        {
            "APIName": "trivia",
            "Action": "query",
            "Agent": "Wizard",
            "Constraints": [
                {
                    "QuestionNum": "7"
                }
            ],
            "PrimaryItem": {
                "APIName": "trivia",
                "Answer": "three",
                "Question": "A 3 1/2' floppy disk measures ____ & 1/2 inches across"
            },
            "UnixTime": 1590451288
        },
        {
            "APIName": "trivia",
            "Action": "return_item",
            "Agent": "KnowledgeBase",
            "Item": {
                "APIName": "trivia",
                "Answer": "do not iron",
                "Question": "A 300,000 pound wedding dress made of platinum was once exhibited, and in the instructions from the designer was a warning. What was it"
            },
            "TotalItems": -1,
            "PredictedBeliefState": {
                "QuestionNum": "5"
            },
            "ActionLabel": [
                "db_inform_question"
            ]
        },
        {
            "Action": "request_suggestions",
            "Agent": "Wizard",
            "PrimaryItem": {
                "APIName": "trivia",
                "Answer": "do not iron",
                "Question": "A 300,000 pound wedding dress made of platinum was once exhibited, and in the instructions from the designer was a warning. What was it"
            },
            "Text": "A 3000000 pound wedding dress",
            "UnixTime": 1590451297
        },
        {
            "Action": "pick_suggestion",
            "ActionLabel": "trivia_ask_question",
            "ActionLabelOptions": [
                "trivia_ask_question",
                "hello",
                "trivia_inform_answer_2_ask_next"
            ],
            "Agent": "Wizard",
            "PrimaryItem": {
                "APIName": "trivia",
                "Answer": "do not iron",
                "Question": "A 300,000 pound wedding dress made of platinum was once exhibited, and in the instructions from the designer was a warning. What was it"
            },
            "Text": "A 300,000 pound wedding dress made of platinum was once exhibited, and in the instructions from the designer was a warning. What was it",
            "UnixTime": 1590451299
        },
        {
            "Action": "utter",
            "Agent": "User",
            "Text": "not to iron",
            "UnixTime": 1590451309,
            "PredictedBeliefState": {
                "QuestionNum": "5"
            },
            "ActionLabel": [
                "user_trivia_answer"
            ]
        },
        {
            "Action": "request_suggestions",
            "Agent": "Wizard",
            "PrimaryItem": {
                "APIName": "trivia",
                "Answer": "do not iron",
                "Question": "A 300,000 pound wedding dress made of platinum was once exhibited, and in the instructions from the designer was a warning. What was it"
            },
            "Text": "Correct",
            "UnixTime": 1590451313
        },
        {
            "Action": "pick_suggestion",
            "ActionLabel": "trivia_inform_answer_correct_ask_next",
            "ActionLabelOptions": [
                "trivia_inform_answer_correct_ask_next",
                "out_of_scope",
                "trivia_inform_answer_incorrect_ask_next"
            ],
            "Agent": "Wizard",
            "PrimaryItem": {
                "APIName": "trivia",
                "Answer": "do not iron",
                "Question": "A 300,000 pound wedding dress made of platinum was once exhibited, and in the instructions from the designer was a warning. What was it"
            },
            "Text": "Your answer was correct! Great job! Would you like to continue playing?",
            "UnixTime": 1590451315
        },
        {
            "Action": "utter",
            "Agent": "User",
            "Text": "yes",
            "UnixTime": 1590451318,
            "PredictedBeliefState": {
                "QuestionNum": "5"
            },
            "ActionLabel": [
                "user_trivia_next_question"
            ]
        },
        {
            "APIName": "trivia",
            "Action": "query",
            "Agent": "Wizard",
            "Constraints": [
                {
                    "QuestionNum": "8"
                }
            ],
            "PrimaryItem": {
                "APIName": "trivia",
                "Answer": "do not iron",
                "Question": "A 300,000 pound wedding dress made of platinum was once exhibited, and in the instructions from the designer was a warning. What was it"
            },
            "UnixTime": 1590451323
        },
        {
            "APIName": "trivia",
            "Action": "return_item",
            "Agent": "KnowledgeBase",
            "Item": {
                "APIName": "trivia",
                "Answer": "two in the bush",
                "Question": "A bird in the hand is worth ____"
            },
            "TotalItems": -1,
            "PredictedBeliefState": {
                "QuestionNum": "5"
            },
            "ActionLabel": [
                "db_inform_question"
            ]
        },
        {
            "Action": "request_suggestions",
            "Agent": "Wizard",
            "PrimaryItem": {
                "APIName": "trivia",
                "Answer": "two in the bush",
                "Question": "A bird in the hand is worth ____"
            },
            "Text": "A bird in the hand is worth",
            "UnixTime": 1590451331
        },
        {
            "Action": "pick_suggestion",
            "ActionLabel": "trivia_ask_question",
            "ActionLabelOptions": [
                "trivia_ask_question",
                "trivia_inform_answer_2_ask_next",
                "trivia_bye"
            ],
            "Agent": "Wizard",
            "PrimaryItem": {
                "APIName": "trivia",
                "Answer": "two in the bush",
                "Question": "A bird in the hand is worth ____"
            },
            "Text": "A bird in the hand is worth ____",
            "UnixTime": 1590451332
        },
        {
            "Action": "utter",
            "Agent": "User",
            "Text": "two in a bush",
            "UnixTime": 1590451347,
            "PredictedBeliefState": {
                "QuestionNum": "5"
            },
            "ActionLabel": [
                "user_trivia_answer"
            ]
        },
        {
            "Action": "request_suggestions",
            "Agent": "Wizard",
            "PrimaryItem": {
                "APIName": "trivia",
                "Answer": "two in the bush",
                "Question": "A bird in the hand is worth ____"
            },
            "Text": "Correct ",
            "UnixTime": 1590451353
        },
        {
            "Action": "pick_suggestion",
            "ActionLabel": "trivia_inform_answer_correct_ask_next",
            "ActionLabelOptions": [
                "trivia_inform_answer_correct_ask_next",
                "out_of_scope",
                "trivia_inform_answer_incorrect_ask_next"
            ],
            "Agent": "Wizard",
            "PrimaryItem": {
                "APIName": "trivia",
                "Answer": "two in the bush",
                "Question": "A bird in the hand is worth ____"
            },
            "Text": "Your answer was correct! Great job! Would you like to continue playing?",
            "UnixTime": 1590451354
        },
        {
            "Action": "utter",
            "Agent": "User",
            "Text": "yes",
            "UnixTime": 1590451357,
            "PredictedBeliefState": {
                "QuestionNum": "5"
            },
            "ActionLabel": [
                "user_trivia_next_question"
            ]
        },
        {
            "APIName": "trivia",
            "Action": "query",
            "Agent": "Wizard",
            "Constraints": [
                {
                    "QuestionNum": "9"
                }
            ],
            "PrimaryItem": {
                "APIName": "trivia",
                "Answer": "two in the bush",
                "Question": "A bird in the hand is worth ____"
            },
            "UnixTime": 1590451359
        },
        {
            "APIName": "trivia",
            "Action": "return_item",
            "Agent": "KnowledgeBase",
            "Item": {
                "APIName": "trivia",
                "Answer": "briquette",
                "Question": "A block of compressed coal dust used as fuel"
            },
            "TotalItems": -1,
            "PredictedBeliefState": {
                "QuestionNum": "5"
            },
            "ActionLabel": [
                "db_inform_question"
            ]
        },
        {
            "Action": "request_suggestions",
            "Agent": "Wizard",
            "PrimaryItem": {
                "APIName": "trivia",
                "Answer": "briquette",
                "Question": "A block of compressed coal dust used as fuel"
            },
            "Text": "A block of compressed coal dust used as fuel",
            "UnixTime": 1590451373
        },
        {
            "Action": "pick_suggestion",
            "ActionLabel": "trivia_ask_question",
            "ActionLabelOptions": [
                "trivia_ask_question",
                "trivia_inform_answer_2_ask_next",
                "hello"
            ],
            "Agent": "Wizard",
            "PrimaryItem": {
                "APIName": "trivia",
                "Answer": "briquette",
                "Question": "A block of compressed coal dust used as fuel"
            },
            "Text": "A block of compressed coal dust used as fuel",
            "UnixTime": 1590451375
        },
        {
            "Action": "utter",
            "Agent": "User",
            "Text": "charcoal",
            "UnixTime": 1590451393,
            "PredictedBeliefState": {
                "QuestionNum": "5"
            },
            "ActionLabel": [
                "user_trivia_answer"
            ]
        },
        {
            "Action": "request_suggestions",
            "Agent": "Wizard",
            "PrimaryItem": {
                "APIName": "trivia",
                "Answer": "briquette",
                "Question": "A block of compressed coal dust used as fuel"
            },
            "Text": "briquette would have been the right answer",
            "UnixTime": 1590451406
        },
        {
            "Action": "pick_suggestion",
            "ActionLabel": "trivia_inform_answer_2_ask_next",
            "ActionLabelOptions": [
                "trivia_inform_answer_2_ask_next",
                "trivia_inform_answer_incorrect_ask_next",
                "out_of_scope"
            ],
            "Agent": "Wizard",
            "PrimaryItem": {
                "APIName": "trivia",
                "Answer": "briquette",
                "Question": "A block of compressed coal dust used as fuel"
            },
            "Text": "The answer to this question would have been 'briquette'. Would you like to continue playing?",
            "UnixTime": 1590451408
        },
        {
            "Action": "utter",
            "Agent": "User",
            "Text": "yes",
            "UnixTime": 1590451412,
            "PredictedBeliefState": {
                "QuestionNum": "5"
            },
            "ActionLabel": [
                "user_trivia_next_question"
            ]
        },
        {
            "APIName": "trivia",
            "Action": "query",
            "Agent": "Wizard",
            "Constraints": [
                {
                    "QuestionNum": "10"
                }
            ],
            "PrimaryItem": {
                "APIName": "trivia",
                "Answer": "briquette",
                "Question": "A block of compressed coal dust used as fuel"
            },
            "UnixTime": 1590451416
        },
        {
            "APIName": "trivia",
            "Action": "return_item",
            "Agent": "KnowledgeBase",
            "Item": {
                "APIName": "trivia",
                "Answer": "airlock",
                "Question": "A blockage in a pipe caused by a trapped bubble of air"
            },
            "TotalItems": -1,
            "PredictedBeliefState": {
                "QuestionNum": "5"
            },
            "ActionLabel": [
                "db_inform_question"
            ]
        },
        {
            "Action": "request_suggestions",
            "Agent": "Wizard",
            "PrimaryItem": {
                "APIName": "trivia",
                "Answer": "airlock",
                "Question": "A blockage in a pipe caused by a trapped bubble of air"
            },
            "Text": "A blockage in a pipe",
            "UnixTime": 1590451424
        },
        {
            "Action": "pick_suggestion",
            "ActionLabel": "trivia_ask_question",
            "ActionLabelOptions": [
                "trivia_ask_question",
                "trivia_inform_answer_2_ask_next",
                "out_of_scope"
            ],
            "Agent": "Wizard",
            "PrimaryItem": {
                "APIName": "trivia",
                "Answer": "airlock",
                "Question": "A blockage in a pipe caused by a trapped bubble of air"
            },
            "Text": "A blockage in a pipe caused by a trapped bubble of air",
            "UnixTime": 1590451426
        },
        {
            "Action": "utter",
            "Agent": "User",
            "Text": "clog",
            "UnixTime": 1590451443,
            "PredictedBeliefState": {
                "QuestionNum": "5"
            },
            "ActionLabel": [
                "user_trivia_answer"
            ]
        },
        {
            "Action": "request_suggestions",
            "Agent": "Wizard",
            "PrimaryItem": {
                "APIName": "trivia",
                "Answer": "airlock",
                "Question": "A blockage in a pipe caused by a trapped bubble of air"
            },
            "Text": "airlock",
            "UnixTime": 1590451448
        },
        {
            "Action": "request_suggestions",
            "Agent": "Wizard",
            "PrimaryItem": {
                "APIName": "trivia",
                "Answer": "airlock",
                "Question": "A blockage in a pipe caused by a trapped bubble of air"
            },
            "Text": "Airlock would have been the right answer",
            "UnixTime": 1590451461
        },
        {
            "Action": "pick_suggestion",
            "ActionLabel": "trivia_inform_answer_2_ask_next",
            "ActionLabelOptions": [
                "trivia_inform_answer_2_ask_next",
                "trivia_ask_question",
                "trivia_inform_answer_correct_ask_next"
            ],
            "Agent": "Wizard",
            "PrimaryItem": {
                "APIName": "trivia",
                "Answer": "airlock",
                "Question": "A blockage in a pipe caused by a trapped bubble of air"
            },
            "Text": "The answer to this question would have been 'airlock'. Would you like to continue playing?",
            "UnixTime": 1590451462
        },
        {
            "Action": "utter",
            "Agent": "User",
            "Text": "No thank you goodbye!",
            "UnixTime": 1590451469,
            "PredictedBeliefState": {
                "QuestionNum": "5"
            },
            "ActionLabel": [
                "user_trivia_goodbye"
            ]
        },
        {
            "Action": "request_suggestions",
            "Agent": "Wizard",
            "PrimaryItem": {
                "APIName": "trivia",
                "Answer": "airlock",
                "Question": "A blockage in a pipe caused by a trapped bubble of air"
            },
            "Text": "Thanks for playing. Goodbye",
            "UnixTime": 1590451478
        },
        {
            "Action": "pick_suggestion",
            "ActionLabel": "trivia_bye",
            "ActionLabelOptions": [
                "trivia_bye",
                "trivia_inform_answer_incorrect_ask_next",
                "anything_else"
            ],
            "Agent": "Wizard",
            "PrimaryItem": {
                "APIName": "trivia",
                "Answer": "airlock",
                "Question": "A blockage in a pipe caused by a trapped bubble of air"
            },
            "Text": "Nice playing with you, bye!",
            "UnixTime": 1590451480
        },
        {
            "Action": "complete",
            "Agent": "User",
            "UnixTime": 1590451483
        }
    ],
    "FORMAT-VERSION": 7,
    "IntroducesConflicts": false,
    "Scenario": {
        "Domains": [
            "trivia"
        ],
        "Happy": false,
        "MultiTask": false,
        "UserTask": "You would like to play a game of trivia. You've already answered some of the questions, so you should start from question 5 and play 5 questions. You have answers for the following questions: (3) snail, (6) three. For the rest, try your best!",
        "WizardCapabilities": [
            {
                "Domain": "trivia",
                "SchemaImage": "trivia.jpg",
                "Task": "trivia"
            }
        ],
        "WizardTask": "Let the user play a trivia game. Query for and ask the questions until the user wants to stop. Note: Please DO NOT CHANGE THE COMPARATOR for the question number, i.e. leave it as 'is_equal_to'. "
    },
    "UserQuestionnaire": [
        {
            "Answer": true,
            "Question": "Did the AI Assistant succesfully run the trivia quiz?"
        },
        {
            "Answer": true,
            "Question": "Did the AI Assistant stay calm and helpful throughout the dialogue?"
        }
    ],
    "WizardQuestionnaire": [
        {
            "Answer": false,
            "Question": "Did the user change his/her mind about what he/she wants at any time?"
        },
        {
            "Answer": false,
            "Question": "Did the user become aggressive or annoyed during the dialogue? (Note: some users may be instructed to be annoying.)"
        },
        {
            "Answer": false,
            "Question": "Where you unsure about what to do at any time? (Feel free to send us an email with details.)"
        }
    ]
}