{
    "AnonymizedUserWorkerID": "a36b0bfb-b70b-ed8a-aa44-347240d05b0a",
    "AnonymizedWizardWorkerID": "4b56e0fa-e086-4b01-d3c6-840b91b26164",
    "BatchID": "woz_1590426434",
    "CompletionLevel": "Complete",
    "DialogueID": 1481,
    "Events": [
        {
            "Action": "instruct",
            "Agent": "UserGuide",
            "Text": "Read the instructions on the left. In this dialogue, either act like a very annoying/grumpy person, or like a wise/serene person who'se constantly talking in profound-sounding riddles. [instruction 1 of 3]",
            "UnixTime": 1590452320
        },
        {
            "Action": "utter",
            "Agent": "User",
            "Text": "Hello. My name is Angela.",
            "UnixTime": 1590452358,
            "PredictedBeliefState": {
                "CustomerName": "angela"
            },
            "ActionLabel": [
                "user_plane_book_inform_name",
                "user_hello"
            ]
        },
        {
            "Action": "request_suggestions",
            "Agent": "Wizard",
            "Text": "how can help",
            "UnixTime": 1590452370
        },
        {
            "Action": "pick_suggestion",
            "ActionLabel": "hello",
            "ActionLabelOptions": [
                "out_of_scope",
                "hello",
                "anything_else"
            ],
            "Agent": "Wizard",
            "Text": "Hello, how can I help?",
            "UnixTime": 1590452371
        },
        {
            "Action": "utter",
            "Agent": "User",
            "Text": "I need a reservation for flight id 356 and make it snappy. I'm in a hurry.",
            "UnixTime": 1590452435,
            "PredictedBeliefState": {
                "CustomerName": "angela",
                "id": "356"
            },
            "ActionLabel": [
                "user_plane_book_inform_flight_id",
                "user_plane_book_ask_plane_book"
            ]
        },
        {
            "Action": "instruct",
            "Agent": "UserGuide",
            "Text": "The flight ID was actually 709. [instruction 2 of 3]",
            "UnixTime": 1590452435
        },
        {
            "APIName": "plane_book",
            "Action": "query",
            "Agent": "Wizard",
            "Constraints": [
                {
                    "id": "365"
                },
                {
                    "CustomerName": "\"Angela\""
                },
                {
                    "RequestType": "\"Check\""
                }
            ],
            "UnixTime": 1590452448
        },
        {
            "APIName": "plane_book",
            "Action": "return_item",
            "Agent": "KnowledgeBase",
            "Item": {
                "APIName": "plane_book",
                "Message": "Unavailable",
                "id": 365
            },
            "TotalItems": -1,
            "PredictedBeliefState": {
                "CustomerName": "angela",
                "id": "356"
            },
            "ActionLabel": [
                "db_plane_flight_unavailable"
            ]
        },
        {
            "Action": "request_suggestions",
            "Agent": "Wizard",
            "PrimaryItem": {
                "APIName": "plane_book",
                "Message": "Unavailable",
                "id": 365
            },
            "Text": "unavailable",
            "UnixTime": 1590452452
        },
        {
            "Action": "pick_suggestion",
            "ActionLabel": "plane_flight_unavailable",
            "ActionLabelOptions": [
                "plane_flight_unavailable",
                "plane_reservation_failed",
                "plane_ask_flight_id"
            ],
            "Agent": "Wizard",
            "PrimaryItem": {
                "APIName": "plane_book",
                "Message": "Unavailable",
                "id": 365
            },
            "Text": "Sorry, but the flight with id '365' is not available any more.",
            "UnixTime": 1590452454
        },
        {
            "Action": "utter",
            "Agent": "User",
            "Text": "Actually it was 356. Can't you read. But never mind I need a reservation on 709.",
            "UnixTime": 1590452523,
            "PredictedBeliefState": {
                "CustomerName": "angela",
                "id": "709"
            },
            "ActionLabel": [
                "user_plane_book_inform_flight_id"
            ]
        },
        {
            "Action": "instruct",
            "Agent": "UserGuide",
            "Text": "Once you've booked the flight 709 (or learned that booking is not possible), you can end the conversation. You can also keep writing for a bit, if you like :) [instruction 3 of 3]",
            "UnixTime": 1590452523
        },
        {
            "APIName": "plane_book",
            "Action": "query",
            "Agent": "Wizard",
            "Constraints": [
                {
                    "id": "356"
                },
                {
                    "CustomerName": "\"Angela\""
                },
                {
                    "RequestType": "\"Check\""
                }
            ],
            "PrimaryItem": {
                "APIName": "plane_book",
                "Message": "Unavailable",
                "id": 365
            },
            "UnixTime": 1590452529
        },
        {
            "APIName": "plane_book",
            "Action": "return_item",
            "Agent": "KnowledgeBase",
            "Item": {
                "APIName": "plane_book",
                "Message": "Unavailable",
                "id": 356
            },
            "TotalItems": -1,
            "PredictedBeliefState": {
                "CustomerName": "angela",
                "id": "709"
            },
            "ActionLabel": [
                "db_plane_flight_unavailable"
            ]
        },
        {
            "Action": "request_suggestions",
            "Agent": "Wizard",
            "PrimaryItem": {
                "APIName": "plane_book",
                "Message": "Unavailable",
                "id": 356
            },
            "Text": "unavailable",
            "UnixTime": 1590452533
        },
        {
            "Action": "pick_suggestion",
            "ActionLabel": "plane_flight_unavailable",
            "ActionLabelOptions": [
                "plane_flight_unavailable",
                "plane_reservation_failed",
                "plane_ask_flight_id"
            ],
            "Agent": "Wizard",
            "PrimaryItem": {
                "APIName": "plane_book",
                "Message": "Unavailable",
                "id": 356
            },
            "Text": "Sorry, but the flight with id '356' is not available any more.",
            "UnixTime": 1590452534
        },
        {
            "Action": "utter",
            "Agent": "User",
            "Text": "Are you dim. I said I need flight 709 instead. Where do they find you people?",
            "UnixTime": 1590452607,
            "PredictedBeliefState": {
                "CustomerName": "angela",
                "id": "709"
            },
            "ActionLabel": []
        },
        {
            "APIName": "plane_book",
            "Action": "query",
            "Agent": "Wizard",
            "Constraints": [
                {
                    "id": "709"
                },
                {
                    "CustomerName": "\"Angela\""
                },
                {
                    "RequestType": "\"Check\""
                }
            ],
            "PrimaryItem": {
                "APIName": "plane_book",
                "Message": "Unavailable",
                "id": 356
            },
            "UnixTime": 1590452624
        },
        {
            "APIName": "plane_book",
            "Action": "return_item",
            "Agent": "KnowledgeBase",
            "Item": {
                "APIName": "plane_book",
                "Message": "Available",
                "id": 709
            },
            "TotalItems": -1,
            "PredictedBeliefState": {
                "CustomerName": "angela",
                "id": "709"
            },
            "ActionLabel": [
                "db_plane_flight_available"
            ]
        },
        {
            "Action": "request_suggestions",
            "Agent": "Wizard",
            "PrimaryItem": {
                "APIName": "plane_book",
                "Message": "Available",
                "id": 709
            },
            "Text": "available",
            "UnixTime": 1590452626
        },
        {
            "Action": "pick_suggestion",
            "ActionLabel": "plane_flight_available",
            "ActionLabelOptions": [
                "plane_flight_available",
                "anything_else",
                "ask_name"
            ],
            "Agent": "Wizard",
            "PrimaryItem": {
                "APIName": "plane_book",
                "Message": "Available",
                "id": 709
            },
            "Text": "The flight is available. Should I reserve it for you?",
            "UnixTime": 1590452628
        },
        {
            "Action": "utter",
            "Agent": "User",
            "Text": "Duh. Isn't that what I said.",
            "UnixTime": 1590452652,
            "PredictedBeliefState": {
                "id": "709",
                "CustomerName": "angela"
            },
            "ActionLabel": [
                "user_plane_book_inform_book"
            ]
        },
        {
            "APIName": "plane_book",
            "Action": "query",
            "Agent": "Wizard",
            "Constraints": [
                {
                    "id": "709"
                },
                {
                    "CustomerName": "\"Angela\""
                },
                {
                    "RequestType": "\"Book\""
                }
            ],
            "PrimaryItem": {
                "APIName": "plane_book",
                "Message": "Available",
                "id": 709
            },
            "UnixTime": 1590452658
        },
        {
            "APIName": "plane_book",
            "Action": "return_item",
            "Agent": "KnowledgeBase",
            "Item": {
                "APIName": "plane_book",
                "ReservationStatus": "Reservation Confirmed",
                "id": 709
            },
            "TotalItems": -1,
            "PredictedBeliefState": {
                "id": "709",
                "CustomerName": "angela"
            },
            "ActionLabel": [
                "db_plane_reservation_succeeded"
            ]
        },
        {
            "Action": "request_suggestions",
            "Agent": "Wizard",
            "PrimaryItem": {
                "APIName": "plane_book",
                "ReservationStatus": "Reservation Confirmed",
                "id": 709
            },
            "Text": "confirmed",
            "UnixTime": 1590452661
        },
        {
            "Action": "pick_suggestion",
            "ActionLabel": "plane_reservation_succeeded",
            "ActionLabelOptions": [
                "plane_reservation_succeeded",
                "plane_inform_nothing_found",
                "out_of_scope"
            ],
            "Agent": "Wizard",
            "PrimaryItem": {
                "APIName": "plane_book",
                "ReservationStatus": "Reservation Confirmed",
                "id": 709
            },
            "Text": "Right, your flight is now reserved!",
            "UnixTime": 1590452662
        },
        {
            "Action": "utter",
            "Agent": "User",
            "Text": "Thanks so much for wasting my time. b-bye",
            "UnixTime": 1590452699,
            "PredictedBeliefState": {
                "id": "709",
                "CustomerName": "angela"
            },
            "ActionLabel": [
                "user_plane_book_goodbye"
            ]
        },
        {
            "Action": "request_suggestions",
            "Agent": "Wizard",
            "PrimaryItem": {
                "APIName": "plane_book",
                "ReservationStatus": "Reservation Confirmed",
                "id": 709
            },
            "Text": "bye",
            "UnixTime": 1590452712
        },
        {
            "Action": "pick_suggestion",
            "ActionLabel": "goodbye_2",
            "ActionLabelOptions": [
                "goodbye_2",
                "hello",
                "plane_ask_flight_id"
            ],
            "Agent": "Wizard",
            "PrimaryItem": {
                "APIName": "plane_book",
                "ReservationStatus": "Reservation Confirmed",
                "id": 709
            },
            "Text": "Thank you and goodbye.",
            "UnixTime": 1590452713
        },
        {
            "Action": "complete",
            "Agent": "User",
            "UnixTime": 1590452716
        }
    ],
    "FORMAT-VERSION": 7,
    "IntroducesConflicts": false,
    "Scenario": {
        "Domains": [
            "plane"
        ],
        "Happy": false,
        "MultiTask": false,
        "UserTask": "Reserve flight with id 356. Your name is Angela.",
        "WizardCapabilities": [
            {
                "Domain": "plane",
                "SchemaImage": "plane_book.jpg",
                "Task": "plane_book"
            }
        ],
        "WizardTask": "Help the user book their flight."
    },
    "UserQuestionnaire": [
        {
            "Answer": true,
            "Question": "Did the AI Assistant book your flight?"
        },
        {
            "Answer": true,
            "Question": "Did the AI Assistant stay calm and helpful throughout the dialogue?"
        }
    ],
    "WizardQuestionnaire": [
        {
            "Answer": false,
            "Question": "Did the user change his/her mind about what he/she wants at any time?"
        },
        {
            "Answer": true,
            "Question": "Did the user become aggressive or annoyed during the dialogue? (Note: some users may be instructed to be annoying.)"
        },
        {
            "Answer": false,
            "Question": "Where you unsure about what to do at any time? (Feel free to send us an email with details.)"
        }
    ]
}