{
    "AnonymizedUserWorkerID": "73bd63b7-5463-b221-d8f5-2611db2cf2a3",
    "AnonymizedWizardWorkerID": "c1208bee-cdbb-9f1e-d0dc-1602f7771900",
    "BatchID": "woz_1590426434",
    "CompletionLevel": "Complete",
    "DialogueID": 1484,
    "Events": [
        {
            "Action": "utter",
            "Agent": "User",
            "Text": "Hello",
            "UnixTime": 1590455074,
            "PredictedBeliefState": {
                "ArrivalLocation": "hospital",
                "DepartureLocation": "airport",
                "CustomerName": "ben"
            },
            "ActionLabel": [
                "user_ride_book_inform_destination",
                "user_ride_book_inform_departure_location",
                "user_ride_book_inform_name",
                "user_hello"
            ]
        },
        {
            "Action": "instruct",
            "Agent": "UserGuide",
            "Text": "You really need to be there soon. If the car takes more than 27 minutes to pick you up, ask for a different one. [instruction 1 of 5]",
            "UnixTime": 1590455074
        },
        {
            "Action": "request_suggestions",
            "Agent": "Wizard",
            "Text": "hello",
            "UnixTime": 1590455078
        },
        {
            "Action": "pick_suggestion",
            "ActionLabel": "hello",
            "ActionLabelOptions": [
                "hello",
                "anything_else",
                "ride_inform_search_criteria"
            ],
            "Agent": "Wizard",
            "Text": "Hello, how can I help?",
            "UnixTime": 1590455080
        },
        {
            "Action": "utter",
            "Agent": "User",
            "Text": "I need a ride from Craig and Center to Forbes and Murray",
            "UnixTime": 1590455096,
            "PredictedBeliefState": {
                "DepartureLocation": "craig and center",
                "ArrivalLocation": "forbes and murray",
                "CustomerName": "ben"
            },
            "ActionLabel": [
                "user_ride_book_inform_departure_location",
                "user_ride_book_inform_destination",
                "user_ride_book_ask_ride_book"
            ]
        },
        {
            "Action": "instruct",
            "Agent": "UserGuide",
            "Text": "Say something about your hot date. Be creative! [instruction 2 of 5]",
            "UnixTime": 1590455096
        },
        {
            "Action": "request_suggestions",
            "Agent": "Wizard",
            "Text": "name",
            "UnixTime": 1590455111
        },
        {
            "Action": "pick_suggestion",
            "ActionLabel": "ask_name",
            "ActionLabelOptions": [
                "ask_name",
                "ride_inform_search_criteria",
                "ride_bye"
            ],
            "Agent": "Wizard",
            "Text": "May I have your name, please?",
            "UnixTime": 1590455113
        },
        {
            "Action": "utter",
            "Agent": "User",
            "Text": "Mark",
            "UnixTime": 1590455165,
            "PredictedBeliefState": {
                "DepartureLocation": "craig and center",
                "CustomerName": "mark",
                "ArrivalLocation": "forbes and murray"
            },
            "ActionLabel": [
                "user_ride_book_inform_name"
            ]
        },
        {
            "Action": "instruct",
            "Agent": "UserGuide",
            "Text": "If your ride is a Taxi, make sure your driver is not Connor. [instruction 3 of 5]",
            "UnixTime": 1590455165
        },
        {
            "APIName": "ride_book",
            "Action": "query",
            "Agent": "Wizard",
            "Constraints": [
                {
                    "CustomerName": "\"Mark\""
                },
                {
                    "DepartureLocation": "\"Craig and Center\""
                },
                {
                    "ArrivalLocation": "\"Forbes and Murray \""
                },
                {
                    "RequestType": "\"Check\""
                }
            ],
            "UnixTime": 1590455172
        },
        {
            "APIName": "ride_book",
            "Action": "return_item",
            "Agent": "KnowledgeBase",
            "Item": {
                "APIName": "ride_book",
                "AllowsChanges": false,
                "ArrivalLocation": "Forbes and Murray ",
                "CarModel": "Honda",
                "CustomerName": "Mark",
                "DepartureLocation": "Craig and Center",
                "DriverName": "Alex",
                "LicensePlate": "901 FSA",
                "MinutesTillPickup": 29,
                "Price": 25,
                "ServiceProvider": "Uber",
                "id": 87
            },
            "TotalItems": -1,
            "PredictedBeliefState": {
                "DepartureLocation": "craig and center",
                "CustomerName": "mark",
                "ArrivalLocation": "forbes and murray"
            },
            "ActionLabel": [
                "db_ask_confirm_booking"
            ]
        },
        {
            "Action": "request_suggestions",
            "Agent": "Wizard",
            "PrimaryItem": {
                "APIName": "ride_book",
                "AllowsChanges": false,
                "ArrivalLocation": "Forbes and Murray ",
                "CarModel": "Honda",
                "CustomerName": "Mark",
                "DepartureLocation": "Craig and Center",
                "DriverName": "Alex",
                "LicensePlate": "901 FSA",
                "MinutesTillPickup": 29,
                "Price": 25,
                "ServiceProvider": "Uber",
                "id": 87
            },
            "Text": "87",
            "UnixTime": 1590455176
        },
        {
            "Action": "request_suggestions",
            "Agent": "Wizard",
            "PrimaryItem": {
                "APIName": "ride_book",
                "AllowsChanges": false,
                "ArrivalLocation": "Forbes and Murray ",
                "CarModel": "Honda",
                "CustomerName": "Mark",
                "DepartureLocation": "Craig and Center",
                "DriverName": "Alex",
                "LicensePlate": "901 FSA",
                "MinutesTillPickup": 29,
                "Price": 25,
                "ServiceProvider": "Uber",
                "id": 87
            },
            "Text": "ride",
            "UnixTime": 1590455184
        },
        {
            "Action": "pick_suggestion",
            "ActionLabel": "ride_ask_confirm_booking",
            "ActionLabelOptions": [
                "ride_ask_confirm_booking",
                "ride_bye",
                "ride_ask_destination"
            ],
            "Agent": "Wizard",
            "PrimaryItem": {
                "APIName": "ride_book",
                "AllowsChanges": false,
                "ArrivalLocation": "Forbes and Murray ",
                "CarModel": "Honda",
                "CustomerName": "Mark",
                "DepartureLocation": "Craig and Center",
                "DriverName": "Alex",
                "LicensePlate": "901 FSA",
                "MinutesTillPickup": 29,
                "Price": 25,
                "ServiceProvider": "Uber",
                "id": 87
            },
            "Text": "I found a Uber ride for you from 'Craig and Center' to 'Forbes and Murray ' for 25 credits\nthat could pick you up in 29 minutes. Should I book that for you?",
            "UnixTime": 1590455187
        },
        {
            "Action": "utter",
            "Agent": "User",
            "Text": "That's going to take too long. I have a hot date and need to get there fast!",
            "UnixTime": 1590455229,
            "PredictedBeliefState": {
                "CustomerName": "mark",
                "ArrivalLocation": "forbes and murray",
                "DepartureLocation": "craig and center"
            },
            "ActionLabel": []
        },
        {
            "Action": "instruct",
            "Agent": "UserGuide",
            "Text": "You realize that you are actually closer to Broadway and Main right now. If you haven't booked yet, change your departure location to there. Otherwise, say something about the service provider of your ride. [instruction 4 of 5]",
            "UnixTime": 1590455229
        },
        {
            "APIName": "ride_book",
            "Action": "query",
            "Agent": "Wizard",
            "Constraints": [
                {
                    "CustomerName": "\"Mark\""
                },
                {
                    "DepartureLocation": "\"Craig and Center\""
                },
                {
                    "ArrivalLocation": "\"Forbes and Murray \""
                },
                {
                    "RequestType": "\"Check\""
                }
            ],
            "PrimaryItem": {
                "APIName": "ride_book",
                "AllowsChanges": false,
                "ArrivalLocation": "Forbes and Murray ",
                "CarModel": "Honda",
                "CustomerName": "Mark",
                "DepartureLocation": "Craig and Center",
                "DriverName": "Alex",
                "LicensePlate": "901 FSA",
                "MinutesTillPickup": 29,
                "Price": 25,
                "ServiceProvider": "Uber",
                "id": 87
            },
            "UnixTime": 1590455239
        },
        {
            "APIName": "ride_book",
            "Action": "return_item",
            "Agent": "KnowledgeBase",
            "Item": {
                "APIName": "ride_book",
                "AllowsChanges": true,
                "ArrivalLocation": "Forbes and Murray ",
                "CarModel": "Corolla",
                "CustomerName": "Mark",
                "DepartureLocation": "Craig and Center",
                "DriverName": "Ella",
                "LicensePlate": "901 FSA",
                "MinutesTillPickup": 7,
                "Price": 49,
                "ServiceProvider": "Taxi",
                "id": 117
            },
            "TotalItems": -1,
            "PredictedBeliefState": {
                "CustomerName": "mark",
                "ArrivalLocation": "forbes and murray",
                "DepartureLocation": "craig and center"
            },
            "ActionLabel": [
                "db_ask_confirm_booking"
            ]
        },
        {
            "Action": "request_suggestions",
            "Agent": "Wizard",
            "PrimaryItem": {
                "APIName": "ride_book",
                "AllowsChanges": true,
                "ArrivalLocation": "Forbes and Murray ",
                "CarModel": "Corolla",
                "CustomerName": "Mark",
                "DepartureLocation": "Craig and Center",
                "DriverName": "Ella",
                "LicensePlate": "901 FSA",
                "MinutesTillPickup": 7,
                "Price": 49,
                "ServiceProvider": "Taxi",
                "id": 117
            },
            "Text": "trip",
            "UnixTime": 1590455247
        },
        {
            "Action": "request_suggestions",
            "Agent": "Wizard",
            "PrimaryItem": {
                "APIName": "ride_book",
                "AllowsChanges": true,
                "ArrivalLocation": "Forbes and Murray ",
                "CarModel": "Corolla",
                "CustomerName": "Mark",
                "DepartureLocation": "Craig and Center",
                "DriverName": "Ella",
                "LicensePlate": "901 FSA",
                "MinutesTillPickup": 7,
                "Price": 49,
                "ServiceProvider": "Taxi",
                "id": 117
            },
            "Text": "ride",
            "UnixTime": 1590455255
        },
        {
            "Action": "pick_suggestion",
            "ActionLabel": "ride_ask_confirm_booking",
            "ActionLabelOptions": [
                "ride_ask_confirm_booking",
                "ride_bye",
                "ride_ask_destination"
            ],
            "Agent": "Wizard",
            "PrimaryItem": {
                "APIName": "ride_book",
                "AllowsChanges": true,
                "ArrivalLocation": "Forbes and Murray ",
                "CarModel": "Corolla",
                "CustomerName": "Mark",
                "DepartureLocation": "Craig and Center",
                "DriverName": "Ella",
                "LicensePlate": "901 FSA",
                "MinutesTillPickup": 7,
                "Price": 49,
                "ServiceProvider": "Taxi",
                "id": 117
            },
            "Text": "I found a Taxi ride for you from 'Craig and Center' to 'Forbes and Murray ' for 49 credits\nthat could pick you up in 7 minutes. Should I book that for you?",
            "UnixTime": 1590455257
        },
        {
            "Action": "utter",
            "Agent": "User",
            "Text": "Actually I'm closer to Broadway and Main, I'd rather depart from there",
            "UnixTime": 1590455293,
            "PredictedBeliefState": {
                "DepartureLocation": "broadway and main",
                "CustomerName": "mark",
                "ArrivalLocation": "forbes and murray"
            },
            "ActionLabel": [
                "user_ride_book_inform_departure_location"
            ]
        },
        {
            "Action": "instruct",
            "Agent": "UserGuide",
            "Text": "Once you have found a ride that suits you, book it and talk some more about your hot date or make a joke. Then end the conversation. [instruction 5 of 5]",
            "UnixTime": 1590455293
        },
        {
            "APIName": "ride_book",
            "Action": "query",
            "Agent": "Wizard",
            "Constraints": [
                {
                    "CustomerName": "\"Mark\""
                },
                {
                    "DepartureLocation": "\" Broadway and Main\""
                },
                {
                    "ArrivalLocation": "\"Forbes and Murray \""
                },
                {
                    "RequestType": "\"Check\""
                }
            ],
            "PrimaryItem": {
                "APIName": "ride_book",
                "AllowsChanges": true,
                "ArrivalLocation": "Forbes and Murray ",
                "CarModel": "Corolla",
                "CustomerName": "Mark",
                "DepartureLocation": "Craig and Center",
                "DriverName": "Ella",
                "LicensePlate": "901 FSA",
                "MinutesTillPickup": 7,
                "Price": 49,
                "ServiceProvider": "Taxi",
                "id": 117
            },
            "UnixTime": 1590455308
        },
        {
            "APIName": "ride_book",
            "Action": "return_item",
            "Agent": "KnowledgeBase",
            "Item": {
                "APIName": "ride_book",
                "AllowsChanges": false,
                "ArrivalLocation": "Forbes and Murray ",
                "CarModel": "Ford",
                "CustomerName": "Mark",
                "DepartureLocation": " Broadway and Main",
                "DriverName": "Ella",
                "LicensePlate": "313 EA9",
                "MinutesTillPickup": 20,
                "Price": 40,
                "ServiceProvider": "Lyft",
                "id": 496
            },
            "TotalItems": -1,
            "PredictedBeliefState": {
                "DepartureLocation": "broadway and main",
                "CustomerName": "mark",
                "ArrivalLocation": "forbes and murray"
            },
            "ActionLabel": [
                "db_ask_confirm_booking"
            ]
        },
        {
            "Action": "request_suggestions",
            "Agent": "Wizard",
            "PrimaryItem": {
                "APIName": "ride_book",
                "AllowsChanges": false,
                "ArrivalLocation": "Forbes and Murray ",
                "CarModel": "Ford",
                "CustomerName": "Mark",
                "DepartureLocation": " Broadway and Main",
                "DriverName": "Ella",
                "LicensePlate": "313 EA9",
                "MinutesTillPickup": 20,
                "Price": 40,
                "ServiceProvider": "Lyft",
                "id": 496
            },
            "Text": "ride",
            "UnixTime": 1590455313
        },
        {
            "Action": "pick_suggestion",
            "ActionLabel": "ride_ask_confirm_booking",
            "ActionLabelOptions": [
                "ride_ask_confirm_booking",
                "ride_bye",
                "ride_ask_destination"
            ],
            "Agent": "Wizard",
            "PrimaryItem": {
                "APIName": "ride_book",
                "AllowsChanges": false,
                "ArrivalLocation": "Forbes and Murray ",
                "CarModel": "Ford",
                "CustomerName": "Mark",
                "DepartureLocation": " Broadway and Main",
                "DriverName": "Ella",
                "LicensePlate": "313 EA9",
                "MinutesTillPickup": 20,
                "Price": 40,
                "ServiceProvider": "Lyft",
                "id": 496
            },
            "Text": "I found a Lyft ride for you from ' Broadway and Main' to 'Forbes and Murray ' for 40 credits\nthat could pick you up in 20 minutes. Should I book that for you?",
            "UnixTime": 1590455316
        },
        {
            "Action": "utter",
            "Agent": "User",
            "Text": "yes that works great!",
            "UnixTime": 1590455325,
            "PredictedBeliefState": {
                "ArrivalLocation": "forbes and murray",
                "CustomerName": "mark",
                "DepartureLocation": "broadway and main"
            },
            "ActionLabel": [
                "user_bad_label"
            ]
        },
        {
            "APIName": "ride_book",
            "Action": "query",
            "Agent": "Wizard",
            "Constraints": [
                {
                    "CustomerName": "\"Mark\""
                },
                {
                    "DepartureLocation": "\" Broadway and Main\""
                },
                {
                    "ArrivalLocation": "\"Forbes and Murray \""
                },
                {
                    "RequestType": "\"Book\""
                }
            ],
            "PrimaryItem": {
                "APIName": "ride_book",
                "AllowsChanges": false,
                "ArrivalLocation": "Forbes and Murray ",
                "CarModel": "Ford",
                "CustomerName": "Mark",
                "DepartureLocation": " Broadway and Main",
                "DriverName": "Ella",
                "LicensePlate": "313 EA9",
                "MinutesTillPickup": 20,
                "Price": 40,
                "ServiceProvider": "Lyft",
                "id": 496
            },
            "UnixTime": 1590455330
        },
        {
            "APIName": "ride_book",
            "Action": "return_item",
            "Agent": "KnowledgeBase",
            "Item": {
                "APIName": "ride_book",
                "Message": "Ride booked."
            },
            "TotalItems": -1,
            "PredictedBeliefState": {
                "ArrivalLocation": "forbes and murray",
                "CustomerName": "mark",
                "DepartureLocation": "broadway and main"
            },
            "ActionLabel": [
                "result_bad_label"
            ]
        },
        {
            "Action": "request_suggestions",
            "Agent": "Wizard",
            "PrimaryItem": {
                "APIName": "ride_book",
                "Message": "Ride booked."
            },
            "Text": "booked",
            "UnixTime": 1590455334
        },
        {
            "Action": "request_suggestions",
            "Agent": "Wizard",
            "PrimaryItem": {
                "APIName": "ride_book",
                "Message": "Ride booked."
            },
            "Text": "success",
            "UnixTime": 1590455340
        },
        {
            "Action": "utter",
            "Agent": "Wizard",
            "PrimaryItem": {
                "APIName": "ride_book",
                "Message": "Ride booked."
            },
            "Text": "Your ride was successfully booked.",
            "UnixTime": 1590455356
        },
        {
            "Action": "complete",
            "Agent": "User",
            "UnixTime": 1590455362
        }
    ],
    "FORMAT-VERSION": 7,
    "IntroducesConflicts": false,
    "Scenario": {
        "Domains": [
            "ride"
        ],
        "Happy": false,
        "MultiTask": false,
        "UserTask": "You need a ride from 'Craig and Center' to 'Forbes and Murray' to get to your hot date. Your name is Mark.",
        "WizardCapabilities": [
            {
                "Domain": "ride",
                "SchemaImage": "ride_book.jpg",
                "Task": "ride_book"
            }
        ],
        "WizardTask": "Help the user book a ride. "
    },
    "UserQuestionnaire": [
        {
            "Answer": true,
            "Question": "Did the assistant stay calm and helpful throughout the dialogue?"
        }
    ],
    "WizardQuestionnaire": [
        {
            "Answer": true,
            "Question": "Did the user change his/her mind about what he/she wants at any time?"
        },
        {
            "Answer": false,
            "Question": "Did the user become aggressive or annoyed during the dialogue? (Note: some users may be instructed to be annoying.)"
        },
        {
            "Answer": false,
            "Question": "Where you unsure about what to do at any time? (Feel free to send us an email with details.)"
        }
    ]
}