{
    "AnonymizedUserWorkerID": "6f51e967-ce78-081f-da64-6595f6cdfeca",
    "AnonymizedWizardWorkerID": "00f54eab-f813-a79e-fabe-cbdd3da9441d",
    "BatchID": "woz_1590426434",
    "CompletionLevel": "Complete",
    "DialogueID": 1514,
    "Events": [
        {
            "Action": "instruct",
            "Agent": "UserGuide",
            "Text": "Read the instructions on the left. In this dialogue, either act like a very annoying/grumpy person, or like a wise/serene person who'se constantly talking in profound-sounding riddles. [instruction 1 of 3]",
            "UnixTime": 1590442508
        },
        {
            "Action": "utter",
            "Agent": "User",
            "Text": "Blast it. My name is Ben and I need to reserve flight ID 433.",
            "UnixTime": 1590442535,
            "PredictedBeliefState": {
                "CustomerName": "ben",
                "id": "433"
            },
            "ActionLabel": [
                "user_plane_book_inform_name",
                "user_plane_book_inform_flight_id",
                "user_plane_book_ask_plane_book"
            ]
        },
        {
            "APIName": "plane_book",
            "Action": "query",
            "Agent": "Wizard",
            "Constraints": [
                {
                    "id": "433"
                },
                {
                    "CustomerName": "\"Ben\""
                },
                {
                    "RequestType": "\"Check\""
                }
            ],
            "UnixTime": 1590442548
        },
        {
            "APIName": "plane_book",
            "Action": "return_item",
            "Agent": "KnowledgeBase",
            "Item": {
                "APIName": "plane_book",
                "Message": "Unavailable",
                "id": 433
            },
            "TotalItems": -1,
            "PredictedBeliefState": {
                "CustomerName": "ben",
                "id": "433"
            },
            "ActionLabel": [
                "db_plane_flight_unavailable"
            ]
        },
        {
            "Action": "request_suggestions",
            "Agent": "Wizard",
            "PrimaryItem": {
                "APIName": "plane_book",
                "Message": "Unavailable",
                "id": 433
            },
            "Text": "unavailable",
            "UnixTime": 1590442552
        },
        {
            "Action": "pick_suggestion",
            "ActionLabel": "plane_flight_unavailable",
            "ActionLabelOptions": [
                "plane_flight_unavailable",
                "plane_reservation_failed",
                "plane_ask_flight_id"
            ],
            "Agent": "Wizard",
            "PrimaryItem": {
                "APIName": "plane_book",
                "Message": "Unavailable",
                "id": 433
            },
            "Text": "Sorry, but the flight with id '433' is not available any more.",
            "UnixTime": 1590442555
        },
        {
            "Action": "utter",
            "Agent": "User",
            "Text": "What the heck. I can't believe this.",
            "UnixTime": 1590442606,
            "PredictedBeliefState": {
                "CustomerName": "ben",
                "id": "433"
            },
            "ActionLabel": [
                "user_bad_label"
            ]
        },
        {
            "Action": "instruct",
            "Agent": "UserGuide",
            "Text": "The flight ID was actually 318. [instruction 2 of 3]",
            "UnixTime": 1590442606
        },
        {
            "Action": "request_suggestions",
            "Agent": "Wizard",
            "PrimaryItem": {
                "APIName": "plane_book",
                "Message": "Unavailable",
                "id": 433
            },
            "Text": "would you like to search for a different flight?",
            "UnixTime": 1590442628
        },
        {
            "Action": "pick_suggestion",
            "ActionLabel": "plane_inform_nothing_found",
            "ActionLabelOptions": [
                "plane_flight_available",
                "plane_inform_nothing_found",
                "plane_ask_flight_id"
            ],
            "Agent": "Wizard",
            "PrimaryItem": {
                "APIName": "plane_book",
                "Message": "Unavailable",
                "id": 433
            },
            "Text": "Unfortunately there are no flights that match your search. Would you like to change any of your criteria?",
            "UnixTime": 1590442637
        },
        {
            "Action": "utter",
            "Agent": "User",
            "Text": "Actually the flight ID is 318. Urgh.",
            "UnixTime": 1590442651,
            "PredictedBeliefState": {
                "id": "318",
                "CustomerName": "ben"
            },
            "ActionLabel": [
                "user_plane_book_inform_flight_id"
            ]
        },
        {
            "Action": "instruct",
            "Agent": "UserGuide",
            "Text": "Once you've booked the flight 318 (or learned that booking is not possible), you can end the conversation. You can also keep writing for a bit, if you like :) [instruction 3 of 3]",
            "UnixTime": 1590442651
        },
        {
            "APIName": "plane_book",
            "Action": "query",
            "Agent": "Wizard",
            "Constraints": [
                {
                    "id": "318"
                },
                {
                    "CustomerName": "\"Ben\""
                },
                {
                    "RequestType": "\"Check\""
                }
            ],
            "PrimaryItem": {
                "APIName": "plane_book",
                "Message": "Unavailable",
                "id": 433
            },
            "UnixTime": 1590442663
        },
        {
            "APIName": "plane_book",
            "Action": "return_item",
            "Agent": "KnowledgeBase",
            "Item": {
                "APIName": "plane_book",
                "Message": "Unavailable",
                "id": 318
            },
            "TotalItems": -1,
            "PredictedBeliefState": {
                "id": "318",
                "CustomerName": "ben"
            },
            "ActionLabel": [
                "db_plane_flight_unavailable"
            ]
        },
        {
            "Action": "request_suggestions",
            "Agent": "Wizard",
            "PrimaryItem": {
                "APIName": "plane_book",
                "Message": "Unavailable",
                "id": 318
            },
            "Text": "that flight is unavailable",
            "UnixTime": 1590442670
        },
        {
            "Action": "pick_suggestion",
            "ActionLabel": "plane_flight_unavailable",
            "ActionLabelOptions": [
                "plane_flight_unavailable",
                "plane_flight_available",
                "plane_ask_flight_id"
            ],
            "Agent": "Wizard",
            "PrimaryItem": {
                "APIName": "plane_book",
                "Message": "Unavailable",
                "id": 318
            },
            "Text": "Sorry, but the flight with id '318' is not available any more.",
            "UnixTime": 1590442673
        },
        {
            "Action": "utter",
            "Agent": "User",
            "Text": "Nevermind.",
            "UnixTime": 1590442691,
            "PredictedBeliefState": {
                "id": "318",
                "CustomerName": "ben"
            },
            "ActionLabel": [
                "user_plane_book_thanks"
            ]
        },
        {
            "Action": "request_suggestions",
            "Agent": "Wizard",
            "PrimaryItem": {
                "APIName": "plane_book",
                "Message": "Unavailable",
                "id": 318
            },
            "Text": "is there anything else?",
            "UnixTime": 1590442704
        },
        {
            "Action": "pick_suggestion",
            "ActionLabel": "anything_else",
            "ActionLabelOptions": [
                "anything_else",
                "out_of_scope",
                "plane_flight_available"
            ],
            "Agent": "Wizard",
            "PrimaryItem": {
                "APIName": "plane_book",
                "Message": "Unavailable",
                "id": 318
            },
            "Text": "Is there anything else that I can do for you?",
            "UnixTime": 1590442707
        },
        {
            "Action": "complete",
            "Agent": "User",
            "UnixTime": 1590442722
        }
    ],
    "FORMAT-VERSION": 7,
    "IntroducesConflicts": false,
    "Scenario": {
        "Domains": [
            "plane"
        ],
        "Happy": false,
        "MultiTask": false,
        "UserTask": "Reserve flight with id 433. Your name is Ben.",
        "WizardCapabilities": [
            {
                "Domain": "plane",
                "SchemaImage": "plane_book.jpg",
                "Task": "plane_book"
            }
        ],
        "WizardTask": "Help the user book their flight."
    },
    "UserQuestionnaire": [
        {
            "Answer": false,
            "Question": "Did the AI Assistant book your flight?"
        },
        {
            "Answer": true,
            "Question": "Did the AI Assistant stay calm and helpful throughout the dialogue?"
        }
    ],
    "WizardQuestionnaire": [
        {
            "Answer": false,
            "Question": "Did the user change his/her mind about what he/she wants at any time?"
        },
        {
            "Answer": true,
            "Question": "Did the user become aggressive or annoyed during the dialogue? (Note: some users may be instructed to be annoying.)"
        },
        {
            "Answer": false,
            "Question": "Where you unsure about what to do at any time? (Feel free to send us an email with details.)"
        }
    ]
}