{
  "AnonymizedUserWorkerID": "91b16ed4-3c20-2cd4-e99c-ff1316c27cf2",
  "AnonymizedWizardWorkerID": "239936e4-190b-4d6e-8038-57290b8802d4",
  "BatchID": "woz_1589997353",
  "CompletionLevel": "Complete",
  "DialogueID": 1578,
  "Events": [
    {
      "Action": "instruct",
      "Agent": "UserGuide",
      "Text": "Say hello and ask for directions (see left panel). [instruction 1 of 4]",
      "UnixTime": 1590029106
    },
    {
      "Action": "utter",
      "Agent": "User",
      "Text": "Hello can you help me with some directions?",
      "UnixTime": 1590029146
    },
    {
      "Action": "request_suggestions",
      "Agent": "Wizard",
      "Text": "travel mode",
      "UnixTime": 1590029181
    },
    {
      "Action": "pick_suggestion",
      "ActionLabel": "trip_ask_travel_mode",
      "ActionLabelOptions": [
        "trip_ask_travel_mode",
        "trip_inform_simple_step_ask_proceed",
        "trip_instructions_done"
      ],
      "Agent": "Wizard",
      "Text": "Do you want to drive, walk, or use public transit?",
      "UnixTime": 1590029184
    },
    {
      "Action": "utter",
      "Agent": "User",
      "Text": "I think I'll walk.  I could stand to lose some weight.",
      "UnixTime": 1590029201
    },
    {
      "Action": "request_suggestions",
      "Agent": "Wizard",
      "Text": "departure location",
      "UnixTime": 1590029216
    },
    {
      "Action": "pick_suggestion",
      "ActionLabel": "custom",
      "ActionLabelOptions": [
        "custom"
      ],
      "Agent": "Wizard",
      "Text": "departure location",
      "UnixTime": 1590029219
    },
    {
      "Action": "utter",
      "Agent": "User",
      "Text": "Forbes and Murray and I need to go to the Airport.",
      "UnixTime": 1590029242
    },
    {
      "Action": "instruct",
      "Agent": "UserGuide",
      "Text": "If you haven't yet, start a game of trivia with the assistant while you're getting directions (see left panel). [instruction 2 of 4]",
      "UnixTime": 1590029242
    },
    {
      "Action": "request_suggestions",
      "Agent": "Wizard",
      "Text": "departure time",
      "UnixTime": 1590029271
    },
    {
      "Action": "pick_suggestion",
      "ActionLabel": "trip_ask_departure_time",
      "ActionLabelOptions": [
        "trip_ask_departure_time",
        "trip_instructions_done",
        "goodbye_1"
      ],
      "Agent": "Wizard",
      "Text": "When are you going to start your trip?",
      "UnixTime": 1590029274
    },
    {
      "Action": "utter",
      "Agent": "User",
      "Text": "2 pm sounds like a nice time to start.",
      "UnixTime": 1590029309
    },
    {
      "APIName": "trip_directions",
      "Action": "query",
      "Agent": "Wizard",
      "Constraints": [
        {
          "DepartureLocation": "\"Forbes and Murray\""
        },
        {
          "ArrivalLocation": "\"Airport\""
        },
        {
          "TravelMode": "\"Walking\""
        },
        {
          "DepartureTime": "\"2 pm\""
        }
      ],
      "UnixTime": 1590029316
    },
    {
      "APIName": "trip_directions",
      "Action": "return_item",
      "Agent": "KnowledgeBase",
      "Item": {
        "APIName": "trip_directions",
        "DetailedWalkingInstructions": [
          "Walk east (away from the school) for 10 minutes on University Boulevard. You will pass a library.",
          "Turn right on Allison Road, right after the McDonalds. You should see a park on your right.",
          "Turn left after the park and your destination will be on the left next to the grey apartment building."
        ],
        "TravelMode": "Walking",
        "TripLengthMinutes": 43,
        "WalkingInstructions": [
          "Walk east for 10 minutes on University Boulevard",
          "Turn right on Allison Road, right after the McDonalds.",
          "Turn left after the park and your destination will be on the left."
        ],
        "id": 961
      },
      "TotalItems": -1
    },
    {
      "Action": "request_suggestions",
      "Agent": "Wizard",
      "PrimaryItem": {
        "APIName": "trip_directions",
        "DetailedWalkingInstructions": [
          "Walk east (away from the school) for 10 minutes on University Boulevard. You will pass a library.",
          "Turn right on Allison Road, right after the McDonalds. You should see a park on your right.",
          "Turn left after the park and your destination will be on the left next to the grey apartment building."
        ],
        "TravelMode": "Walking",
        "TripLengthMinutes": 43,
        "WalkingInstructions": [
          "Walk east for 10 minutes on University Boulevard",
          "Turn right on Allison Road, right after the McDonalds.",
          "Turn left after the park and your destination will be on the left."
        ],
        "id": 961
      },
      "Text": "Walk east for 10 minutes",
      "UnixTime": 1590029328
    },
    {
      "Action": "pick_suggestion",
      "ActionLabel": "trip_inform_simple_step_ask_proceed",
      "ActionLabelOptions": [
        "trip_inform_simple_step_ask_proceed",
        "trip_ask_arrival_location",
        "trip_instructions_done"
      ],
      "Agent": "Wizard",
      "PrimaryItem": {
        "APIName": "trip_directions",
        "DetailedWalkingInstructions": [
          "Walk east (away from the school) for 10 minutes on University Boulevard. You will pass a library.",
          "Turn right on Allison Road, right after the McDonalds. You should see a park on your right.",
          "Turn left after the park and your destination will be on the left next to the grey apartment building."
        ],
        "TravelMode": "Walking",
        "TripLengthMinutes": 43,
        "WalkingInstructions": [
          "Walk east for 10 minutes on University Boulevard",
          "Turn right on Allison Road, right after the McDonalds.",
          "Turn left after the park and your destination will be on the left."
        ],
        "id": 961
      },
      "Text": "Walk east for 10 minutes on University Boulevard. Can I proceed or do you require more detailed instructions?",
      "UnixTime": 1590029330
    },
    {
      "Action": "utter",
      "Agent": "User",
      "Text": "I wrote that down so you can go onto the next step please.",
      "UnixTime": 1590029348
    },
    {
      "Action": "request_suggestions",
      "Agent": "Wizard",
      "PrimaryItem": {
        "APIName": "trip_directions",
        "DetailedWalkingInstructions": [
          "Walk east (away from the school) for 10 minutes on University Boulevard. You will pass a library.",
          "Turn right on Allison Road, right after the McDonalds. You should see a park on your right.",
          "Turn left after the park and your destination will be on the left next to the grey apartment building."
        ],
        "TravelMode": "Walking",
        "TripLengthMinutes": 43,
        "WalkingInstructions": [
          "Walk east for 10 minutes on University Boulevard",
          "Turn right on Allison Road, right after the McDonalds.",
          "Turn left after the park and your destination will be on the left."
        ],
        "id": 961
      },
      "Text": "Turn left after the park",
      "UnixTime": 1590029377
    },
    {
      "Action": "pick_suggestion",
      "ActionLabel": "trip_inform_simple_step_ask_proceed",
      "ActionLabelOptions": [
        "trip_inform_simple_step_ask_proceed",
        "trip_inform_last_step_and_done",
        "out_of_scope"
      ],
      "Agent": "Wizard",
      "PrimaryItem": {
        "APIName": "trip_directions",
        "DetailedWalkingInstructions": [
          "Walk east (away from the school) for 10 minutes on University Boulevard. You will pass a library.",
          "Turn right on Allison Road, right after the McDonalds. You should see a park on your right.",
          "Turn left after the park and your destination will be on the left next to the grey apartment building."
        ],
        "TravelMode": "Walking",
        "TripLengthMinutes": 43,
        "WalkingInstructions": [
          "Walk east for 10 minutes on University Boulevard",
          "Turn right on Allison Road, right after the McDonalds.",
          "Turn left after the park and your destination will be on the left."
        ],
        "id": 961
      },
      "Text": "Turn left after the park and your destination will be on the left. Can I proceed or do you require more detailed instructions?",
      "UnixTime": 1590029380
    },
    {
      "Action": "utter",
      "Agent": "User",
      "Text": "I wrote that down also.  I'm starting to walk now can we play a little trivia while I walk?",
      "UnixTime": 1590029397
    },
    {
      "Action": "instruct",
      "Agent": "UserGuide",
      "Text": "Also ask for more details on some instructions. [instruction 3 of 4]",
      "UnixTime": 1590029397
    },
    {
      "Action": "select_task",
      "Agent": "Wizard",
      "PrimaryItem": {
        "APIName": "trip_directions",
        "DetailedWalkingInstructions": [
          "Walk east (away from the school) for 10 minutes on University Boulevard. You will pass a library.",
          "Turn right on Allison Road, right after the McDonalds. You should see a park on your right.",
          "Turn left after the park and your destination will be on the left next to the grey apartment building."
        ],
        "TravelMode": "Walking",
        "TripLengthMinutes": 43,
        "WalkingInstructions": [
          "Walk east for 10 minutes on University Boulevard",
          "Turn right on Allison Road, right after the McDonalds.",
          "Turn left after the park and your destination will be on the left."
        ],
        "id": 961
      },
      "Task": "trivia",
      "UnixTime": 1590029404
    },
    {
      "Action": "request_suggestions",
      "Agent": "Wizard",
      "PrimaryItem": {
        "APIName": "trip_directions",
        "DetailedWalkingInstructions": [
          "Walk east (away from the school) for 10 minutes on University Boulevard. You will pass a library.",
          "Turn right on Allison Road, right after the McDonalds. You should see a park on your right.",
          "Turn left after the park and your destination will be on the left next to the grey apartment building."
        ],
        "TravelMode": "Walking",
        "TripLengthMinutes": 43,
        "WalkingInstructions": [
          "Walk east for 10 minutes on University Boulevard",
          "Turn right on Allison Road, right after the McDonalds.",
          "Turn left after the park and your destination will be on the left."
        ],
        "id": 961
      },
      "Text": "what number",
      "UnixTime": 1590029410
    },
    {
      "Action": "pick_suggestion",
      "ActionLabel": "trivia_ask_question_number",
      "ActionLabelOptions": [
        "trivia_ask_question_number",
        "trip_ask_departure_time",
        "ask_departure_location",
        "out_of_scope",
        "out_of_scope",
        "anything_else"
      ],
      "Agent": "Wizard",
      "PrimaryItem": {
        "APIName": "trip_directions",
        "DetailedWalkingInstructions": [
          "Walk east (away from the school) for 10 minutes on University Boulevard. You will pass a library.",
          "Turn right on Allison Road, right after the McDonalds. You should see a park on your right.",
          "Turn left after the park and your destination will be on the left next to the grey apartment building."
        ],
        "TravelMode": "Walking",
        "TripLengthMinutes": 43,
        "WalkingInstructions": [
          "Walk east for 10 minutes on University Boulevard",
          "Turn right on Allison Road, right after the McDonalds.",
          "Turn left after the park and your destination will be on the left."
        ],
        "id": 961
      },
      "Text": "At what question would you like to start?",
      "UnixTime": 1590029413
    },
    {
      "Action": "utter",
      "Agent": "User",
      "Text": "Question 7 please.",
      "UnixTime": 1590029419
    },
    {
      "Action": "instruct",
      "Agent": "UserGuide",
      "Text": "Keep going until you've arrived at your destination. Then bring the conversation to a natural close. [instruction 4 of 4]",
      "UnixTime": 1590029419
    },
    {
      "APIName": "trivia",
      "Action": "query",
      "Agent": "Wizard",
      "Constraints": [
        {
          "QuestionNum": "7"
        }
      ],
      "PrimaryItem": {
        "APIName": "trip_directions",
        "DetailedWalkingInstructions": [
          "Walk east (away from the school) for 10 minutes on University Boulevard. You will pass a library.",
          "Turn right on Allison Road, right after the McDonalds. You should see a park on your right.",
          "Turn left after the park and your destination will be on the left next to the grey apartment building."
        ],
        "TravelMode": "Walking",
        "TripLengthMinutes": 43,
        "WalkingInstructions": [
          "Walk east for 10 minutes on University Boulevard",
          "Turn right on Allison Road, right after the McDonalds.",
          "Turn left after the park and your destination will be on the left."
        ],
        "id": 961
      },
      "UnixTime": 1590029427
    },
    {
      "APIName": "trivia",
      "Action": "return_item",
      "Agent": "KnowledgeBase",
      "Item": {
        "APIName": "trivia",
        "Answer": "do not iron",
        "Question": "A 300,000 pound wedding dress made of platinum was once exhibited, and in the instructions from the designer was a warning. What was it"
      },
      "TotalItems": -1
    },
    {
      "Action": "request_suggestions",
      "Agent": "Wizard",
      "PrimaryItem": {
        "APIName": "trivia",
        "Answer": "do not iron",
        "Question": "A 300,000 pound wedding dress made of platinum was once exhibited, and in the instructions from the designer was a warning. What was it"
      },
      "Text": "a 300",
      "UnixTime": 1590029431
    },
    {
      "Action": "pick_suggestion",
      "ActionLabel": "trivia_ask_question",
      "ActionLabelOptions": [
        "trivia_ask_question",
        "trivia_bye",
        "trivia_inform_nothing_found"
      ],
      "Agent": "Wizard",
      "PrimaryItem": {
        "APIName": "trivia",
        "Answer": "do not iron",
        "Question": "A 300,000 pound wedding dress made of platinum was once exhibited, and in the instructions from the designer was a warning. What was it"
      },
      "Text": "A 300,000 pound wedding dress made of platinum was once exhibited, and in the instructions from the designer was a warning. What was it",
      "UnixTime": 1590029437
    },
    {
      "Action": "utter",
      "Agent": "User",
      "Text": "Do not iron!",
      "UnixTime": 1590029443
    },
    {
      "Action": "request_suggestions",
      "Agent": "Wizard",
      "PrimaryItem": {
        "APIName": "trivia",
        "Answer": "do not iron",
        "Question": "A 300,000 pound wedding dress made of platinum was once exhibited, and in the instructions from the designer was a warning. What was it"
      },
      "Text": "correct",
      "UnixTime": 1590029457
    },
    {
      "Action": "pick_suggestion",
      "ActionLabel": "trivia_inform_answer_correct_ask_next",
      "ActionLabelOptions": [
        "trivia_inform_answer_correct_ask_next",
        "out_of_scope",
        "trivia_inform_answer_incorrect_ask_next"
      ],
      "Agent": "Wizard",
      "PrimaryItem": {
        "APIName": "trivia",
        "Answer": "do not iron",
        "Question": "A 300,000 pound wedding dress made of platinum was once exhibited, and in the instructions from the designer was a warning. What was it"
      },
      "Text": "Your answer was correct! Great job! Would you like to continue playing?",
      "UnixTime": 1590029459
    },
    {
      "Action": "utter",
      "Agent": "User",
      "Text": "Yes let's play one more.",
      "UnixTime": 1590029469
    },
    {
      "APIName": "trivia",
      "Action": "query",
      "Agent": "Wizard",
      "Constraints": [
        {
          "QuestionNum": "8"
        }
      ],
      "PrimaryItem": {
        "APIName": "trivia",
        "Answer": "do not iron",
        "Question": "A 300,000 pound wedding dress made of platinum was once exhibited, and in the instructions from the designer was a warning. What was it"
      },
      "UnixTime": 1590029475
    },
    {
      "APIName": "trivia",
      "Action": "return_item",
      "Agent": "KnowledgeBase",
      "Item": {
        "APIName": "trivia",
        "Answer": "two in the bush",
        "Question": "A bird in the hand is worth ____"
      },
      "TotalItems": -1
    },
    {
      "Action": "request_suggestions",
      "Agent": "Wizard",
      "PrimaryItem": {
        "APIName": "trivia",
        "Answer": "two in the bush",
        "Question": "A bird in the hand is worth ____"
      },
      "Text": "a bird",
      "UnixTime": 1590029479
    },
    {
      "Action": "pick_suggestion",
      "ActionLabel": "trivia_ask_question",
      "ActionLabelOptions": [
        "trivia_ask_question",
        "trivia_inform_answer_2_ask_next",
        "out_of_scope"
      ],
      "Agent": "Wizard",
      "PrimaryItem": {
        "APIName": "trivia",
        "Answer": "two in the bush",
        "Question": "A bird in the hand is worth ____"
      },
      "Text": "A bird in the hand is worth ____",
      "UnixTime": 1590029481
    },
    {
      "Action": "utter",
      "Agent": "User",
      "Text": "two in the bush!",
      "UnixTime": 1590029488
    },
    {
      "Action": "request_suggestions",
      "Agent": "Wizard",
      "PrimaryItem": {
        "APIName": "trivia",
        "Answer": "two in the bush",
        "Question": "A bird in the hand is worth ____"
      },
      "Text": "correct",
      "UnixTime": 1590029497
    },
    {
      "Action": "pick_suggestion",
      "ActionLabel": "trivia_inform_answer_correct_ask_next",
      "ActionLabelOptions": [
        "trivia_inform_answer_correct_ask_next",
        "out_of_scope",
        "trivia_inform_answer_incorrect_ask_next"
      ],
      "Agent": "Wizard",
      "PrimaryItem": {
        "APIName": "trivia",
        "Answer": "two in the bush",
        "Question": "A bird in the hand is worth ____"
      },
      "Text": "Your answer was correct! Great job! Would you like to continue playing?",
      "UnixTime": 1590029499
    },
    {
      "Action": "utter",
      "Agent": "User",
      "Text": "Nah let's get back to those directions.  I walked the first two sets of directions you gave me already.",
      "UnixTime": 1590029528
    },
    {
      "Action": "request_suggestions",
      "Agent": "Wizard",
      "PrimaryItem": {
        "APIName": "trivia",
        "Answer": "two in the bush",
        "Question": "A bird in the hand is worth ____"
      },
      "Text": "That was the final direction. ",
      "UnixTime": 1590029639
    },
    {
      "Action": "request_suggestions",
      "Agent": "Wizard",
      "PrimaryItem": {
        "APIName": "trivia",
        "Answer": "two in the bush",
        "Question": "A bird in the hand is worth ____"
      },
      "Text": "you have reached your destination",
      "UnixTime": 1590029654
    },
    {
      "Action": "utter",
      "Agent": "Wizard",
      "PrimaryItem": {
        "APIName": "trivia",
        "Answer": "two in the bush",
        "Question": "A bird in the hand is worth ____"
      },
      "Text": "That was the final step. ",
      "UnixTime": 1590029665
    },
    {
      "Action": "utter",
      "Agent": "User",
      "Text": "Oh great.  I guess I should open my eyes I guess I am here!  Can we play one more trivia question?  Question 3?",
      "UnixTime": 1590029691
    },
    {
      "APIName": "trivia",
      "Action": "query",
      "Agent": "Wizard",
      "Constraints": [
        {
          "QuestionNum": "9"
        }
      ],
      "PrimaryItem": {
        "APIName": "trivia",
        "Answer": "two in the bush",
        "Question": "A bird in the hand is worth ____"
      },
      "UnixTime": 1590029709
    },
    {
      "APIName": "trivia",
      "Action": "return_item",
      "Agent": "KnowledgeBase",
      "Item": {
        "APIName": "trivia",
        "Answer": "briquette",
        "Question": "A block of compressed coal dust used as fuel"
      },
      "TotalItems": -1
    },
    {
      "Action": "request_suggestions",
      "Agent": "Wizard",
      "PrimaryItem": {
        "APIName": "trivia",
        "Answer": "briquette",
        "Question": "A block of compressed coal dust used as fuel"
      },
      "Text": "a block of compressed",
      "UnixTime": 1590029717
    },
    {
      "Action": "pick_suggestion",
      "ActionLabel": "trivia_ask_question",
      "ActionLabelOptions": [
        "trivia_ask_question",
        "trivia_inform_answer_2_ask_next",
        "hello"
      ],
      "Agent": "Wizard",
      "PrimaryItem": {
        "APIName": "trivia",
        "Answer": "briquette",
        "Question": "A block of compressed coal dust used as fuel"
      },
      "Text": "A block of compressed coal dust used as fuel",
      "UnixTime": 1590029719
    },
    {
      "Action": "utter",
      "Agent": "User",
      "Text": "Ohhh tough one to end on!  I have no idea!",
      "UnixTime": 1590029731
    },
    {
      "Action": "request_suggestions",
      "Agent": "Wizard",
      "PrimaryItem": {
        "APIName": "trivia",
        "Answer": "briquette",
        "Question": "A block of compressed coal dust used as fuel"
      },
      "Text": "wrong",
      "UnixTime": 1590029739
    },
    {
      "Action": "pick_suggestion",
      "ActionLabel": "trivia_inform_answer_incorrect_ask_next",
      "ActionLabelOptions": [
        "trivia_inform_answer_incorrect_ask_next",
        "trivia_bye",
        "trivia_ask_question"
      ],
      "Agent": "Wizard",
      "PrimaryItem": {
        "APIName": "trivia",
        "Answer": "briquette",
        "Question": "A block of compressed coal dust used as fuel"
      },
      "Text": "Unfortunately your answer was wrong. 'briquette' would have been correct.\nWould you like to continue playing?",
      "UnixTime": 1590029741
    },
    {
      "Action": "utter",
      "Agent": "User",
      "Text": "Dang nope I'm good I need to get inside the Airport.  Thank you for all your amazing help!",
      "UnixTime": 1590029774
    },
    {
      "Action": "request_suggestions",
      "Agent": "Wizard",
      "PrimaryItem": {
        "APIName": "trivia",
        "Answer": "briquette",
        "Question": "A block of compressed coal dust used as fuel"
      },
      "Text": "anything else",
      "UnixTime": 1590029789
    },
    {
      "Action": "pick_suggestion",
      "ActionLabel": "anything_else",
      "ActionLabelOptions": [
        "anything_else",
        "trivia_inform_answer_2_ask_next",
        "trivia_inform_answer_correct_ask_next"
      ],
      "Agent": "Wizard",
      "PrimaryItem": {
        "APIName": "trivia",
        "Answer": "briquette",
        "Question": "A block of compressed coal dust used as fuel"
      },
      "Text": "Is there anything else that I can do for you?",
      "UnixTime": 1590029792
    },
    {
      "Action": "utter",
      "Agent": "User",
      "Text": "That's it!  Thank you!  Goodbye!",
      "UnixTime": 1590029806
    },
    {
      "Action": "request_suggestions",
      "Agent": "Wizard",
      "PrimaryItem": {
        "APIName": "trivia",
        "Answer": "briquette",
        "Question": "A block of compressed coal dust used as fuel"
      },
      "Text": "bye",
      "UnixTime": 1590029811
    },
    {
      "Action": "pick_suggestion",
      "ActionLabel": "trivia_bye",
      "ActionLabelOptions": [
        "trivia_bye",
        "trivia_ask_question",
        "trivia_inform_answer_incorrect_ask_next"
      ],
      "Agent": "Wizard",
      "PrimaryItem": {
        "APIName": "trivia",
        "Answer": "briquette",
        "Question": "A block of compressed coal dust used as fuel"
      },
      "Text": "Nice playing with you, bye!",
      "UnixTime": 1590029813
    },
    {
      "Action": "complete",
      "Agent": "User",
      "UnixTime": 1590029830
    }
  ],
  "FORMAT-VERSION": 7,
  "IntroducesConflicts": false,
  "Scenario": {
    "Domains": [
      "trip",
      "trivia"
    ],
    "Happy": false,
    "MultiTask": true,
    "UserTask": "You want directions from 'Forbes and Murray' to 'Airport', leaving now (8 pm). As the assistant gives you the directions, alternate randomly between (i) asking for the next instruction, (ii) asking for more details, and (iii) asking for the next trivia question (start at question 3)\n\n The AI Assistant can handle:\n- Giving trip directions\n- Playing trivia",
    "WizardCapabilities": [
      {
        "Domain": "trip",
        "SchemaImage": "trip_directions.jpg",
        "Task": "trip_directions"
      },
      {
        "Domain": "trivia",
        "SchemaImage": "trivia.jpg",
        "Task": "trivia"
      }
    ],
    "WizardTask": "Follow the flow charts and help the user. Assume:\n\n- Today is Tuesday the 19th, 8 pm"
  },
  "UserQuestionnaire": [
    {
      "Answer": true,
      "Question": "Did the assistant stay calm and helpful throughout the dialogue?"
    }
  ],
  "WizardQuestionnaire": [
    {
      "Answer": false,
      "Question": "Did the user change his/her mind about what he/she wants at any time?"
    },
    {
      "Answer": false,
      "Question": "Did the user become aggressive or annoyed during the dialogue? (Note: some users may be instructed to be annoying.)"
    },
    {
      "Answer": false,
      "Question": "Where you unsure about what to do at any time? (Feel free to send us an email with details.)"
    }
  ]
}