{
  "AnonymizedUserWorkerID": "a0362f23-a428-0712-805e-13fe4ea1da38",
  "AnonymizedWizardWorkerID": "73bd63b7-5463-b221-d8f5-2611db2cf2a3",
  "BatchID": "woz_1589997353",
  "CompletionLevel": "Complete",
  "DialogueID": 1592,
  "Events": [
    {
      "Action": "instruct",
      "Agent": "UserGuide",
      "Text": "Use your imagination to generate a conversation about the topics 'finding a flight from Chicago to Pittsburgh' and 'reserving a flight' (in any order), as shown on the left. You may also ask the assistant about the weather.  [instruction 1 of 6]",
      "UnixTime": 1590024721
    },
    {
      "Action": "utter",
      "Agent": "User",
      "Text": "Hi, my name is John. Can you help me find a flight from Chicago to Pittsburgh?",
      "UnixTime": 1590024740
    },
    {
      "Action": "request_suggestions",
      "Agent": "Wizard",
      "Text": "depart",
      "UnixTime": 1590024785
    },
    {
      "Action": "pick_suggestion",
      "ActionLabel": "ask_departure_location",
      "ActionLabelOptions": [
        "ask_departure_location",
        "hello",
        "goodbye_2"
      ],
      "Agent": "Wizard",
      "Text": "Where are you departing from?",
      "UnixTime": 1590024787
    },
    {
      "Action": "utter",
      "Agent": "User",
      "Text": "Chicago",
      "UnixTime": 1590024794
    },
    {
      "Action": "request_suggestions",
      "Agent": "Wizard",
      "Text": "date",
      "UnixTime": 1590024800
    },
    {
      "Action": "pick_suggestion",
      "ActionLabel": "plane_ask_date",
      "ActionLabelOptions": [
        "plane_ask_date",
        "plane_request_optional",
        "goodbye_2"
      ],
      "Agent": "Wizard",
      "Text": "On what day do you want the plane to arrive?",
      "UnixTime": 1590024804
    },
    {
      "Action": "utter",
      "Agent": "User",
      "Text": "26th",
      "UnixTime": 1590024808
    },
    {
      "Action": "instruct",
      "Agent": "UserGuide",
      "Text": "Please have some smalltalk with the AI Assistant at some point in this dialogue. [instruction 2 of 6]",
      "UnixTime": 1590024808
    },
    {
      "APIName": "plane_search",
      "Action": "query",
      "Agent": "Wizard",
      "Constraints": [
        {
          "DepartureCity": "\"Chicago\""
        },
        {
          "ArrivalCity": "api.is_equal_to(\"Los Angeles\")"
        },
        {
          "Date": "\"26th\""
        }
      ],
      "UnixTime": 1590024817
    },
    {
      "APIName": "plane_search",
      "Action": "return_item",
      "Agent": "KnowledgeBase",
      "TotalItems": 0
    },
    {
      "Action": "request_suggestions",
      "Agent": "Wizard",
      "Text": "nothing",
      "UnixTime": 1590024822
    },
    {
      "Action": "pick_suggestion",
      "ActionLabel": "plane_inform_nothing_found",
      "ActionLabelOptions": [
        "out_of_scope",
        "plane_inform_nothing_found",
        "ask_departure_location"
      ],
      "Agent": "Wizard",
      "Text": "Unfortunately there are no flights that match your search. Would you like to change any of your criteria?",
      "UnixTime": 1590024826
    },
    {
      "Action": "utter",
      "Agent": "User",
      "Text": "Let's try the 25th.",
      "UnixTime": 1590024835
    },
    {
      "APIName": "plane_search",
      "Action": "query",
      "Agent": "Wizard",
      "Constraints": [
        {
          "DepartureCity": "\"Chicago\""
        },
        {
          "ArrivalCity": "api.is_equal_to(\"Los Angeles\")"
        },
        {
          "Date": "\"25th\""
        }
      ],
      "UnixTime": 1590024845
    },
    {
      "APIName": "plane_search",
      "Action": "return_item",
      "Agent": "KnowledgeBase",
      "TotalItems": 0
    },
    {
      "Action": "request_suggestions",
      "Agent": "Wizard",
      "Text": "nothing",
      "UnixTime": 1590024851
    },
    {
      "Action": "pick_suggestion",
      "ActionLabel": "plane_inform_nothing_found",
      "ActionLabelOptions": [
        "out_of_scope",
        "plane_inform_nothing_found",
        "ask_departure_location"
      ],
      "Agent": "Wizard",
      "Text": "Unfortunately there are no flights that match your search. Would you like to change any of your criteria?",
      "UnixTime": 1590024854
    },
    {
      "Action": "utter",
      "Agent": "User",
      "Text": "Let's try the 23rd or the 24th.",
      "UnixTime": 1590024867
    },
    {
      "Action": "instruct",
      "Agent": "UserGuide",
      "Text": "If you haven't yet, it's time to change topic. You can also go back and forth between topics. [instruction 3 of 6]",
      "UnixTime": 1590024867
    },
    {
      "APIName": "plane_search",
      "Action": "query",
      "Agent": "Wizard",
      "Constraints": [
        {
          "DepartureCity": "\"Chicago\""
        },
        {
          "ArrivalCity": "api.is_equal_to(\"Los Angeles\")"
        },
        {
          "Date": "\"24th\""
        }
      ],
      "UnixTime": 1590024878
    },
    {
      "APIName": "plane_search",
      "Action": "return_item",
      "Agent": "KnowledgeBase",
      "Item": {
        "APIName": "plane_search",
        "Airline": "Delta",
        "ArrivalCity": "Los Angeles",
        "ArrivalTime": "8 am",
        "Class": "Economy",
        "Date": "24th",
        "DepartureCity": "Chicago",
        "DurationHours": 3,
        "Price": 274,
        "id": 666
      },
      "TotalItems": 1
    },
    {
      "Action": "request_suggestions",
      "Agent": "Wizard",
      "PrimaryItem": {
        "APIName": "plane_search",
        "Airline": "Delta",
        "ArrivalCity": "Los Angeles",
        "ArrivalTime": "8 am",
        "Class": "Economy",
        "Date": "24th",
        "DepartureCity": "Chicago",
        "DurationHours": 3,
        "Price": 274,
        "id": 666
      },
      "Text": "flight",
      "UnixTime": 1590024886
    },
    {
      "Action": "request_suggestions",
      "Agent": "Wizard",
      "PrimaryItem": {
        "APIName": "plane_search",
        "Airline": "Delta",
        "ArrivalCity": "Los Angeles",
        "ArrivalTime": "8 am",
        "Class": "Economy",
        "Date": "24th",
        "DepartureCity": "Chicago",
        "DurationHours": 3,
        "Price": 274,
        "id": 666
      },
      "Text": "found",
      "UnixTime": 1590024890
    },
    {
      "Action": "request_suggestions",
      "Agent": "Wizard",
      "PrimaryItem": {
        "APIName": "plane_search",
        "Airline": "Delta",
        "ArrivalCity": "Los Angeles",
        "ArrivalTime": "8 am",
        "Class": "Economy",
        "Date": "24th",
        "DepartureCity": "Chicago",
        "DurationHours": 3,
        "Price": 274,
        "id": 666
      },
      "Text": "I have flight id 666 with Airline Delta. For 274 credits on the 24th at 8am. It will take 3 hours.",
      "UnixTime": 1590024948
    },
    {
      "Action": "pick_suggestion",
      "ActionLabel": "plane_inform_flight_details",
      "ActionLabelOptions": [
        "plane_inform_flight_details",
        "anything_else",
        "plane_ask_arrival_city"
      ],
      "Agent": "Wizard",
      "PrimaryItem": {
        "APIName": "plane_search",
        "Airline": "Delta",
        "ArrivalCity": "Los Angeles",
        "ArrivalTime": "8 am",
        "Class": "Economy",
        "Date": "24th",
        "DepartureCity": "Chicago",
        "DurationHours": 3,
        "Price": 274,
        "id": 666
      },
      "Text": "Right, I found an Economy flight with Delta for 274 credits\n that takes 3 hours to get to Los Angeles.",
      "UnixTime": 1590024953
    },
    {
      "Action": "utter",
      "Agent": "User",
      "Text": "Okay, can you see if that flight is still available?",
      "UnixTime": 1590024964
    },
    {
      "Action": "instruct",
      "Agent": "UserGuide",
      "Text": "If it makes sense, use some negations ('I don't want X', or 'anything but Y', etc.) [instruction 4 of 6]",
      "UnixTime": 1590024964
    },
    {
      "Action": "select_task",
      "Agent": "Wizard",
      "PrimaryItem": {
        "APIName": "plane_search",
        "Airline": "Delta",
        "ArrivalCity": "Los Angeles",
        "ArrivalTime": "8 am",
        "Class": "Economy",
        "Date": "24th",
        "DepartureCity": "Chicago",
        "DurationHours": 3,
        "Price": 274,
        "id": 666
      },
      "Task": "plane_book",
      "UnixTime": 1590024971
    },
    {
      "APIName": "plane_book",
      "Action": "query",
      "Agent": "Wizard",
      "Constraints": [
        {
          "id": "666"
        },
        {
          "CustomerName": "\"John\""
        },
        {
          "RequestType": "\"Check\""
        }
      ],
      "PrimaryItem": {
        "APIName": "plane_search",
        "Airline": "Delta",
        "ArrivalCity": "Los Angeles",
        "ArrivalTime": "8 am",
        "Class": "Economy",
        "Date": "24th",
        "DepartureCity": "Chicago",
        "DurationHours": 3,
        "Price": 274,
        "id": 666
      },
      "UnixTime": 1590024983
    },
    {
      "APIName": "plane_book",
      "Action": "return_item",
      "Agent": "KnowledgeBase",
      "Item": {
        "APIName": "plane_book",
        "Message": "Available",
        "id": 666
      },
      "TotalItems": -1
    },
    {
      "Action": "request_suggestions",
      "Agent": "Wizard",
      "PrimaryItem": {
        "APIName": "plane_book",
        "Message": "Available",
        "id": 666
      },
      "Text": "yes it's avail",
      "UnixTime": 1590024988
    },
    {
      "Action": "pick_suggestion",
      "ActionLabel": "plane_flight_available",
      "ActionLabelOptions": [
        "plane_flight_available",
        "plane_reservation_succeeded",
        "plane_inform_nothing_found"
      ],
      "Agent": "Wizard",
      "PrimaryItem": {
        "APIName": "plane_book",
        "Message": "Available",
        "id": 666
      },
      "Text": "The flight is available. Should I reserve it for you?",
      "UnixTime": 1590024990
    },
    {
      "Action": "utter",
      "Agent": "User",
      "Text": "Wait a minute, that flight is going to Los Angeles. I want to go to Pittsburgh.",
      "UnixTime": 1590025002
    },
    {
      "Action": "instruct",
      "Agent": "UserGuide",
      "Text": "Keep going until you've covered all the topics ('finding a flight' and 'booking a flight'). The conversation should continue at least until the last instruction is given. [instruction 5 of 6]",
      "UnixTime": 1590025002
    },
    {
      "Action": "select_task",
      "Agent": "Wizard",
      "PrimaryItem": {
        "APIName": "plane_book",
        "Message": "Available",
        "id": 666
      },
      "Task": "plane_search",
      "UnixTime": 1590025011
    },
    {
      "APIName": "plane_search",
      "Action": "query",
      "Agent": "Wizard",
      "Constraints": [
        {
          "DepartureCity": "\"Chicago\""
        },
        {
          "ArrivalCity": "\"Pittsburgh\""
        },
        {
          "Date": "\"24th\""
        }
      ],
      "PrimaryItem": {
        "APIName": "plane_book",
        "Message": "Available",
        "id": 666
      },
      "UnixTime": 1590025014
    },
    {
      "APIName": "plane_search",
      "Action": "return_item",
      "Agent": "KnowledgeBase",
      "TotalItems": 0
    },
    {
      "Action": "request_suggestions",
      "Agent": "Wizard",
      "Text": "nothing",
      "UnixTime": 1590025020
    },
    {
      "Action": "pick_suggestion",
      "ActionLabel": "plane_inform_nothing_found",
      "ActionLabelOptions": [
        "out_of_scope",
        "plane_inform_nothing_found",
        "ask_departure_location"
      ],
      "Agent": "Wizard",
      "Text": "Unfortunately there are no flights that match your search. Would you like to change any of your criteria?",
      "UnixTime": 1590025022
    },
    {
      "Action": "utter",
      "Agent": "User",
      "Text": "Keep trying new dates until you find a flight from Chicago to Pittsburgh please.",
      "UnixTime": 1590025039
    },
    {
      "APIName": "plane_search",
      "Action": "query",
      "Agent": "Wizard",
      "Constraints": [
        {
          "DepartureCity": "\"Chicago\""
        },
        {
          "ArrivalCity": "\"Pittsburgh\""
        },
        {
          "Date": "\"26th\""
        }
      ],
      "UnixTime": 1590025043
    },
    {
      "APIName": "plane_search",
      "Action": "return_item",
      "Agent": "KnowledgeBase",
      "TotalItems": 0
    },
    {
      "APIName": "plane_search",
      "Action": "query",
      "Agent": "Wizard",
      "Constraints": [
        {
          "DepartureCity": "\"Chicago\""
        },
        {
          "ArrivalCity": "\"Pittsburgh\""
        },
        {
          "Date": "\"25th\""
        }
      ],
      "UnixTime": 1590025047
    },
    {
      "APIName": "plane_search",
      "Action": "return_item",
      "Agent": "KnowledgeBase",
      "TotalItems": 0
    },
    {
      "APIName": "plane_search",
      "Action": "query",
      "Agent": "Wizard",
      "Constraints": [
        {
          "DepartureCity": "\"Chicago\""
        },
        {
          "ArrivalCity": "\"Pittsburgh\""
        },
        {
          "Date": "\"24th\""
        }
      ],
      "UnixTime": 1590025050
    },
    {
      "APIName": "plane_search",
      "Action": "return_item",
      "Agent": "KnowledgeBase",
      "TotalItems": 0
    },
    {
      "APIName": "plane_search",
      "Action": "query",
      "Agent": "Wizard",
      "Constraints": [
        {
          "DepartureCity": "\"Chicago\""
        },
        {
          "ArrivalCity": "\"Pittsburgh\""
        },
        {
          "Date": "\"22nd\""
        }
      ],
      "UnixTime": 1590025056
    },
    {
      "APIName": "plane_search",
      "Action": "return_item",
      "Agent": "KnowledgeBase",
      "Item": {
        "APIName": "plane_search",
        "Airline": "Delta",
        "ArrivalCity": "Pittsburgh",
        "ArrivalTime": "12 am",
        "Class": "First",
        "Date": "22nd",
        "DepartureCity": "Chicago",
        "DurationHours": 2,
        "Price": 351,
        "id": 782
      },
      "TotalItems": 1
    },
    {
      "Action": "request_suggestions",
      "Agent": "Wizard",
      "PrimaryItem": {
        "APIName": "plane_search",
        "Airline": "Delta",
        "ArrivalCity": "Pittsburgh",
        "ArrivalTime": "12 am",
        "Class": "First",
        "Date": "22nd",
        "DepartureCity": "Chicago",
        "DurationHours": 2,
        "Price": 351,
        "id": 782
      },
      "Text": "delta",
      "UnixTime": 1590025062
    },
    {
      "Action": "request_suggestions",
      "Agent": "Wizard",
      "PrimaryItem": {
        "APIName": "plane_search",
        "Airline": "Delta",
        "ArrivalCity": "Pittsburgh",
        "ArrivalTime": "12 am",
        "Class": "First",
        "Date": "22nd",
        "DepartureCity": "Chicago",
        "DurationHours": 2,
        "Price": 351,
        "id": 782
      },
      "Text": "pittsburgh",
      "UnixTime": 1590025069
    },
    {
      "Action": "request_suggestions",
      "Agent": "Wizard",
      "PrimaryItem": {
        "APIName": "plane_search",
        "Airline": "Delta",
        "ArrivalCity": "Pittsburgh",
        "ArrivalTime": "12 am",
        "Class": "First",
        "Date": "22nd",
        "DepartureCity": "Chicago",
        "DurationHours": 2,
        "Price": 351,
        "id": 782
      },
      "Text": "Flight 782 Delta, First class will take 2 hours to arrive at Pittsburgh. ",
      "UnixTime": 1590025102
    },
    {
      "Action": "pick_suggestion",
      "ActionLabel": "plane_inform_flight_details",
      "ActionLabelOptions": [
        "plane_inform_flight_details",
        "plane_ask_arrival_city",
        "plane_inform_nothing_found"
      ],
      "Agent": "Wizard",
      "PrimaryItem": {
        "APIName": "plane_search",
        "Airline": "Delta",
        "ArrivalCity": "Pittsburgh",
        "ArrivalTime": "12 am",
        "Class": "First",
        "Date": "22nd",
        "DepartureCity": "Chicago",
        "DurationHours": 2,
        "Price": 351,
        "id": 782
      },
      "Text": "Right, I found a First flight with Delta for 351 credits\n that takes 2 hours to get to Pittsburgh.",
      "UnixTime": 1590025104
    },
    {
      "Action": "utter",
      "Agent": "User",
      "Text": "Great, if that flight is available, then please book it.",
      "UnixTime": 1590025121
    },
    {
      "Action": "instruct",
      "Agent": "UserGuide",
      "Text": "Ok, once you've touched on all the topics ('finding a flight' and 'booking a flight') and engaged in some smalltalk, you can bring the conversation to a natural close. [instruction 6 of 6]",
      "UnixTime": 1590025121
    },
    {
      "Action": "select_task",
      "Agent": "Wizard",
      "PrimaryItem": {
        "APIName": "plane_search",
        "Airline": "Delta",
        "ArrivalCity": "Pittsburgh",
        "ArrivalTime": "12 am",
        "Class": "First",
        "Date": "22nd",
        "DepartureCity": "Chicago",
        "DurationHours": 2,
        "Price": 351,
        "id": 782
      },
      "Task": "plane_book",
      "UnixTime": 1590025121
    },
    {
      "APIName": "plane_book",
      "Action": "query",
      "Agent": "Wizard",
      "Constraints": [
        {
          "id": "782"
        },
        {
          "CustomerName": "\"John\""
        },
        {
          "RequestType": "\"Check\""
        }
      ],
      "PrimaryItem": {
        "APIName": "plane_search",
        "Airline": "Delta",
        "ArrivalCity": "Pittsburgh",
        "ArrivalTime": "12 am",
        "Class": "First",
        "Date": "22nd",
        "DepartureCity": "Chicago",
        "DurationHours": 2,
        "Price": 351,
        "id": 782
      },
      "UnixTime": 1590025125
    },
    {
      "APIName": "plane_book",
      "Action": "return_item",
      "Agent": "KnowledgeBase",
      "Item": {
        "APIName": "plane_book",
        "Message": "Available",
        "id": 782
      },
      "TotalItems": -1
    },
    {
      "APIName": "plane_book",
      "Action": "query",
      "Agent": "Wizard",
      "Constraints": [
        {
          "id": "782"
        },
        {
          "CustomerName": "\"John\""
        },
        {
          "RequestType": "\"Book\""
        }
      ],
      "PrimaryItem": {
        "APIName": "plane_book",
        "Message": "Available",
        "id": 782
      },
      "UnixTime": 1590025131
    },
    {
      "APIName": "plane_book",
      "Action": "return_item",
      "Agent": "KnowledgeBase",
      "Item": {
        "APIName": "plane_book",
        "ReservationStatus": "Reservation Confirmed",
        "id": 782
      },
      "TotalItems": -1
    },
    {
      "Action": "request_suggestions",
      "Agent": "Wizard",
      "PrimaryItem": {
        "APIName": "plane_book",
        "ReservationStatus": "Reservation Confirmed",
        "id": 782
      },
      "Text": "confirmed",
      "UnixTime": 1590025135
    },
    {
      "Action": "pick_suggestion",
      "ActionLabel": "plane_reservation_succeeded",
      "ActionLabelOptions": [
        "plane_reservation_succeeded",
        "plane_inform_nothing_found",
        "out_of_scope"
      ],
      "Agent": "Wizard",
      "PrimaryItem": {
        "APIName": "plane_book",
        "ReservationStatus": "Reservation Confirmed",
        "id": 782
      },
      "Text": "Right, your flight is now reserved!",
      "UnixTime": 1590025137
    },
    {
      "Action": "utter",
      "Agent": "User",
      "Text": "Thanks. Have you ever been to Pittsburgh?",
      "UnixTime": 1590025146
    },
    {
      "Action": "select_task",
      "Agent": "Wizard",
      "PrimaryItem": {
        "APIName": "plane_book",
        "ReservationStatus": "Reservation Confirmed",
        "id": 782
      },
      "Task": "weather",
      "UnixTime": 1590025146
    },
    {
      "Action": "request_suggestions",
      "Agent": "Wizard",
      "PrimaryItem": {
        "APIName": "plane_book",
        "ReservationStatus": "Reservation Confirmed",
        "id": 782
      },
      "Text": "No I haven't, one of my friends have though, they said it's nice.",
      "UnixTime": 1590025167
    },
    {
      "Action": "utter",
      "Agent": "Wizard",
      "PrimaryItem": {
        "APIName": "plane_book",
        "ReservationStatus": "Reservation Confirmed",
        "id": 782
      },
      "Text": "I haven't. ",
      "UnixTime": 1590025178
    },
    {
      "Action": "utter",
      "Agent": "User",
      "Text": "Oh alright. Well, cya later.",
      "UnixTime": 1590025188
    },
    {
      "Action": "request_suggestions",
      "Agent": "Wizard",
      "PrimaryItem": {
        "APIName": "plane_book",
        "ReservationStatus": "Reservation Confirmed",
        "id": 782
      },
      "Text": "Okay thank you",
      "UnixTime": 1590025231
    },
    {
      "Action": "pick_suggestion",
      "ActionLabel": "goodbye_2",
      "ActionLabelOptions": [
        "goodbye_1",
        "goodbye_2",
        "hello",
        "plane_flight_available",
        "weather_inform_nothing_found",
        "weather_ask_day"
      ],
      "Agent": "Wizard",
      "PrimaryItem": {
        "APIName": "plane_book",
        "ReservationStatus": "Reservation Confirmed",
        "id": 782
      },
      "Text": "Thank you and goodbye.",
      "UnixTime": 1590025233
    },
    {
      "Action": "complete",
      "Agent": "User",
      "UnixTime": 1590025237
    }
  ],
  "FORMAT-VERSION": 7,
  "IntroducesConflicts": false,
  "Scenario": {
    "Domains": [
      "plane",
      "weather"
    ],
    "Happy": false,
    "MultiTask": true,
    "UserTask": "Come up with your own scenario!\n\nAbout you:\n- Your name: John\n\n The AI Assistant can handle:\n- Search for a flight (e.g. from Chicago to Pittsburgh)\n- Book a flight (e.g. with id 319)\n- Checking the weather forecast in different Cities (e.g. Los Angeles or Pittsburgh)",
    "WizardCapabilities": [
      {
        "Domain": "plane",
        "SchemaImage": "plane_search.jpg",
        "Task": "plane_search"
      },
      {
        "Domain": "plane",
        "SchemaImage": "plane_book.jpg",
        "Task": "plane_book"
      },
      {
        "Domain": "weather",
        "SchemaImage": "weather.jpg",
        "Task": "weather"
      }
    ],
    "WizardTask": "Follow the flow charts and help the user."
  },
  "UserQuestionnaire": [
    {
      "Answer": false,
      "Question": "Did the assistant stay calm and helpful throughout the dialogue?"
    }
  ],
  "WizardQuestionnaire": [
    {
      "Answer": true,
      "Question": "Did the user change his/her mind about what he/she wants at any time?"
    },
    {
      "Answer": false,
      "Question": "Did the user become aggressive or annoyed during the dialogue? (Note: some users may be instructed to be annoying.)"
    },
    {
      "Answer": false,
      "Question": "Where you unsure about what to do at any time? (Feel free to send us an email with details.)"
    }
  ]
}