{
  "AnonymizedUserWorkerID": "6ca4ce6b-c601-d2e3-da9b-d5b12a7ad9d7",
  "AnonymizedWizardWorkerID": "a0362f23-a428-0712-805e-13fe4ea1da38",
  "BatchID": "woz_1589997353",
  "CompletionLevel": "Complete",
  "DialogueID": 1616,
  "Events": [
    {
      "Action": "instruct",
      "Agent": "UserGuide",
      "Text": "Maybe the AI Assistant can help? Say hello and ask if it can help you plan the party. [instruction 1 of 7]",
      "UnixTime": 1590023126
    },
    {
      "Action": "utter",
      "Agent": "User",
      "Text": "Hi! Can you help me plan a party for my beautiful friend Angela?",
      "UnixTime": 1590023157
    },
    {
      "Action": "instruct",
      "Agent": "UserGuide",
      "Text": "Angela says: 'I think the North Heights Venue is quite nice'. [instruction 2 of 7]",
      "UnixTime": 1590023157
    },
    {
      "Action": "request_suggestions",
      "Agent": "Wizard",
      "Text": "which venue",
      "UnixTime": 1590023164
    },
    {
      "Action": "pick_suggestion",
      "ActionLabel": "party_ask_venue",
      "ActionLabelOptions": [
        "party_ask_venue",
        "party_booking_failed",
        "party_ask_drinks"
      ],
      "Agent": "Wizard",
      "Text": "At what venue would you like to have your party organised?",
      "UnixTime": 1590023166
    },
    {
      "Action": "utter",
      "Agent": "User",
      "Text": "Hmm can you recommend one?",
      "UnixTime": 1590023201
    },
    {
      "Action": "request_suggestions",
      "Agent": "Wizard",
      "Text": "How about West Bay?",
      "UnixTime": 1590023218
    },
    {
      "Action": "pick_suggestion",
      "ActionLabel": "custom",
      "ActionLabelOptions": [
        "custom"
      ],
      "Agent": "Wizard",
      "Text": "How about West Bay?",
      "UnixTime": 1590023220
    },
    {
      "Action": "utter",
      "Agent": "User",
      "Text": "Actually Angela suggested North Heights Venue. Let's check Friday 8pm?",
      "UnixTime": 1590023273
    },
    {
      "Action": "instruct",
      "Agent": "UserGuide",
      "Text": "It occurs to you that if the weather is nice, you might just have the party outside somewhere. Ask your assistant what the weather will be like on Friday. [instruction 3 of 7]",
      "UnixTime": 1590023273
    },
    {
      "Action": "request_suggestions",
      "Agent": "Wizard",
      "Text": "your name",
      "UnixTime": 1590023280
    },
    {
      "Action": "pick_suggestion",
      "ActionLabel": "ask_name",
      "ActionLabelOptions": [
        "ask_name",
        "party_ask_starting_time",
        "goodbye_1"
      ],
      "Agent": "Wizard",
      "Text": "May I have your name, please?",
      "UnixTime": 1590023282
    },
    {
      "Action": "utter",
      "Agent": "User",
      "Text": "John",
      "UnixTime": 1590023289
    },
    {
      "Action": "instruct",
      "Agent": "UserGuide",
      "Text": "Angela says: 'Yeah, actually, if the weather is good, we could just go out to the park and book a restaurant for the evening'. You agree. So depending on the weather, either continue searching / booking the venue, or ask your assistant to help you find and book a restaurant for Friday evening. [instruction 4 of 7]",
      "UnixTime": 1590023289
    },
    {
      "Action": "request_suggestions",
      "Agent": "Wizard",
      "Text": "guests",
      "UnixTime": 1590023294
    },
    {
      "Action": "pick_suggestion",
      "ActionLabel": "party_ask_number_of_guests",
      "ActionLabelOptions": [
        "party_ask_number_of_guests",
        "out_of_scope",
        "goodbye_1"
      ],
      "Agent": "Wizard",
      "Text": "How many people would you like to invite?",
      "UnixTime": 1590023296
    },
    {
      "Action": "utter",
      "Agent": "User",
      "Text": "78. What will the weather be like on Friday?",
      "UnixTime": 1590023381
    },
    {
      "Action": "instruct",
      "Agent": "UserGuide",
      "Text": "Note: You are located in the South of town, which you may or may not take into account if you search for a restaurant. [instruction 5 of 7]",
      "UnixTime": 1590023381
    },
    {
      "Action": "select_task",
      "Agent": "Wizard",
      "Task": "weather",
      "UnixTime": 1590023381
    },
    {
      "APIName": "weather",
      "Action": "query",
      "Agent": "Wizard",
      "Constraints": [
        {
          "Day": "\"Friday\""
        }
      ],
      "UnixTime": 1590023388
    },
    {
      "APIName": "weather",
      "Action": "return_item",
      "Agent": "KnowledgeBase",
      "Item": {
        "APIName": "weather",
        "City": "New York City",
        "Day": "Friday",
        "TemperatureCelsius": -5,
        "Weather": "Cloudy",
        "id": 938
      },
      "TotalItems": -1
    },
    {
      "Action": "request_suggestions",
      "Agent": "Wizard",
      "PrimaryItem": {
        "APIName": "weather",
        "City": "New York City",
        "Day": "Friday",
        "TemperatureCelsius": -5,
        "Weather": "Cloudy",
        "id": 938
      },
      "Text": "cloudy",
      "UnixTime": 1590023391
    },
    {
      "Action": "pick_suggestion",
      "ActionLabel": "weather_inform_forecast",
      "ActionLabelOptions": [
        "weather_inform_forecast",
        "weather_ask_location",
        "hello"
      ],
      "Agent": "Wizard",
      "PrimaryItem": {
        "APIName": "weather",
        "City": "New York City",
        "Day": "Friday",
        "TemperatureCelsius": -5,
        "Weather": "Cloudy",
        "id": 938
      },
      "Text": "It will be Cloudy all day on Friday in New York City, with temperatures of around -5 degrees celsius.",
      "UnixTime": 1590023392
    },
    {
      "Action": "utter",
      "Agent": "User",
      "Text": "Ok. Is the venue available friday? ",
      "UnixTime": 1590023505
    },
    {
      "Action": "instruct",
      "Agent": "UserGuide",
      "Text": "When the question comes up: you both like Burgers and Thai food, but no Steak. [instruction 6 of 7]",
      "UnixTime": 1590023505
    },
    {
      "Action": "select_task",
      "Agent": "Wizard",
      "PrimaryItem": {
        "APIName": "weather",
        "City": "New York City",
        "Day": "Friday",
        "TemperatureCelsius": -5,
        "Weather": "Cloudy",
        "id": 938
      },
      "Task": "party_plan",
      "UnixTime": 1590023505
    },
    {
      "APIName": "party_plan",
      "Action": "query",
      "Agent": "Wizard",
      "Constraints": [
        {
          "Name": "\"North Heights Venue\""
        },
        {
          "HostName": "\"John\""
        },
        {
          "Day": "\"Friday\""
        },
        {
          "StartTimeHour": "\"8 pm\""
        },
        {
          "NumberGuests": "78"
        },
        {
          "RequestType": "\"Check\""
        }
      ],
      "PrimaryItem": {
        "APIName": "weather",
        "City": "New York City",
        "Day": "Friday",
        "TemperatureCelsius": -5,
        "Weather": "Cloudy",
        "id": 938
      },
      "UnixTime": 1590023510
    },
    {
      "APIName": "party_plan",
      "Action": "return_item",
      "Agent": "KnowledgeBase",
      "Item": {
        "APIName": "party_plan",
        "Day": "Friday",
        "Message": "The venue is available.",
        "Time": "8 pm",
        "VenueName": "North Heights Venue"
      },
      "TotalItems": -1
    },
    {
      "Action": "request_suggestions",
      "Agent": "Wizard",
      "PrimaryItem": {
        "APIName": "party_plan",
        "Day": "Friday",
        "Message": "The venue is available.",
        "Time": "8 pm",
        "VenueName": "North Heights Venue"
      },
      "Text": "The venue is available",
      "UnixTime": 1590023515
    },
    {
      "Action": "pick_suggestion",
      "ActionLabel": "party_ask_confirm_booking",
      "ActionLabelOptions": [
        "party_ask_confirm_booking",
        "party_venue_not_available",
        "party_ask_venue"
      ],
      "Agent": "Wizard",
      "PrimaryItem": {
        "APIName": "party_plan",
        "Day": "Friday",
        "Message": "The venue is available.",
        "Time": "8 pm",
        "VenueName": "North Heights Venue"
      },
      "Text": "OK, the North Heights Venue would be happy to accommodate you on Friday @ 8 pm.\nCan I book it for you now?",
      "UnixTime": 1590023516
    },
    {
      "Action": "utter",
      "Agent": "User",
      "Text": "Yes please. Angela will be delighted",
      "UnixTime": 1590023587
    },
    {
      "APIName": "party_plan",
      "Action": "query",
      "Agent": "Wizard",
      "Constraints": [
        {
          "Name": "\"North Heights Venue\""
        },
        {
          "HostName": "\"John\""
        },
        {
          "Day": "\"Friday\""
        },
        {
          "StartTimeHour": "\"8 pm\""
        },
        {
          "NumberGuests": "78"
        },
        {
          "RequestType": "\"Book\""
        }
      ],
      "PrimaryItem": {
        "APIName": "party_plan",
        "Day": "Friday",
        "Message": "The venue is available.",
        "Time": "8 pm",
        "VenueName": "North Heights Venue"
      },
      "UnixTime": 1590023593
    },
    {
      "APIName": "party_plan",
      "Action": "return_item",
      "Agent": "KnowledgeBase",
      "Item": {
        "APIName": "party_plan",
        "Day": "Friday",
        "Message": "Your event has been successfully scheduled.",
        "Time": "8 pm",
        "VenueName": "North Heights Venue"
      },
      "TotalItems": -1
    },
    {
      "Action": "request_suggestions",
      "Agent": "Wizard",
      "PrimaryItem": {
        "APIName": "party_plan",
        "Day": "Friday",
        "Message": "Your event has been successfully scheduled.",
        "Time": "8 pm",
        "VenueName": "North Heights Venue"
      },
      "Text": "Your event has been successfully scheduled",
      "UnixTime": 1590023597
    },
    {
      "Action": "pick_suggestion",
      "ActionLabel": "party_booking_successful",
      "ActionLabelOptions": [
        "party_booking_successful",
        "party_ask_food",
        "hello"
      ],
      "Agent": "Wizard",
      "PrimaryItem": {
        "APIName": "party_plan",
        "Day": "Friday",
        "Message": "Your event has been successfully scheduled.",
        "Time": "8 pm",
        "VenueName": "North Heights Venue"
      },
      "Text": "Great, your party has been successfully booked at the North Heights Venue on Friday at 8 pm!",
      "UnixTime": 1590023599
    },
    {
      "Action": "utter",
      "Agent": "User",
      "Text": "Can you please be sure burgers and thai food are available, no steak please.",
      "UnixTime": 1590023622
    },
    {
      "APIName": "party_plan",
      "Action": "query",
      "Agent": "Wizard",
      "Constraints": [
        {
          "Name": "\"North Heights Venue\""
        },
        {
          "HostName": "\"John\""
        },
        {
          "Day": "\"Friday\""
        },
        {
          "StartTimeHour": "\"8 pm\""
        },
        {
          "NumberGuests": "78"
        },
        {
          "RequestType": "\"Book\""
        },
        {
          "FoodRequest": "\"Burgers, thai, no steak.\""
        }
      ],
      "PrimaryItem": {
        "APIName": "party_plan",
        "Day": "Friday",
        "Message": "Your event has been successfully scheduled.",
        "Time": "8 pm",
        "VenueName": "North Heights Venue"
      },
      "UnixTime": 1590023637
    },
    {
      "APIName": "party_plan",
      "Action": "return_item",
      "Agent": "KnowledgeBase",
      "Item": {
        "APIName": "party_plan",
        "Day": "Friday",
        "Message": "Your event has been successfully scheduled.",
        "Time": "8 pm",
        "VenueName": "North Heights Venue"
      },
      "TotalItems": -1
    },
    {
      "Action": "request_suggestions",
      "Agent": "Wizard",
      "PrimaryItem": {
        "APIName": "party_plan",
        "Day": "Friday",
        "Message": "Your event has been successfully scheduled.",
        "Time": "8 pm",
        "VenueName": "North Heights Venue"
      },
      "Text": "I have updated your reservation with that request.",
      "UnixTime": 1590023648
    },
    {
      "Action": "utter",
      "Agent": "Wizard",
      "PrimaryItem": {
        "APIName": "party_plan",
        "Day": "Friday",
        "Message": "Your event has been successfully scheduled.",
        "Time": "8 pm",
        "VenueName": "North Heights Venue"
      },
      "Text": "I have updated your reservation with that request.",
      "UnixTime": 1590023652
    },
    {
      "Action": "utter",
      "Agent": "User",
      "Text": "Terrific, I know Angela loves Thai food and I just want her to be happy on birthday :)",
      "UnixTime": 1590023683
    },
    {
      "Action": "instruct",
      "Agent": "UserGuide",
      "Text": "When you are done booking (not just finding!) either a restaurant or a party venue, you can say goodbye and end the dialogue. This might take a while though, e.g. in case the venue is not available. [instruction 7 of 7]",
      "UnixTime": 1590023683
    },
    {
      "Action": "request_suggestions",
      "Agent": "Wizard",
      "PrimaryItem": {
        "APIName": "party_plan",
        "Day": "Friday",
        "Message": "Your event has been successfully scheduled.",
        "Time": "8 pm",
        "VenueName": "North Heights Venue"
      },
      "Text": "anything else",
      "UnixTime": 1590023690
    },
    {
      "Action": "pick_suggestion",
      "ActionLabel": "anything_else",
      "ActionLabelOptions": [
        "anything_else",
        "party_inform_food_drink_criteria",
        "goodbye_1"
      ],
      "Agent": "Wizard",
      "PrimaryItem": {
        "APIName": "party_plan",
        "Day": "Friday",
        "Message": "Your event has been successfully scheduled.",
        "Time": "8 pm",
        "VenueName": "North Heights Venue"
      },
      "Text": "Is there anything else that I can do for you?",
      "UnixTime": 1590023692
    },
    {
      "Action": "utter",
      "Agent": "User",
      "Text": "That was all darling, thank you for your help! Bye Bye",
      "UnixTime": 1590023713
    },
    {
      "Action": "request_suggestions",
      "Agent": "Wizard",
      "PrimaryItem": {
        "APIName": "party_plan",
        "Day": "Friday",
        "Message": "Your event has been successfully scheduled.",
        "Time": "8 pm",
        "VenueName": "North Heights Venue"
      },
      "Text": "good bye",
      "UnixTime": 1590023719
    },
    {
      "Action": "pick_suggestion",
      "ActionLabel": "goodbye_1",
      "ActionLabelOptions": [
        "goodbye_1",
        "out_of_scope",
        "party_ask_end_time"
      ],
      "Agent": "Wizard",
      "PrimaryItem": {
        "APIName": "party_plan",
        "Day": "Friday",
        "Message": "Your event has been successfully scheduled.",
        "Time": "8 pm",
        "VenueName": "North Heights Venue"
      },
      "Text": "Thank you and goodbye.",
      "UnixTime": 1590023721
    },
    {
      "Action": "complete",
      "Agent": "User",
      "UnixTime": 1590023723
    }
  ],
  "FORMAT-VERSION": 7,
  "IntroducesConflicts": false,
  "Scenario": {
    "Domains": [
      "party",
      "restaurant",
      "weather"
    ],
    "Happy": false,
    "MultiTask": true,
    "UserTask": "You (John) and your friend Angela want to organize a birthday party on Friday. You expect 78 guests to come.",
    "WizardCapabilities": [
      {
        "Domain": "party",
        "SchemaImage": "party_plan.jpg",
        "Task": "party_plan"
      },
      {
        "Domain": "weather",
        "SchemaImage": "weather.jpg",
        "Task": "weather"
      },
      {
        "Domain": "restaurant",
        "SchemaImage": "restaurant_search.jpg",
        "Task": "restaurant_search"
      },
      {
        "Domain": "restaurant",
        "SchemaImage": "restaurant_book.jpg",
        "Task": "restaurant_book"
      }
    ],
    "WizardTask": "Follow the flow charts and help the user. Note: If the user already knows a restaurant name, use 'restaurant reserve', otherwise use 'restaurant search'."
  },
  "UserQuestionnaire": [
    {
      "Answer": true,
      "Question": "Did the assistant stay calm and helpful throughout the dialogue?"
    }
  ],
  "WizardQuestionnaire": [
    {
      "Answer": false,
      "Question": "Did the user change his/her mind about what he/she wants at any time?"
    },
    {
      "Answer": false,
      "Question": "Did the user become aggressive or annoyed during the dialogue? (Note: some users may be instructed to be annoying.)"
    },
    {
      "Answer": false,
      "Question": "Where you unsure about what to do at any time? (Feel free to send us an email with details.)"
    }
  ]
}