{
  "AnonymizedUserWorkerID": "a0362f23-a428-0712-805e-13fe4ea1da38",
  "AnonymizedWizardWorkerID": "73bd63b7-5463-b221-d8f5-2611db2cf2a3",
  "BatchID": "woz_1589997353",
  "CompletionLevel": "EarlyDisconnectDuringDialogue",
  "DialogueID": 1657,
  "Events": [
    {
      "Action": "instruct",
      "Agent": "UserGuide",
      "Text": "Use your imagination to generate a conversation about the topics 'checking the status of -- and changing your booked taxi/Uber/Lyft ride' and 'party RSVP' (in any order), as shown on the left. You may also play up to two rounds of trivia with the assistant.  [instruction 1 of 5]",
      "UnixTime": 1590033783
    }
  ],
  "FORMAT-VERSION": 7,
  "IntroducesConflicts": false,
  "Scenario": {
    "Domains": [
      "party",
      "ride",
      "trivia"
    ],
    "Happy": false,
    "MultiTask": true,
    "UserTask": "Come up with your own scenario!\n\nAbout you:\n- Your name: John\n- You've booked a ride with id 220\n- Today is Wednesday the 22nd, 7 pm\n\n The AI Assistant can handle:\n- Check the status of your ride (id 220)\n- Change something about your booked ride\n- RSVP you to a party (Example venues: Southside Venue or North Heights Venue)",
    "WizardCapabilities": [
      {
        "Domain": "ride",
        "SchemaImage": "ride_status.jpg",
        "Task": "ride_status"
      },
      {
        "Domain": "ride",
        "SchemaImage": "ride_change.jpg",
        "Task": "ride_change"
      },
      {
        "Domain": "party",
        "SchemaImage": "party_rsvp.jpg",
        "Task": "party_rsvp"
      },
      {
        "Domain": "trivia",
        "SchemaImage": "trivia.jpg",
        "Task": "trivia"
      }
    ],
    "WizardTask": "Follow the flow charts and help the user. Assume:\n\n- Today is Wednesday the 22nd, 7 pm"
  },
  "UserQuestionnaire": [],
  "WizardQuestionnaire": []
}