{
  "AnonymizedUserWorkerID": "6ca4ce6b-c601-d2e3-da9b-d5b12a7ad9d7",
  "AnonymizedWizardWorkerID": "a2d15359-e691-350e-8034-7685cce53920",
  "BatchID": "woz_1589997353",
  "CompletionLevel": "Complete",
  "DialogueID": 1693,
  "Events": [
    {
      "Action": "instruct",
      "Agent": "UserGuide",
      "Text": "Use your imagination to generate a conversation about the topics 'finding a flight from Chicago to San Francisco' and 'reserving a flight' (in any order), as shown on the left. You may also ask the assistant about the weather.  [instruction 1 of 6]",
      "UnixTime": 1590027998
    },
    {
      "Action": "utter",
      "Agent": "User",
      "Text": "Hi my name is John. I'd like help searching for a flight from Chicago to San Francisco. It's for sweetest day :)",
      "UnixTime": 1590028107
    },
    {
      "Action": "request_suggestions",
      "Agent": "Wizard",
      "Text": "How nice! What date is that?",
      "UnixTime": 1590028141
    },
    {
      "Action": "utter",
      "Agent": "Wizard",
      "Text": "How nice! What date is that?",
      "UnixTime": 1590028146
    },
    {
      "Action": "utter",
      "Agent": "User",
      "Text": "16th",
      "UnixTime": 1590028163
    },
    {
      "APIName": "plane_search",
      "Action": "query",
      "Agent": "Wizard",
      "Constraints": [
        {
          "DepartureCity": "\"Chicago\""
        },
        {
          "ArrivalCity": "\"San Francisco\""
        },
        {
          "Date": "\"16th\""
        }
      ],
      "UnixTime": 1590028167
    },
    {
      "APIName": "plane_search",
      "Action": "return_item",
      "Agent": "KnowledgeBase",
      "Item": {
        "APIName": "plane_search",
        "Airline": "Delta",
        "ArrivalCity": "San Francisco",
        "ArrivalTime": "8 am",
        "Class": "First",
        "Date": "16th",
        "DepartureCity": "Chicago",
        "DurationHours": 2,
        "Price": 338,
        "id": 512
      },
      "TotalItems": 1
    },
    {
      "Action": "request_suggestions",
      "Agent": "Wizard",
      "PrimaryItem": {
        "APIName": "plane_search",
        "Airline": "Delta",
        "ArrivalCity": "San Francisco",
        "ArrivalTime": "8 am",
        "Class": "First",
        "Date": "16th",
        "DepartureCity": "Chicago",
        "DurationHours": 2,
        "Price": 338,
        "id": 512
      },
      "Text": "There is a flight for 338",
      "UnixTime": 1590028180
    },
    {
      "Action": "pick_suggestion",
      "ActionLabel": "plane_inform_flight_details",
      "ActionLabelOptions": [
        "plane_inform_flight_details",
        "plane_inform_nothing_found",
        "plane_ask_arrival_city"
      ],
      "Agent": "Wizard",
      "PrimaryItem": {
        "APIName": "plane_search",
        "Airline": "Delta",
        "ArrivalCity": "San Francisco",
        "ArrivalTime": "8 am",
        "Class": "First",
        "Date": "16th",
        "DepartureCity": "Chicago",
        "DurationHours": 2,
        "Price": 338,
        "id": 512
      },
      "Text": "Right, I found a First flight with Delta for 338 credits\n that takes 2 hours to get to San Francisco.",
      "UnixTime": 1590028186
    },
    {
      "Action": "utter",
      "Agent": "User",
      "Text": "Book it please! Let's also check the weather in San Fran. I need to know how to dress",
      "UnixTime": 1590028221
    },
    {
      "Action": "instruct",
      "Agent": "UserGuide",
      "Text": "Please have some smalltalk with the AI Assistant at some point in this dialogue. [instruction 2 of 6]",
      "UnixTime": 1590028221
    },
    {
      "Action": "select_task",
      "Agent": "Wizard",
      "PrimaryItem": {
        "APIName": "plane_search",
        "Airline": "Delta",
        "ArrivalCity": "San Francisco",
        "ArrivalTime": "8 am",
        "Class": "First",
        "Date": "16th",
        "DepartureCity": "Chicago",
        "DurationHours": 2,
        "Price": 338,
        "id": 512
      },
      "Task": "plane_book",
      "UnixTime": 1590028227
    },
    {
      "Action": "request_suggestions",
      "Agent": "Wizard",
      "PrimaryItem": {
        "APIName": "plane_search",
        "Airline": "Delta",
        "ArrivalCity": "San Francisco",
        "ArrivalTime": "8 am",
        "Class": "First",
        "Date": "16th",
        "DepartureCity": "Chicago",
        "DurationHours": 2,
        "Price": 338,
        "id": 512
      },
      "Text": "can I get your id please?",
      "UnixTime": 1590028254
    },
    {
      "Action": "pick_suggestion",
      "ActionLabel": "plane_ask_flight_id",
      "ActionLabelOptions": [
        "ask_name",
        "plane_ask_flight_id",
        "out_of_scope",
        "hello",
        "plane_ask_arrival_city",
        "plane_inform_nothing_found"
      ],
      "Agent": "Wizard",
      "PrimaryItem": {
        "APIName": "plane_search",
        "Airline": "Delta",
        "ArrivalCity": "San Francisco",
        "ArrivalTime": "8 am",
        "Class": "First",
        "Date": "16th",
        "DepartureCity": "Chicago",
        "DurationHours": 2,
        "Price": 338,
        "id": 512
      },
      "Text": "Can I have your flight ID, please?",
      "UnixTime": 1590028256
    },
    {
      "Action": "utter",
      "Agent": "User",
      "Text": "I think its 642",
      "UnixTime": 1590028267
    },
    {
      "APIName": "plane_book",
      "Action": "query",
      "Agent": "Wizard",
      "Constraints": [
        {
          "id": "642"
        },
        {
          "CustomerName": "\"John\""
        },
        {
          "RequestType": "\"Check\""
        }
      ],
      "PrimaryItem": {
        "APIName": "plane_search",
        "Airline": "Delta",
        "ArrivalCity": "San Francisco",
        "ArrivalTime": "8 am",
        "Class": "First",
        "Date": "16th",
        "DepartureCity": "Chicago",
        "DurationHours": 2,
        "Price": 338,
        "id": 512
      },
      "UnixTime": 1590028272
    },
    {
      "APIName": "plane_book",
      "Action": "return_item",
      "Agent": "KnowledgeBase",
      "Item": {
        "APIName": "plane_book",
        "Message": "Available",
        "id": 642
      },
      "TotalItems": -1
    },
    {
      "APIName": "plane_book",
      "Action": "query",
      "Agent": "Wizard",
      "Constraints": [
        {
          "id": "642"
        },
        {
          "CustomerName": "\"John\""
        },
        {
          "RequestType": "\"Book\""
        }
      ],
      "PrimaryItem": {
        "APIName": "plane_book",
        "Message": "Available",
        "id": 642
      },
      "UnixTime": 1590028277
    },
    {
      "APIName": "plane_book",
      "Action": "return_item",
      "Agent": "KnowledgeBase",
      "Item": {
        "APIName": "plane_book",
        "ReservationStatus": "Reservation Confirmed",
        "id": 642
      },
      "TotalItems": -1
    },
    {
      "Action": "select_task",
      "Agent": "Wizard",
      "PrimaryItem": {
        "APIName": "plane_book",
        "ReservationStatus": "Reservation Confirmed",
        "id": 642
      },
      "Task": "weather",
      "UnixTime": 1590028290
    },
    {
      "Action": "select_task",
      "Agent": "Wizard",
      "PrimaryItem": {
        "APIName": "plane_book",
        "ReservationStatus": "Reservation Confirmed",
        "id": 642
      },
      "Task": "plane_book",
      "UnixTime": 1590028349
    },
    {
      "Action": "select_task",
      "Agent": "Wizard",
      "PrimaryItem": {
        "APIName": "plane_book",
        "ReservationStatus": "Reservation Confirmed",
        "id": 642
      },
      "Task": "weather",
      "UnixTime": 1590028354
    },
    {
      "Action": "request_suggestions",
      "Agent": "Wizard",
      "PrimaryItem": {
        "APIName": "plane_book",
        "ReservationStatus": "Reservation Confirmed",
        "id": 642
      },
      "Text": "Your reservation is confirmed, additionally, what day of the week would you like to check the weather for in San Francisco?",
      "UnixTime": 1590028362
    },
    {
      "Action": "utter",
      "Agent": "Wizard",
      "PrimaryItem": {
        "APIName": "plane_book",
        "ReservationStatus": "Reservation Confirmed",
        "id": 642
      },
      "Text": "Your reservation is confirmed, additionally, what day of the week would you like to check the weather for in San Francisco?",
      "UnixTime": 1590028367
    },
    {
      "Action": "utter",
      "Agent": "User",
      "Text": "Saturday. I ordered chocolate covered strawberries and a bottle of Rose to celebrate sweetest day with my love.",
      "UnixTime": 1590028447
    },
    {
      "Action": "instruct",
      "Agent": "UserGuide",
      "Text": "If you haven't yet, it's time to change topic. You can also go back and forth between topics. [instruction 3 of 6]",
      "UnixTime": 1590028447
    },
    {
      "APIName": "weather",
      "Action": "query",
      "Agent": "Wizard",
      "Constraints": [
        {
          "Day": "\"Saturday\""
        },
        {
          "City": "\"San Francisco\""
        }
      ],
      "PrimaryItem": {
        "APIName": "plane_book",
        "ReservationStatus": "Reservation Confirmed",
        "id": 642
      },
      "UnixTime": 1590028459
    },
    {
      "APIName": "weather",
      "Action": "return_item",
      "Agent": "KnowledgeBase",
      "Item": {
        "APIName": "weather",
        "City": "San Francisco",
        "Day": "Saturday",
        "TemperatureCelsius": 1,
        "Weather": "Snowing",
        "id": 836
      },
      "TotalItems": -1
    },
    {
      "Action": "request_suggestions",
      "Agent": "Wizard",
      "PrimaryItem": {
        "APIName": "weather",
        "City": "San Francisco",
        "Day": "Saturday",
        "TemperatureCelsius": 1,
        "Weather": "Snowing",
        "id": 836
      },
      "Text": "It will be snowing",
      "UnixTime": 1590028464
    },
    {
      "Action": "pick_suggestion",
      "ActionLabel": "weather_inform_forecast",
      "ActionLabelOptions": [
        "weather_inform_forecast",
        "goodbye_1",
        "anything_else"
      ],
      "Agent": "Wizard",
      "PrimaryItem": {
        "APIName": "weather",
        "City": "San Francisco",
        "Day": "Saturday",
        "TemperatureCelsius": 1,
        "Weather": "Snowing",
        "id": 836
      },
      "Text": "It will be Snowing all day on Saturday in San Francisco, with temperatures of around 1 degrees celsius.",
      "UnixTime": 1590028467
    },
    {
      "Action": "utter",
      "Agent": "User",
      "Text": "I think she is the \"one\", you know. She makes my heart melt and gives me butterflies in my tummy every time I'm with her.",
      "UnixTime": 1590028528
    },
    {
      "Action": "instruct",
      "Agent": "UserGuide",
      "Text": "If it makes sense, use some negations ('I don't want X', or 'anything but Y', etc.) [instruction 4 of 6]",
      "UnixTime": 1590028528
    },
    {
      "Action": "request_suggestions",
      "Agent": "Wizard",
      "PrimaryItem": {
        "APIName": "weather",
        "City": "San Francisco",
        "Day": "Saturday",
        "TemperatureCelsius": 1,
        "Weather": "Snowing",
        "id": 836
      },
      "Text": "How nice. I hope you enjoy your trip!",
      "UnixTime": 1590028555
    },
    {
      "Action": "utter",
      "Agent": "Wizard",
      "PrimaryItem": {
        "APIName": "weather",
        "City": "San Francisco",
        "Day": "Saturday",
        "TemperatureCelsius": 1,
        "Weather": "Snowing",
        "id": 836
      },
      "Text": "How nice. I hope you enjoy your trip!",
      "UnixTime": 1590028559
    },
    {
      "Action": "utter",
      "Agent": "User",
      "Text": "I am looking forward to it. What will the weather be like in Chicago when I depart?",
      "UnixTime": 1590028588
    },
    {
      "Action": "instruct",
      "Agent": "UserGuide",
      "Text": "Keep going until you've covered all the topics ('finding a flight' and 'booking a flight'). The conversation should continue at least until the last instruction is given. [instruction 5 of 6]",
      "UnixTime": 1590028588
    },
    {
      "APIName": "weather",
      "Action": "query",
      "Agent": "Wizard",
      "Constraints": [
        {
          "Day": "\"Saturday\""
        },
        {
          "City": "\"Chicago\""
        }
      ],
      "PrimaryItem": {
        "APIName": "weather",
        "City": "San Francisco",
        "Day": "Saturday",
        "TemperatureCelsius": 1,
        "Weather": "Snowing",
        "id": 836
      },
      "UnixTime": 1590028612
    },
    {
      "APIName": "weather",
      "Action": "return_item",
      "Agent": "KnowledgeBase",
      "Item": {
        "APIName": "weather",
        "City": "Chicago",
        "Day": "Saturday",
        "TemperatureCelsius": 30,
        "Weather": "Raining",
        "id": 735
      },
      "TotalItems": -1
    },
    {
      "Action": "request_suggestions",
      "Agent": "Wizard",
      "PrimaryItem": {
        "APIName": "weather",
        "City": "Chicago",
        "Day": "Saturday",
        "TemperatureCelsius": 30,
        "Weather": "Raining",
        "id": 735
      },
      "Text": "raining",
      "UnixTime": 1590028617
    },
    {
      "Action": "pick_suggestion",
      "ActionLabel": "weather_inform_forecast",
      "ActionLabelOptions": [
        "goodbye_1",
        "weather_ask_location",
        "weather_inform_forecast"
      ],
      "Agent": "Wizard",
      "PrimaryItem": {
        "APIName": "weather",
        "City": "Chicago",
        "Day": "Saturday",
        "TemperatureCelsius": 30,
        "Weather": "Raining",
        "id": 735
      },
      "Text": "It will be Raining all day on Saturday in Chicago, with temperatures of around 30 degrees celsius.",
      "UnixTime": 1590028620
    },
    {
      "Action": "utter",
      "Agent": "User",
      "Text": "Ok, I will bring a jacket. I also ordered red whit and blue roses. Can't wait to create this memory",
      "UnixTime": 1590028667
    },
    {
      "Action": "request_suggestions",
      "Agent": "Wizard",
      "PrimaryItem": {
        "APIName": "weather",
        "City": "Chicago",
        "Day": "Saturday",
        "TemperatureCelsius": 30,
        "Weather": "Raining",
        "id": 735
      },
      "Text": "Is there anything else I can help with?",
      "UnixTime": 1590028682
    },
    {
      "Action": "pick_suggestion",
      "ActionLabel": "anything_else",
      "ActionLabelOptions": [
        "anything_else",
        "weather_inform_forecast",
        "out_of_scope"
      ],
      "Agent": "Wizard",
      "PrimaryItem": {
        "APIName": "weather",
        "City": "Chicago",
        "Day": "Saturday",
        "TemperatureCelsius": 30,
        "Weather": "Raining",
        "id": 735
      },
      "Text": "Is there anything else that I can do for you?",
      "UnixTime": 1590028684
    },
    {
      "Action": "utter",
      "Agent": "User",
      "Text": "Did you know what goes up must come down?",
      "UnixTime": 1590028702
    },
    {
      "Action": "instruct",
      "Agent": "UserGuide",
      "Text": "Ok, once you've touched on all the topics ('finding a flight' and 'booking a flight') and engaged in some smalltalk, you can bring the conversation to a natural close. [instruction 6 of 6]",
      "UnixTime": 1590028702
    },
    {
      "Action": "request_suggestions",
      "Agent": "Wizard",
      "PrimaryItem": {
        "APIName": "weather",
        "City": "Chicago",
        "Day": "Saturday",
        "TemperatureCelsius": 30,
        "Weather": "Raining",
        "id": 735
      },
      "Text": "I do not?",
      "UnixTime": 1590028713
    },
    {
      "Action": "utter",
      "Agent": "Wizard",
      "PrimaryItem": {
        "APIName": "weather",
        "City": "Chicago",
        "Day": "Saturday",
        "TemperatureCelsius": 30,
        "Weather": "Raining",
        "id": 735
      },
      "Text": "I do not?",
      "UnixTime": 1590028718
    },
    {
      "Action": "utter",
      "Agent": "User",
      "Text": "Well it does :-) so now you know! Anyways, thanks so much for all your help! Bye bye",
      "UnixTime": 1590028762
    },
    {
      "Action": "request_suggestions",
      "Agent": "Wizard",
      "PrimaryItem": {
        "APIName": "weather",
        "City": "Chicago",
        "Day": "Saturday",
        "TemperatureCelsius": 30,
        "Weather": "Raining",
        "id": 735
      },
      "Text": "Thank you and goodbye!",
      "UnixTime": 1590028779
    },
    {
      "Action": "pick_suggestion",
      "ActionLabel": "goodbye_1",
      "ActionLabelOptions": [
        "goodbye_1",
        "weather_inform_forecast",
        "weather_ask_day"
      ],
      "Agent": "Wizard",
      "PrimaryItem": {
        "APIName": "weather",
        "City": "Chicago",
        "Day": "Saturday",
        "TemperatureCelsius": 30,
        "Weather": "Raining",
        "id": 735
      },
      "Text": "Thank you and goodbye.",
      "UnixTime": 1590028781
    },
    {
      "Action": "complete",
      "Agent": "User",
      "UnixTime": 1590028784
    }
  ],
  "FORMAT-VERSION": 7,
  "IntroducesConflicts": false,
  "Scenario": {
    "Domains": [
      "plane",
      "weather"
    ],
    "Happy": false,
    "MultiTask": true,
    "UserTask": "Come up with your own scenario!\n\nAbout you:\n- Your name: John\n\n The AI Assistant can handle:\n- Search for a flight (e.g. from Chicago to San Francisco)\n- Book a flight (e.g. with id 642)\n- Checking the weather forecast in different Cities (e.g. Pittsburgh or San Francisco)",
    "WizardCapabilities": [
      {
        "Domain": "plane",
        "SchemaImage": "plane_search.jpg",
        "Task": "plane_search"
      },
      {
        "Domain": "plane",
        "SchemaImage": "plane_book.jpg",
        "Task": "plane_book"
      },
      {
        "Domain": "weather",
        "SchemaImage": "weather.jpg",
        "Task": "weather"
      }
    ],
    "WizardTask": "Follow the flow charts and help the user."
  },
  "UserQuestionnaire": [
    {
      "Answer": true,
      "Question": "Did the assistant stay calm and helpful throughout the dialogue?"
    }
  ],
  "WizardQuestionnaire": [
    {
      "Answer": false,
      "Question": "Did the user change his/her mind about what he/she wants at any time?"
    },
    {
      "Answer": false,
      "Question": "Did the user become aggressive or annoyed during the dialogue? (Note: some users may be instructed to be annoying.)"
    },
    {
      "Answer": false,
      "Question": "Where you unsure about what to do at any time? (Feel free to send us an email with details.)"
    }
  ]
}