{
  "AnonymizedUserWorkerID": "a4c9564b-06b9-37b4-27ca-fd6bf52c4154",
  "AnonymizedWizardWorkerID": "239936e4-190b-4d6e-8038-57290b8802d4",
  "BatchID": "woz_1589997353",
  "CompletionLevel": "Complete",
  "DialogueID": 1712,
  "Events": [
    {
      "Action": "instruct",
      "Agent": "UserGuide",
      "Text": "Use your imagination to generate a conversation about the topics 'Reserving a table at a restaurant' and 'Bank balance checking' (in any order), as shown on the left. You may also ask the assistant about the weather.  [instruction 1 of 6]",
      "UnixTime": 1590011210
    },
    {
      "Action": "utter",
      "Agent": "User",
      "Text": "Hi. The weather looks awful. Please tell me it will get better in San Francisco.",
      "UnixTime": 1590011238
    },
    {
      "Action": "select_task",
      "Agent": "Wizard",
      "Task": "weather",
      "UnixTime": 1590011249
    },
    {
      "APIName": "weather",
      "Action": "query",
      "Agent": "Wizard",
      "Constraints": [
        {
          "Day": "api.is_equal_to(\"Sunday\")"
        },
        {
          "City": "\"San Francisco\""
        }
      ],
      "UnixTime": 1590011257
    },
    {
      "APIName": "weather",
      "Action": "return_item",
      "Agent": "KnowledgeBase",
      "Item": {
        "APIName": "weather",
        "City": "San Francisco",
        "Day": "Sunday",
        "TemperatureCelsius": -4,
        "Weather": "Raining",
        "id": 183
      },
      "TotalItems": -1
    },
    {
      "Action": "request_suggestions",
      "Agent": "Wizard",
      "PrimaryItem": {
        "APIName": "weather",
        "City": "San Francisco",
        "Day": "Sunday",
        "TemperatureCelsius": -4,
        "Weather": "Raining",
        "id": 183
      },
      "Text": "San Francisco raining",
      "UnixTime": 1590011271
    },
    {
      "Action": "pick_suggestion",
      "ActionLabel": "weather_inform_forecast",
      "ActionLabelOptions": [
        "weather_inform_forecast",
        "weather_ask_location",
        "goodbye_1"
      ],
      "Agent": "Wizard",
      "PrimaryItem": {
        "APIName": "weather",
        "City": "San Francisco",
        "Day": "Sunday",
        "TemperatureCelsius": -4,
        "Weather": "Raining",
        "id": 183
      },
      "Text": "It will be Raining all day on Sunday in San Francisco, with temperatures of around -4 degrees celsius.",
      "UnixTime": 1590011272
    },
    {
      "Action": "utter",
      "Agent": "User",
      "Text": "Oh no! That's terrible. Will it be any better in Chicago?",
      "UnixTime": 1590011288
    },
    {
      "APIName": "weather",
      "Action": "query",
      "Agent": "Wizard",
      "Constraints": [
        {
          "Day": "api.is_equal_to(\"Sunday\")"
        },
        {
          "City": "\"Chicago\""
        }
      ],
      "PrimaryItem": {
        "APIName": "weather",
        "City": "San Francisco",
        "Day": "Sunday",
        "TemperatureCelsius": -4,
        "Weather": "Raining",
        "id": 183
      },
      "UnixTime": 1590011294
    },
    {
      "APIName": "weather",
      "Action": "return_item",
      "Agent": "KnowledgeBase",
      "Item": {
        "APIName": "weather",
        "City": "Chicago",
        "Day": "Sunday",
        "TemperatureCelsius": 16,
        "Weather": "Snowing",
        "id": 811
      },
      "TotalItems": -1
    },
    {
      "Action": "request_suggestions",
      "Agent": "Wizard",
      "PrimaryItem": {
        "APIName": "weather",
        "City": "Chicago",
        "Day": "Sunday",
        "TemperatureCelsius": 16,
        "Weather": "Snowing",
        "id": 811
      },
      "Text": "Chicago snowing",
      "UnixTime": 1590011301
    },
    {
      "Action": "pick_suggestion",
      "ActionLabel": "weather_inform_forecast",
      "ActionLabelOptions": [
        "weather_inform_forecast",
        "weather_ask_location",
        "hello"
      ],
      "Agent": "Wizard",
      "PrimaryItem": {
        "APIName": "weather",
        "City": "Chicago",
        "Day": "Sunday",
        "TemperatureCelsius": 16,
        "Weather": "Snowing",
        "id": 811
      },
      "Text": "It will be Snowing all day on Sunday in Chicago, with temperatures of around 16 degrees celsius.",
      "UnixTime": 1590011303
    },
    {
      "Action": "utter",
      "Agent": "User",
      "Text": "Yikes. That's not a lot better! I'm going to eat my troubles away. Can you get me into Cactus Club on Thursday?",
      "UnixTime": 1590011352
    },
    {
      "Action": "instruct",
      "Agent": "UserGuide",
      "Text": "Please have some smalltalk with the AI Assistant at some point in this dialogue. [instruction 2 of 6]",
      "UnixTime": 1590011352
    },
    {
      "Action": "select_task",
      "Agent": "Wizard",
      "PrimaryItem": {
        "APIName": "weather",
        "City": "Chicago",
        "Day": "Sunday",
        "TemperatureCelsius": 16,
        "Weather": "Snowing",
        "id": 811
      },
      "Task": "restaurant_book",
      "UnixTime": 1590011358
    },
    {
      "Action": "request_suggestions",
      "Agent": "Wizard",
      "PrimaryItem": {
        "APIName": "weather",
        "City": "Chicago",
        "Day": "Sunday",
        "TemperatureCelsius": 16,
        "Weather": "Snowing",
        "id": 811
      },
      "Text": "your name",
      "UnixTime": 1590011377
    },
    {
      "Action": "pick_suggestion",
      "ActionLabel": "ask_name",
      "ActionLabelOptions": [
        "ask_name",
        "weather_inform_nothing_found",
        "goodbye_1",
        "hello",
        "restaurant_ask_restaurant",
        "restaurant_ask_time"
      ],
      "Agent": "Wizard",
      "PrimaryItem": {
        "APIName": "weather",
        "City": "Chicago",
        "Day": "Sunday",
        "TemperatureCelsius": 16,
        "Weather": "Snowing",
        "id": 811
      },
      "Text": "May I have your name, please?",
      "UnixTime": 1590011379
    },
    {
      "Action": "utter",
      "Agent": "User",
      "Text": "I'm Katarina Miller.",
      "UnixTime": 1590011414
    },
    {
      "Action": "request_suggestions",
      "Agent": "Wizard",
      "PrimaryItem": {
        "APIName": "weather",
        "City": "Chicago",
        "Day": "Sunday",
        "TemperatureCelsius": 16,
        "Weather": "Snowing",
        "id": 811
      },
      "Text": "what time",
      "UnixTime": 1590011426
    },
    {
      "Action": "pick_suggestion",
      "ActionLabel": "restaurant_ask_time",
      "ActionLabelOptions": [
        "restaurant_ask_time",
        "weather_ask_day",
        "weather_ask_location",
        "hello",
        "ask_name",
        "restaurant_ask_restaurant"
      ],
      "Agent": "Wizard",
      "PrimaryItem": {
        "APIName": "weather",
        "City": "Chicago",
        "Day": "Sunday",
        "TemperatureCelsius": 16,
        "Weather": "Snowing",
        "id": 811
      },
      "Text": "For what time should the reservation be made?",
      "UnixTime": 1590011427
    },
    {
      "Action": "utter",
      "Agent": "User",
      "Text": "Let's make it for noon. I get hungry very early.",
      "UnixTime": 1590011446
    },
    {
      "Action": "instruct",
      "Agent": "UserGuide",
      "Text": "If you haven't yet, it's time to change topic. You can also go back and forth between topics. [instruction 3 of 6]",
      "UnixTime": 1590011446
    },
    {
      "Action": "request_suggestions",
      "Agent": "Wizard",
      "PrimaryItem": {
        "APIName": "weather",
        "City": "Chicago",
        "Day": "Sunday",
        "TemperatureCelsius": 16,
        "Weather": "Snowing",
        "id": 811
      },
      "Text": "party size",
      "UnixTime": 1590011455
    },
    {
      "Action": "pick_suggestion",
      "ActionLabel": "restaurant_ask_size",
      "ActionLabelOptions": [
        "restaurant_ask_size",
        "goodbye_1",
        "weather_inform_nothing_found",
        "restaurant_inform_unavailable",
        "weather_ask_location",
        "hello"
      ],
      "Agent": "Wizard",
      "PrimaryItem": {
        "APIName": "weather",
        "City": "Chicago",
        "Day": "Sunday",
        "TemperatureCelsius": 16,
        "Weather": "Snowing",
        "id": 811
      },
      "Text": "For how many people should the reservation be made?",
      "UnixTime": 1590011457
    },
    {
      "Action": "utter",
      "Agent": "User",
      "Text": "Well, I guess I will have to invite my neighbors. They invivted us last time. So make it 3.",
      "UnixTime": 1590011500
    },
    {
      "Action": "instruct",
      "Agent": "UserGuide",
      "Text": "If it makes sense, use some negations ('I don't want X', or 'anything but Y', etc.) [instruction 4 of 6]",
      "UnixTime": 1590011500
    },
    {
      "APIName": "restaurant_book",
      "Action": "query",
      "Agent": "Wizard",
      "Constraints": [
        {
          "Name": "api.is_equal_to(\"Cactus Club\")"
        },
        {
          "Time": "\"12 pm\""
        },
        {
          "PartySize": "3"
        },
        {
          "CustomerName": "\"Katarina Miller\""
        },
        {
          "RequestType": "\"Check\""
        }
      ],
      "PrimaryItem": {
        "APIName": "weather",
        "City": "Chicago",
        "Day": "Sunday",
        "TemperatureCelsius": 16,
        "Weather": "Snowing",
        "id": 811
      },
      "UnixTime": 1590011509
    },
    {
      "APIName": "restaurant_book",
      "Action": "return_item",
      "Agent": "KnowledgeBase",
      "Item": {
        "APIName": "restaurant_book",
        "Message": "Unavailable",
        "RestaurantName": "Cactus Club"
      },
      "TotalItems": -1
    },
    {
      "Action": "request_suggestions",
      "Agent": "Wizard",
      "PrimaryItem": {
        "APIName": "restaurant_book",
        "Message": "Unavailable",
        "RestaurantName": "Cactus Club"
      },
      "Text": "unavilable",
      "UnixTime": 1590011514
    },
    {
      "Action": "pick_suggestion",
      "ActionLabel": "restaurant_inform_unavailable",
      "ActionLabelOptions": [
        "restaurant_inform_booking_failed",
        "restaurant_inform_unavailable",
        "hello"
      ],
      "Agent": "Wizard",
      "PrimaryItem": {
        "APIName": "restaurant_book",
        "Message": "Unavailable",
        "RestaurantName": "Cactus Club"
      },
      "Text": "I am sorry, but it looks like the restaurant is not able to accomodate you.",
      "UnixTime": 1590011519
    },
    {
      "Action": "utter",
      "Agent": "User",
      "Text": "Darn it. Can you try Tamarind?",
      "UnixTime": 1590011554
    },
    {
      "Action": "instruct",
      "Agent": "UserGuide",
      "Text": "Keep going until you've covered all the topics (reserving a table at a restaurant and bank balance checking). The conversation should continue at least until the last instruction is given. [instruction 5 of 6]",
      "UnixTime": 1590011554
    },
    {
      "APIName": "restaurant_book",
      "Action": "query",
      "Agent": "Wizard",
      "Constraints": [
        {
          "Name": "\"Tamarind\""
        },
        {
          "Time": "\"12 pm\""
        },
        {
          "PartySize": "3"
        },
        {
          "CustomerName": "\"Katarina Miller\""
        },
        {
          "RequestType": "\"Check\""
        }
      ],
      "PrimaryItem": {
        "APIName": "restaurant_book",
        "Message": "Unavailable",
        "RestaurantName": "Cactus Club"
      },
      "UnixTime": 1590011560
    },
    {
      "APIName": "restaurant_book",
      "Action": "return_item",
      "Agent": "KnowledgeBase",
      "Item": {
        "APIName": "restaurant_book",
        "Message": "Available",
        "RestaurantName": "Tamarind"
      },
      "TotalItems": -1
    },
    {
      "Action": "request_suggestions",
      "Agent": "Wizard",
      "PrimaryItem": {
        "APIName": "restaurant_book",
        "Message": "Available",
        "RestaurantName": "Tamarind"
      },
      "Text": "available",
      "UnixTime": 1590011565
    },
    {
      "Action": "pick_suggestion",
      "ActionLabel": "restaurant_ask_confirm_booking",
      "ActionLabelOptions": [
        "restaurant_inform_booking_successful",
        "restaurant_ask_confirm_booking",
        "hello"
      ],
      "Agent": "Wizard",
      "PrimaryItem": {
        "APIName": "restaurant_book",
        "Message": "Available",
        "RestaurantName": "Tamarind"
      },
      "Text": "Great, the Tamarind is happy to accommodate you.\nCan I confirm your reservation with them?",
      "UnixTime": 1590011569
    },
    {
      "Action": "utter",
      "Agent": "User",
      "Text": "Yes, wonderful!",
      "UnixTime": 1590011581
    },
    {
      "APIName": "restaurant_book",
      "Action": "query",
      "Agent": "Wizard",
      "Constraints": [
        {
          "Name": "\"Tamarind\""
        },
        {
          "Time": "\"12 pm\""
        },
        {
          "PartySize": "3"
        },
        {
          "CustomerName": "\"Katarina Miller\""
        },
        {
          "RequestType": "\"Book\""
        }
      ],
      "PrimaryItem": {
        "APIName": "restaurant_book",
        "Message": "Available",
        "RestaurantName": "Tamarind"
      },
      "UnixTime": 1590011587
    },
    {
      "APIName": "restaurant_book",
      "Action": "return_item",
      "Agent": "KnowledgeBase",
      "Item": {
        "APIName": "restaurant_book",
        "ReservationStatus": "Reservation Failed",
        "RestaurantName": "Tamarind"
      },
      "TotalItems": -1
    },
    {
      "Action": "request_suggestions",
      "Agent": "Wizard",
      "PrimaryItem": {
        "APIName": "restaurant_book",
        "ReservationStatus": "Reservation Failed",
        "RestaurantName": "Tamarind"
      },
      "Text": "reservation failed",
      "UnixTime": 1590011595
    },
    {
      "Action": "pick_suggestion",
      "ActionLabel": "restaurant_inform_booking_failed",
      "ActionLabelOptions": [
        "restaurant_inform_booking_failed",
        "restaurant_ask_confirm_booking",
        "restaurant_inform_nothing_found"
      ],
      "Agent": "Wizard",
      "PrimaryItem": {
        "APIName": "restaurant_book",
        "ReservationStatus": "Reservation Failed",
        "RestaurantName": "Tamarind"
      },
      "Text": "I am sorry, but the reservation request was not successful.",
      "UnixTime": 1590011597
    },
    {
      "Action": "utter",
      "Agent": "User",
      "Text": "Just try later and later times until you can make it.",
      "UnixTime": 1590011610
    },
    {
      "Action": "instruct",
      "Agent": "UserGuide",
      "Text": "Ok, once you've touched on all the topics (restaurant and bank balance checking) and engaged in some smalltalk, you can bring the conversation to a natural close. [instruction 6 of 6]",
      "UnixTime": 1590011610
    },
    {
      "APIName": "restaurant_book",
      "Action": "query",
      "Agent": "Wizard",
      "Constraints": [
        {
          "Name": "\"Tamarind\""
        },
        {
          "Time": "\"12 pm\""
        },
        {
          "PartySize": "3"
        },
        {
          "CustomerName": "\"Katarina Miller\""
        },
        {
          "RequestType": "\"Book\""
        }
      ],
      "PrimaryItem": {
        "APIName": "restaurant_book",
        "ReservationStatus": "Reservation Failed",
        "RestaurantName": "Tamarind"
      },
      "UnixTime": 1590011622
    },
    {
      "APIName": "restaurant_book",
      "Action": "return_item",
      "Agent": "KnowledgeBase",
      "Item": {
        "APIName": "restaurant_book",
        "ReservationStatus": "Reservation Failed",
        "RestaurantName": "Tamarind"
      },
      "TotalItems": -1
    },
    {
      "Action": "request_suggestions",
      "Agent": "Wizard",
      "PrimaryItem": {
        "APIName": "restaurant_book",
        "ReservationStatus": "Reservation Failed",
        "RestaurantName": "Tamarind"
      },
      "Text": "failed",
      "UnixTime": 1590011636
    },
    {
      "Action": "pick_suggestion",
      "ActionLabel": "restaurant_inform_booking_failed",
      "ActionLabelOptions": [
        "restaurant_inform_booking_failed",
        "restaurant_inform_nothing_found",
        "ask_name"
      ],
      "Agent": "Wizard",
      "PrimaryItem": {
        "APIName": "restaurant_book",
        "ReservationStatus": "Reservation Failed",
        "RestaurantName": "Tamarind"
      },
      "Text": "I am sorry, but the reservation request was not successful.",
      "UnixTime": 1590011639
    },
    {
      "Action": "utter",
      "Agent": "User",
      "Text": "Just keep trying times until you get one.",
      "UnixTime": 1590011658
    },
    {
      "APIName": "restaurant_book",
      "Action": "query",
      "Agent": "Wizard",
      "Constraints": [
        {
          "Name": "\"Tamarind\""
        },
        {
          "Time": "\"12 pm\""
        },
        {
          "PartySize": "3"
        },
        {
          "CustomerName": "\"Katarina Miller\""
        },
        {
          "RequestType": "\"Book\""
        }
      ],
      "PrimaryItem": {
        "APIName": "restaurant_book",
        "ReservationStatus": "Reservation Failed",
        "RestaurantName": "Tamarind"
      },
      "UnixTime": 1590011668
    },
    {
      "APIName": "restaurant_book",
      "Action": "return_item",
      "Agent": "KnowledgeBase",
      "Item": {
        "APIName": "restaurant_book",
        "ReservationStatus": "Reservation Confirmed",
        "RestaurantName": "Tamarind"
      },
      "TotalItems": -1
    },
    {
      "Action": "request_suggestions",
      "Agent": "Wizard",
      "PrimaryItem": {
        "APIName": "restaurant_book",
        "ReservationStatus": "Reservation Confirmed",
        "RestaurantName": "Tamarind"
      },
      "Text": "failed",
      "UnixTime": 1590011677
    },
    {
      "Action": "pick_suggestion",
      "ActionLabel": "restaurant_inform_booking_failed",
      "ActionLabelOptions": [
        "restaurant_inform_booking_failed",
        "restaurant_inform_nothing_found",
        "ask_name"
      ],
      "Agent": "Wizard",
      "PrimaryItem": {
        "APIName": "restaurant_book",
        "ReservationStatus": "Reservation Confirmed",
        "RestaurantName": "Tamarind"
      },
      "Text": "I am sorry, but the reservation request was not successful.",
      "UnixTime": 1590011678
    },
    {
      "Action": "utter",
      "Agent": "User",
      "Text": "Did you try a different day?",
      "UnixTime": 1590011689
    },
    {
      "APIName": "restaurant_book",
      "Action": "query",
      "Agent": "Wizard",
      "Constraints": [
        {
          "Name": "\"Tamarind\""
        },
        {
          "Time": "\"1 pm\""
        },
        {
          "PartySize": "3"
        },
        {
          "CustomerName": "\"Katarina Miller\""
        },
        {
          "RequestType": "\"Book\""
        }
      ],
      "PrimaryItem": {
        "APIName": "restaurant_book",
        "ReservationStatus": "Reservation Confirmed",
        "RestaurantName": "Tamarind"
      },
      "UnixTime": 1590011694
    },
    {
      "APIName": "restaurant_book",
      "Action": "return_item",
      "Agent": "KnowledgeBase",
      "Item": {
        "APIName": "restaurant_book",
        "ReservationStatus": "Reservation Failed",
        "RestaurantName": "Tamarind"
      },
      "TotalItems": -1
    },
    {
      "Action": "request_suggestions",
      "Agent": "Wizard",
      "PrimaryItem": {
        "APIName": "restaurant_book",
        "ReservationStatus": "Reservation Failed",
        "RestaurantName": "Tamarind"
      },
      "Text": "failed",
      "UnixTime": 1590011938
    },
    {
      "Action": "pick_suggestion",
      "ActionLabel": "restaurant_inform_booking_failed",
      "ActionLabelOptions": [
        "restaurant_inform_booking_failed",
        "restaurant_inform_nothing_found",
        "ask_name"
      ],
      "Agent": "Wizard",
      "PrimaryItem": {
        "APIName": "restaurant_book",
        "ReservationStatus": "Reservation Failed",
        "RestaurantName": "Tamarind"
      },
      "Text": "I am sorry, but the reservation request was not successful.",
      "UnixTime": 1590011940
    },
    {
      "Action": "utter",
      "Agent": "User",
      "Text": "Okay. Please check my bank balance. My name is Katarina Miller. My bank account number is 153531981 and my pin is 9431.",
      "UnixTime": 1590011987
    },
    {
      "Action": "select_task",
      "Agent": "Wizard",
      "PrimaryItem": {
        "APIName": "restaurant_book",
        "ReservationStatus": "Reservation Failed",
        "RestaurantName": "Tamarind"
      },
      "Task": "bank_balance",
      "UnixTime": 1590012005
    },
    {
      "APIName": "bank_balance",
      "Action": "query",
      "Agent": "Wizard",
      "Constraints": [
        {
          "FullName": "\"Katarina Miller\""
        },
        {
          "AccountNumber": "153531981"
        },
        {
          "PIN": "9431"
        }
      ],
      "PrimaryItem": {
        "APIName": "restaurant_book",
        "ReservationStatus": "Reservation Failed",
        "RestaurantName": "Tamarind"
      },
      "UnixTime": 1590012042
    },
    {
      "APIName": "bank_balance",
      "Action": "return_item",
      "Agent": "KnowledgeBase",
      "Item": {
        "APIName": "bank_balance",
        "BankBalance": 7706,
        "BankName": "PNC",
        "id": 764
      },
      "TotalItems": -1
    },
    {
      "Action": "request_suggestions",
      "Agent": "Wizard",
      "PrimaryItem": {
        "APIName": "bank_balance",
        "BankBalance": 7706,
        "BankName": "PNC",
        "id": 764
      },
      "Text": "balance 7706",
      "UnixTime": 1590012053
    },
    {
      "Action": "pick_suggestion",
      "ActionLabel": "bank_inform_balance",
      "ActionLabelOptions": [
        "bank_inform_balance",
        "goodbye_1",
        "anything_else"
      ],
      "Agent": "Wizard",
      "PrimaryItem": {
        "APIName": "bank_balance",
        "BankBalance": 7706,
        "BankName": "PNC",
        "id": 764
      },
      "Text": "Your current balance is 7706 in credit.",
      "UnixTime": 1590012055
    },
    {
      "Action": "utter",
      "Agent": "User",
      "Text": "Thank you. That's all for today. Bye.",
      "UnixTime": 1590012087
    },
    {
      "Action": "request_suggestions",
      "Agent": "Wizard",
      "PrimaryItem": {
        "APIName": "bank_balance",
        "BankBalance": 7706,
        "BankName": "PNC",
        "id": 764
      },
      "Text": "thank you",
      "UnixTime": 1590012099
    },
    {
      "Action": "pick_suggestion",
      "ActionLabel": "goodbye_1",
      "ActionLabelOptions": [
        "goodbye_1",
        "out_of_scope",
        "anything_else"
      ],
      "Agent": "Wizard",
      "PrimaryItem": {
        "APIName": "bank_balance",
        "BankBalance": 7706,
        "BankName": "PNC",
        "id": 764
      },
      "Text": "Thank you and goodbye.",
      "UnixTime": 1590012101
    },
    {
      "Action": "complete",
      "Agent": "User",
      "UnixTime": 1590012111
    }
  ],
  "FORMAT-VERSION": 7,
  "IntroducesConflicts": false,
  "Scenario": {
    "Domains": [
      "bank",
      "restaurant",
      "weather"
    ],
    "Happy": false,
    "MultiTask": true,
    "UserTask": "Come up with your own scenario!\n\nAbout you:\n- Your name: Katarina Miller\n- Your bank account: 153531981, with PIN 9431\n- Today is Tuesday the 7th of June, 4 pm\n\n The AI Assistant can handle:\n- Checking bank balance\n- Reserving a table at a restaurant (e.g. Tamarind or Cactus Club) for today\n- Checking the weather forecast in different Cities (e.g. San Francisco or Chicago)",
    "WizardCapabilities": [
      {
        "Domain": "restaurant",
        "SchemaImage": "restaurant_book.jpg",
        "Task": "restaurant_book"
      },
      {
        "Domain": "bank",
        "SchemaImage": "bank_balance.jpg",
        "Task": "bank_balance"
      },
      {
        "Domain": "weather",
        "SchemaImage": "weather.jpg",
        "Task": "weather"
      }
    ],
    "WizardTask": "Follow the flow charts and help the user. Assume:\n\n- Today is Tuesday the 7th of June, 4 pm"
  },
  "UserQuestionnaire": [
    {
      "Answer": true,
      "Question": "Did the assistant stay calm and helpful throughout the dialogue?"
    }
  ],
  "WizardQuestionnaire": [
    {
      "Answer": false,
      "Question": "Did the user change his/her mind about what he/she wants at any time?"
    },
    {
      "Answer": false,
      "Question": "Did the user become aggressive or annoyed during the dialogue? (Note: some users may be instructed to be annoying.)"
    },
    {
      "Answer": false,
      "Question": "Where you unsure about what to do at any time? (Feel free to send us an email with details.)"
    }
  ]
}