{
    "AnonymizedUserWorkerID": "91b16ed4-3c20-2cd4-e99c-ff1316c27cf2",
    "AnonymizedWizardWorkerID": "ff344ac7-17f2-a634-e31d-1f27b14ae9f3",
    "BatchID": "woz_1589820124",
    "CompletionLevel": "Complete",
    "DialogueID": 1853,
    "Events": [
        {
            "Action": "utter",
            "Agent": "User",
            "Text": "Hello!",
            "UnixTime": 1589834139,
            "PredictedBeliefState": {},
            "ActionLabel": [
                "user_hello"
            ]
        },
        {
            "Action": "instruct",
            "Agent": "UserGuide",
            "Text": "You remember that your friend recommended the Hyatt Hotel. Tell the assistant you've changed your mind and want to stay at Hyatt Hotel. [instruction 1 of 5]",
            "UnixTime": 1589834139
        },
        {
            "Action": "request_suggestions",
            "Agent": "Wizard",
            "Text": "Hi how may I help you",
            "UnixTime": 1589834156
        },
        {
            "Action": "pick_suggestion",
            "ActionLabel": "hello",
            "ActionLabelOptions": [
                "hello",
                "hotel_reservation_succeeded",
                "out_of_scope"
            ],
            "Agent": "Wizard",
            "Text": "Hello, how can I help?",
            "UnixTime": 1589834157
        },
        {
            "Action": "utter",
            "Agent": "User",
            "Text": "I would like to make a reservation at Shadyside Inn from May 2nd to the 18th please.",
            "UnixTime": 1589834177,
            "PredictedBeliefState": {
                "EndDate": "18th",
                "Name": "shadyside inn",
                "StartDate": "2nd"
            },
            "ActionLabel": [
                "user_hotel_book_inform_end_date",
                "user_hotel_book_inform_hotel_name",
                "user_hotel_book_inform_start_date",
                "user_hotel_book_ask_hotel_book"
            ]
        },
        {
            "Action": "request_suggestions",
            "Agent": "Wizard",
            "Text": "may I have your name",
            "UnixTime": 1589834221
        },
        {
            "Action": "pick_suggestion",
            "ActionLabel": "ask_name",
            "ActionLabelOptions": [
                "ask_name",
                "hotel_ask_date_from",
                "anything_else"
            ],
            "Agent": "Wizard",
            "Text": "May I have your name, please?",
            "UnixTime": 1589834222
        },
        {
            "Action": "utter",
            "Agent": "User",
            "Text": "Yes I am Alexis.  Actually now that I think about it my friend recommended the Hyatt Hotel.  Let's change it to that.",
            "UnixTime": 1589834253,
            "PredictedBeliefState": {
                "EndDate": "18th",
                "CustomerName": "alexis",
                "Name": "hyatt hotel",
                "StartDate": "2nd"
            },
            "ActionLabel": [
                "user_hotel_book_inform_name",
                "user_hotel_book_inform_hotel_name"
            ]
        },
        {
            "Action": "instruct",
            "Agent": "UserGuide",
            "Text": "Actually, you recall that your friend stayed at Hyatt Hotel in another town. However you've read on a blog that the Old Town Inn is by long and far the most authentic one. Tell the assistant you've changed your mind and want to stay at Old Town Inn. [instruction 2 of 5]",
            "UnixTime": 1589834253
        },
        {
            "APIName": "hotel_book",
            "Action": "query",
            "Agent": "Wizard",
            "Constraints": [
                {
                    "Name": "\"Hyatt Hotel\""
                },
                {
                    "StartDate": "\"2nd\""
                },
                {
                    "EndDate": "\"18th\""
                },
                {
                    "CustomerName": "\"Alexis\""
                },
                {
                    "RequestType": "\"Check\""
                }
            ],
            "UnixTime": 1589834318
        },
        {
            "APIName": "hotel_book",
            "Action": "return_item",
            "Agent": "KnowledgeBase",
            "Item": {
                "APIName": "hotel_book",
                "HotelName": "Hyatt Hotel",
                "Message": "Unavailable"
            },
            "TotalItems": -1,
            "PredictedBeliefState": {
                "EndDate": "18th",
                "CustomerName": "alexis",
                "Name": "hyatt hotel",
                "StartDate": "2nd"
            },
            "ActionLabel": [
                "db_hotel_unavailable"
            ]
        },
        {
            "Action": "request_suggestions",
            "Agent": "Wizard",
            "PrimaryItem": {
                "APIName": "hotel_book",
                "HotelName": "Hyatt Hotel",
                "Message": "Unavailable"
            },
            "Text": "The hyatt hotel is unavailable.",
            "UnixTime": 1589834330
        },
        {
            "Action": "pick_suggestion",
            "ActionLabel": "hotel_unavailable",
            "ActionLabelOptions": [
                "hotel_unavailable",
                "hotel_ask_hotel",
                "goodbye_1"
            ],
            "Agent": "Wizard",
            "PrimaryItem": {
                "APIName": "hotel_book",
                "HotelName": "Hyatt Hotel",
                "Message": "Unavailable"
            },
            "Text": "I'm very sorry, but there is no room available at the Hyatt Hotel for your requested dates.",
            "UnixTime": 1589834334
        },
        {
            "Action": "utter",
            "Agent": "User",
            "Text": "Probably for the better.  Now that I think about it my friend stayed at the Hyatt in another town.  I read a block about an Old Town inn and I really trust the blog.  Let's change it to the Old Town Inn.",
            "UnixTime": 1589834367,
            "PredictedBeliefState": {
                "EndDate": "18th",
                "StartDate": "2nd",
                "Name": "old town inn",
                "CustomerName": "alexis"
            },
            "ActionLabel": [
                "user_hotel_book_inform_hotel_name"
            ]
        },
        {
            "Action": "instruct",
            "Agent": "UserGuide",
            "Text": "Talk to the assistant about this great travel blog that you rely on and that its never let you down on your journeys. Be creative! [instruction 3 of 5]",
            "UnixTime": 1589834367
        },
        {
            "APIName": "hotel_book",
            "Action": "query",
            "Agent": "Wizard",
            "Constraints": [
                {
                    "Name": "\"Old Town Inn\""
                },
                {
                    "StartDate": "\"2nd\""
                },
                {
                    "EndDate": "\"18th\""
                },
                {
                    "CustomerName": "\"Alexis\""
                },
                {
                    "RequestType": "\"Check\""
                }
            ],
            "PrimaryItem": {
                "APIName": "hotel_book",
                "HotelName": "Hyatt Hotel",
                "Message": "Unavailable"
            },
            "UnixTime": 1589834382
        },
        {
            "APIName": "hotel_book",
            "Action": "return_item",
            "Agent": "KnowledgeBase",
            "Item": {
                "APIName": "hotel_book",
                "HotelName": "Old Town Inn",
                "Message": "Unavailable"
            },
            "TotalItems": -1,
            "PredictedBeliefState": {
                "EndDate": "18th",
                "StartDate": "2nd",
                "Name": "old town inn",
                "CustomerName": "alexis"
            },
            "ActionLabel": [
                "db_hotel_unavailable"
            ]
        },
        {
            "Action": "request_suggestions",
            "Agent": "Wizard",
            "PrimaryItem": {
                "APIName": "hotel_book",
                "HotelName": "Old Town Inn",
                "Message": "Unavailable"
            },
            "Text": "the old town inn is unavailable",
            "UnixTime": 1589834391
        },
        {
            "Action": "pick_suggestion",
            "ActionLabel": "hotel_unavailable",
            "ActionLabelOptions": [
                "hotel_unavailable",
                "goodbye_1",
                "hotel_ask_hotel"
            ],
            "Agent": "Wizard",
            "PrimaryItem": {
                "APIName": "hotel_book",
                "HotelName": "Old Town Inn",
                "Message": "Unavailable"
            },
            "Text": "I'm very sorry, but there is no room available at the Old Town Inn for your requested dates.",
            "UnixTime": 1589834393
        },
        {
            "Action": "utter",
            "Agent": "User",
            "Text": "The blog is so great!  It's like my daily Bible when it comes to making travel decisions.",
            "UnixTime": 1589834418,
            "PredictedBeliefState": {
                "EndDate": "18th",
                "StartDate": "2nd",
                "CustomerName": "alexis",
                "Name": "old town inn"
            },
            "ActionLabel": [
                "user_bad_label"
            ]
        },
        {
            "Action": "instruct",
            "Agent": "UserGuide",
            "Text": "You just received a text from your partner saying: 'Hey, my brother invited us to his wedding in London on the 18th and I already booked us a flight for the 2nd!' Tell the assistant you would like to change your reservation to 14th-29th the following month. [instruction 4 of 5]",
            "UnixTime": 1589834418
        },
        {
            "Action": "request_suggestions",
            "Agent": "Wizard",
            "PrimaryItem": {
                "APIName": "hotel_book",
                "HotelName": "Old Town Inn",
                "Message": "Unavailable"
            },
            "Text": "Would you like to find another hotel?",
            "UnixTime": 1589834460
        },
        {
            "Action": "pick_suggestion",
            "ActionLabel": "hotel_ask_hotel",
            "ActionLabelOptions": [
                "hotel_ask_hotel",
                "hello",
                "hotel_ask_confirm_booking"
            ],
            "Agent": "Wizard",
            "PrimaryItem": {
                "APIName": "hotel_book",
                "HotelName": "Old Town Inn",
                "Message": "Unavailable"
            },
            "Text": "What hotel would you like to stay at?",
            "UnixTime": 1589834464
        },
        {
            "Action": "utter",
            "Agent": "User",
            "Text": "Wow my brother just sent me a text and he's getting married in London and he already booked the flight!  I guess we will have to change the dates.  Old Town Inn from May 14th-29th now please!",
            "UnixTime": 1589834512,
            "PredictedBeliefState": {
                "EndDate": "29th",
                "StartDate": "14th",
                "Name": "old town inn",
                "CustomerName": "alexis"
            },
            "ActionLabel": [
                "user_hotel_book_inform_end_date",
                "user_hotel_book_inform_start_date"
            ]
        },
        {
            "Action": "instruct",
            "Agent": "UserGuide",
            "Text": "Tell the assistant you don't really want to go to London because your partner's brother is a bit of a show-off, but obviously you'll be going to the wedding. Finish the booking and bring the conversation to an end. [instruction 5 of 5]",
            "UnixTime": 1589834512
        },
        {
            "APIName": "hotel_book",
            "Action": "query",
            "Agent": "Wizard",
            "Constraints": [
                {
                    "Name": "\"Old Town Inn\""
                },
                {
                    "StartDate": "\"14th\""
                },
                {
                    "EndDate": "\"29th\""
                },
                {
                    "CustomerName": "\"Alexis\""
                },
                {
                    "RequestType": "\"Check\""
                }
            ],
            "PrimaryItem": {
                "APIName": "hotel_book",
                "HotelName": "Old Town Inn",
                "Message": "Unavailable"
            },
            "UnixTime": 1589834578
        },
        {
            "APIName": "hotel_book",
            "Action": "return_item",
            "Agent": "KnowledgeBase",
            "Item": {
                "APIName": "hotel_book",
                "HotelName": "Old Town Inn",
                "Message": "Unavailable"
            },
            "TotalItems": -1,
            "PredictedBeliefState": {
                "EndDate": "29th",
                "StartDate": "14th",
                "Name": "old town inn",
                "CustomerName": "alexis"
            },
            "ActionLabel": [
                "db_hotel_unavailable"
            ]
        },
        {
            "Action": "request_suggestions",
            "Agent": "Wizard",
            "PrimaryItem": {
                "APIName": "hotel_book",
                "HotelName": "Old Town Inn",
                "Message": "Unavailable"
            },
            "Text": "that is unavailable for old town inn.",
            "UnixTime": 1589834589
        },
        {
            "Action": "pick_suggestion",
            "ActionLabel": "hotel_unavailable",
            "ActionLabelOptions": [
                "hotel_unavailable",
                "hotel_ask_customer_request",
                "goodbye_1"
            ],
            "Agent": "Wizard",
            "PrimaryItem": {
                "APIName": "hotel_book",
                "HotelName": "Old Town Inn",
                "Message": "Unavailable"
            },
            "Text": "I'm very sorry, but there is no room available at the Old Town Inn for your requested dates.",
            "UnixTime": 1589834591
        },
        {
            "Action": "utter",
            "Agent": "User",
            "Text": "I don't really want to go to London.  My brother is such a show off geez who gets married in London?  Oh well I guess I will come back here when it gets closer to the trip and just try again.  Thank you so much goodbye!",
            "UnixTime": 1589834642,
            "PredictedBeliefState": {
                "Name": "old town inn",
                "CustomerName": "alexis",
                "EndDate": "29th",
                "StartDate": "14th"
            },
            "ActionLabel": [
                "user_hotel_book_thank_you"
            ]
        },
        {
            "Action": "request_suggestions",
            "Agent": "Wizard",
            "PrimaryItem": {
                "APIName": "hotel_book",
                "HotelName": "Old Town Inn",
                "Message": "Unavailable"
            },
            "Text": "alright have a good day",
            "UnixTime": 1589834670
        },
        {
            "Action": "pick_suggestion",
            "ActionLabel": "goodbye_1",
            "ActionLabelOptions": [
                "goodbye_1",
                "anything_else",
                "hotel_reservation_failed"
            ],
            "Agent": "Wizard",
            "PrimaryItem": {
                "APIName": "hotel_book",
                "HotelName": "Old Town Inn",
                "Message": "Unavailable"
            },
            "Text": "Thank you and goodbye.",
            "UnixTime": 1589834672
        },
        {
            "Action": "complete",
            "Agent": "User",
            "UnixTime": 1589834674
        }
    ],
    "FORMAT-VERSION": 7,
    "IntroducesConflicts": false,
    "Scenario": {
        "Domains": [
            "hotel"
        ],
        "Happy": false,
        "MultiTask": false,
        "UserTask": "Make a reservation at Shadyside Inn from May 2nd to 18th. Your name is Alexis. Please request extra towels. It is ok if the room is not available - just say goodbye in this case.",
        "WizardCapabilities": [
            {
                "Domain": "hotel",
                "SchemaImage": "hotel_book.jpg",
                "Task": "hotel_book"
            }
        ],
        "WizardTask": "Help the user reserve a hotel room. (You can find the video tutorial under https://youtu.be/L7QpscLPTFM, in case you want to watch it again.)"
    },
    "UserQuestionnaire": [
        {
            "Answer": false,
            "Question": "Did the assistant reserve your hotel?"
        },
        {
            "Answer": true,
            "Question": "Did the assistant stay calm and helpful throughout the dialogue?"
        }
    ],
    "WizardQuestionnaire": [
        {
            "Answer": true,
            "Question": "Did the user change his/her mind about what he/she wants at any time?"
        },
        {
            "Answer": false,
            "Question": "Did the user become aggressive or annoyed during the dialogue? (Note: some users may be instructed to be annoying.)"
        },
        {
            "Answer": false,
            "Question": "Where you unsure about what to do at any time? (Feel free to send us an email with details.)"
        }
    ]
}