{
    "AnonymizedUserWorkerID": "73bd63b7-5463-b221-d8f5-2611db2cf2a3",
    "AnonymizedWizardWorkerID": "348e8d2f-ab94-60d9-68e4-3b9a35a75d8b",
    "BatchID": "woz_1589820124",
    "CompletionLevel": "Complete",
    "DialogueID": 1927,
    "Events": [
        {
            "Action": "instruct",
            "Agent": "UserGuide",
            "Text": "Say hallo to the AI Assistant. [instruction 1 of 6]",
            "UnixTime": 1589838441
        },
        {
            "Action": "utter",
            "Agent": "User",
            "Text": "Hi I want to schedule a viewing for an apartment.",
            "UnixTime": 1589838465,
            "PredictedBeliefState": {},
            "ActionLabel": [
                "user_apartment_ask_apartment"
            ]
        },
        {
            "Action": "request_suggestions",
            "Agent": "Wizard",
            "Text": "what is your name?",
            "UnixTime": 1589838469
        },
        {
            "Action": "pick_suggestion",
            "ActionLabel": "ask_name",
            "ActionLabelOptions": [
                "ask_name",
                "apartment_ask_start_time",
                "apartment_ask_custom_message"
            ],
            "Agent": "Wizard",
            "Text": "Could you give me your name, please?",
            "UnixTime": 1589838471
        },
        {
            "Action": "utter",
            "Agent": "User",
            "Text": "It's John.",
            "UnixTime": 1589838483,
            "PredictedBeliefState": {
                "RenterName": "john"
            },
            "ActionLabel": [
                "user_apartment_inform_name"
            ]
        },
        {
            "Action": "instruct",
            "Agent": "UserGuide",
            "Text": "You suddenly remember that you have a job interview on Monday at 10 pm. [instruction 2 of 6]",
            "UnixTime": 1589838483
        },
        {
            "Action": "request_suggestions",
            "Agent": "Wizard",
            "Text": "What is the apartment name?",
            "UnixTime": 1589838492
        },
        {
            "Action": "pick_suggestion",
            "ActionLabel": "apartment_ask_apartment_name",
            "ActionLabelOptions": [
                "apartment_ask_apartment_name",
                "ask_name",
                "apartment_inform_nothing_found"
            ],
            "Agent": "Wizard",
            "Text": "What apartment are you interested in?",
            "UnixTime": 1589838494
        },
        {
            "Action": "utter",
            "Agent": "User",
            "Text": "Shadyside Aparments",
            "UnixTime": 1589838521,
            "PredictedBeliefState": {
                "RenterName": "john",
                "Name": "shadyside apartments"
            },
            "ActionLabel": [
                "user_apartment_inform_apartment_name"
            ]
        },
        {
            "Action": "instruct",
            "Agent": "UserGuide",
            "Text": "Ask something about the apartment, or engage in smalltalk, or make a joke. [instruction 3 of 6]",
            "UnixTime": 1589838521
        },
        {
            "Action": "request_suggestions",
            "Agent": "Wizard",
            "Text": "what day",
            "UnixTime": 1589838525
        },
        {
            "Action": "pick_suggestion",
            "ActionLabel": "apartment_ask_day",
            "ActionLabelOptions": [
                "apartment_ask_day",
                "out_of_scope",
                "hello"
            ],
            "Agent": "Wizard",
            "Text": "What day would you like to make the booking for?",
            "UnixTime": 1589838527
        },
        {
            "Action": "utter",
            "Agent": "User",
            "Text": "Monday at 10pm.",
            "UnixTime": 1589838576,
            "PredictedBeliefState": {
                "Day": "monday",
                "Name": "shadyside apartments",
                "RenterName": "john",
                "StartTimeHour": "10 pm"
            },
            "ActionLabel": [
                "user_apartment_inform_day",
                "user_apartment_inform_start_time"
            ]
        },
        {
            "Action": "instruct",
            "Agent": "UserGuide",
            "Text": "You cannot remember if you had payed the application fee. Find a way to make an appointment anyway. If no date is available, change date and/or time until something works. If you already got the appointment, engage in smalltalk. [instruction 4 of 6]",
            "UnixTime": 1589838576
        },
        {
            "Action": "request_suggestions",
            "Agent": "Wizard",
            "Text": "application fee",
            "UnixTime": 1589838583
        },
        {
            "Action": "pick_suggestion",
            "ActionLabel": "apartment_ask_application_fee_paid",
            "ActionLabelOptions": [
                "apartment_ask_application_fee_paid",
                "apartment_inform_viewing_available",
                "out_of_scope"
            ],
            "Agent": "Wizard",
            "Text": "Have you already paid the application fee for the apartment?",
            "UnixTime": 1589838584
        },
        {
            "Action": "utter",
            "Agent": "User",
            "Text": "I can't remember",
            "UnixTime": 1589838620,
            "PredictedBeliefState": {
                "Day": "monday",
                "RenterName": "john",
                "ApplicationFeePaid": "no",
                "Name": "shadyside apartments",
                "StartTimeHour": "10 pm"
            },
            "ActionLabel": [
                "user_apartment_inform_fee_paid"
            ]
        },
        {
            "Action": "instruct",
            "Agent": "UserGuide",
            "Text": "Once you've scheduled the viewing, say something about your job interview. [instruction 5 of 6]",
            "UnixTime": 1589838620
        },
        {
            "APIName": "apartment_schedule",
            "Action": "query",
            "Agent": "Wizard",
            "Constraints": [
                {
                    "Name": "\"Shadyside Apartments\""
                },
                {
                    "RenterName": "\"John\""
                },
                {
                    "Day": "\"Monday\""
                },
                {
                    "StartTimeHour": "\"10 am\""
                },
                {
                    "ApplicationFeePaid": "\"No\""
                },
                {
                    "RequestType": "\"Check\""
                }
            ],
            "UnixTime": 1589838627
        },
        {
            "APIName": "apartment_schedule",
            "Action": "return_item",
            "Agent": "KnowledgeBase",
            "Item": {
                "APIName": "apartment_schedule",
                "Message": "The time slot is available."
            },
            "TotalItems": -1,
            "PredictedBeliefState": {
                "Day": "monday",
                "RenterName": "john",
                "ApplicationFeePaid": "no",
                "Name": "shadyside apartments",
                "StartTimeHour": "10 pm"
            },
            "ActionLabel": [
                "db_apartment_inform_viewing_available"
            ]
        },
        {
            "Action": "request_suggestions",
            "Agent": "Wizard",
            "PrimaryItem": {
                "APIName": "apartment_schedule",
                "Message": "The time slot is available."
            },
            "Text": "it is available should I book it",
            "UnixTime": 1589838637
        },
        {
            "Action": "pick_suggestion",
            "ActionLabel": "apartment_inform_viewing_available",
            "ActionLabelOptions": [
                "apartment_inform_viewing_available",
                "apartment_ask_custom_message",
                "ask_name"
            ],
            "Agent": "Wizard",
            "PrimaryItem": {
                "APIName": "apartment_schedule",
                "Message": "The time slot is available."
            },
            "Text": "Great, there is still a viewing available at that time. Would you like me to book it for you?",
            "UnixTime": 1589838639
        },
        {
            "Action": "utter",
            "Agent": "User",
            "Text": "Okay great, yes please.",
            "UnixTime": 1589838655,
            "PredictedBeliefState": {
                "Name": "shadyside apartments",
                "RenterName": "john",
                "StartTimeHour": "10 pm",
                "ApplicationFeePaid": "no",
                "Day": "tuesday"
            },
            "ActionLabel": [
                "user_apartment_inform_day",
                "user_apartment_confirm_booking"
            ]
        },
        {
            "Action": "instruct",
            "Agent": "UserGuide",
            "Text": "When you are done with all the instructions, bring the conversation to a natural close.  [instruction 6 of 6]",
            "UnixTime": 1589838655
        },
        {
            "APIName": "apartment_schedule",
            "Action": "query",
            "Agent": "Wizard",
            "Constraints": [
                {
                    "Name": "\"Shadyside Apartments\""
                },
                {
                    "RenterName": "\"John\""
                },
                {
                    "Day": "\"Monday\""
                },
                {
                    "StartTimeHour": "\"10 am\""
                },
                {
                    "ApplicationFeePaid": "\"No\""
                },
                {
                    "RequestType": "\"Book\""
                }
            ],
            "PrimaryItem": {
                "APIName": "apartment_schedule",
                "Message": "The time slot is available."
            },
            "UnixTime": 1589838659
        },
        {
            "APIName": "apartment_schedule",
            "Action": "return_item",
            "Agent": "KnowledgeBase",
            "Item": {
                "APIName": "apartment_schedule",
                "Message": "Your apartment viewing has been successfuly scheduled. Please bring Passport and Proof of Income with you."
            },
            "TotalItems": -1,
            "PredictedBeliefState": {
                "Name": "shadyside apartments",
                "RenterName": "john",
                "StartTimeHour": "10 pm",
                "ApplicationFeePaid": "no",
                "Day": "tuesday"
            },
            "ActionLabel": [
                "db_apartment_inform_booking_successful"
            ]
        },
        {
            "Action": "request_suggestions",
            "Agent": "Wizard",
            "PrimaryItem": {
                "APIName": "apartment_schedule",
                "Message": "Your apartment viewing has been successfuly scheduled. Please bring Passport and Proof of Income with you."
            },
            "Text": "you have been booked",
            "UnixTime": 1589838668
        },
        {
            "Action": "pick_suggestion",
            "ActionLabel": "apartment_inform_booking_successful",
            "ActionLabelOptions": [
                "apartment_inform_booking_successful",
                "apartment_ask_application_fee_paid",
                "anything_else"
            ],
            "Agent": "Wizard",
            "PrimaryItem": {
                "APIName": "apartment_schedule",
                "Message": "Your apartment viewing has been successfuly scheduled. Please bring Passport and Proof of Income with you."
            },
            "Text": "Excellent, the viewing is scheduled now!",
            "UnixTime": 1589838670
        },
        {
            "Action": "utter",
            "Agent": "User",
            "Text": "Thank you!",
            "UnixTime": 1589838679,
            "PredictedBeliefState": {
                "StartTimeHour": "10 pm",
                "Name": "shadyside apartments",
                "ApplicationFeePaid": "no",
                "Day": "monday",
                "RenterName": "john"
            },
            "ActionLabel": [
                "user_apartment_inform_day",
                "user_apartment_thanks"
            ]
        },
        {
            "Action": "request_suggestions",
            "Agent": "Wizard",
            "PrimaryItem": {
                "APIName": "apartment_schedule",
                "Message": "Your apartment viewing has been successfuly scheduled. Please bring Passport and Proof of Income with you."
            },
            "Text": "you are welcome",
            "UnixTime": 1589838688
        },
        {
            "Action": "pick_suggestion",
            "ActionLabel": "anything_else",
            "ActionLabelOptions": [
                "out_of_scope",
                "anything_else",
                "hello"
            ],
            "Agent": "Wizard",
            "PrimaryItem": {
                "APIName": "apartment_schedule",
                "Message": "Your apartment viewing has been successfuly scheduled. Please bring Passport and Proof of Income with you."
            },
            "Text": "Is there anything else that I can do for you?",
            "UnixTime": 1589838691
        },
        {
            "Action": "complete",
            "Agent": "User",
            "UnixTime": 1589838710
        }
    ],
    "FORMAT-VERSION": 7,
    "IntroducesConflicts": false,
    "Scenario": {
        "Domains": [
            "apartment"
        ],
        "Happy": false,
        "MultiTask": false,
        "UserTask": "You are interested in viewing an apartment. Please schedule a viewing at Shadyside Apartments for Monday at 10 pm. Your name is John. You cannot remember if you had payed the application fee. ",
        "WizardCapabilities": [
            {
                "Domain": "apartment",
                "SchemaImage": "apartment_schedule.jpg",
                "Task": "apartment_schedule"
            }
        ],
        "WizardTask": "Help the user schedule an apartment viewing."
    },
    "UserQuestionnaire": [
        {
            "Answer": true,
            "Question": "Did the assistant stay calm and helpful throughout the dialogue?"
        }
    ],
    "WizardQuestionnaire": [
        {
            "Answer": false,
            "Question": "Did the user change his/her mind about what he/she wants at any time?"
        },
        {
            "Answer": false,
            "Question": "Did the user become aggressive or annoyed during the dialogue? (Note: some users may be instructed to be annoying.)"
        },
        {
            "Answer": false,
            "Question": "Where you unsure about what to do at any time? (Feel free to send us an email with details.)"
        }
    ]
}