{
    "AnonymizedUserWorkerID": "73075136-b637-6ae1-2978-d0164a49549e",
    "AnonymizedWizardWorkerID": "dc410db6-99a7-fbc2-7a24-3166850dd658",
    "BatchID": "woz_1589820124",
    "CompletionLevel": "EarlyDisconnectDuringDialogue",
    "DialogueID": 2008,
    "Events": [
        {
            "Action": "instruct",
            "Agent": "UserGuide",
            "Text": "You (Angela) want to organize a surprise party (see instructions on the left). Talk to the AI assistant. Maybe it can help? [instruction 1 of 6]",
            "UnixTime": 1589846485
        }
    ],
    "FORMAT-VERSION": 7,
    "IntroducesConflicts": false,
    "Scenario": {
        "Domains": [
            "party"
        ],
        "Happy": false,
        "MultiTask": false,
        "UserTask": "You are Angela and would like to plan a surprise party for your colleague John, who just got promoted. For the venue, you'd like to reserve North Heights Venue for Tuesday from 4 pm. ",
        "WizardCapabilities": [
            {
                "Domain": "party",
                "SchemaImage": "party_plan.jpg",
                "Task": "party_plan"
            }
        ],
        "WizardTask": "Follow the flow charts and help the user plan a party. "
    },
    "UserQuestionnaire": [],
    "WizardQuestionnaire": []
}