{
    "AnonymizedUserWorkerID": "e03de663-924e-e06c-fe83-e6e0c2879489",
    "AnonymizedWizardWorkerID": "71f8d498-7034-65f3-de7c-7ac126139a2e",
    "BatchID": "woz_1589820124",
    "CompletionLevel": "Complete",
    "DialogueID": 2034,
    "Events": [
        {
            "Action": "instruct",
            "Agent": "UserGuide",
            "Text": "Say hallo to the AI Assistant. [instruction 1 of 6]",
            "UnixTime": 1589838150
        },
        {
            "Action": "utter",
            "Agent": "User",
            "Text": "Hello!",
            "UnixTime": 1589838162,
            "PredictedBeliefState": {},
            "ActionLabel": [
                "user_hello"
            ]
        },
        {
            "Action": "request_suggestions",
            "Agent": "Wizard",
            "Text": "Hi, how can i help",
            "UnixTime": 1589838171
        },
        {
            "Action": "pick_suggestion",
            "ActionLabel": "hello",
            "ActionLabelOptions": [
                "hello",
                "out_of_scope",
                "apartment_inform_nothing_found"
            ],
            "Agent": "Wizard",
            "Text": "Hello, how can I help?",
            "UnixTime": 1589838173
        },
        {
            "Action": "utter",
            "Agent": "User",
            "Text": "I'm interested in viewing an apartment at One on Center Apartments.",
            "UnixTime": 1589838241,
            "PredictedBeliefState": {
                "Name": "one on center apartments"
            },
            "ActionLabel": [
                "user_apartment_inform_apartment_name",
                "user_apartment_ask_apartment"
            ]
        },
        {
            "Action": "instruct",
            "Agent": "UserGuide",
            "Text": "You suddenly remember that you have a friend's wedding on Monday at 7 pm. [instruction 2 of 6]",
            "UnixTime": 1589838241
        },
        {
            "Action": "request_suggestions",
            "Agent": "Wizard",
            "Text": "Great can I have your name please",
            "UnixTime": 1589838259
        },
        {
            "Action": "pick_suggestion",
            "ActionLabel": "ask_name",
            "ActionLabelOptions": [
                "ask_name",
                "goodbye_2",
                "apartment_inform_viewing_available"
            ],
            "Agent": "Wizard",
            "Text": "Could you give me your name, please?",
            "UnixTime": 1589838261
        },
        {
            "Action": "utter",
            "Agent": "User",
            "Text": "My name is Ben, but I just realized that I have a friend's wedding to attend on Monday, so I need to think of when this will fit in my schedule.",
            "UnixTime": 1589838307,
            "PredictedBeliefState": {
                "RenterName": "ben",
                "Name": "one on center apartments"
            },
            "ActionLabel": [
                "user_apartment_inform_name"
            ]
        },
        {
            "Action": "instruct",
            "Agent": "UserGuide",
            "Text": "Ask something about the apartment, or engage in smalltalk, or make a joke. [instruction 3 of 6]",
            "UnixTime": 1589838307
        },
        {
            "Action": "request_suggestions",
            "Agent": "Wizard",
            "Text": "Okay, what day",
            "UnixTime": 1589838336
        },
        {
            "Action": "pick_suggestion",
            "ActionLabel": "apartment_ask_day",
            "ActionLabelOptions": [
                "apartment_ask_day",
                "out_of_scope",
                "apartment_ask_application_fee_paid"
            ],
            "Agent": "Wizard",
            "Text": "What day would you like to make the booking for?",
            "UnixTime": 1589838340
        },
        {
            "Action": "utter",
            "Agent": "User",
            "Text": "How many rooms do the apartments have?",
            "UnixTime": 1589838378,
            "PredictedBeliefState": {
                "RenterName": "ben",
                "Day": "monday",
                "Name": "one on center apartments"
            },
            "ActionLabel": [
                "user_apartment_inform_day"
            ]
        },
        {
            "Action": "instruct",
            "Agent": "UserGuide",
            "Text": "You cannot remember if you had payed the application fee. Find a way to make an appointment anyway. If no date is available, change date and/or time until something works. If you already got the appointment, engage in smalltalk. [instruction 4 of 6]",
            "UnixTime": 1589838378
        },
        {
            "Action": "request_suggestions",
            "Agent": "Wizard",
            "Text": "There are several different size units in the complex.  The onsite agent will be able to show you the different units.",
            "UnixTime": 1589838416
        },
        {
            "Action": "pick_suggestion",
            "ActionLabel": "apartment_ask_custom_message",
            "ActionLabelOptions": [
                "apartment_ask_custom_message",
                "apartment_inform_viewing_available",
                "goodbye_2"
            ],
            "Agent": "Wizard",
            "Text": "Would you like to add a message for the letting agency?",
            "UnixTime": 1589838432
        },
        {
            "Action": "utter",
            "Agent": "User",
            "Text": "No.  I just want to setup sometime to look at it. Can I set some time up for Wednesday?",
            "UnixTime": 1589838466,
            "PredictedBeliefState": {
                "RenterName": "ben",
                "Day": "wednesday",
                "Name": "one on center apartments"
            },
            "ActionLabel": [
                "user_apartment_inform_day"
            ]
        },
        {
            "Action": "instruct",
            "Agent": "UserGuide",
            "Text": "Once you've scheduled the viewing, say something about your friend's wedding. [instruction 5 of 6]",
            "UnixTime": 1589838466
        },
        {
            "Action": "request_suggestions",
            "Agent": "Wizard",
            "Text": "what time on Wednesday",
            "UnixTime": 1589838489
        },
        {
            "Action": "request_suggestions",
            "Agent": "Wizard",
            "Text": "what time",
            "UnixTime": 1589838495
        },
        {
            "Action": "pick_suggestion",
            "ActionLabel": "apartment_ask_start_time",
            "ActionLabelOptions": [
                "apartment_ask_end_time",
                "apartment_inform_viewing_unavailable",
                "apartment_ask_start_time"
            ],
            "Agent": "Wizard",
            "Text": "When would you like the viewing to start?",
            "UnixTime": 1589838499
        },
        {
            "Action": "utter",
            "Agent": "User",
            "Text": "I think 7:00 PM works best for me.",
            "UnixTime": 1589838532,
            "PredictedBeliefState": {
                "StartTimeHour": "7:00 pm",
                "Name": "one on center apartments",
                "RenterName": "ben",
                "Day": "wednesday"
            },
            "ActionLabel": [
                "user_apartment_inform_start_time"
            ]
        },
        {
            "Action": "instruct",
            "Agent": "UserGuide",
            "Text": "When you are done with all the instructions, bring the conversation to a natural close.  [instruction 6 of 6]",
            "UnixTime": 1589838532
        },
        {
            "Action": "request_suggestions",
            "Agent": "Wizard",
            "Text": "Have you paid",
            "UnixTime": 1589838544
        },
        {
            "Action": "pick_suggestion",
            "ActionLabel": "apartment_ask_application_fee_paid",
            "ActionLabelOptions": [
                "apartment_ask_application_fee_paid",
                "apartment_ask_custom_message",
                "apartment_inform_viewing_available"
            ],
            "Agent": "Wizard",
            "Text": "Have you already paid the application fee for the apartment?",
            "UnixTime": 1589838546
        },
        {
            "Action": "utter",
            "Agent": "User",
            "Text": "I don't remember if I paid the application fee or not.",
            "UnixTime": 1589838569,
            "PredictedBeliefState": {
                "Name": "one on center apartments",
                "RenterName": "ben",
                "Day": "wednesday",
                "StartTimeHour": "7:00 pm",
                "ApplicationFeePaid": "no"
            },
            "ActionLabel": [
                "user_apartment_inform_fee_paid"
            ]
        },
        {
            "APIName": "apartment_schedule",
            "Action": "query",
            "Agent": "Wizard",
            "Constraints": [
                {
                    "Name": "api.is_equal_to(\"One on Center Apartments\")"
                },
                {
                    "RenterName": "\"Ben\""
                },
                {
                    "Day": "\"Wednesday\""
                },
                {
                    "StartTimeHour": "\"7 pm\""
                },
                {
                    "ApplicationFeePaid": "\"No\""
                },
                {
                    "RequestType": "\"Check\""
                }
            ],
            "UnixTime": 1589838576
        },
        {
            "APIName": "apartment_schedule",
            "Action": "return_item",
            "Agent": "KnowledgeBase",
            "Item": {
                "APIName": "apartment_schedule",
                "Message": "That time is unavailable. Please try another time."
            },
            "TotalItems": -1,
            "PredictedBeliefState": {
                "Name": "one on center apartments",
                "RenterName": "ben",
                "Day": "wednesday",
                "StartTimeHour": "7:00 pm",
                "ApplicationFeePaid": "no"
            },
            "ActionLabel": [
                "db_apartment_inform_viewing_available"
            ]
        },
        {
            "APIName": "apartment_schedule",
            "Action": "query",
            "Agent": "Wizard",
            "Constraints": [
                {
                    "Name": "api.is_equal_to(\"One on Center Apartments\")"
                },
                {
                    "RenterName": "\"Ben\""
                },
                {
                    "Day": "\"Wednesday\""
                },
                {
                    "StartTimeHour": "\"7 pm\""
                },
                {
                    "ApplicationFeePaid": "\"Yes\""
                },
                {
                    "RequestType": "\"Check\""
                }
            ],
            "PrimaryItem": {
                "APIName": "apartment_schedule",
                "Message": "That time is unavailable. Please try another time."
            },
            "UnixTime": 1589838583
        },
        {
            "APIName": "apartment_schedule",
            "Action": "return_item",
            "Agent": "KnowledgeBase",
            "Item": {
                "APIName": "apartment_schedule",
                "Message": "The time slot is available."
            },
            "TotalItems": -1,
            "PredictedBeliefState": {
                "Name": "one on center apartments",
                "RenterName": "ben",
                "Day": "wednesday",
                "StartTimeHour": "7:00 pm",
                "ApplicationFeePaid": "no"
            },
            "ActionLabel": [
                "db_apartment_inform_viewing_available"
            ]
        },
        {
            "Action": "request_suggestions",
            "Agent": "Wizard",
            "PrimaryItem": {
                "APIName": "apartment_schedule",
                "Message": "The time slot is available."
            },
            "Text": "the time slot is available",
            "UnixTime": 1589838598
        },
        {
            "Action": "pick_suggestion",
            "ActionLabel": "apartment_inform_viewing_available",
            "ActionLabelOptions": [
                "apartment_inform_viewing_available",
                "apartment_inform_viewing_unavailable",
                "apartment_ask_start_time"
            ],
            "Agent": "Wizard",
            "PrimaryItem": {
                "APIName": "apartment_schedule",
                "Message": "The time slot is available."
            },
            "Text": "Great, there is still a viewing available at that time. Would you like me to book it for you?",
            "UnixTime": 1589838601
        },
        {
            "Action": "utter",
            "Agent": "User",
            "Text": "Yes.  I can't believe my friend is getting married!  Maybe I can invite them to my new apartment if this viewing goes well!",
            "UnixTime": 1589838637,
            "PredictedBeliefState": {
                "ApplicationFeePaid": "no",
                "Day": "wednesday",
                "RenterName": "ben",
                "StartTimeHour": "7:00 pm",
                "Name": "one on center apartments"
            },
            "ActionLabel": [
                "user_apartment_confirm_booking"
            ]
        },
        {
            "APIName": "apartment_schedule",
            "Action": "query",
            "Agent": "Wizard",
            "Constraints": [
                {
                    "Name": "api.is_equal_to(\"One on Center Apartments\")"
                },
                {
                    "RenterName": "\"Ben\""
                },
                {
                    "Day": "\"Wednesday\""
                },
                {
                    "StartTimeHour": "\"7 pm\""
                },
                {
                    "ApplicationFeePaid": "\"Yes\""
                },
                {
                    "RequestType": "\"Book\""
                }
            ],
            "PrimaryItem": {
                "APIName": "apartment_schedule",
                "Message": "The time slot is available."
            },
            "UnixTime": 1589838644
        },
        {
            "APIName": "apartment_schedule",
            "Action": "return_item",
            "Agent": "KnowledgeBase",
            "Item": {
                "APIName": "apartment_schedule",
                "Message": "Your apartment viewing has been successfuly scheduled. Please bring Bank Statement and Bank Statement with you."
            },
            "TotalItems": -1,
            "PredictedBeliefState": {
                "ApplicationFeePaid": "no",
                "Day": "wednesday",
                "RenterName": "ben",
                "StartTimeHour": "7:00 pm",
                "Name": "one on center apartments"
            },
            "ActionLabel": [
                "db_apartment_inform_booking_successful"
            ]
        },
        {
            "Action": "request_suggestions",
            "Agent": "Wizard",
            "PrimaryItem": {
                "APIName": "apartment_schedule",
                "Message": "Your apartment viewing has been successfuly scheduled. Please bring Bank Statement and Bank Statement with you."
            },
            "Text": "viewing has been scheduled",
            "UnixTime": 1589838658
        },
        {
            "Action": "pick_suggestion",
            "ActionLabel": "apartment_inform_booking_successful",
            "ActionLabelOptions": [
                "apartment_inform_booking_successful",
                "apartment_inform_viewing_available",
                "apartment_inform_viewing_unavailable"
            ],
            "Agent": "Wizard",
            "PrimaryItem": {
                "APIName": "apartment_schedule",
                "Message": "Your apartment viewing has been successfuly scheduled. Please bring Bank Statement and Bank Statement with you."
            },
            "Text": "Excellent, the viewing is scheduled now!",
            "UnixTime": 1589838663
        },
        {
            "Action": "utter",
            "Agent": "User",
            "Text": "Thank you so much!",
            "UnixTime": 1589838674,
            "PredictedBeliefState": {
                "RenterName": "ben",
                "Day": "wednesday",
                "Name": "one on center apartments",
                "ApplicationFeePaid": "no",
                "StartTimeHour": "7:00 pm"
            },
            "ActionLabel": [
                "user_apartment_thanks"
            ]
        },
        {
            "Action": "request_suggestions",
            "Agent": "Wizard",
            "PrimaryItem": {
                "APIName": "apartment_schedule",
                "Message": "Your apartment viewing has been successfuly scheduled. Please bring Bank Statement and Bank Statement with you."
            },
            "Text": "Is there anything else",
            "UnixTime": 1589838688
        },
        {
            "Action": "pick_suggestion",
            "ActionLabel": "anything_else",
            "ActionLabelOptions": [
                "anything_else",
                "goodbye_2",
                "apartment_ask_custom_message"
            ],
            "Agent": "Wizard",
            "PrimaryItem": {
                "APIName": "apartment_schedule",
                "Message": "Your apartment viewing has been successfuly scheduled. Please bring Bank Statement and Bank Statement with you."
            },
            "Text": "Is there anything else that I can do for you?",
            "UnixTime": 1589838690
        },
        {
            "Action": "complete",
            "Agent": "User",
            "UnixTime": 1589838693
        }
    ],
    "FORMAT-VERSION": 7,
    "IntroducesConflicts": false,
    "Scenario": {
        "Domains": [
            "apartment"
        ],
        "Happy": false,
        "MultiTask": false,
        "UserTask": "You are interested in viewing an apartment. Please schedule a viewing at One on Center Apartments for Monday at 7 pm. Your name is Ben. You cannot remember if you had payed the application fee. ",
        "WizardCapabilities": [
            {
                "Domain": "apartment",
                "SchemaImage": "apartment_schedule.jpg",
                "Task": "apartment_schedule"
            }
        ],
        "WizardTask": "Help the user schedule an apartment viewing."
    },
    "UserQuestionnaire": [
        {
            "Answer": true,
            "Question": "Did the assistant stay calm and helpful throughout the dialogue?"
        }
    ],
    "WizardQuestionnaire": [
        {
            "Answer": true,
            "Question": "Did the user change his/her mind about what he/she wants at any time?"
        },
        {
            "Answer": false,
            "Question": "Did the user become aggressive or annoyed during the dialogue? (Note: some users may be instructed to be annoying.)"
        },
        {
            "Answer": false,
            "Question": "Where you unsure about what to do at any time? (Feel free to send us an email with details.)"
        }
    ]
}