{
    "AnonymizedUserWorkerID": "0a7a0657-83f1-19a6-3ea4-dfc575b61ac0",
    "AnonymizedWizardWorkerID": "114b3f7a-e602-7c12-f1bf-052805ff08bf",
    "BatchID": "woz_1589820124",
    "CompletionLevel": "DisconnectDuringDialogue",
    "DialogueID": 2042,
    "Events": [
        {
            "Action": "instruct",
            "Agent": "UserGuide",
            "Text": "Say hello to the AI assistant and ask for help (see instructions on the left). [instruction 1 of 6]",
            "UnixTime": 1589830686
        },
        {
            "Action": "utter",
            "Agent": "User",
            "Text": "Hi",
            "UnixTime": 1589830692,
            "PredictedBeliefState": {},
            "ActionLabel": [
                "user_hello"
            ]
        },
        {
            "Action": "instruct",
            "Agent": "UserGuide",
            "Text": "Try to get an appointment as soon as possible (right now it is 6 pm on Tuesday). [instruction 2 of 6]",
            "UnixTime": 1589830692
        },
        {
            "Action": "request_suggestions",
            "Agent": "Wizard",
            "Text": "Hello. What Can I assist you with today?",
            "UnixTime": 1589830711
        },
        {
            "Action": "pick_suggestion",
            "ActionLabel": "hello",
            "ActionLabelOptions": [
                "hello",
                "anything_else",
                "doctor_ask_symptoms"
            ],
            "Agent": "Wizard",
            "Text": "Hello, how can I help?",
            "UnixTime": 1589830714
        },
        {
            "Action": "utter",
            "Agent": "User",
            "Text": "I would like to make an appointment",
            "UnixTime": 1589830723,
            "PredictedBeliefState": {},
            "ActionLabel": [
                "user_doctor_schedule_ask_schedule"
            ]
        },
        {
            "Action": "instruct",
            "Agent": "UserGuide",
            "Text": "Keep asking for other times until the assistant has found a slot for you. Engage in smalltalk once this is done. [instruction 3 of 6]",
            "UnixTime": 1589830723
        },
        {
            "Action": "request_suggestions",
            "Agent": "Wizard",
            "Text": "Certainly. What is your doctor's name?",
            "UnixTime": 1589830764
        },
        {
            "Action": "pick_suggestion",
            "ActionLabel": "doctor_ask_doctor_name",
            "ActionLabelOptions": [
                "ask_name",
                "doctor_ask_doctor_name",
                "doctor_ask_symptoms"
            ],
            "Agent": "Wizard",
            "Text": "What doctor would you like to see?",
            "UnixTime": 1589830768
        },
        {
            "Action": "utter",
            "Agent": "User",
            "Text": "Dr. Morgan",
            "UnixTime": 1589830773,
            "PredictedBeliefState": {
                "Name": "dr. morgan"
            },
            "ActionLabel": [
                "user_doctor_schedule_inform_doctor_name"
            ]
        },
        {
            "Action": "instruct",
            "Agent": "UserGuide",
            "Text": "Say something about Dr. Morgan, the AI Assistant, or something that has happened to you today. Be creative! [instruction 4 of 6]",
            "UnixTime": 1589830773
        },
        {
            "Action": "request_suggestions",
            "Agent": "Wizard",
            "Text": "And your name?",
            "UnixTime": 1589830787
        },
        {
            "Action": "pick_suggestion",
            "ActionLabel": "ask_name",
            "ActionLabelOptions": [
                "ask_name",
                "hello",
                "goodbye_1"
            ],
            "Agent": "Wizard",
            "Text": "Could I have your name, please?",
            "UnixTime": 1589830790
        },
        {
            "Action": "utter",
            "Agent": "User",
            "Text": "Sorry, this is Ben, Can I make that appointment for Today,ASAP?",
            "UnixTime": 1589830829,
            "PredictedBeliefState": {
                "PatientName": "ben",
                "Day": "tuesday",
                "StartTimeHour": "6 pm",
                "Name": "dr. morgan"
            },
            "ActionLabel": [
                "user_doctor_schedule_inform_name",
                "user_doctor_schedule_inform_day",
                "user_doctor_schedule_inform_start_time"
            ]
        },
        {
            "Action": "instruct",
            "Agent": "UserGuide",
            "Text": "It occurs to you that you also want to make an appointment to get your kid Mark vaccinated. Perhaps you can schedule a second appointment at the same time? [instruction 5 of 6]",
            "UnixTime": 1589830829
        },
        {
            "Action": "request_suggestions",
            "Agent": "Wizard",
            "Text": "We can try. What are your symptoms?",
            "UnixTime": 1589830866
        },
        {
            "Action": "pick_suggestion",
            "ActionLabel": "doctor_ask_symptoms",
            "ActionLabelOptions": [
                "doctor_ask_symptoms",
                "hello",
                "anything_else"
            ],
            "Agent": "Wizard",
            "Text": "Could you describe your symptoms, please?",
            "UnixTime": 1589830869
        },
        {
            "Action": "utter",
            "Agent": "User",
            "Text": "I've got a runny nose, sneezing, and a general lack of energy for two days now.",
            "UnixTime": 1589830935,
            "PredictedBeliefState": {
                "StartTimeHour": "6 pm",
                "Symptoms": "runny nose, sneezing, and a general lack of energy for two days now.",
                "PatientName": "ben",
                "Day": "tuesday",
                "Name": "dr. morgan"
            },
            "ActionLabel": [
                "user_doctor_schedule_inform_symptoms"
            ]
        },
        {
            "APIName": "doctor_schedule",
            "Action": "query",
            "Agent": "Wizard",
            "Constraints": [
                {
                    "Name": "\"Dr. Morgan\""
                },
                {
                    "PatientName": "\"Ben\""
                },
                {
                    "Day": "\"Monday\""
                },
                {
                    "StartTimeHour": "api.is_equal_to(\"5 pm\")"
                },
                {
                    "Symptoms": "\"runny nose  sneezing  lack of energy\""
                },
                {
                    "RequestType": "\"Check\""
                },
                {
                    "RequestType": "\"Check\""
                },
                {
                    "StartTimeHour": "api.is_equal_to(\"12 am\")"
                }
            ],
            "UnixTime": 1589830956
        },
        {
            "APIName": "doctor_schedule",
            "Action": "return_item",
            "Agent": "KnowledgeBase",
            "Item": {
                "APIName": "doctor_schedule",
                "DoctorName": "Dr. Morgan",
                "Message": "The doctor has a conflicting appointment at that time. Try another time or another doctor.",
                "Time": ""
            },
            "TotalItems": -1,
            "PredictedBeliefState": {
                "StartTimeHour": "6 pm",
                "Symptoms": "runny nose, sneezing, and a general lack of energy for two days now.",
                "PatientName": "ben",
                "Day": "tuesday",
                "Name": "dr. morgan"
            },
            "ActionLabel": [
                "result_bad_label"
            ]
        },
        {
            "APIName": "doctor_schedule",
            "Action": "query",
            "Agent": "Wizard",
            "Constraints": [
                {
                    "Name": "\"Dr. Morgan\""
                },
                {
                    "PatientName": "\"Ben\""
                },
                {
                    "Day": "\"Monday\""
                },
                {
                    "StartTimeHour": "api.is_equal_to(\"5 pm\")"
                },
                {
                    "Symptoms": "\"runny nose  sneezing  lack of energy\""
                },
                {
                    "RequestType": "\"Check\""
                },
                {
                    "RequestType": "\"Check\""
                },
                {
                    "StartTimeHour": "\"5 pm\""
                }
            ],
            "PrimaryItem": {
                "APIName": "doctor_schedule",
                "DoctorName": "Dr. Morgan",
                "Message": "The doctor has a conflicting appointment at that time. Try another time or another doctor.",
                "Time": ""
            },
            "UnixTime": 1589830971
        },
        {
            "APIName": "doctor_schedule",
            "Action": "return_item",
            "Agent": "KnowledgeBase",
            "Item": {
                "APIName": "doctor_schedule",
                "DoctorName": "Dr. Morgan",
                "Message": "The doctor has a conflicting appointment at that time. Try another time or another doctor.",
                "Time": ""
            },
            "TotalItems": -1,
            "PredictedBeliefState": {
                "StartTimeHour": "6 pm",
                "Symptoms": "runny nose, sneezing, and a general lack of energy for two days now.",
                "PatientName": "ben",
                "Day": "tuesday",
                "Name": "dr. morgan"
            },
            "ActionLabel": [
                "result_bad_label"
            ]
        },
        {
            "APIName": "doctor_schedule",
            "Action": "query",
            "Agent": "Wizard",
            "Constraints": [
                {
                    "Name": "\"Dr. Morgan\""
                },
                {
                    "PatientName": "\"Ben\""
                },
                {
                    "Day": "\"Monday\""
                },
                {
                    "StartTimeHour": "api.is_equal_to(\"5 pm\")"
                },
                {
                    "Symptoms": "\"runny nose  sneezing  lack of energy\""
                },
                {
                    "RequestType": "\"Check\""
                },
                {
                    "RequestType": "\"Check\""
                },
                {
                    "StartTimeHour": "\"6 pm\""
                }
            ],
            "PrimaryItem": {
                "APIName": "doctor_schedule",
                "DoctorName": "Dr. Morgan",
                "Message": "The doctor has a conflicting appointment at that time. Try another time or another doctor.",
                "Time": ""
            },
            "UnixTime": 1589830976
        },
        {
            "APIName": "doctor_schedule",
            "Action": "return_item",
            "Agent": "KnowledgeBase",
            "Item": {
                "APIName": "doctor_schedule",
                "DoctorName": "Dr. Morgan",
                "Message": "The doctor has a conflicting appointment at that time. Try another time or another doctor.",
                "Time": ""
            },
            "TotalItems": -1,
            "PredictedBeliefState": {
                "StartTimeHour": "6 pm",
                "Symptoms": "runny nose, sneezing, and a general lack of energy for two days now.",
                "PatientName": "ben",
                "Day": "tuesday",
                "Name": "dr. morgan"
            },
            "ActionLabel": [
                "result_bad_label"
            ]
        },
        {
            "APIName": "doctor_schedule",
            "Action": "query",
            "Agent": "Wizard",
            "Constraints": [
                {
                    "Name": "\"Dr. Morgan\""
                },
                {
                    "PatientName": "\"Ben\""
                },
                {
                    "Day": "\"Tuesday\""
                },
                {
                    "StartTimeHour": "api.is_equal_to(\"1 pm\")"
                },
                {
                    "Symptoms": "\"runny nose  sneezing  lack of energy\""
                },
                {
                    "RequestType": "\"Check\""
                },
                {
                    "RequestType": "\"Check\""
                },
                {
                    "StartTimeHour": "\"7 pm\""
                }
            ],
            "PrimaryItem": {
                "APIName": "doctor_schedule",
                "DoctorName": "Dr. Morgan",
                "Message": "The doctor has a conflicting appointment at that time. Try another time or another doctor.",
                "Time": ""
            },
            "UnixTime": 1589830990
        },
        {
            "APIName": "doctor_schedule",
            "Action": "return_item",
            "Agent": "KnowledgeBase",
            "Item": {
                "APIName": "doctor_schedule",
                "DoctorName": "Dr. Morgan",
                "Message": "The doctor has a conflicting appointment at that time. Try another time or another doctor.",
                "Time": ""
            },
            "TotalItems": -1,
            "PredictedBeliefState": {
                "StartTimeHour": "6 pm",
                "Symptoms": "runny nose, sneezing, and a general lack of energy for two days now.",
                "PatientName": "ben",
                "Day": "tuesday",
                "Name": "dr. morgan"
            },
            "ActionLabel": [
                "result_bad_label"
            ]
        },
        {
            "APIName": "doctor_schedule",
            "Action": "query",
            "Agent": "Wizard",
            "Constraints": [
                {
                    "Name": "\"Dr. Morgan\""
                },
                {
                    "PatientName": "\"Ben\""
                },
                {
                    "Day": "\"Tuesday\""
                },
                {
                    "StartTimeHour": "api.is_equal_to(\"1 pm\")"
                },
                {
                    "Symptoms": "\"runny nose  sneezing  lack of energy\""
                },
                {
                    "RequestType": "\"Check\""
                },
                {
                    "RequestType": "\"Check\""
                },
                {
                    "StartTimeHour": "\"7 pm\""
                }
            ],
            "PrimaryItem": {
                "APIName": "doctor_schedule",
                "DoctorName": "Dr. Morgan",
                "Message": "The doctor has a conflicting appointment at that time. Try another time or another doctor.",
                "Time": ""
            },
            "UnixTime": 1589831003
        },
        {
            "APIName": "doctor_schedule",
            "Action": "return_item",
            "Agent": "KnowledgeBase",
            "Item": {
                "APIName": "doctor_schedule",
                "DoctorName": "Dr. Morgan",
                "Message": "The time slot is available.",
                "Time": ""
            },
            "TotalItems": -1,
            "PredictedBeliefState": {
                "StartTimeHour": "6 pm",
                "Symptoms": "runny nose, sneezing, and a general lack of energy for two days now.",
                "PatientName": "ben",
                "Day": "tuesday",
                "Name": "dr. morgan"
            },
            "ActionLabel": [
                "result_bad_label"
            ]
        },
        {
            "Action": "request_suggestions",
            "Agent": "Wizard",
            "PrimaryItem": {
                "APIName": "doctor_schedule",
                "DoctorName": "Dr. Morgan",
                "Message": "The time slot is available.",
                "Time": ""
            },
            "Text": "I can get you in on Tuesday at 1pm at the earliest, will that work?",
            "UnixTime": 1589831027
        },
        {
            "Action": "utter",
            "Agent": "Wizard",
            "PrimaryItem": {
                "APIName": "doctor_schedule",
                "DoctorName": "Dr. Morgan",
                "Message": "The time slot is available.",
                "Time": ""
            },
            "Text": "I can get you in on Tuesday at 1pm at the earliest with Dr. Morgan, would you like me to book that?",
            "UnixTime": 1589831065
        },
        {
            "Action": "utter",
            "Agent": "User",
            "Text": "That time won't work for me, is there a later time?",
            "UnixTime": 1589831103,
            "PredictedBeliefState": {
                "Day": "tuesday",
                "StartTimeHour": "6 pm",
                "Symptoms": "runny nose, sneezing, and a general lack of energy for two days now.",
                "PatientName": "ben",
                "Name": "dr. morgan"
            },
            "ActionLabel": [
                "user_bad_label"
            ]
        },
        {
            "Action": "instruct",
            "Agent": "UserGuide",
            "Text": "Keep going until both yours and your kid's appointments are made (this should take a few more turns). Then say goodbye. [instruction 6 of 6]",
            "UnixTime": 1589831103
        },
        {
            "APIName": "doctor_schedule",
            "Action": "query",
            "Agent": "Wizard",
            "Constraints": [
                {
                    "Name": "\"Dr. Morgan\""
                },
                {
                    "PatientName": "\"Ben\""
                },
                {
                    "Day": "\"Tuesday\""
                },
                {
                    "StartTimeHour": "api.is_equal_to(\"1 pm\")"
                },
                {
                    "Symptoms": "\"runny nose  sneezing  lack of energy\""
                },
                {
                    "RequestType": "\"Book\""
                },
                {
                    "RequestType": "\"Book\""
                },
                {
                    "StartTimeHour": "\"3 pm\""
                }
            ],
            "PrimaryItem": {
                "APIName": "doctor_schedule",
                "DoctorName": "Dr. Morgan",
                "Message": "The time slot is available.",
                "Time": ""
            },
            "UnixTime": 1589831110
        },
        {
            "APIName": "doctor_schedule",
            "Action": "return_item",
            "Agent": "KnowledgeBase",
            "Item": {
                "APIName": "doctor_schedule",
                "DoctorName": "Dr. Morgan",
                "Message": "The time slot is available.",
                "Time": ""
            },
            "TotalItems": -1,
            "PredictedBeliefState": {
                "Day": "tuesday",
                "StartTimeHour": "6 pm",
                "Symptoms": "runny nose, sneezing, and a general lack of energy for two days now.",
                "PatientName": "ben",
                "Name": "dr. morgan"
            },
            "ActionLabel": [
                "result_bad_label"
            ]
        },
        {
            "APIName": "doctor_schedule",
            "Action": "query",
            "Agent": "Wizard",
            "Constraints": [
                {
                    "Name": "\"Dr. Morgan\""
                },
                {
                    "PatientName": "\"Ben\""
                },
                {
                    "Day": "\"Tuesday\""
                },
                {
                    "StartTimeHour": "api.is_equal_to(\"1 pm\")"
                },
                {
                    "Symptoms": "\"runny nose  sneezing  lack of energy\""
                },
                {
                    "RequestType": "\"Book\""
                },
                {
                    "RequestType": "\"Book\""
                },
                {
                    "StartTimeHour": "\"3 pm\""
                }
            ],
            "PrimaryItem": {
                "APIName": "doctor_schedule",
                "DoctorName": "Dr. Morgan",
                "Message": "The time slot is available.",
                "Time": ""
            },
            "UnixTime": 1589831121
        },
        {
            "APIName": "doctor_schedule",
            "Action": "return_item",
            "Agent": "KnowledgeBase",
            "Item": {
                "APIName": "doctor_schedule",
                "DoctorName": "Dr. Morgan",
                "Message": "The time slot is available.",
                "Time": ""
            },
            "TotalItems": -1,
            "PredictedBeliefState": {
                "Day": "tuesday",
                "StartTimeHour": "6 pm",
                "Symptoms": "runny nose, sneezing, and a general lack of energy for two days now.",
                "PatientName": "ben",
                "Name": "dr. morgan"
            },
            "ActionLabel": [
                "result_bad_label"
            ]
        },
        {
            "APIName": "doctor_schedule",
            "Action": "query",
            "Agent": "Wizard",
            "Constraints": [
                {
                    "Name": "\"Dr. Morgan\""
                },
                {
                    "PatientName": "\"Ben\""
                },
                {
                    "Day": "\"Tuesday\""
                },
                {
                    "StartTimeHour": "api.is_equal_to(\"3 pm\")"
                },
                {
                    "Symptoms": "\"runny nose  sneezing  lack of energy\""
                },
                {
                    "RequestType": "\"Book\""
                },
                {
                    "RequestType": "\"Book\""
                },
                {
                    "StartTimeHour": "\"3 pm\""
                }
            ],
            "PrimaryItem": {
                "APIName": "doctor_schedule",
                "DoctorName": "Dr. Morgan",
                "Message": "The time slot is available.",
                "Time": ""
            },
            "UnixTime": 1589831142
        },
        {
            "APIName": "doctor_schedule",
            "Action": "return_item",
            "Agent": "KnowledgeBase",
            "Item": {
                "APIName": "doctor_schedule",
                "DoctorName": "Dr. Morgan",
                "Message": "The doctor has a conflicting appointment at that time. Try another time or another doctor.",
                "Time": ""
            },
            "TotalItems": -1,
            "PredictedBeliefState": {
                "Day": "tuesday",
                "StartTimeHour": "6 pm",
                "Symptoms": "runny nose, sneezing, and a general lack of energy for two days now.",
                "PatientName": "ben",
                "Name": "dr. morgan"
            },
            "ActionLabel": [
                "result_bad_label"
            ]
        },
        {
            "APIName": "doctor_schedule",
            "Action": "query",
            "Agent": "Wizard",
            "Constraints": [
                {
                    "Name": "\"Dr. Morgan\""
                },
                {
                    "PatientName": "\"Ben\""
                },
                {
                    "Day": "\"Tuesday\""
                },
                {
                    "StartTimeHour": "api.is_equal_to(\"1 pm\")"
                },
                {
                    "Symptoms": "\"runny nose  sneezing  lack of energy\""
                },
                {
                    "RequestType": "\"Book\""
                },
                {
                    "RequestType": "\"Book\""
                },
                {
                    "StartTimeHour": "\"3 pm\""
                }
            ],
            "PrimaryItem": {
                "APIName": "doctor_schedule",
                "DoctorName": "Dr. Morgan",
                "Message": "The doctor has a conflicting appointment at that time. Try another time or another doctor.",
                "Time": ""
            },
            "UnixTime": 1589831148
        },
        {
            "APIName": "doctor_schedule",
            "Action": "return_item",
            "Agent": "KnowledgeBase",
            "Item": {
                "APIName": "doctor_schedule",
                "DoctorName": "Dr. Morgan",
                "Message": "The doctor has a conflicting appointment at that time. Try another time or another doctor.",
                "Time": ""
            },
            "TotalItems": -1,
            "PredictedBeliefState": {
                "Day": "tuesday",
                "StartTimeHour": "6 pm",
                "Symptoms": "runny nose, sneezing, and a general lack of energy for two days now.",
                "PatientName": "ben",
                "Name": "dr. morgan"
            },
            "ActionLabel": [
                "result_bad_label"
            ]
        },
        {
            "APIName": "doctor_schedule",
            "Action": "query",
            "Agent": "Wizard",
            "Constraints": [
                {
                    "Name": "\"Dr. Morgan\""
                },
                {
                    "PatientName": "\"Ben\""
                },
                {
                    "Day": "\"Tuesday\""
                },
                {
                    "StartTimeHour": "api.is_equal_to(\"4 pm\")"
                },
                {
                    "Symptoms": "\"runny nose  sneezing  lack of energy\""
                },
                {
                    "RequestType": "\"Book\""
                },
                {
                    "RequestType": "\"Book\""
                },
                {
                    "StartTimeHour": "\"3 pm\""
                }
            ],
            "PrimaryItem": {
                "APIName": "doctor_schedule",
                "DoctorName": "Dr. Morgan",
                "Message": "The doctor has a conflicting appointment at that time. Try another time or another doctor.",
                "Time": ""
            },
            "UnixTime": 1589831154
        },
        {
            "APIName": "doctor_schedule",
            "Action": "return_item",
            "Agent": "KnowledgeBase",
            "Item": {
                "APIName": "doctor_schedule",
                "DoctorName": "Dr. Morgan",
                "Message": "The doctor has a conflicting appointment at that time. Try another time or another doctor.",
                "Time": ""
            },
            "TotalItems": -1,
            "PredictedBeliefState": {
                "Day": "tuesday",
                "StartTimeHour": "6 pm",
                "Symptoms": "runny nose, sneezing, and a general lack of energy for two days now.",
                "PatientName": "ben",
                "Name": "dr. morgan"
            },
            "ActionLabel": [
                "result_bad_label"
            ]
        },
        {
            "APIName": "doctor_schedule",
            "Action": "query",
            "Agent": "Wizard",
            "Constraints": [
                {
                    "Name": "\"Dr. Morgan\""
                },
                {
                    "PatientName": "\"Ben\""
                },
                {
                    "Day": "\"Tuesday\""
                },
                {
                    "StartTimeHour": "api.is_equal_to(\"5 pm\")"
                },
                {
                    "Symptoms": "\"runny nose  sneezing  lack of energy\""
                },
                {
                    "RequestType": "\"Book\""
                },
                {
                    "RequestType": "\"Book\""
                },
                {
                    "StartTimeHour": "\"3 pm\""
                }
            ],
            "PrimaryItem": {
                "APIName": "doctor_schedule",
                "DoctorName": "Dr. Morgan",
                "Message": "The doctor has a conflicting appointment at that time. Try another time or another doctor.",
                "Time": ""
            },
            "UnixTime": 1589831158
        },
        {
            "APIName": "doctor_schedule",
            "Action": "return_item",
            "Agent": "KnowledgeBase",
            "Item": {
                "APIName": "doctor_schedule",
                "DoctorName": "Dr. Morgan",
                "Message": "The doctor has a conflicting appointment at that time. Try another time or another doctor.",
                "Time": ""
            },
            "TotalItems": -1,
            "PredictedBeliefState": {
                "Day": "tuesday",
                "StartTimeHour": "6 pm",
                "Symptoms": "runny nose, sneezing, and a general lack of energy for two days now.",
                "PatientName": "ben",
                "Name": "dr. morgan"
            },
            "ActionLabel": [
                "result_bad_label"
            ]
        },
        {
            "APIName": "doctor_schedule",
            "Action": "query",
            "Agent": "Wizard",
            "Constraints": [
                {
                    "Name": "\"Dr. Morgan\""
                },
                {
                    "PatientName": "\"Ben\""
                },
                {
                    "Day": "\"Tuesday\""
                },
                {
                    "StartTimeHour": "api.is_equal_to(\"7 pm\")"
                },
                {
                    "Symptoms": "\"runny nose  sneezing  lack of energy\""
                },
                {
                    "RequestType": "\"Book\""
                },
                {
                    "RequestType": "\"Book\""
                },
                {
                    "StartTimeHour": "\"3 pm\""
                }
            ],
            "PrimaryItem": {
                "APIName": "doctor_schedule",
                "DoctorName": "Dr. Morgan",
                "Message": "The doctor has a conflicting appointment at that time. Try another time or another doctor.",
                "Time": ""
            },
            "UnixTime": 1589831165
        },
        {
            "APIName": "doctor_schedule",
            "Action": "return_item",
            "Agent": "KnowledgeBase",
            "Item": {
                "APIName": "doctor_schedule",
                "DoctorName": "Dr. Morgan",
                "Message": "The doctor has a conflicting appointment at that time. Try another time or another doctor.",
                "Time": ""
            },
            "TotalItems": -1,
            "PredictedBeliefState": {
                "Day": "tuesday",
                "StartTimeHour": "6 pm",
                "Symptoms": "runny nose, sneezing, and a general lack of energy for two days now.",
                "PatientName": "ben",
                "Name": "dr. morgan"
            },
            "ActionLabel": [
                "result_bad_label"
            ]
        }
    ],
    "FORMAT-VERSION": 7,
    "IntroducesConflicts": false,
    "Scenario": {
        "Domains": [
            "doctor"
        ],
        "Happy": false,
        "MultiTask": false,
        "UserTask": "You are Ben and would like to make an appointment with Dr. Morgan for today (Tuesday). You have had a runny nose, sneezing, and a general lack of energy for two days now.",
        "WizardCapabilities": [
            {
                "Domain": "doctor",
                "SchemaImage": "doctor_schedule.jpg",
                "Task": "doctor_schedule"
            }
        ],
        "WizardTask": "Follow the flow charts and help the user. Some facts you should be aware of: \n\n* Right now it is Tuesday, 6 pm"
    },
    "UserQuestionnaire": [],
    "WizardQuestionnaire": []
}