{
    "AnonymizedUserWorkerID": "239936e4-190b-4d6e-8038-57290b8802d4",
    "AnonymizedWizardWorkerID": "a4c9564b-06b9-37b4-27ca-fd6bf52c4154",
    "BatchID": "woz_1589820124",
    "CompletionLevel": "Complete",
    "DialogueID": 2147,
    "Events": [
        {
            "Action": "instruct",
            "Agent": "UserGuide",
            "Text": "Somebody has transferred $500 from your account. Quickly you contact the bank-system's AI assistant. Perhaps it can help? [instruction 1 of 5]",
            "UnixTime": 1589839239
        },
        {
            "Action": "utter",
            "Agent": "User",
            "Text": "Someone has transfered $500 from my account and it was not me. Can you please help?",
            "UnixTime": 1589839278,
            "PredictedBeliefState": {
                "FraudReport": "someone transferred $500 from client's account."
            },
            "ActionLabel": [
                "user_bank_inform_fraud_details",
                "user_bank_ask_fraud"
            ]
        },
        {
            "Action": "instruct",
            "Agent": "UserGuide",
            "Text": "You are Jane Doe. Your PIN is 7402, but you forgot your account number. (You might need your childhood pet's name for the security questions: Molly.) [instruction 2 of 5]",
            "UnixTime": 1589839278
        },
        {
            "Action": "request_suggestions",
            "Agent": "Wizard",
            "Text": "What is your name?",
            "UnixTime": 1589839290
        },
        {
            "Action": "pick_suggestion",
            "ActionLabel": "ask_name",
            "ActionLabelOptions": [
                "ask_name",
                "hello",
                "bank_ask_mothers_maiden_name"
            ],
            "Agent": "Wizard",
            "Text": "Could I get your full name, please?",
            "UnixTime": 1589839292
        },
        {
            "Action": "utter",
            "Agent": "User",
            "Text": "My name is Jane Doe",
            "UnixTime": 1589839301,
            "PredictedBeliefState": {
                "FraudReport": "somebody transferred $500 from client's account.",
                "FullName": "jane doe"
            },
            "ActionLabel": [
                "user_bank_inform_name"
            ]
        },
        {
            "Action": "request_suggestions",
            "Agent": "Wizard",
            "Text": "What is your account number?",
            "UnixTime": 1589839315
        },
        {
            "Action": "pick_suggestion",
            "ActionLabel": "bank_ask_account_number",
            "ActionLabelOptions": [
                "bank_ask_account_number",
                "bank_ask_fraud_details",
                "bank_ask_pin"
            ],
            "Agent": "Wizard",
            "Text": "Can you tell me your account number, please?",
            "UnixTime": 1589839317
        },
        {
            "Action": "utter",
            "Agent": "User",
            "Text": "I really can not remember it. ",
            "UnixTime": 1589839378,
            "PredictedBeliefState": {
                "FraudReport": "somebody transferred $500 from client's account.",
                "FullName": "jane doe",
                "AccountNumber": "forgot"
            },
            "ActionLabel": [
                "user_bank_forgot_account_number"
            ]
        },
        {
            "Action": "instruct",
            "Agent": "UserGuide",
            "Text": "You forget what you are doing (imagine you're 93 years old and have some mental condition). [instruction 3 of 5]",
            "UnixTime": 1589839378
        },
        {
            "Action": "request_suggestions",
            "Agent": "Wizard",
            "Text": "Can I have your date of birth?",
            "UnixTime": 1589839402
        },
        {
            "Action": "pick_suggestion",
            "ActionLabel": "bank_ask_dob",
            "ActionLabelOptions": [
                "bank_ask_dob",
                "bank_ask_pin",
                "bank_ask_mothers_maiden_name"
            ],
            "Agent": "Wizard",
            "Text": "Could you provide your date of birth, please?",
            "UnixTime": 1589839404
        },
        {
            "Action": "utter",
            "Agent": "User",
            "Text": "no, that is private information and I do not tell that to strangers! ",
            "UnixTime": 1589839518,
            "PredictedBeliefState": {
                "DateOfBirth": "forgot",
                "FullName": "jane doe",
                "AccountNumber": "forgot",
                "FraudReport": "somebody transferred $500 from client's account."
            },
            "ActionLabel": [
                "user_bank_forgot_dob"
            ]
        },
        {
            "Action": "instruct",
            "Agent": "UserGuide",
            "Text": "Keep this conversation going for a bit - you can be creative! [instruction 4 of 5]",
            "UnixTime": 1589839518
        },
        {
            "Action": "request_suggestions",
            "Agent": "Wizard",
            "Text": "I'm sorry, I need more information. ",
            "UnixTime": 1589839552
        },
        {
            "Action": "utter",
            "Agent": "Wizard",
            "Text": "I'm sorry, I can only help you with the required information.",
            "UnixTime": 1589839579
        },
        {
            "Action": "utter",
            "Agent": "User",
            "Text": "Why did you call again? Do you wan't to speak to one of my grandkids?",
            "UnixTime": 1589839637,
            "PredictedBeliefState": {
                "PIN": "forgot",
                "AccountNumber": "forgot",
                "FullName": "jane doe",
                "FraudReport": "somebody transferred $500 from client's account.",
                "DateOfBirth": "forgot"
            },
            "ActionLabel": [
                "user_bank_forgot_pin",
                "user_bad_label"
            ]
        },
        {
            "Action": "request_suggestions",
            "Agent": "Wizard",
            "Text": "I am from your bank. I am helping you make a fraud report.",
            "UnixTime": 1589839680
        },
        {
            "Action": "utter",
            "Agent": "Wizard",
            "Text": "I am from your bank. I am helping you make a fraud report.",
            "UnixTime": 1589839682
        },
        {
            "Action": "utter",
            "Agent": "User",
            "Text": "The banking system is all corrupt. Don't you really think? People should invest in collectible dolls. Do you want to come over and see my collection?",
            "UnixTime": 1589839752,
            "PredictedBeliefState": {
                "AccountNumber": "forgot",
                "FraudReport": "somebody transferred $500 from client's account.",
                "FullName": "jane doe",
                "PIN": "forgot",
                "DateOfBirth": "forgot"
            },
            "ActionLabel": [
                "user_bad_label"
            ]
        },
        {
            "Action": "request_suggestions",
            "Agent": "Wizard",
            "Text": "No, thank you. But I am sure they are lovely.",
            "UnixTime": 1589839766
        },
        {
            "Action": "utter",
            "Agent": "Wizard",
            "Text": "No, thank you. But I am sure they are lovely.",
            "UnixTime": 1589839768
        },
        {
            "Action": "utter",
            "Agent": "User",
            "Text": "are you a stamp collector? ",
            "UnixTime": 1589839808,
            "PredictedBeliefState": {
                "FullName": "jane doe",
                "AccountNumber": "forgot",
                "FraudReport": "somebody transferred $500 from client's account.",
                "PIN": "forgot",
                "DateOfBirth": "forgot"
            },
            "ActionLabel": [
                "user_bad_label"
            ]
        },
        {
            "Action": "request_suggestions",
            "Agent": "Wizard",
            "Text": "I used to collect stamps. Would you like to file the fraud report?",
            "UnixTime": 1589839840
        },
        {
            "Action": "utter",
            "Agent": "Wizard",
            "Text": "I used to collect stamps. Would you like to file the fraud report?",
            "UnixTime": 1589839842
        },
        {
            "Action": "utter",
            "Agent": "User",
            "Text": "stamps are not fraud. I think they will grow in value over time. ",
            "UnixTime": 1589839872,
            "PredictedBeliefState": {
                "AccountNumber": "forgot",
                "FullName": "jane doe",
                "FraudReport": "somebody transferred $500 from client's account.",
                "PIN": "forgot",
                "DateOfBirth": "forgot"
            },
            "ActionLabel": [
                "user_bad_label"
            ]
        },
        {
            "Action": "instruct",
            "Agent": "UserGuide",
            "Text": "Ok, great. Now bring the conversation to a natural close. [instruction 5 of 5]",
            "UnixTime": 1589839872
        },
        {
            "Action": "request_suggestions",
            "Agent": "Wizard",
            "Text": "I can help you file a fraud report with the bank.",
            "UnixTime": 1589839894
        },
        {
            "Action": "utter",
            "Agent": "Wizard",
            "Text": "I can help you file a fraud report with the bank.",
            "UnixTime": 1589839899
        },
        {
            "Action": "utter",
            "Agent": "User",
            "Text": "It's time for my medicine, maybe later dear. ",
            "UnixTime": 1589839932,
            "PredictedBeliefState": {
                "AccountNumber": "forgot",
                "FullName": "jane doe",
                "FraudReport": "somebody transferred $500 from client's account.",
                "PIN": "forgot",
                "DateOfBirth": "forgot"
            },
            "ActionLabel": [
                "user_bad_label"
            ]
        },
        {
            "Action": "request_suggestions",
            "Agent": "Wizard",
            "Text": "Is there anything else I can help you with?",
            "UnixTime": 1589839949
        },
        {
            "Action": "pick_suggestion",
            "ActionLabel": "anything_else",
            "ActionLabelOptions": [
                "anything_else",
                "bank_ask_childhood_pets_name",
                "bank_inform_nothing_found"
            ],
            "Agent": "Wizard",
            "Text": "Is there anything else that I can do for you?",
            "UnixTime": 1589839951
        },
        {
            "Action": "utter",
            "Agent": "User",
            "Text": "no, Goodnight!",
            "UnixTime": 1589839977,
            "PredictedBeliefState": {
                "FraudReport": "somebody transferred $500 from client's account.",
                "AccountNumber": "forgot",
                "FullName": "jane doe",
                "PIN": "forgot",
                "DateOfBirth": "forgot"
            },
            "ActionLabel": [
                "user_bank_nothing_else"
            ]
        },
        {
            "Action": "request_suggestions",
            "Agent": "Wizard",
            "Text": "thank you and bye",
            "UnixTime": 1589839984
        },
        {
            "Action": "pick_suggestion",
            "ActionLabel": "goodbye_1",
            "ActionLabelOptions": [
                "goodbye_1",
                "bank_inform_fraud_report_submitted",
                "bank_ask_childhood_pets_name"
            ],
            "Agent": "Wizard",
            "Text": "Thank you and goodbye.",
            "UnixTime": 1589839985
        },
        {
            "Action": "complete",
            "Agent": "User",
            "UnixTime": 1589839989
        }
    ],
    "FORMAT-VERSION": 7,
    "IntroducesConflicts": false,
    "Scenario": {
        "Domains": [
            "bank"
        ],
        "Happy": false,
        "MultiTask": false,
        "UserTask": "Follow the instructions and comments of the MTurk System bot (darker yellow boxes in the dialogue). Do not end the dialogue before the MTurk System bot (not the assistant) has told you to do so. ",
        "WizardCapabilities": [
            {
                "Domain": "bank",
                "SchemaImage": "bank_fraud_report.jpg",
                "Task": "bank_fraud_report"
            }
        ],
        "WizardTask": "Follow the flow charts and help the user. Some facts you should be aware of: \n\n* You are the customer service AI of the international banking system"
    },
    "UserQuestionnaire": [
        {
            "Answer": true,
            "Question": "Did the assistant stay calm and helpful throughout the dialogue?"
        }
    ],
    "WizardQuestionnaire": [
        {
            "Answer": true,
            "Question": "Did the user seem confused? (He or she may have been instructed to be.)"
        },
        {
            "Answer": true,
            "Question": "Did the user change his/her mind about what he/she wants at any time?"
        },
        {
            "Answer": true,
            "Question": "Did the user become aggressive or annoyed during the dialogue? (Note: some users may be instructed to be annoying.)"
        },
        {
            "Answer": false,
            "Question": "Where you unsure about what to do at any time? (Feel free to send us an email with details.)"
        }
    ]
}