{
    "AnonymizedUserWorkerID": "cd977bea-cf5f-e55d-dd23-dcad7db29be1",
    "AnonymizedWizardWorkerID": "00f54eab-f813-a79e-fabe-cbdd3da9441d",
    "BatchID": "woz_1589820124",
    "CompletionLevel": "Complete",
    "DialogueID": 2247,
    "Events": [
        {
            "Action": "utter",
            "Agent": "User",
            "Text": "Hi! I would like to request a service please.",
            "UnixTime": 1589833431,
            "PredictedBeliefState": {},
            "ActionLabel": [
                "user_hotel_service_request_ask_service"
            ]
        },
        {
            "Action": "request_suggestions",
            "Agent": "Wizard",
            "Text": "what is your name?",
            "UnixTime": 1589833439
        },
        {
            "Action": "pick_suggestion",
            "ActionLabel": "ask_name",
            "ActionLabelOptions": [
                "ask_name",
                "hotel_ask_time",
                "anything_else"
            ],
            "Agent": "Wizard",
            "Text": "Could I get your name, please?",
            "UnixTime": 1589833441
        },
        {
            "Action": "utter",
            "Agent": "User",
            "Text": "Mark",
            "UnixTime": 1589833517,
            "PredictedBeliefState": {
                "CustomerName": "mark"
            },
            "ActionLabel": [
                "user_hotel_service_request_inform_name"
            ]
        },
        {
            "Action": "request_suggestions",
            "Agent": "Wizard",
            "Text": "What is the hotel name?",
            "UnixTime": 1589833530
        },
        {
            "Action": "pick_suggestion",
            "ActionLabel": "hotel_ask_hotel",
            "ActionLabelOptions": [
                "hotel_ask_hotel",
                "hotel_inform_nothing_found",
                "out_of_scope"
            ],
            "Agent": "Wizard",
            "Text": "At what hotel are you currently staying?",
            "UnixTime": 1589833532
        },
        {
            "Action": "utter",
            "Agent": "User",
            "Text": "Old Town Inn room 351",
            "UnixTime": 1589833544,
            "PredictedBeliefState": {
                "CustomerName": "mark",
                "Name": "old town inn",
                "RoomNumber": "351"
            },
            "ActionLabel": [
                "user_hotel_service_request_inform_hotel",
                "user_hotel_service_request_inform_room_number"
            ]
        },
        {
            "Action": "request_suggestions",
            "Agent": "Wizard",
            "Text": "What time would you like the repair?",
            "UnixTime": 1589833564
        },
        {
            "Action": "pick_suggestion",
            "ActionLabel": "hotel_ask_time",
            "ActionLabelOptions": [
                "hotel_ask_time",
                "ask_name",
                "hotel_ask_room_number"
            ],
            "Agent": "Wizard",
            "Text": "At what time would you like us to provide the service?",
            "UnixTime": 1589833567
        },
        {
            "Action": "utter",
            "Agent": "User",
            "Text": "6 PM please",
            "UnixTime": 1589833572,
            "PredictedBeliefState": {
                "Name": "old town inn",
                "Time": "6 pm",
                "CustomerName": "mark",
                "RoomNumber": "351"
            },
            "ActionLabel": [
                "user_hotel_service_request_inform_time"
            ]
        },
        {
            "Action": "request_suggestions",
            "Agent": "Wizard",
            "Text": "What is the request?",
            "UnixTime": 1589833615
        },
        {
            "Action": "pick_suggestion",
            "ActionLabel": "hotel_ask_service_request",
            "ActionLabelOptions": [
                "hotel_ask_service_request",
                "out_of_scope",
                "anything_else"
            ],
            "Agent": "Wizard",
            "Text": "Right, please let us know your request now.",
            "UnixTime": 1589833618
        },
        {
            "Action": "utter",
            "Agent": "User",
            "Text": " I am going for a swim so I need more towels please.",
            "UnixTime": 1589833663,
            "PredictedBeliefState": {
                "RoomNumber": "351",
                "Name": "old town inn",
                "CustomerRequest": "towels",
                "Time": "6 pm",
                "CustomerName": "mark"
            },
            "ActionLabel": [
                "user_hotel_service_request_inform_request"
            ]
        },
        {
            "APIName": "hotel_service_request",
            "Action": "query",
            "Agent": "Wizard",
            "Constraints": [
                {
                    "Name": "\"Old Town Inn\""
                },
                {
                    "RoomNumber": "351"
                },
                {
                    "Time": "\"6 pm\""
                },
                {
                    "CustomerName": "\"Mark\""
                },
                {
                    "CustomerRequest": "\"Need more towels\""
                }
            ],
            "UnixTime": 1589833689
        },
        {
            "APIName": "hotel_service_request",
            "Action": "return_item",
            "Agent": "KnowledgeBase",
            "Item": {
                "APIName": "hotel_service_request",
                "RequestStatus": "Request Confirmed",
                "RoomNumber": 351,
                "Time": "6 pm"
            },
            "TotalItems": -1,
            "PredictedBeliefState": {
                "RoomNumber": "351",
                "Name": "old town inn",
                "CustomerRequest": "towels",
                "Time": "6 pm",
                "CustomerName": "mark"
            },
            "ActionLabel": [
                "db_hotel_inform_service_request_successful"
            ]
        },
        {
            "Action": "request_suggestions",
            "Agent": "Wizard",
            "PrimaryItem": {
                "APIName": "hotel_service_request",
                "RequestStatus": "Request Confirmed",
                "RoomNumber": 351,
                "Time": "6 pm"
            },
            "Text": "Your request has been confirmed.",
            "UnixTime": 1589833702
        },
        {
            "Action": "pick_suggestion",
            "ActionLabel": "hotel_inform_service_request_successful",
            "ActionLabelOptions": [
                "hotel_inform_service_request_successful",
                "hotel_ask_time",
                "anything_else"
            ],
            "Agent": "Wizard",
            "PrimaryItem": {
                "APIName": "hotel_service_request",
                "RequestStatus": "Request Confirmed",
                "RoomNumber": 351,
                "Time": "6 pm"
            },
            "Text": "Your request has been submitted successfully.\nA member of the service team will knock on the door of room 351 at 6 pm!",
            "UnixTime": 1589833705
        },
        {
            "Action": "utter",
            "Agent": "User",
            "Text": "alright. Thank you",
            "UnixTime": 1589833716,
            "PredictedBeliefState": {
                "Name": "old town inn",
                "RoomNumber": "351",
                "CustomerName": "mark",
                "CustomerRequest": "more towels",
                "Time": "6 pm"
            },
            "ActionLabel": [
                "user_hotel_service_request_thanks"
            ]
        },
        {
            "Action": "request_suggestions",
            "Agent": "Wizard",
            "PrimaryItem": {
                "APIName": "hotel_service_request",
                "RequestStatus": "Request Confirmed",
                "RoomNumber": 351,
                "Time": "6 pm"
            },
            "Text": "Is there anything else I can do for you?",
            "UnixTime": 1589833725
        },
        {
            "Action": "pick_suggestion",
            "ActionLabel": "anything_else",
            "ActionLabelOptions": [
                "anything_else",
                "ask_name",
                "hotel_inform_service_request_successful"
            ],
            "Agent": "Wizard",
            "PrimaryItem": {
                "APIName": "hotel_service_request",
                "RequestStatus": "Request Confirmed",
                "RoomNumber": 351,
                "Time": "6 pm"
            },
            "Text": "Is there anything else that I can do for you?",
            "UnixTime": 1589833727
        },
        {
            "Action": "utter",
            "Agent": "User",
            "Text": "I am good for now. Thanks",
            "UnixTime": 1589833735,
            "PredictedBeliefState": {
                "CustomerRequest": "more towels",
                "RoomNumber": "351",
                "Name": "old town inn",
                "CustomerName": "mark",
                "Time": "6 pm"
            },
            "ActionLabel": [
                "user_hotel_service_request_goodbye"
            ]
        },
        {
            "Action": "request_suggestions",
            "Agent": "Wizard",
            "PrimaryItem": {
                "APIName": "hotel_service_request",
                "RequestStatus": "Request Confirmed",
                "RoomNumber": 351,
                "Time": "6 pm"
            },
            "Text": "Thank you and goodbye.",
            "UnixTime": 1589833746
        },
        {
            "Action": "pick_suggestion",
            "ActionLabel": "goodbye_1",
            "ActionLabelOptions": [
                "goodbye_1",
                "hotel_inform_nothing_found",
                "hotel_inform_service_request_successful"
            ],
            "Agent": "Wizard",
            "PrimaryItem": {
                "APIName": "hotel_service_request",
                "RequestStatus": "Request Confirmed",
                "RoomNumber": 351,
                "Time": "6 pm"
            },
            "Text": "Thank you and goodbye.",
            "UnixTime": 1589833748
        },
        {
            "Action": "complete",
            "Agent": "User",
            "UnixTime": 1589833777
        }
    ],
    "FORMAT-VERSION": 7,
    "IntroducesConflicts": false,
    "Scenario": {
        "Domains": [
            "hotel"
        ],
        "Happy": true,
        "MultiTask": false,
        "UserTask": "You are Mark and you are staying in room 351 of the Old Town Inn. You would like to make a service request for 6 pm. Your request is: I need more towels.",
        "WizardCapabilities": [
            {
                "Domain": "hotel",
                "SchemaImage": "hotel_service_request.jpg",
                "Task": "hotel_service_request"
            }
        ],
        "WizardTask": "Help the user make a hotel service request. "
    },
    "UserQuestionnaire": [
        {
            "Answer": true,
            "Question": "Did the AI Assistant successfully submit your service request?"
        },
        {
            "Answer": true,
            "Question": "Did the AI Assistant stay calm and helpful throughout the dialogue?"
        }
    ],
    "WizardQuestionnaire": [
        {
            "Answer": false,
            "Question": "Did the user change his/her mind about what he/she wants at any time?"
        },
        {
            "Answer": false,
            "Question": "Did the user become aggressive or annoyed during the dialogue? (Note: some users may be instructed to be annoying.)"
        },
        {
            "Answer": false,
            "Question": "Where you unsure about what to do at any time? (Feel free to send us an email with details.)"
        }
    ]
}