{
    "AnonymizedUserWorkerID": "ef43f87b-badc-34f5-e103-d10f2d852aed",
    "AnonymizedWizardWorkerID": "6fc8f619-0821-5c3c-40c7-47ca570a75b0",
    "BatchID": "woz_1589820124",
    "CompletionLevel": "Complete",
    "DialogueID": 2369,
    "Events": [
        {
            "Action": "utter",
            "Agent": "User",
            "Text": "Hi, I need a hotel ",
            "UnixTime": 1589846302,
            "PredictedBeliefState": {},
            "ActionLabel": [
                "user_bad_label"
            ]
        },
        {
            "Action": "request_suggestions",
            "Agent": "Wizard",
            "Text": "Okay. Would you like to chose a hotel by name, cost, rating or location?",
            "UnixTime": 1589846324
        },
        {
            "Action": "pick_suggestion",
            "ActionLabel": "hotel_inform_search_criteria",
            "ActionLabelOptions": [
                "hotel_inform_search_criteria",
                "hotel_ask_location",
                "hotel_ask_name"
            ],
            "Agent": "Wizard",
            "Text": "I can narrow the search down by name of the hotel, its location, price or rating.",
            "UnixTime": 1589846329
        },
        {
            "Action": "utter",
            "Agent": "User",
            "Text": "Can you search for expensive hotels that aren't in the south",
            "UnixTime": 1589846346,
            "PredictedBeliefState": {
                "Cost": "expensive",
                "Location": "api.is_not(south)"
            },
            "ActionLabel": [
                "user_hotel_search_inform_price",
                "user_hotel_search_inform_location",
                "user_bad_label"
            ]
        },
        {
            "Action": "request_suggestions",
            "Agent": "Wizard",
            "Text": "Sure",
            "UnixTime": 1589846358
        },
        {
            "APIName": "hotel_search",
            "Action": "query",
            "Agent": "Wizard",
            "Constraints": [
                {
                    "Cost": "\"Expensive\""
                },
                {
                    "Location": "api.is_one_of([\"West\",\"East\",\"North\",\"Center\"])"
                }
            ],
            "UnixTime": 1589846388
        },
        {
            "APIName": "hotel_search",
            "Action": "return_item",
            "Agent": "KnowledgeBase",
            "Item": {
                "APIName": "hotel_search",
                "AverageRating": 1,
                "Cost": "Expensive",
                "Location": "North",
                "Name": "Hyatt Hotel",
                "Service": true,
                "ServiceStartHour": "2 am",
                "ServiceStopHour": "10 pm",
                "TakesReservations": false,
                "id": 629
            },
            "TotalItems": 277,
            "PredictedBeliefState": {
                "Cost": "expensive",
                "Location": "api.is_not(south)"
            },
            "ActionLabel": [
                "db_hotel_provide_search_result"
            ]
        },
        {
            "Action": "request_suggestions",
            "Agent": "Wizard",
            "PrimaryItem": {
                "APIName": "hotel_search",
                "AverageRating": 1,
                "Cost": "Expensive",
                "Location": "North",
                "Name": "Hyatt Hotel",
                "Service": true,
                "ServiceStartHour": "2 am",
                "ServiceStopHour": "10 pm",
                "TakesReservations": false,
                "id": 629
            },
            "Text": "There are 276 matches for your query.",
            "UnixTime": 1589846406
        },
        {
            "Action": "pick_suggestion",
            "ActionLabel": "hotel_provide_search_result",
            "ActionLabelOptions": [
                "hotel_provide_search_result",
                "hotel_inform_rating",
                "goodbye_1"
            ],
            "Agent": "Wizard",
            "PrimaryItem": {
                "APIName": "hotel_search",
                "AverageRating": 1,
                "Cost": "Expensive",
                "Location": "North",
                "Name": "Hyatt Hotel",
                "Service": true,
                "ServiceStartHour": "2 am",
                "ServiceStopHour": "10 pm",
                "TakesReservations": false,
                "id": 629
            },
            "Text": "OK, I have found the 'Hyatt Hotel', located North. It is in the Expensive price category and has an average rating of 1.",
            "UnixTime": 1589846411
        },
        {
            "Action": "utter",
            "Agent": "User",
            "Text": "Ah okay. That is great. Thank you so much!",
            "UnixTime": 1589846445,
            "PredictedBeliefState": {
                "Location": "api.is_not(south)",
                "Name": "hyatt hotel",
                "Cost": "expensive"
            },
            "ActionLabel": [
                "user_hotel_search_inform_name",
                "user_hotel_search_no_search_more"
            ]
        },
        {
            "Action": "request_suggestions",
            "Agent": "Wizard",
            "PrimaryItem": {
                "APIName": "hotel_search",
                "AverageRating": 1,
                "Cost": "Expensive",
                "Location": "North",
                "Name": "Hyatt Hotel",
                "Service": true,
                "ServiceStartHour": "2 am",
                "ServiceStopHour": "10 pm",
                "TakesReservations": false,
                "id": 629
            },
            "Text": "Can I help you with anything else?",
            "UnixTime": 1589846461
        },
        {
            "Action": "pick_suggestion",
            "ActionLabel": "anything_else",
            "ActionLabelOptions": [
                "anything_else",
                "hotel_ask_search_more",
                "hello"
            ],
            "Agent": "Wizard",
            "PrimaryItem": {
                "APIName": "hotel_search",
                "AverageRating": 1,
                "Cost": "Expensive",
                "Location": "North",
                "Name": "Hyatt Hotel",
                "Service": true,
                "ServiceStartHour": "2 am",
                "ServiceStopHour": "10 pm",
                "TakesReservations": false,
                "id": 629
            },
            "Text": "Is there anything else that I can do for you?",
            "UnixTime": 1589846463
        },
        {
            "Action": "utter",
            "Agent": "User",
            "Text": "No thanks! Goodbye.",
            "UnixTime": 1589846476,
            "PredictedBeliefState": {
                "Location": "api.is_not(south)",
                "Name": "hyatt hotel",
                "Cost": "expensive"
            },
            "ActionLabel": [
                "user_hotel_search_goodbye"
            ]
        },
        {
            "Action": "request_suggestions",
            "Agent": "Wizard",
            "PrimaryItem": {
                "APIName": "hotel_search",
                "AverageRating": 1,
                "Cost": "Expensive",
                "Location": "North",
                "Name": "Hyatt Hotel",
                "Service": true,
                "ServiceStartHour": "2 am",
                "ServiceStopHour": "10 pm",
                "TakesReservations": false,
                "id": 629
            },
            "Text": "Goodbye.",
            "UnixTime": 1589846482
        },
        {
            "Action": "pick_suggestion",
            "ActionLabel": "goodbye_1",
            "ActionLabelOptions": [
                "goodbye_1",
                "hotel_ask_name",
                "hotel_inform_rating"
            ],
            "Agent": "Wizard",
            "PrimaryItem": {
                "APIName": "hotel_search",
                "AverageRating": 1,
                "Cost": "Expensive",
                "Location": "North",
                "Name": "Hyatt Hotel",
                "Service": true,
                "ServiceStartHour": "2 am",
                "ServiceStopHour": "10 pm",
                "TakesReservations": false,
                "id": 629
            },
            "Text": "Goodbye!",
            "UnixTime": 1589846485
        },
        {
            "Action": "complete",
            "Agent": "User",
            "UnixTime": 1589846501
        }
    ],
    "FORMAT-VERSION": 7,
    "IntroducesConflicts": false,
    "Scenario": {
        "Domains": [
            "hotel"
        ],
        "Happy": true,
        "MultiTask": false,
        "UserTask": "Search for a Expensive hotel that is not in the South part of town and note its name.",
        "WizardCapabilities": [
            {
                "Domain": "hotel",
                "SchemaImage": "hotel_search.jpg",
                "Task": "hotel_search"
            }
        ],
        "WizardTask": "Help the user find a specific hotel. "
    },
    "UserQuestionnaire": [
        {
            "Answer": true,
            "Question": "Did the AI Assistant find you a suitable hotel?"
        },
        {
            "Answer": true,
            "Question": "Did the AI Assistant stay calm and helpful throughout the dialogue?"
        }
    ],
    "WizardQuestionnaire": [
        {
            "Answer": false,
            "Question": "Did the user change his/her mind about what he/she wants at any time?"
        },
        {
            "Answer": false,
            "Question": "Did the user become aggressive or annoyed during the dialogue? (Note: some users may be instructed to be annoying.)"
        },
        {
            "Answer": false,
            "Question": "Where you unsure about what to do at any time? (Feel free to send us an email with details.)"
        }
    ]
}