{
    "AnonymizedUserWorkerID": "34240f9a-bd13-8ae1-c634-f07162c54b7c",
    "AnonymizedWizardWorkerID": "58be375a-caa2-7735-72af-2683a9d7dda2",
    "BatchID": "woz_1589820124",
    "CompletionLevel": "Complete",
    "DialogueID": 2406,
    "Events": [
        {
            "Action": "instruct",
            "Agent": "UserGuide",
            "Text": "Say hello to the AI assistant and ask for help (see instructions on the left). [instruction 1 of 6]",
            "UnixTime": 1589839383
        },
        {
            "Action": "utter",
            "Agent": "User",
            "Text": "Hi, this is Alexis. I need an appointment with Dr. Johnson for today (Fri)",
            "UnixTime": 1589839431,
            "PredictedBeliefState": {
                "Day": "friday",
                "Name": "dr. johnson",
                "PatientName": "alexis"
            },
            "ActionLabel": [
                "user_doctor_schedule_inform_day",
                "user_doctor_schedule_inform_doctor_name",
                "user_doctor_schedule_inform_name",
                "user_doctor_schedule_ask_schedule"
            ]
        },
        {
            "Action": "instruct",
            "Agent": "UserGuide",
            "Text": "Try to get an appointment as soon as possible (right now it is 3 pm on Friday). [instruction 2 of 6]",
            "UnixTime": 1589839431
        },
        {
            "Action": "request_suggestions",
            "Agent": "Wizard",
            "Text": "time",
            "UnixTime": 1589839459
        },
        {
            "Action": "request_suggestions",
            "Agent": "Wizard",
            "Text": "what time",
            "UnixTime": 1589839462
        },
        {
            "Action": "pick_suggestion",
            "ActionLabel": "doctor_ask_day",
            "ActionLabelOptions": [
                "doctor_ask_start_time",
                "doctor_ask_day",
                "doctor_ask_end_time"
            ],
            "Agent": "Wizard",
            "Text": "What day of the week would you like to schedule the appointment for?",
            "UnixTime": 1589839464
        },
        {
            "Action": "utter",
            "Agent": "User",
            "Text": "ASAP today (Friday). It's 3pm now and I need to go as soon as I can",
            "UnixTime": 1589839503,
            "PredictedBeliefState": {
                "Name": "dr. johnson",
                "StartTimeHour": "3 pm",
                "Day": "friday",
                "PatientName": "alexis"
            },
            "ActionLabel": [
                "user_doctor_schedule_inform_start_time"
            ]
        },
        {
            "Action": "instruct",
            "Agent": "UserGuide",
            "Text": "Keep asking for other times until the assistant has found a slot for you. Engage in smalltalk once this is done. [instruction 3 of 6]",
            "UnixTime": 1589839503
        },
        {
            "Action": "request_suggestions",
            "Agent": "Wizard",
            "Text": "symptoms",
            "UnixTime": 1589839516
        },
        {
            "Action": "pick_suggestion",
            "ActionLabel": "doctor_ask_symptoms",
            "ActionLabelOptions": [
                "doctor_ask_symptoms",
                "doctor_ask_doctor_name",
                "doctor_inform_nothing_found"
            ],
            "Agent": "Wizard",
            "Text": "Could you describe your symptoms, please?",
            "UnixTime": 1589839518
        },
        {
            "Action": "utter",
            "Agent": "User",
            "Text": "I've had a cough and a sore throat, for about two days now",
            "UnixTime": 1589839534,
            "PredictedBeliefState": {
                "Name": "dr. johnson",
                "Symptoms": "cough, sore throat, for about two days now",
                "PatientName": "alexis",
                "StartTimeHour": "3 pm",
                "Day": "friday"
            },
            "ActionLabel": [
                "user_doctor_schedule_inform_symptoms"
            ]
        },
        {
            "Action": "instruct",
            "Agent": "UserGuide",
            "Text": "Say something about Dr. Johnson, the AI Assistant, or something that has happened to you today. Be creative! [instruction 4 of 6]",
            "UnixTime": 1589839534
        },
        {
            "APIName": "doctor_schedule",
            "Action": "query",
            "Agent": "Wizard",
            "Constraints": [
                {
                    "Name": "api.is_equal_to(\"Dr. Johnson\")"
                },
                {
                    "PatientName": "\"Alexis\""
                },
                {
                    "Day": "\"Friday\""
                },
                {
                    "StartTimeHour": "\"3 am\""
                },
                {
                    "Symptoms": "\"cough and a sore throat, for about two days now\""
                },
                {
                    "RequestType": "\"Check\""
                }
            ],
            "UnixTime": 1589839545
        },
        {
            "APIName": "doctor_schedule",
            "Action": "return_item",
            "Agent": "KnowledgeBase",
            "Item": {
                "APIName": "doctor_schedule",
                "DoctorName": "Dr. Johnson",
                "Message": "The doctor has a conflicting appointment at that time. Try another time or another doctor.",
                "Time": "3 am"
            },
            "TotalItems": -1,
            "PredictedBeliefState": {
                "Name": "dr. johnson",
                "Symptoms": "cough, sore throat, for about two days now",
                "PatientName": "alexis",
                "StartTimeHour": "3 pm",
                "Day": "friday"
            },
            "ActionLabel": [
                "db_doctor_inform_booking_unavailable"
            ]
        },
        {
            "Action": "request_suggestions",
            "Agent": "Wizard",
            "PrimaryItem": {
                "APIName": "doctor_schedule",
                "DoctorName": "Dr. Johnson",
                "Message": "The doctor has a conflicting appointment at that time. Try another time or another doctor.",
                "Time": "3 am"
            },
            "Text": "conflicting",
            "UnixTime": 1589839550
        },
        {
            "Action": "pick_suggestion",
            "ActionLabel": "doctor_inform_booking_unavailable",
            "ActionLabelOptions": [
                "doctor_inform_booking_unavailable",
                "out_of_scope",
                "doctor_ask_symptoms"
            ],
            "Agent": "Wizard",
            "PrimaryItem": {
                "APIName": "doctor_schedule",
                "DoctorName": "Dr. Johnson",
                "Message": "The doctor has a conflicting appointment at that time. Try another time or another doctor.",
                "Time": "3 am"
            },
            "Text": "Unfortunately Dr. Johnson has no appointment available at 3 am.",
            "UnixTime": 1589839551
        },
        {
            "Action": "utter",
            "Agent": "User",
            "Text": "I woke up this morning and I can barely speak it's so bad. Ok, keep trying any time today will work for me",
            "UnixTime": 1589839581,
            "PredictedBeliefState": {
                "Symptoms": "cough, sore throat, for about two days now",
                "Name": "dr. johnson",
                "PatientName": "alexis",
                "Day": "friday",
                "StartTimeHour": "3 am"
            },
            "ActionLabel": [
                "user_doctor_schedule_inform_start_time",
                "user_doctor_schedule_inform_book"
            ]
        },
        {
            "Action": "instruct",
            "Agent": "UserGuide",
            "Text": "It occurs to you that you also want to make an appointment to get your kid Ben vaccinated. Perhaps you can schedule a second appointment at the same time? [instruction 5 of 6]",
            "UnixTime": 1589839581
        },
        {
            "APIName": "doctor_schedule",
            "Action": "query",
            "Agent": "Wizard",
            "Constraints": [
                {
                    "Name": "api.is_equal_to(\"Dr. Johnson\")"
                },
                {
                    "PatientName": "\"Alexis\""
                },
                {
                    "Day": "\"Friday\""
                },
                {
                    "StartTimeHour": "\"4 am\""
                },
                {
                    "Symptoms": "\"cough and a sore throat, for about two days now\""
                },
                {
                    "RequestType": "\"Check\""
                }
            ],
            "PrimaryItem": {
                "APIName": "doctor_schedule",
                "DoctorName": "Dr. Johnson",
                "Message": "The doctor has a conflicting appointment at that time. Try another time or another doctor.",
                "Time": "3 am"
            },
            "UnixTime": 1589839592
        },
        {
            "APIName": "doctor_schedule",
            "Action": "return_item",
            "Agent": "KnowledgeBase",
            "Item": {
                "APIName": "doctor_schedule",
                "DoctorName": "Dr. Johnson",
                "Message": "The time slot is available.",
                "Time": "4 am"
            },
            "TotalItems": -1,
            "PredictedBeliefState": {
                "Symptoms": "cough, sore throat, for about two days now",
                "Name": "dr. johnson",
                "PatientName": "alexis",
                "Day": "friday",
                "StartTimeHour": "3 am"
            },
            "ActionLabel": [
                "db_doctor_inform_booking_available"
            ]
        },
        {
            "Action": "request_suggestions",
            "Agent": "Wizard",
            "PrimaryItem": {
                "APIName": "doctor_schedule",
                "DoctorName": "Dr. Johnson",
                "Message": "The time slot is available.",
                "Time": "4 am"
            },
            "Text": "4 am",
            "UnixTime": 1589839594
        },
        {
            "APIName": "doctor_schedule",
            "Action": "query",
            "Agent": "Wizard",
            "Constraints": [
                {
                    "Name": "api.is_equal_to(\"Dr. Johnson\")"
                },
                {
                    "PatientName": "\"Alexis\""
                },
                {
                    "Day": "\"Friday\""
                },
                {
                    "StartTimeHour": "\"5 am\""
                },
                {
                    "Symptoms": "\"cough and a sore throat, for about two days now\""
                },
                {
                    "RequestType": "\"Check\""
                }
            ],
            "PrimaryItem": {
                "APIName": "doctor_schedule",
                "DoctorName": "Dr. Johnson",
                "Message": "The time slot is available.",
                "Time": "4 am"
            },
            "UnixTime": 1589839603
        },
        {
            "APIName": "doctor_schedule",
            "Action": "return_item",
            "Agent": "KnowledgeBase",
            "Item": {
                "APIName": "doctor_schedule",
                "DoctorName": "Dr. Johnson",
                "Message": "The time slot is available.",
                "Time": "5 am"
            },
            "TotalItems": -1,
            "PredictedBeliefState": {
                "Symptoms": "cough, sore throat, for about two days now",
                "Name": "dr. johnson",
                "PatientName": "alexis",
                "Day": "friday",
                "StartTimeHour": "3 am"
            },
            "ActionLabel": [
                "db_doctor_inform_booking_available"
            ]
        },
        {
            "Action": "request_suggestions",
            "Agent": "Wizard",
            "PrimaryItem": {
                "APIName": "doctor_schedule",
                "DoctorName": "Dr. Johnson",
                "Message": "The time slot is available.",
                "Time": "5 am"
            },
            "Text": "5",
            "UnixTime": 1589839605
        },
        {
            "Action": "pick_suggestion",
            "ActionLabel": "doctor_inform_booking_available",
            "ActionLabelOptions": [
                "doctor_ask_end_time",
                "doctor_inform_booking_available",
                "doctor_inform_booking_unavailable"
            ],
            "Agent": "Wizard",
            "PrimaryItem": {
                "APIName": "doctor_schedule",
                "DoctorName": "Dr. Johnson",
                "Message": "The time slot is available.",
                "Time": "5 am"
            },
            "Text": "Alright, Dr. Johnson is available at 5 am. Can I book the appointment for you?",
            "UnixTime": 1589839607
        },
        {
            "Action": "utter",
            "Agent": "User",
            "Text": "Yes, can you also schedule a second appointment around the same time so I can get my son Ben vaccinated while I'm there?",
            "UnixTime": 1589839644,
            "PredictedBeliefState": {
                "PatientName": "alexis",
                "Day": "friday",
                "Name": "dr. johnson",
                "StartTimeHour": "5 am",
                "Symptoms": "child's vaccination"
            },
            "ActionLabel": [
                "user_doctor_schedule_inform_start_time",
                "user_doctor_schedule_inform_book"
            ]
        },
        {
            "APIName": "doctor_schedule",
            "Action": "query",
            "Agent": "Wizard",
            "Constraints": [
                {
                    "Name": "api.is_equal_to(\"Dr. Johnson\")"
                },
                {
                    "PatientName": "\"Alexis\""
                },
                {
                    "Day": "\"Friday\""
                },
                {
                    "StartTimeHour": "\"5 am\""
                },
                {
                    "Symptoms": "\"cough and a sore throat, for about two days now\""
                },
                {
                    "RequestType": "\"Book\""
                },
                {
                    "PatientName": "\"Ben\""
                }
            ],
            "PrimaryItem": {
                "APIName": "doctor_schedule",
                "DoctorName": "Dr. Johnson",
                "Message": "The time slot is available.",
                "Time": "5 am"
            },
            "UnixTime": 1589839664
        },
        {
            "APIName": "doctor_schedule",
            "Action": "return_item",
            "Agent": "KnowledgeBase",
            "Item": {
                "APIName": "doctor_schedule",
                "DoctorName": "Dr. Johnson",
                "Message": "Your appointment has been successfuly scheduled.",
                "Time": "5 am"
            },
            "TotalItems": -1,
            "PredictedBeliefState": {
                "PatientName": "alexis",
                "Day": "friday",
                "Name": "dr. johnson",
                "StartTimeHour": "5 am",
                "Symptoms": "child's vaccination"
            },
            "ActionLabel": [
                "db_doctor_inform_booking_successful"
            ]
        },
        {
            "Action": "request_suggestions",
            "Agent": "Wizard",
            "PrimaryItem": {
                "APIName": "doctor_schedule",
                "DoctorName": "Dr. Johnson",
                "Message": "Your appointment has been successfuly scheduled.",
                "Time": "5 am"
            },
            "Text": "booked",
            "UnixTime": 1589839668
        },
        {
            "Action": "pick_suggestion",
            "ActionLabel": "doctor_inform_booking_successful",
            "ActionLabelOptions": [
                "doctor_inform_booking_successful",
                "doctor_ask_doctor_name",
                "doctor_ask_start_time"
            ],
            "Agent": "Wizard",
            "PrimaryItem": {
                "APIName": "doctor_schedule",
                "DoctorName": "Dr. Johnson",
                "Message": "Your appointment has been successfuly scheduled.",
                "Time": "5 am"
            },
            "Text": "Great, your appointment with Dr. Johnson is booked for you!",
            "UnixTime": 1589839671
        },
        {
            "Action": "utter",
            "Agent": "User",
            "Text": "Ok great, is my son's appointment booked also?",
            "UnixTime": 1589839694,
            "PredictedBeliefState": {
                "Symptoms": "vaccination",
                "PatientName": "alexis",
                "Name": "dr. johnson",
                "StartTimeHour": "5 am",
                "Day": "friday"
            },
            "ActionLabel": [
                "user_bad_label"
            ]
        },
        {
            "Action": "instruct",
            "Agent": "UserGuide",
            "Text": "Keep going until both yours and your kid's appointments are made (this should take a few more turns). Then say goodbye. [instruction 6 of 6]",
            "UnixTime": 1589839694
        },
        {
            "APIName": "doctor_schedule",
            "Action": "query",
            "Agent": "Wizard",
            "Constraints": [
                {
                    "Name": "api.is_equal_to(\"Dr. Johnson\")"
                },
                {
                    "PatientName": "\"Ben\""
                },
                {
                    "Day": "\"Friday\""
                },
                {
                    "StartTimeHour": "\"5 am\""
                },
                {
                    "Symptoms": "\"cough and a sore throat, for about two days now\""
                },
                {
                    "RequestType": "\"Book\""
                }
            ],
            "PrimaryItem": {
                "APIName": "doctor_schedule",
                "DoctorName": "Dr. Johnson",
                "Message": "Your appointment has been successfuly scheduled.",
                "Time": "5 am"
            },
            "UnixTime": 1589839719
        },
        {
            "APIName": "doctor_schedule",
            "Action": "return_item",
            "Agent": "KnowledgeBase",
            "Item": {
                "APIName": "doctor_schedule",
                "DoctorName": "Dr. Johnson",
                "Message": "Your appointment has been successfuly scheduled.",
                "Time": "5 am"
            },
            "TotalItems": -1,
            "PredictedBeliefState": {
                "Symptoms": "vaccination",
                "PatientName": "alexis",
                "Name": "dr. johnson",
                "StartTimeHour": "5 am",
                "Day": "friday"
            },
            "ActionLabel": [
                "db_doctor_inform_booking_successful"
            ]
        },
        {
            "Action": "request_suggestions",
            "Agent": "Wizard",
            "PrimaryItem": {
                "APIName": "doctor_schedule",
                "DoctorName": "Dr. Johnson",
                "Message": "Your appointment has been successfuly scheduled.",
                "Time": "5 am"
            },
            "Text": "yes",
            "UnixTime": 1589839721
        },
        {
            "Action": "request_suggestions",
            "Agent": "Wizard",
            "PrimaryItem": {
                "APIName": "doctor_schedule",
                "DoctorName": "Dr. Johnson",
                "Message": "Your appointment has been successfuly scheduled.",
                "Time": "5 am"
            },
            "Text": "your sons appointment has been booked",
            "UnixTime": 1589839730
        },
        {
            "Action": "pick_suggestion",
            "ActionLabel": "doctor_inform_booking_successful",
            "ActionLabelOptions": [
                "doctor_inform_booking_successful",
                "doctor_ask_doctor_name",
                "out_of_scope"
            ],
            "Agent": "Wizard",
            "PrimaryItem": {
                "APIName": "doctor_schedule",
                "DoctorName": "Dr. Johnson",
                "Message": "Your appointment has been successfuly scheduled.",
                "Time": "5 am"
            },
            "Text": "Great, your appointment with Dr. Johnson is booked for you!",
            "UnixTime": 1589839733
        },
        {
            "Action": "utter",
            "Agent": "User",
            "Text": "Ok, so do my son and i both have an appointment?",
            "UnixTime": 1589839758,
            "PredictedBeliefState": {
                "StartTimeHour": "5 am",
                "PatientName": "alexis",
                "Day": "friday",
                "Symptoms": "cough, sore throat, vaccination for son ben",
                "Name": "dr. johnson"
            },
            "ActionLabel": [
                "user_bad_label"
            ]
        },
        {
            "Action": "request_suggestions",
            "Agent": "Wizard",
            "PrimaryItem": {
                "APIName": "doctor_schedule",
                "DoctorName": "Dr. Johnson",
                "Message": "Your appointment has been successfuly scheduled.",
                "Time": "5 am"
            },
            "Text": "yes",
            "UnixTime": 1589839765
        },
        {
            "Action": "utter",
            "Agent": "Wizard",
            "PrimaryItem": {
                "APIName": "doctor_schedule",
                "DoctorName": "Dr. Johnson",
                "Message": "Your appointment has been successfuly scheduled.",
                "Time": "5 am"
            },
            "Text": "you both have appointments",
            "UnixTime": 1589839770
        },
        {
            "Action": "utter",
            "Agent": "User",
            "Text": "great, thanks. have a good day",
            "UnixTime": 1589839789,
            "PredictedBeliefState": {
                "Symptoms": "cough, sore throat, vaccination for son ben",
                "Day": "friday",
                "PatientName": "alexis",
                "Name": "dr. johnson",
                "StartTimeHour": "5 am"
            },
            "ActionLabel": [
                "user_doctor_schedule_goodbye"
            ]
        },
        {
            "Action": "request_suggestions",
            "Agent": "Wizard",
            "PrimaryItem": {
                "APIName": "doctor_schedule",
                "DoctorName": "Dr. Johnson",
                "Message": "Your appointment has been successfuly scheduled.",
                "Time": "5 am"
            },
            "Text": "bye",
            "UnixTime": 1589839795
        },
        {
            "Action": "pick_suggestion",
            "ActionLabel": "goodbye_1",
            "ActionLabelOptions": [
                "goodbye_1",
                "doctor_ask_end_time",
                "out_of_scope"
            ],
            "Agent": "Wizard",
            "PrimaryItem": {
                "APIName": "doctor_schedule",
                "DoctorName": "Dr. Johnson",
                "Message": "Your appointment has been successfuly scheduled.",
                "Time": "5 am"
            },
            "Text": "Thank you and goodbye.",
            "UnixTime": 1589839797
        },
        {
            "Action": "complete",
            "Agent": "User",
            "UnixTime": 1589839803
        }
    ],
    "FORMAT-VERSION": 7,
    "IntroducesConflicts": false,
    "Scenario": {
        "Domains": [
            "doctor"
        ],
        "Happy": false,
        "MultiTask": false,
        "UserTask": "You are Alexis and would like to make an appointment with Dr. Johnson for today (Friday). You have had a cough and a sore throat,  for two days now.",
        "WizardCapabilities": [
            {
                "Domain": "doctor",
                "SchemaImage": "doctor_schedule.jpg",
                "Task": "doctor_schedule"
            }
        ],
        "WizardTask": "Follow the flow charts and help the user. Some facts you should be aware of: \n\n* Right now it is Friday, 3 pm"
    },
    "UserQuestionnaire": [
        {
            "Answer": true,
            "Question": "Did the assistant stay calm and helpful throughout the dialogue?"
        }
    ],
    "WizardQuestionnaire": [
        {
            "Answer": false,
            "Question": "Did the user change his/her mind about what he/she wants at any time?"
        },
        {
            "Answer": false,
            "Question": "Did the user become aggressive or annoyed during the dialogue? (Note: some users may be instructed to be annoying.)"
        },
        {
            "Answer": false,
            "Question": "Where you unsure about what to do at any time? (Feel free to send us an email with details.)"
        }
    ]
}