{
    "AnonymizedUserWorkerID": "73cd3146-78b3-8662-261e-62d39ac21292",
    "AnonymizedWizardWorkerID": "9cfed8ec-54a9-f0f7-8327-15f6470d4a6c",
    "BatchID": "woz_1589820124",
    "CompletionLevel": "EarlyDisconnectDuringDialogue",
    "DialogueID": 2503,
    "Events": [
        {
            "Action": "instruct",
            "Agent": "UserGuide",
            "Text": "Say hello to the AI assistant and ask for help (see instructions on the left). [instruction 1 of 6]",
            "UnixTime": 1589838924
        },
        {
            "Action": "utter",
            "Agent": "User",
            "Text": "Hi. I am Alexis and would like to make an appointment with Dr. Alexis for today ",
            "UnixTime": 1589838988,
            "PredictedBeliefState": {
                "PatientName": "alexis",
                "Day": "thursday",
                "Name": "dr. alexis"
            },
            "ActionLabel": [
                "user_doctor_schedule_inform_name",
                "user_doctor_schedule_inform_day",
                "user_doctor_schedule_inform_doctor_name",
                "user_doctor_schedule_ask_schedule"
            ]
        },
        {
            "Action": "instruct",
            "Agent": "UserGuide",
            "Text": "Try to get an appointment as soon as possible (right now it is 8 pm on Thursday). [instruction 2 of 6]",
            "UnixTime": 1589838988
        },
        {
            "Action": "request_suggestions",
            "Agent": "Wizard",
            "Text": "Symptoms ",
            "UnixTime": 1589839024
        },
        {
            "Action": "pick_suggestion",
            "ActionLabel": "doctor_ask_symptoms",
            "ActionLabelOptions": [
                "doctor_ask_symptoms",
                "doctor_ask_doctor_name",
                "doctor_inform_nothing_found"
            ],
            "Agent": "Wizard",
            "Text": "Could you describe your symptoms, please?",
            "UnixTime": 1589839027
        },
        {
            "Action": "utter",
            "Agent": "User",
            "Text": " a runny nose, sneezing, and a general lack of energy for two days now.",
            "UnixTime": 1589839051,
            "PredictedBeliefState": {
                "Name": "dr. alexis",
                "PatientName": "alexis",
                "Symptoms": "runny nose, sneezing, and a general lack of energy for two days now.",
                "Day": "thursday"
            },
            "ActionLabel": [
                "user_doctor_schedule_inform_symptoms"
            ]
        },
        {
            "Action": "instruct",
            "Agent": "UserGuide",
            "Text": "Keep asking for other times until the assistant has found a slot for you. Engage in smalltalk once this is done. [instruction 3 of 6]",
            "UnixTime": 1589839051
        },
        {
            "APIName": "doctor_schedule",
            "Action": "query",
            "Agent": "Wizard",
            "Constraints": [
                {
                    "Name": "api.is_equal_to(\"Dr. Johnson\")"
                },
                {
                    "PatientName": "\"Alexis \""
                },
                {
                    "Day": "\"Thursday\""
                },
                {
                    "StartTimeHour": "\"8 pm\""
                },
                {
                    "Symptoms": "\"  a runny nose, sneezing, and a general lack of energy for two days now\""
                },
                {
                    "RequestType": "\"Check\""
                }
            ],
            "UnixTime": 1589839071
        },
        {
            "APIName": "doctor_schedule",
            "Action": "return_item",
            "Agent": "KnowledgeBase",
            "Item": {
                "APIName": "doctor_schedule",
                "DoctorName": "Dr. Johnson",
                "Message": "The doctor has a conflicting appointment at that time. Try another time or another doctor.",
                "Time": "8 pm"
            },
            "TotalItems": -1,
            "PredictedBeliefState": {
                "Name": "dr. alexis",
                "PatientName": "alexis",
                "Symptoms": "runny nose, sneezing, and a general lack of energy for two days now.",
                "Day": "thursday"
            },
            "ActionLabel": [
                "result_bad_label"
            ]
        }
    ],
    "FORMAT-VERSION": 7,
    "IntroducesConflicts": false,
    "Scenario": {
        "Domains": [
            "doctor"
        ],
        "Happy": false,
        "MultiTask": false,
        "UserTask": "You are Alexis and would like to make an appointment with Dr. Alexis for today (Thursday). You have had a runny nose, sneezing, and a general lack of energy for two days now.",
        "WizardCapabilities": [
            {
                "Domain": "doctor",
                "SchemaImage": "doctor_schedule.jpg",
                "Task": "doctor_schedule"
            }
        ],
        "WizardTask": "Follow the flow charts and help the user. Some facts you should be aware of: \n\n* Right now it is Thursday, 8 pm"
    },
    "UserQuestionnaire": [],
    "WizardQuestionnaire": []
}