{
    "AnonymizedUserWorkerID": "3edcce52-bbdf-48d8-3d95-d45dad2e0182",
    "AnonymizedWizardWorkerID": "239936e4-190b-4d6e-8038-57290b8802d4",
    "BatchID": "woz_1589820124",
    "CompletionLevel": "Complete",
    "DialogueID": 2518,
    "Events": [
        {
            "Action": "instruct",
            "Agent": "UserGuide",
            "Text": "Your task is written on the left panel. [instruction 1 of 4]",
            "UnixTime": 1589827696
        },
        {
            "Action": "utter",
            "Agent": "User",
            "Text": " i want to play trivia starting at question four",
            "UnixTime": 1589827723,
            "PredictedBeliefState": {
                "QuestionNum": "4"
            },
            "ActionLabel": [
                "user_trivia_inform_question_number",
                "user_bad_label"
            ]
        },
        {
            "APIName": "trivia",
            "Action": "query",
            "Agent": "Wizard",
            "Constraints": [
                {
                    "QuestionNum": "4"
                }
            ],
            "UnixTime": 1589827794
        },
        {
            "APIName": "trivia",
            "Action": "return_item",
            "Agent": "KnowledgeBase",
            "Item": {
                "APIName": "trivia",
                "Answer": "poem",
                "Question": "A ____ written to celebrate a wedding is called a epithalamium"
            },
            "TotalItems": -1,
            "PredictedBeliefState": {
                "QuestionNum": "4"
            },
            "ActionLabel": [
                "db_inform_question"
            ]
        },
        {
            "Action": "request_suggestions",
            "Agent": "Wizard",
            "PrimaryItem": {
                "APIName": "trivia",
                "Answer": "poem",
                "Question": "A ____ written to celebrate a wedding is called a epithalamium"
            },
            "Text": "A written",
            "UnixTime": 1589827804
        },
        {
            "Action": "pick_suggestion",
            "ActionLabel": "trivia_ask_question",
            "ActionLabelOptions": [
                "trivia_ask_question",
                "trivia_inform_answer_2_ask_next",
                "out_of_scope"
            ],
            "Agent": "Wizard",
            "PrimaryItem": {
                "APIName": "trivia",
                "Answer": "poem",
                "Question": "A ____ written to celebrate a wedding is called a epithalamium"
            },
            "Text": "A ____ written to celebrate a wedding is called a epithalamium",
            "UnixTime": 1589827806
        },
        {
            "Action": "utter",
            "Agent": "User",
            "Text": "poem",
            "UnixTime": 1589827827,
            "PredictedBeliefState": {
                "QuestionNum": "4"
            },
            "ActionLabel": [
                "user_trivia_answer"
            ]
        },
        {
            "Action": "instruct",
            "Agent": "UserGuide",
            "Text": "Engage in some smalltalk. [instruction 2 of 4]",
            "UnixTime": 1589827827
        },
        {
            "Action": "request_suggestions",
            "Agent": "Wizard",
            "PrimaryItem": {
                "APIName": "trivia",
                "Answer": "poem",
                "Question": "A ____ written to celebrate a wedding is called a epithalamium"
            },
            "Text": "correct",
            "UnixTime": 1589827843
        },
        {
            "Action": "pick_suggestion",
            "ActionLabel": "trivia_inform_answer_correct_ask_next",
            "ActionLabelOptions": [
                "trivia_inform_answer_correct_ask_next",
                "out_of_scope",
                "trivia_inform_answer_incorrect_ask_next"
            ],
            "Agent": "Wizard",
            "PrimaryItem": {
                "APIName": "trivia",
                "Answer": "poem",
                "Question": "A ____ written to celebrate a wedding is called a epithalamium"
            },
            "Text": "Your answer was correct! Great job! Would you like to continue playing?",
            "UnixTime": 1589827845
        },
        {
            "Action": "utter",
            "Agent": "User",
            "Text": "hows the weather where you are?",
            "UnixTime": 1589827858,
            "PredictedBeliefState": {
                "QuestionNum": "4"
            },
            "ActionLabel": [
                "user_bad_label"
            ]
        },
        {
            "Action": "request_suggestions",
            "Agent": "Wizard",
            "PrimaryItem": {
                "APIName": "trivia",
                "Answer": "poem",
                "Question": "A ____ written to celebrate a wedding is called a epithalamium"
            },
            "Text": "would you like to keep playing",
            "UnixTime": 1589827906
        },
        {
            "Action": "pick_suggestion",
            "ActionLabel": "trivia_ask_question_number",
            "ActionLabelOptions": [
                "trivia_inform_answer_incorrect_ask_next",
                "trivia_ask_question_number",
                "anything_else"
            ],
            "Agent": "Wizard",
            "PrimaryItem": {
                "APIName": "trivia",
                "Answer": "poem",
                "Question": "A ____ written to celebrate a wedding is called a epithalamium"
            },
            "Text": "At what question would you like to start?",
            "UnixTime": 1589827911
        },
        {
            "Action": "utter",
            "Agent": "User",
            "Text": "8",
            "UnixTime": 1589827919,
            "PredictedBeliefState": {
                "QuestionNum": "8"
            },
            "ActionLabel": [
                "user_trivia_inform_question_number",
                "user_trivia_ask_trivia"
            ]
        },
        {
            "Action": "instruct",
            "Agent": "UserGuide",
            "Text": "Say something about the questions. [instruction 3 of 4]",
            "UnixTime": 1589827919
        },
        {
            "APIName": "trivia",
            "Action": "query",
            "Agent": "Wizard",
            "Constraints": [
                {
                    "QuestionNum": "8"
                }
            ],
            "PrimaryItem": {
                "APIName": "trivia",
                "Answer": "poem",
                "Question": "A ____ written to celebrate a wedding is called a epithalamium"
            },
            "UnixTime": 1589827945
        },
        {
            "APIName": "trivia",
            "Action": "return_item",
            "Agent": "KnowledgeBase",
            "Item": {
                "APIName": "trivia",
                "Answer": "two in the bush",
                "Question": "A bird in the hand is worth ____"
            },
            "TotalItems": -1,
            "PredictedBeliefState": {
                "QuestionNum": "8"
            },
            "ActionLabel": [
                "db_inform_question"
            ]
        },
        {
            "Action": "request_suggestions",
            "Agent": "Wizard",
            "PrimaryItem": {
                "APIName": "trivia",
                "Answer": "two in the bush",
                "Question": "A bird in the hand is worth ____"
            },
            "Text": "a bird in the hand is worth",
            "UnixTime": 1589827954
        },
        {
            "Action": "pick_suggestion",
            "ActionLabel": "trivia_ask_question",
            "ActionLabelOptions": [
                "trivia_ask_question",
                "trivia_inform_answer_2_ask_next",
                "trivia_bye"
            ],
            "Agent": "Wizard",
            "PrimaryItem": {
                "APIName": "trivia",
                "Answer": "two in the bush",
                "Question": "A bird in the hand is worth ____"
            },
            "Text": "A bird in the hand is worth ____",
            "UnixTime": 1589827957
        },
        {
            "Action": "utter",
            "Agent": "User",
            "Text": "two in the bush. These are hard!!",
            "UnixTime": 1589827969,
            "PredictedBeliefState": {
                "QuestionNum": "8"
            },
            "ActionLabel": [
                "user_trivia_answer"
            ]
        },
        {
            "Action": "instruct",
            "Agent": "UserGuide",
            "Text": "Ok, just keep going until you've completed your task (see left panel). [instruction 4 of 4]",
            "UnixTime": 1589827969
        },
        {
            "Action": "request_suggestions",
            "Agent": "Wizard",
            "PrimaryItem": {
                "APIName": "trivia",
                "Answer": "two in the bush",
                "Question": "A bird in the hand is worth ____"
            },
            "Text": "correct",
            "UnixTime": 1589827977
        },
        {
            "Action": "pick_suggestion",
            "ActionLabel": "trivia_inform_answer_correct_ask_next",
            "ActionLabelOptions": [
                "trivia_inform_answer_correct_ask_next",
                "out_of_scope",
                "trivia_inform_answer_incorrect_ask_next"
            ],
            "Agent": "Wizard",
            "PrimaryItem": {
                "APIName": "trivia",
                "Answer": "two in the bush",
                "Question": "A bird in the hand is worth ____"
            },
            "Text": "Your answer was correct! Great job! Would you like to continue playing?",
            "UnixTime": 1589827979
        },
        {
            "Action": "utter",
            "Agent": "User",
            "Text": "question 11 please!",
            "UnixTime": 1589827996,
            "PredictedBeliefState": {
                "QuestionNum": "11"
            },
            "ActionLabel": [
                "user_trivia_inform_question_number",
                "user_trivia_next_question"
            ]
        },
        {
            "APIName": "trivia",
            "Action": "query",
            "Agent": "Wizard",
            "Constraints": [
                {
                    "QuestionNum": "11"
                }
            ],
            "PrimaryItem": {
                "APIName": "trivia",
                "Answer": "two in the bush",
                "Question": "A bird in the hand is worth ____"
            },
            "UnixTime": 1589828003
        },
        {
            "APIName": "trivia",
            "Action": "return_item",
            "Agent": "KnowledgeBase",
            "Item": {
                "APIName": "trivia",
                "Answer": "bodkin",
                "Question": "A blunt thick needle for sewing with thick thread or tape"
            },
            "TotalItems": -1,
            "PredictedBeliefState": {
                "QuestionNum": "11"
            },
            "ActionLabel": [
                "db_inform_question"
            ]
        },
        {
            "Action": "request_suggestions",
            "Agent": "Wizard",
            "PrimaryItem": {
                "APIName": "trivia",
                "Answer": "bodkin",
                "Question": "A blunt thick needle for sewing with thick thread or tape"
            },
            "Text": "a blunt thick needle",
            "UnixTime": 1589828017
        },
        {
            "Action": "pick_suggestion",
            "ActionLabel": "trivia_ask_question",
            "ActionLabelOptions": [
                "trivia_ask_question",
                "hello",
                "trivia_bye"
            ],
            "Agent": "Wizard",
            "PrimaryItem": {
                "APIName": "trivia",
                "Answer": "bodkin",
                "Question": "A blunt thick needle for sewing with thick thread or tape"
            },
            "Text": "A blunt thick needle for sewing with thick thread or tape",
            "UnixTime": 1589828019
        },
        {
            "Action": "utter",
            "Agent": "User",
            "Text": "canton?",
            "UnixTime": 1589828032,
            "PredictedBeliefState": {
                "QuestionNum": "11"
            },
            "ActionLabel": [
                "user_trivia_answer"
            ]
        },
        {
            "Action": "request_suggestions",
            "Agent": "Wizard",
            "PrimaryItem": {
                "APIName": "trivia",
                "Answer": "bodkin",
                "Question": "A blunt thick needle for sewing with thick thread or tape"
            },
            "Text": "incorrect",
            "UnixTime": 1589828060
        },
        {
            "Action": "pick_suggestion",
            "ActionLabel": "trivia_inform_answer_incorrect_ask_next",
            "ActionLabelOptions": [
                "trivia_inform_answer_incorrect_ask_next",
                "trivia_bye",
                "trivia_ask_question"
            ],
            "Agent": "Wizard",
            "PrimaryItem": {
                "APIName": "trivia",
                "Answer": "bodkin",
                "Question": "A blunt thick needle for sewing with thick thread or tape"
            },
            "Text": "Unfortunately your answer was wrong. 'bodkin' would have been correct.\nWould you like to continue playing?",
            "UnixTime": 1589828063
        },
        {
            "Action": "utter",
            "Agent": "User",
            "Text": "sure one more ",
            "UnixTime": 1589828071,
            "PredictedBeliefState": {
                "QuestionNum": "11"
            },
            "ActionLabel": [
                "user_trivia_next_question"
            ]
        },
        {
            "APIName": "trivia",
            "Action": "query",
            "Agent": "Wizard",
            "Constraints": [
                {
                    "QuestionNum": "1"
                }
            ],
            "PrimaryItem": {
                "APIName": "trivia",
                "Answer": "bodkin",
                "Question": "A blunt thick needle for sewing with thick thread or tape"
            },
            "UnixTime": 1589828093
        },
        {
            "APIName": "trivia",
            "Action": "return_item",
            "Agent": "KnowledgeBase",
            "Item": {
                "APIName": "trivia",
                "Answer": "cesium",
                "Question": "A ____ atom in an atomic clock beats 9,192,631,770 times a second"
            },
            "TotalItems": -1,
            "PredictedBeliefState": {
                "QuestionNum": "11"
            },
            "ActionLabel": [
                "db_inform_question"
            ]
        },
        {
            "Action": "request_suggestions",
            "Agent": "Wizard",
            "PrimaryItem": {
                "APIName": "trivia",
                "Answer": "cesium",
                "Question": "A ____ atom in an atomic clock beats 9,192,631,770 times a second"
            },
            "Text": "a atom",
            "UnixTime": 1589828106
        },
        {
            "Action": "pick_suggestion",
            "ActionLabel": "trivia_ask_question",
            "ActionLabelOptions": [
                "trivia_ask_question",
                "trivia_inform_answer_2_ask_next",
                "hello"
            ],
            "Agent": "Wizard",
            "PrimaryItem": {
                "APIName": "trivia",
                "Answer": "cesium",
                "Question": "A ____ atom in an atomic clock beats 9,192,631,770 times a second"
            },
            "Text": "A ____ atom in an atomic clock beats 9,192,631,770 times a second",
            "UnixTime": 1589828109
        },
        {
            "Action": "utter",
            "Agent": "User",
            "Text": "i dont know!",
            "UnixTime": 1589828125,
            "PredictedBeliefState": {
                "QuestionNum": "11"
            },
            "ActionLabel": [
                "user_trivia_answer"
            ]
        },
        {
            "Action": "request_suggestions",
            "Agent": "Wizard",
            "PrimaryItem": {
                "APIName": "trivia",
                "Answer": "cesium",
                "Question": "A ____ atom in an atomic clock beats 9,192,631,770 times a second"
            },
            "Text": "incorrect",
            "UnixTime": 1589828134
        },
        {
            "Action": "pick_suggestion",
            "ActionLabel": "trivia_inform_answer_incorrect_ask_next",
            "ActionLabelOptions": [
                "trivia_inform_answer_incorrect_ask_next",
                "trivia_bye",
                "trivia_ask_question"
            ],
            "Agent": "Wizard",
            "PrimaryItem": {
                "APIName": "trivia",
                "Answer": "cesium",
                "Question": "A ____ atom in an atomic clock beats 9,192,631,770 times a second"
            },
            "Text": "Unfortunately your answer was wrong. 'cesium' would have been correct.\nWould you like to continue playing?",
            "UnixTime": 1589828136
        },
        {
            "Action": "utter",
            "Agent": "User",
            "Text": "nope, i'm done!",
            "UnixTime": 1589828141,
            "PredictedBeliefState": {
                "QuestionNum": "11"
            },
            "ActionLabel": [
                "user_bad_label"
            ]
        },
        {
            "Action": "request_suggestions",
            "Agent": "Wizard",
            "PrimaryItem": {
                "APIName": "trivia",
                "Answer": "cesium",
                "Question": "A ____ atom in an atomic clock beats 9,192,631,770 times a second"
            },
            "Text": "final score is 2/2",
            "UnixTime": 1589828165
        },
        {
            "Action": "utter",
            "Agent": "Wizard",
            "PrimaryItem": {
                "APIName": "trivia",
                "Answer": "cesium",
                "Question": "A ____ atom in an atomic clock beats 9,192,631,770 times a second"
            },
            "Text": "final score is 2/2",
            "UnixTime": 1589828177
        },
        {
            "Action": "utter",
            "Agent": "User",
            "Text": "thank you  have a good day",
            "UnixTime": 1589828198,
            "PredictedBeliefState": {
                "QuestionNum": "11"
            },
            "ActionLabel": [
                "user_trivia_goodbye"
            ]
        },
        {
            "Action": "request_suggestions",
            "Agent": "Wizard",
            "PrimaryItem": {
                "APIName": "trivia",
                "Answer": "cesium",
                "Question": "A ____ atom in an atomic clock beats 9,192,631,770 times a second"
            },
            "Text": "goodbye",
            "UnixTime": 1589828267
        },
        {
            "Action": "pick_suggestion",
            "ActionLabel": "trivia_bye",
            "ActionLabelOptions": [
                "trivia_bye",
                "trivia_inform_nothing_found",
                "anything_else"
            ],
            "Agent": "Wizard",
            "PrimaryItem": {
                "APIName": "trivia",
                "Answer": "cesium",
                "Question": "A ____ atom in an atomic clock beats 9,192,631,770 times a second"
            },
            "Text": "Nice playing with you, bye!",
            "UnixTime": 1589828270
        },
        {
            "Action": "complete",
            "Agent": "User",
            "UnixTime": 1589828382
        }
    ],
    "FORMAT-VERSION": 7,
    "IntroducesConflicts": false,
    "Scenario": {
        "Domains": [
            "trivia"
        ],
        "Happy": false,
        "MultiTask": false,
        "UserTask": "You would like to play a game of trivia. You've already answered some of the questions, so you should start from question 4 and play 4 questions. You have answers for the following questions: (8) two in the bush, (2) canton, (11) bodkin. For the rest, try your best!",
        "WizardCapabilities": [
            {
                "Domain": "trivia",
                "SchemaImage": "trivia.jpg",
                "Task": "trivia"
            }
        ],
        "WizardTask": "Let the user play a trivia game. Query for and ask the questions until the user wants to stop."
    },
    "UserQuestionnaire": [
        {
            "Answer": true,
            "Question": "Did the AI Assistant succesfully run the trivia quiz?"
        },
        {
            "Answer": true,
            "Question": "Did the AI Assistant stay calm and helpful throughout the dialogue?"
        }
    ],
    "WizardQuestionnaire": [
        {
            "Answer": false,
            "Question": "Did the user change his/her mind about what he/she wants at any time?"
        },
        {
            "Answer": false,
            "Question": "Did the user become aggressive or annoyed during the dialogue? (Note: some users may be instructed to be annoying.)"
        },
        {
            "Answer": false,
            "Question": "Where you unsure about what to do at any time? (Feel free to send us an email with details.)"
        }
    ]
}