{
  "AnonymizedUserWorkerID": "06e6755f-be58-d1ca-998c-b87e3a0d8c19",
  "AnonymizedWizardWorkerID": "3a5ea463-ded5-1b72-cab6-2e2ea04d6cf7",
  "BatchID": "woz_1589458635",
  "CompletionLevel": "EarlyDisconnectDuringDialogue",
  "DialogueID": 257,
  "Events": [],
  "FORMAT-VERSION": 7,
  "IntroducesConflicts": false,
  "Scenario": {
    "Domains": [
      "ride"
    ],
    "Happy": false,
    "MultiTask": false,
    "UserTask": "You are Angela and would like to travel to University from Forbes and Murray (in a Honda car if possible). Please provide one piece of information at a time.",
    "WizardCapabilities": [
      {
        "Domain": "ride",
        "SchemaImage": "ride_book.jpg",
        "Task": "ride_book"
      }
    ],
    "WizardTask": "Help the user book a ride. (You can find the video tutorial under https://youtu.be/USrWF1ZyNWw, in case you want to watch it again.)"
  },
  "UserQuestionnaire": [],
  "WizardQuestionnaire": []
}