{
    "AnonymizedUserWorkerID": "73cd3146-78b3-8662-261e-62d39ac21292",
    "AnonymizedWizardWorkerID": "cd977bea-cf5f-e55d-dd23-dcad7db29be1",
    "BatchID": "woz_1589820124",
    "CompletionLevel": "Complete",
    "DialogueID": 2603,
    "Events": [
        {
            "Action": "instruct",
            "Agent": "UserGuide",
            "Text": "You have lost your debit card and before you could cancel it, somebody withdrew $300 at an ATM. Quickly you contact the bank-system's AI assistant. Perhaps it can help? [instruction 1 of 5]",
            "UnixTime": 1589842977
        },
        {
            "Action": "utter",
            "Agent": "User",
            "Text": "Please help me. I have lost my debit card and somebody withdraw $300at an ATM",
            "UnixTime": 1589843099,
            "PredictedBeliefState": {
                "FraudReport": "stolen money"
            },
            "ActionLabel": [
                "user_bank_inform_fraud_details",
                "user_bank_ask_fraud"
            ]
        },
        {
            "Action": "instruct",
            "Agent": "UserGuide",
            "Text": "You are John Smith. Your PIN is 9503, but you forgot your account number. (You might need your childhood pet's name for the security questions: Poppy.) [instruction 2 of 5]",
            "UnixTime": 1589843099
        },
        {
            "Action": "request_suggestions",
            "Agent": "Wizard",
            "Text": "name please",
            "UnixTime": 1589843116
        },
        {
            "Action": "pick_suggestion",
            "ActionLabel": "ask_name",
            "ActionLabelOptions": [
                "ask_name",
                "anything_else",
                "hello"
            ],
            "Agent": "Wizard",
            "Text": "Could I get your full name, please?",
            "UnixTime": 1589843118
        },
        {
            "Action": "utter",
            "Agent": "User",
            "Text": "John Smith.",
            "UnixTime": 1589843153,
            "PredictedBeliefState": {
                "FraudReport": "stolen money",
                "FullName": "john smith"
            },
            "ActionLabel": [
                "user_bank_inform_name"
            ]
        },
        {
            "Action": "request_suggestions",
            "Agent": "Wizard",
            "Text": "Account number",
            "UnixTime": 1589843183
        },
        {
            "Action": "pick_suggestion",
            "ActionLabel": "bank_ask_account_number",
            "ActionLabelOptions": [
                "bank_ask_account_number",
                "bank_inform_cannot_authenticate",
                "out_of_scope"
            ],
            "Agent": "Wizard",
            "Text": "Can you tell me your account number, please?",
            "UnixTime": 1589843185
        },
        {
            "Action": "utter",
            "Agent": "User",
            "Text": "I can not remember the account number but my pin is 9503",
            "UnixTime": 1589843218,
            "PredictedBeliefState": {
                "AccountNumber": "forgot",
                "PIN": "9503",
                "FraudReport": "stolen money",
                "FullName": "john smith"
            },
            "ActionLabel": [
                "user_bank_forgot_account_number",
                "user_bank_inform_pin"
            ]
        },
        {
            "Action": "instruct",
            "Agent": "UserGuide",
            "Text": "You forget what you are doing (imagine you're 93 years old and have some mental condition). [instruction 3 of 5]",
            "UnixTime": 1589843218
        },
        {
            "Action": "request_suggestions",
            "Agent": "Wizard",
            "Text": "Then we need to ask your security question. What was your mother's maiden name?",
            "UnixTime": 1589843263
        },
        {
            "Action": "utter",
            "Agent": "Wizard",
            "Text": "Then we need to ask your security question. What was your mother's maiden name?",
            "UnixTime": 1589843268
        },
        {
            "Action": "utter",
            "Agent": "User",
            "Text": "I am not sure what I am doing. I tend to forget a lot these days. I am growing old",
            "UnixTime": 1589843339,
            "PredictedBeliefState": {
                "FullName": "john smith",
                "AccountNumber": "forgot",
                "FraudReport": "stolen money",
                "PIN": "9503"
            },
            "ActionLabel": []
        },
        {
            "Action": "instruct",
            "Agent": "UserGuide",
            "Text": "Keep this conversation going for a bit - you can be creative! [instruction 4 of 5]",
            "UnixTime": 1589843339
        },
        {
            "Action": "request_suggestions",
            "Agent": "Wizard",
            "Text": "Oh no! can you remember it? We need it to access your account. ",
            "UnixTime": 1589843405
        },
        {
            "Action": "pick_suggestion",
            "ActionLabel": "bank_inform_cannot_authenticate",
            "ActionLabelOptions": [
                "bank_ask_account_number",
                "bank_inform_cannot_authenticate",
                "bank_ask_fraud_details"
            ],
            "Agent": "Wizard",
            "Text": "I am sorry, but I cannot authenticate you with the information you have provided.",
            "UnixTime": 1589843409
        },
        {
            "Action": "utter",
            "Agent": "User",
            "Text": "Do you need my childhood pet name?",
            "UnixTime": 1589843436,
            "PredictedBeliefState": {
                "FraudReport": "stolen money",
                "AccountNumber": "forgot",
                "PIN": "9503",
                "FullName": "john smith"
            },
            "ActionLabel": [
                "user_bad_label"
            ]
        },
        {
            "Action": "request_suggestions",
            "Agent": "Wizard",
            "Text": "we can try",
            "UnixTime": 1589843458
        },
        {
            "Action": "utter",
            "Agent": "Wizard",
            "Text": "we can try. Can you remember it?",
            "UnixTime": 1589843471
        },
        {
            "Action": "utter",
            "Agent": "User",
            "Text": "Poppy",
            "UnixTime": 1589843488,
            "PredictedBeliefState": {
                "SecurityAnswer1": "forgot",
                "FullName": "john smith",
                "FraudReport": "stolen money",
                "PIN": "9503",
                "AccountNumber": "forgot",
                "SecurityAnswer2": "poppy"
            },
            "ActionLabel": [
                "user_bank_forgot_mothers_maiden_name",
                "user_bank_inform_childhood_pets_name",
                "user_bad_label"
            ]
        },
        {
            "APIName": "bank_fraud_report",
            "Action": "query",
            "Agent": "Wizard",
            "Constraints": [
                {
                    "FraudReport": "\"lost his  debit card and somebody withdraw $300 at an ATM\""
                },
                {
                    "FullName": "\"John Smith\""
                },
                {
                    "PIN": "9503"
                },
                {
                    "SecurityAnswer1": "\"Poppy\""
                }
            ],
            "UnixTime": 1589843509
        },
        {
            "APIName": "bank_fraud_report",
            "Action": "return_item",
            "Agent": "KnowledgeBase",
            "Item": {
                "APIName": "bank_fraud_report",
                "Message": "You must provide either AccountNumber/FullName/PIN or FullName/DateOfBirth/SecurityAnswer1/SecurityAnswer2. We cannot authenticate the user otherwise."
            },
            "TotalItems": -1,
            "PredictedBeliefState": {
                "SecurityAnswer1": "forgot",
                "FullName": "john smith",
                "FraudReport": "stolen money",
                "PIN": "9503",
                "AccountNumber": "forgot",
                "SecurityAnswer2": "poppy"
            },
            "ActionLabel": [
                "result_bad_label"
            ]
        },
        {
            "Action": "request_suggestions",
            "Agent": "Wizard",
            "PrimaryItem": {
                "APIName": "bank_fraud_report",
                "Message": "You must provide either AccountNumber/FullName/PIN or FullName/DateOfBirth/SecurityAnswer1/SecurityAnswer2. We cannot authenticate the user otherwise."
            },
            "Text": "date of birth",
            "UnixTime": 1589843515
        },
        {
            "Action": "pick_suggestion",
            "ActionLabel": "bank_ask_dob",
            "ActionLabelOptions": [
                "bank_ask_dob",
                "bank_inform_cannot_authenticate",
                "goodbye_1"
            ],
            "Agent": "Wizard",
            "PrimaryItem": {
                "APIName": "bank_fraud_report",
                "Message": "You must provide either AccountNumber/FullName/PIN or FullName/DateOfBirth/SecurityAnswer1/SecurityAnswer2. We cannot authenticate the user otherwise."
            },
            "Text": "Could you provide your date of birth, please?",
            "UnixTime": 1589843517
        },
        {
            "Action": "utter",
            "Agent": "User",
            "Text": "That will be too much for me to remember. Try with the information I gave please",
            "UnixTime": 1589843563,
            "PredictedBeliefState": {
                "FraudReport": "stolen money",
                "PIN": "9503",
                "FullName": "john smith",
                "SecurityAnswer2": "poppy",
                "AccountNumber": "forgot",
                "SecurityAnswer1": "forgot"
            },
            "ActionLabel": []
        },
        {
            "APIName": "bank_fraud_report",
            "Action": "query",
            "Agent": "Wizard",
            "Constraints": [
                {
                    "FraudReport": "\"lost his  debit card and somebody withdraw $300 at an ATM\""
                },
                {
                    "FullName": "\"John Smith\""
                },
                {
                    "PIN": "9503"
                },
                {
                    "SecurityAnswer1": "\"Poppy\""
                }
            ],
            "PrimaryItem": {
                "APIName": "bank_fraud_report",
                "Message": "You must provide either AccountNumber/FullName/PIN or FullName/DateOfBirth/SecurityAnswer1/SecurityAnswer2. We cannot authenticate the user otherwise."
            },
            "UnixTime": 1589843589
        },
        {
            "APIName": "bank_fraud_report",
            "Action": "return_item",
            "Agent": "KnowledgeBase",
            "Item": {
                "APIName": "bank_fraud_report",
                "Message": "You must provide either AccountNumber/FullName/PIN or FullName/DateOfBirth/SecurityAnswer1/SecurityAnswer2. We cannot authenticate the user otherwise."
            },
            "TotalItems": -1,
            "PredictedBeliefState": {
                "FraudReport": "stolen money",
                "PIN": "9503",
                "FullName": "john smith",
                "SecurityAnswer2": "poppy",
                "AccountNumber": "forgot",
                "SecurityAnswer1": "forgot"
            },
            "ActionLabel": [
                "db_bank_inform_cannot_authenticate"
            ]
        },
        {
            "Action": "request_suggestions",
            "Agent": "Wizard",
            "PrimaryItem": {
                "APIName": "bank_fraud_report",
                "Message": "You must provide either AccountNumber/FullName/PIN or FullName/DateOfBirth/SecurityAnswer1/SecurityAnswer2. We cannot authenticate the user otherwise."
            },
            "Text": "sorry",
            "UnixTime": 1589843593
        },
        {
            "Action": "request_suggestions",
            "Agent": "Wizard",
            "PrimaryItem": {
                "APIName": "bank_fraud_report",
                "Message": "You must provide either AccountNumber/FullName/PIN or FullName/DateOfBirth/SecurityAnswer1/SecurityAnswer2. We cannot authenticate the user otherwise."
            },
            "Text": "Sorry I can't authenticate ",
            "UnixTime": 1589843606
        },
        {
            "Action": "pick_suggestion",
            "ActionLabel": "bank_inform_cannot_authenticate",
            "ActionLabelOptions": [
                "bank_inform_cannot_authenticate",
                "bank_ask_account_number",
                "out_of_scope"
            ],
            "Agent": "Wizard",
            "PrimaryItem": {
                "APIName": "bank_fraud_report",
                "Message": "You must provide either AccountNumber/FullName/PIN or FullName/DateOfBirth/SecurityAnswer1/SecurityAnswer2. We cannot authenticate the user otherwise."
            },
            "Text": "I am sorry, but I cannot authenticate you with the information you have provided.",
            "UnixTime": 1589843608
        },
        {
            "Action": "utter",
            "Agent": "User",
            "Text": "Thanks for the help anyway",
            "UnixTime": 1589843627,
            "PredictedBeliefState": {
                "AccountNumber": "forgot",
                "SecurityAnswer2": "poppy",
                "FraudReport": "stolen money",
                "PIN": "9503",
                "FullName": "john smith",
                "SecurityAnswer1": "forgot"
            },
            "ActionLabel": [
                "user_bank_thanks"
            ]
        },
        {
            "Action": "instruct",
            "Agent": "UserGuide",
            "Text": "Ok, great. Now bring the conversation to a natural close. [instruction 5 of 5]",
            "UnixTime": 1589843627
        },
        {
            "Action": "request_suggestions",
            "Agent": "Wizard",
            "PrimaryItem": {
                "APIName": "bank_fraud_report",
                "Message": "You must provide either AccountNumber/FullName/PIN or FullName/DateOfBirth/SecurityAnswer1/SecurityAnswer2. We cannot authenticate the user otherwise."
            },
            "Text": "No worries. Anytging else I can help you with?",
            "UnixTime": 1589843639
        },
        {
            "Action": "pick_suggestion",
            "ActionLabel": "anything_else",
            "ActionLabelOptions": [
                "anything_else",
                "bank_ask_childhood_pets_name",
                "out_of_scope"
            ],
            "Agent": "Wizard",
            "PrimaryItem": {
                "APIName": "bank_fraud_report",
                "Message": "You must provide either AccountNumber/FullName/PIN or FullName/DateOfBirth/SecurityAnswer1/SecurityAnswer2. We cannot authenticate the user otherwise."
            },
            "Text": "Is there anything else that I can do for you?",
            "UnixTime": 1589843642
        },
        {
            "Action": "utter",
            "Agent": "User",
            "Text": "no thank you",
            "UnixTime": 1589843652,
            "PredictedBeliefState": {
                "FullName": "john smith",
                "PIN": "9503",
                "SecurityAnswer2": "poppy",
                "SecurityAnswer1": "forgot",
                "FraudReport": "stolen money",
                "AccountNumber": "forgot"
            },
            "ActionLabel": [
                "user_bank_nothing_else"
            ]
        },
        {
            "Action": "request_suggestions",
            "Agent": "Wizard",
            "PrimaryItem": {
                "APIName": "bank_fraud_report",
                "Message": "You must provide either AccountNumber/FullName/PIN or FullName/DateOfBirth/SecurityAnswer1/SecurityAnswer2. We cannot authenticate the user otherwise."
            },
            "Text": "Thanks and bye",
            "UnixTime": 1589843667
        },
        {
            "Action": "pick_suggestion",
            "ActionLabel": "goodbye_1",
            "ActionLabelOptions": [
                "goodbye_1",
                "bank_inform_fraud_report_submitted",
                "ask_name"
            ],
            "Agent": "Wizard",
            "PrimaryItem": {
                "APIName": "bank_fraud_report",
                "Message": "You must provide either AccountNumber/FullName/PIN or FullName/DateOfBirth/SecurityAnswer1/SecurityAnswer2. We cannot authenticate the user otherwise."
            },
            "Text": "Thank you and goodbye.",
            "UnixTime": 1589843670
        },
        {
            "Action": "complete",
            "Agent": "User",
            "UnixTime": 1589843674
        }
    ],
    "FORMAT-VERSION": 7,
    "IntroducesConflicts": false,
    "Scenario": {
        "Domains": [
            "bank"
        ],
        "Happy": false,
        "MultiTask": false,
        "UserTask": "Follow the instructions and comments of the MTurk System bot (darker yellow boxes in the dialogue). Do not end the dialogue before the MTurk System bot (not the assistant) has told you to do so. ",
        "WizardCapabilities": [
            {
                "Domain": "bank",
                "SchemaImage": "bank_fraud_report.jpg",
                "Task": "bank_fraud_report"
            }
        ],
        "WizardTask": "Follow the flow charts and help the user. Some facts you should be aware of: \n\n* You are the customer service AI of the international banking system"
    },
    "UserQuestionnaire": [
        {
            "Answer": true,
            "Question": "Did the assistant stay calm and helpful throughout the dialogue?"
        }
    ],
    "WizardQuestionnaire": [
        {
            "Answer": true,
            "Question": "Did the user seem confused? (He or she may have been instructed to be.)"
        },
        {
            "Answer": false,
            "Question": "Did the user change his/her mind about what he/she wants at any time?"
        },
        {
            "Answer": false,
            "Question": "Did the user become aggressive or annoyed during the dialogue? (Note: some users may be instructed to be annoying.)"
        },
        {
            "Answer": false,
            "Question": "Where you unsure about what to do at any time? (Feel free to send us an email with details.)"
        }
    ]
}