{
    "AnonymizedUserWorkerID": "06e6755f-be58-d1ca-998c-b87e3a0d8c19",
    "AnonymizedWizardWorkerID": "ac9c2dc2-a643-8ec0-d96c-1bc923b2777f",
    "BatchID": "woz_1589820124",
    "CompletionLevel": "Complete",
    "DialogueID": 2654,
    "Events": [
        {
            "Action": "utter",
            "Agent": "User",
            "Text": "Hi ..Angela speaking.. I need my usual taxi ride to the Airport, but not with John.  I'm at Broadway and Main.",
            "UnixTime": 1589841145,
            "PredictedBeliefState": {
                "ArrivalLocation": "airport",
                "ServiceProvider": "taxi",
                "DepartureLocation": "broadway and main",
                "CustomerName": "angela"
            },
            "ActionLabel": [
                "user_ride_book_inform_destination",
                "user_ride_book_inform_departure_location",
                "user_ride_book_inform_name",
                "user_bad_label"
            ]
        },
        {
            "APIName": "ride_book",
            "Action": "query",
            "Agent": "Wizard",
            "Constraints": [
                {
                    "CustomerName": "\"Angela \""
                },
                {
                    "DepartureLocation": "\"Broadway and main\""
                },
                {
                    "ArrivalLocation": "\"Airport\""
                },
                {
                    "RequestType": "\"Book\""
                }
            ],
            "UnixTime": 1589841202
        },
        {
            "APIName": "ride_book",
            "Action": "return_item",
            "Agent": "KnowledgeBase",
            "Item": {
                "APIName": "ride_book",
                "Message": "Ride booked."
            },
            "TotalItems": -1,
            "PredictedBeliefState": {
                "ArrivalLocation": "airport",
                "ServiceProvider": "taxi",
                "DepartureLocation": "broadway and main",
                "CustomerName": "angela"
            },
            "ActionLabel": [
                "result_bad_label"
            ]
        },
        {
            "Action": "request_suggestions",
            "Agent": "Wizard",
            "PrimaryItem": {
                "APIName": "ride_book",
                "Message": "Ride booked."
            },
            "Text": "Booked",
            "UnixTime": 1589841209
        },
        {
            "Action": "pick_suggestion",
            "ActionLabel": "custom",
            "ActionLabelOptions": [
                "custom"
            ],
            "Agent": "Wizard",
            "PrimaryItem": {
                "APIName": "ride_book",
                "Message": "Ride booked."
            },
            "Text": "Booked",
            "UnixTime": 1589841213
        },
        {
            "Action": "utter",
            "Agent": "User",
            "Text": "Sounds great.  Who is my driver?",
            "UnixTime": 1589841240,
            "PredictedBeliefState": {
                "DepartureLocation": "broadway and main",
                "CustomerName": "angela",
                "ServiceProvider": "taxi",
                "ArrivalLocation": "airport"
            },
            "ActionLabel": [
                "user_bad_label"
            ]
        },
        {
            "APIName": "ride_book",
            "Action": "query",
            "Agent": "Wizard",
            "Constraints": [
                {
                    "CustomerName": "\"Angela \""
                },
                {
                    "DepartureLocation": "\"Broadway and main\""
                },
                {
                    "ArrivalLocation": "\"Airport\""
                },
                {
                    "RequestType": "\"Book\""
                },
                {
                    "DriverName": "api.is_equal_to(\"Mark\")"
                }
            ],
            "PrimaryItem": {
                "APIName": "ride_book",
                "Message": "Ride booked."
            },
            "UnixTime": 1589841253
        },
        {
            "APIName": "ride_book",
            "Action": "return_item",
            "Agent": "KnowledgeBase",
            "Item": {
                "APIName": "ride_book",
                "Message": "Ride booked."
            },
            "TotalItems": -1,
            "PredictedBeliefState": {
                "DepartureLocation": "broadway and main",
                "CustomerName": "angela",
                "ServiceProvider": "taxi",
                "ArrivalLocation": "airport"
            },
            "ActionLabel": [
                "result_bad_label"
            ]
        },
        {
            "Action": "request_suggestions",
            "Agent": "Wizard",
            "PrimaryItem": {
                "APIName": "ride_book",
                "Message": "Ride booked."
            },
            "Text": "Maek",
            "UnixTime": 1589841260
        },
        {
            "Action": "utter",
            "Agent": "Wizard",
            "PrimaryItem": {
                "APIName": "ride_book",
                "Message": "Ride booked."
            },
            "Text": "Mark ",
            "UnixTime": 1589841267
        },
        {
            "Action": "utter",
            "Agent": "User",
            "Text": "That will work.  Thanks!",
            "UnixTime": 1589841286,
            "PredictedBeliefState": {
                "DepartureLocation": "broadway and main",
                "CustomerName": "angela",
                "ServiceProvider": "taxi",
                "ArrivalLocation": "airport"
            },
            "ActionLabel": [
                "user_ride_book_goodbye"
            ]
        },
        {
            "Action": "instruct",
            "Agent": "UserGuide",
            "Text": "You notice a stand with electric scooters on the other side of the road and decide to take one them. Tell the assistant you have changed your mind and don't require a ride anymore. [instruction 1 of 1]",
            "UnixTime": 1589841286
        },
        {
            "Action": "request_suggestions",
            "Agent": "Wizard",
            "PrimaryItem": {
                "APIName": "ride_book",
                "Message": "Ride booked."
            },
            "Text": "Thanks and goodbye",
            "UnixTime": 1589841317
        },
        {
            "Action": "pick_suggestion",
            "ActionLabel": "ride_bye",
            "ActionLabelOptions": [
                "ride_bye",
                "ride_inform_search_criteria",
                "ask_name"
            ],
            "Agent": "Wizard",
            "PrimaryItem": {
                "APIName": "ride_book",
                "Message": "Ride booked."
            },
            "Text": "Goodbye. Enjoy your ride!",
            "UnixTime": 1589841319
        },
        {
            "Action": "utter",
            "Agent": "User",
            "Text": "Can you unbook that?  I just noticed a scooter stand nearby and I'm gonna hop on one.",
            "UnixTime": 1589841380,
            "PredictedBeliefState": {
                "DepartureLocation": "broadway and main",
                "CustomerName": "angela",
                "ServiceProvider": "taxi",
                "ArrivalLocation": "airport"
            },
            "ActionLabel": [
                "user_bad_label"
            ]
        },
        {
            "Action": "request_suggestions",
            "Agent": "Wizard",
            "PrimaryItem": {
                "APIName": "ride_book",
                "Message": "Ride booked."
            },
            "Text": "Done thanks",
            "UnixTime": 1589841402
        },
        {
            "Action": "pick_suggestion",
            "ActionLabel": "custom",
            "ActionLabelOptions": [
                "custom"
            ],
            "Agent": "Wizard",
            "PrimaryItem": {
                "APIName": "ride_book",
                "Message": "Ride booked."
            },
            "Text": "Done thanks",
            "UnixTime": 1589841406
        },
        {
            "Action": "utter",
            "Agent": "User",
            "Text": "OK, thank you.",
            "UnixTime": 1589841428,
            "PredictedBeliefState": {
                "DepartureLocation": "broadway and main",
                "CustomerName": "angela",
                "ServiceProvider": "taxi",
                "ArrivalLocation": "airport"
            },
            "ActionLabel": [
                "user_ride_book_goodbye"
            ]
        },
        {
            "Action": "request_suggestions",
            "Agent": "Wizard",
            "PrimaryItem": {
                "APIName": "ride_book",
                "Message": "Ride booked."
            },
            "Text": "Thanks goodbye ",
            "UnixTime": 1589841439
        },
        {
            "Action": "pick_suggestion",
            "ActionLabel": "ride_bye",
            "ActionLabelOptions": [
                "ride_bye",
                "ride_inform_search_criteria",
                "ride_inform_nothing_found"
            ],
            "Agent": "Wizard",
            "PrimaryItem": {
                "APIName": "ride_book",
                "Message": "Ride booked."
            },
            "Text": "Goodbye. Enjoy your ride!",
            "UnixTime": 1589841461
        },
        {
            "Action": "complete",
            "Agent": "User",
            "UnixTime": 1589841464
        }
    ],
    "FORMAT-VERSION": 7,
    "IntroducesConflicts": false,
    "Scenario": {
        "Domains": [
            "ride"
        ],
        "Happy": false,
        "MultiTask": false,
        "UserTask": "You are Angela. You want to grab your usual Taxi ride to 'Airport', but you don't want John as your driver. Right now you are at Broadway and Main.",
        "WizardCapabilities": [
            {
                "Domain": "ride",
                "SchemaImage": "ride_book.jpg",
                "Task": "ride_book"
            }
        ],
        "WizardTask": "Help the user book a ride. (You can find the video tutorial under https://youtu.be/L7QpscLPTFM, in case you want to watch it again.)"
    },
    "UserQuestionnaire": [
        {
            "Answer": true,
            "Question": "Did the assistant find you a suitable ride?"
        },
        {
            "Answer": true,
            "Question": "Did the assistant stay calm and helpful throughout the dialogue?"
        }
    ],
    "WizardQuestionnaire": [
        {
            "Answer": false,
            "Question": "Did the user change his/her mind about what he/she wants at any time?"
        },
        {
            "Answer": false,
            "Question": "Did the user become aggressive or annoyed during the dialogue? (Note: some users may be instructed to be annoying.)"
        },
        {
            "Answer": false,
            "Question": "Where you unsure about what to do at any time? (Feel free to send us an email with details.)"
        }
    ]
}