{
    "AnonymizedUserWorkerID": "9f21d8b6-df7e-edd4-ef00-9da97dbb279f",
    "AnonymizedWizardWorkerID": "9f92fdec-85bc-1130-d832-fefd9dcb8b02",
    "BatchID": "woz_1589820124",
    "CompletionLevel": "Complete",
    "DialogueID": 2660,
    "Events": [
        {
            "Action": "utter",
            "Agent": "User",
            "Text": "Hi, I need a ride from University to Forbes and Murray for my hot date. My name is Angela",
            "UnixTime": 1589837906,
            "PredictedBeliefState": {
                "DepartureLocation": "university",
                "ArrivalLocation": "forbes and murray",
                "CustomerName": "angela"
            },
            "ActionLabel": [
                "user_ride_book_inform_departure_location",
                "user_ride_book_inform_destination",
                "user_ride_book_inform_name",
                "user_bad_label"
            ]
        },
        {
            "Action": "instruct",
            "Agent": "UserGuide",
            "Text": "You really need to be there soon. If the car takes more than 18 minutes to pick you up, ask for a different one. [instruction 1 of 5]",
            "UnixTime": 1589837906
        },
        {
            "Action": "request_suggestions",
            "Agent": "Wizard",
            "Text": "specific driver ",
            "UnixTime": 1589837928
        },
        {
            "Action": "pick_suggestion",
            "ActionLabel": "ride_inform_search_criteria",
            "ActionLabelOptions": [
                "ride_inform_search_criteria",
                "ride_ask_destination",
                "ride_bye"
            ],
            "Agent": "Wizard",
            "Text": "I can also filter for service provider, driver name, and the car\u2019s model.",
            "UnixTime": 1589837932
        },
        {
            "Action": "utter",
            "Agent": "User",
            "Text": "I need a car that doesn't take more than 18 minutes to get to me",
            "UnixTime": 1589837959,
            "PredictedBeliefState": {
                "DepartureLocation": "university",
                "ArrivalLocation": "forbes and murray",
                "CustomerName": "angela",
                "MinutesTillPickup": "18 minutes"
            },
            "ActionLabel": [
                "user_ride_book_ask_ride_book"
            ]
        },
        {
            "Action": "instruct",
            "Agent": "UserGuide",
            "Text": "Say something about your hot date. Be creative! [instruction 2 of 5]",
            "UnixTime": 1589837959
        },
        {
            "APIName": "ride_book",
            "Action": "query",
            "Agent": "Wizard",
            "Constraints": [
                {
                    "CustomerName": "\"angela\""
                },
                {
                    "DepartureLocation": "\"University\""
                },
                {
                    "ArrivalLocation": "\"Forbes and Murray\""
                },
                {
                    "RequestType": "\"Check\""
                }
            ],
            "UnixTime": 1589837964
        },
        {
            "APIName": "ride_book",
            "Action": "return_item",
            "Agent": "KnowledgeBase",
            "Item": {
                "APIName": "ride_book",
                "AllowsChanges": false,
                "ArrivalLocation": "Forbes and Murray",
                "CarModel": "BMW",
                "CustomerName": "angela",
                "DepartureLocation": "University",
                "DriverName": "Sirius",
                "LicensePlate": "313 EA9",
                "MinutesTillPickup": 18,
                "Price": 26,
                "ServiceProvider": "Uber",
                "id": 135
            },
            "TotalItems": -1,
            "PredictedBeliefState": {
                "DepartureLocation": "university",
                "ArrivalLocation": "forbes and murray",
                "CustomerName": "angela",
                "MinutesTillPickup": "18 minutes"
            },
            "ActionLabel": [
                "db_ask_confirm_booking"
            ]
        },
        {
            "Action": "request_suggestions",
            "Agent": "Wizard",
            "PrimaryItem": {
                "APIName": "ride_book",
                "AllowsChanges": false,
                "ArrivalLocation": "Forbes and Murray",
                "CarModel": "BMW",
                "CustomerName": "angela",
                "DepartureLocation": "University",
                "DriverName": "Sirius",
                "LicensePlate": "313 EA9",
                "MinutesTillPickup": 18,
                "Price": 26,
                "ServiceProvider": "Uber",
                "id": 135
            },
            "Text": "I found an uber",
            "UnixTime": 1589837977
        },
        {
            "Action": "pick_suggestion",
            "ActionLabel": "ride_ask_confirm_booking",
            "ActionLabelOptions": [
                "ride_ask_confirm_booking",
                "ask_name",
                "ride_inform_nothing_found"
            ],
            "Agent": "Wizard",
            "PrimaryItem": {
                "APIName": "ride_book",
                "AllowsChanges": false,
                "ArrivalLocation": "Forbes and Murray",
                "CarModel": "BMW",
                "CustomerName": "angela",
                "DepartureLocation": "University",
                "DriverName": "Sirius",
                "LicensePlate": "313 EA9",
                "MinutesTillPickup": 18,
                "Price": 26,
                "ServiceProvider": "Uber",
                "id": 135
            },
            "Text": "I found a Uber ride for you from 'University' to 'Forbes and Murray' for 26 credits\nthat could pick you up in 18 minutes. Should I book that for you?",
            "UnixTime": 1589837979
        },
        {
            "Action": "utter",
            "Agent": "User",
            "Text": "Hmm... my hot date has real nice 6 pack abs.",
            "UnixTime": 1589837998,
            "PredictedBeliefState": {
                "MinutesTillPickup": "18 minutes",
                "DepartureLocation": "university",
                "ArrivalLocation": "forbes and murray",
                "CustomerName": "angela"
            },
            "ActionLabel": [
                "user_bad_label"
            ]
        },
        {
            "Action": "instruct",
            "Agent": "UserGuide",
            "Text": "If your ride is a Taxi, make sure your driver is not Mark. [instruction 3 of 5]",
            "UnixTime": 1589837998
        },
        {
            "Action": "request_suggestions",
            "Agent": "Wizard",
            "PrimaryItem": {
                "APIName": "ride_book",
                "AllowsChanges": false,
                "ArrivalLocation": "Forbes and Murray",
                "CarModel": "BMW",
                "CustomerName": "angela",
                "DepartureLocation": "University",
                "DriverName": "Sirius",
                "LicensePlate": "313 EA9",
                "MinutesTillPickup": 18,
                "Price": 26,
                "ServiceProvider": "Uber",
                "id": 135
            },
            "Text": "I wouldn't know a lot about those things.",
            "UnixTime": 1589838022
        },
        {
            "Action": "utter",
            "Agent": "Wizard",
            "PrimaryItem": {
                "APIName": "ride_book",
                "AllowsChanges": false,
                "ArrivalLocation": "Forbes and Murray",
                "CarModel": "BMW",
                "CustomerName": "angela",
                "DepartureLocation": "University",
                "DriverName": "Sirius",
                "LicensePlate": "313 EA9",
                "MinutesTillPickup": 18,
                "Price": 26,
                "ServiceProvider": "Uber",
                "id": 135
            },
            "Text": "I wouldn't know a lot about those things.",
            "UnixTime": 1589838025
        },
        {
            "Action": "utter",
            "Agent": "User",
            "Text": "Yes please book.",
            "UnixTime": 1589838044,
            "PredictedBeliefState": {
                "MinutesTillPickup": "18 minutes",
                "DepartureLocation": "university",
                "CustomerName": "angela",
                "ArrivalLocation": "forbes and murray"
            },
            "ActionLabel": [
                "user_bad_label"
            ]
        },
        {
            "Action": "instruct",
            "Agent": "UserGuide",
            "Text": "You realize that you are actually closer to 5th and Main right now. If you haven't booked yet, change your departure location to there. Otherwise, say something about the service provider of your ride. [instruction 4 of 5]",
            "UnixTime": 1589838044
        },
        {
            "APIName": "ride_book",
            "Action": "query",
            "Agent": "Wizard",
            "Constraints": [
                {
                    "CustomerName": "\"angela\""
                },
                {
                    "DepartureLocation": "\"University\""
                },
                {
                    "ArrivalLocation": "\"Forbes and Murray\""
                },
                {
                    "RequestType": "\"Book\""
                }
            ],
            "PrimaryItem": {
                "APIName": "ride_book",
                "AllowsChanges": false,
                "ArrivalLocation": "Forbes and Murray",
                "CarModel": "BMW",
                "CustomerName": "angela",
                "DepartureLocation": "University",
                "DriverName": "Sirius",
                "LicensePlate": "313 EA9",
                "MinutesTillPickup": 18,
                "Price": 26,
                "ServiceProvider": "Uber",
                "id": 135
            },
            "UnixTime": 1589838050
        },
        {
            "APIName": "ride_book",
            "Action": "return_item",
            "Agent": "KnowledgeBase",
            "Item": {
                "APIName": "ride_book",
                "Message": "Ride booked."
            },
            "TotalItems": -1,
            "PredictedBeliefState": {
                "MinutesTillPickup": "18 minutes",
                "DepartureLocation": "university",
                "CustomerName": "angela",
                "ArrivalLocation": "forbes and murray"
            },
            "ActionLabel": [
                "result_bad_label"
            ]
        },
        {
            "Action": "request_suggestions",
            "Agent": "Wizard",
            "PrimaryItem": {
                "APIName": "ride_book",
                "Message": "Ride booked."
            },
            "Text": "I booked your Uber ID 135 with license plate 313 EA9. Is there anything else that I can do for you?",
            "UnixTime": 1589838097
        },
        {
            "Action": "pick_suggestion",
            "ActionLabel": "custom",
            "ActionLabelOptions": [
                "custom"
            ],
            "Agent": "Wizard",
            "PrimaryItem": {
                "APIName": "ride_book",
                "Message": "Ride booked."
            },
            "Text": "I booked your Uber ID 135 with license plate 313 EA9. Is there anything else that I can do for you?",
            "UnixTime": 1589838099
        },
        {
            "Action": "utter",
            "Agent": "User",
            "Text": "Sounds good! Uber has the best service. I love Uber Eats also.",
            "UnixTime": 1589838121,
            "PredictedBeliefState": {
                "CustomerName": "angela",
                "MinutesTillPickup": "18 minutes",
                "ArrivalLocation": "forbes and murray",
                "DepartureLocation": "university",
                "ServiceProvider": "uber"
            },
            "ActionLabel": [
                "user_bad_label"
            ]
        },
        {
            "Action": "instruct",
            "Agent": "UserGuide",
            "Text": "Once you have found a ride that suits you, book it and talk some more about your hot date or make a joke. Then end the conversation. [instruction 5 of 5]",
            "UnixTime": 1589838121
        },
        {
            "Action": "request_suggestions",
            "Agent": "Wizard",
            "PrimaryItem": {
                "APIName": "ride_book",
                "Message": "Ride booked."
            },
            "Text": "I'm glad you are pleased!",
            "UnixTime": 1589838144
        },
        {
            "Action": "pick_suggestion",
            "ActionLabel": "custom",
            "ActionLabelOptions": [
                "custom"
            ],
            "Agent": "Wizard",
            "PrimaryItem": {
                "APIName": "ride_book",
                "Message": "Ride booked."
            },
            "Text": "I'm glad you are pleased!",
            "UnixTime": 1589838146
        },
        {
            "Action": "utter",
            "Agent": "User",
            "Text": "Indeed, thanks for your help.",
            "UnixTime": 1589838157,
            "PredictedBeliefState": {
                "DepartureLocation": "university",
                "ArrivalLocation": "forbes and murray",
                "ServiceProvider": "uber",
                "MinutesTillPickup": "18",
                "CustomerName": "angela"
            },
            "ActionLabel": [
                "user_ride_book_goodbye"
            ]
        },
        {
            "Action": "request_suggestions",
            "Agent": "Wizard",
            "PrimaryItem": {
                "APIName": "ride_book",
                "Message": "Ride booked."
            },
            "Text": "good bye",
            "UnixTime": 1589838163
        },
        {
            "Action": "pick_suggestion",
            "ActionLabel": "ride_bye",
            "ActionLabelOptions": [
                "ride_bye",
                "ride_inform_search_criteria",
                "ride_ask_destination"
            ],
            "Agent": "Wizard",
            "PrimaryItem": {
                "APIName": "ride_book",
                "Message": "Ride booked."
            },
            "Text": "Goodbye. Enjoy your ride!",
            "UnixTime": 1589838166
        },
        {
            "Action": "complete",
            "Agent": "User",
            "UnixTime": 1589838172
        }
    ],
    "FORMAT-VERSION": 7,
    "IntroducesConflicts": false,
    "Scenario": {
        "Domains": [
            "ride"
        ],
        "Happy": false,
        "MultiTask": false,
        "UserTask": "You need a ride from 'University' to 'Forbes and Murray' to get to your hot date. Your name is Angela.",
        "WizardCapabilities": [
            {
                "Domain": "ride",
                "SchemaImage": "ride_book.jpg",
                "Task": "ride_book"
            }
        ],
        "WizardTask": "Help the user book a ride. "
    },
    "UserQuestionnaire": [
        {
            "Answer": true,
            "Question": "Did the assistant stay calm and helpful throughout the dialogue?"
        }
    ],
    "WizardQuestionnaire": [
        {
            "Answer": false,
            "Question": "Did the user change his/her mind about what he/she wants at any time?"
        },
        {
            "Answer": false,
            "Question": "Did the user become aggressive or annoyed during the dialogue? (Note: some users may be instructed to be annoying.)"
        },
        {
            "Answer": false,
            "Question": "Where you unsure about what to do at any time? (Feel free to send us an email with details.)"
        }
    ]
}