{
    "AnonymizedUserWorkerID": "e9fa7e8e-d139-9e5e-e5c1-e91880f700fb",
    "AnonymizedWizardWorkerID": "d063746c-0ca1-ad09-7159-11880a755cd0",
    "BatchID": "woz_1589820124",
    "CompletionLevel": "Complete",
    "DialogueID": 2673,
    "Events": [
        {
            "Action": "utter",
            "Agent": "User",
            "Text": "hello can you help me?",
            "UnixTime": 1589844470,
            "PredictedBeliefState": {},
            "ActionLabel": [
                "user_hello"
            ]
        },
        {
            "Action": "instruct",
            "Agent": "UserGuide",
            "Text": "You remember that your friend recommended the Hyatt Hotel. Tell the assistant you've changed your mind and want to stay at Hyatt Hotel. [instruction 1 of 5]",
            "UnixTime": 1589844470
        },
        {
            "Action": "request_suggestions",
            "Agent": "Wizard",
            "Text": "yes ",
            "UnixTime": 1589844477
        },
        {
            "Action": "pick_suggestion",
            "ActionLabel": "hello",
            "ActionLabelOptions": [
                "goodbye_1",
                "hotel_ask_hotel",
                "hello"
            ],
            "Agent": "Wizard",
            "Text": "Hello, how can I help?",
            "UnixTime": 1589844481
        },
        {
            "Action": "utter",
            "Agent": "User",
            "Text": "I want to book the Hyatt from May 10th through 26th.",
            "UnixTime": 1589844491,
            "PredictedBeliefState": {
                "Name": "hilton hotel",
                "StartDate": "10th",
                "EndDate": "26th"
            },
            "ActionLabel": [
                "user_hotel_book_inform_hotel_name",
                "user_hotel_book_inform_start_date",
                "user_hotel_book_inform_end_date",
                "user_hotel_book_ask_hotel_book"
            ]
        },
        {
            "Action": "request_suggestions",
            "Agent": "Wizard",
            "Text": "what is your name",
            "UnixTime": 1589844502
        },
        {
            "Action": "pick_suggestion",
            "ActionLabel": "ask_name",
            "ActionLabelOptions": [
                "ask_name",
                "anything_else",
                "hotel_ask_date_from"
            ],
            "Agent": "Wizard",
            "Text": "May I have your name, please?",
            "UnixTime": 1589844505
        },
        {
            "Action": "utter",
            "Agent": "User",
            "Text": "angela",
            "UnixTime": 1589844509,
            "PredictedBeliefState": {
                "StartDate": "10th",
                "CustomerName": "angela",
                "EndDate": "26th",
                "Name": "hilton hotel"
            },
            "ActionLabel": [
                "user_hotel_book_inform_name"
            ]
        },
        {
            "Action": "instruct",
            "Agent": "UserGuide",
            "Text": "Actually, you recall that your friend stayed at Hyatt Hotel in another town. However you've read on a blog that the Old Town Inn is by long and far the most authentic one. Tell the assistant you've changed your mind and want to stay at Old Town Inn. [instruction 2 of 5]",
            "UnixTime": 1589844509
        },
        {
            "APIName": "hotel_book",
            "Action": "query",
            "Agent": "Wizard",
            "Constraints": [
                {
                    "Name": "\"Hyatt Hotel\""
                },
                {
                    "StartDate": "\"10th\""
                },
                {
                    "EndDate": "\"26th\""
                },
                {
                    "CustomerName": "\"Angela\""
                },
                {
                    "RequestType": "\"Check\""
                }
            ],
            "UnixTime": 1589844530
        },
        {
            "APIName": "hotel_book",
            "Action": "return_item",
            "Agent": "KnowledgeBase",
            "Item": {
                "APIName": "hotel_book",
                "HotelName": "Hyatt Hotel",
                "Message": "Unavailable"
            },
            "TotalItems": -1,
            "PredictedBeliefState": {
                "StartDate": "10th",
                "CustomerName": "angela",
                "EndDate": "26th",
                "Name": "hilton hotel"
            },
            "ActionLabel": [
                "db_hotel_unavailable"
            ]
        },
        {
            "Action": "request_suggestions",
            "Agent": "Wizard",
            "PrimaryItem": {
                "APIName": "hotel_book",
                "HotelName": "Hyatt Hotel",
                "Message": "Unavailable"
            },
            "Text": "that is not available",
            "UnixTime": 1589844538
        },
        {
            "Action": "pick_suggestion",
            "ActionLabel": "hotel_unavailable",
            "ActionLabelOptions": [
                "hotel_unavailable",
                "hotel_inform_nothing_found",
                "ask_name"
            ],
            "Agent": "Wizard",
            "PrimaryItem": {
                "APIName": "hotel_book",
                "HotelName": "Hyatt Hotel",
                "Message": "Unavailable"
            },
            "Text": "I'm very sorry, but there is no room available at the Hyatt Hotel for your requested dates.",
            "UnixTime": 1589844541
        },
        {
            "Action": "utter",
            "Agent": "User",
            "Text": "What about the Old Town Inn? I'd rather stay there, really.",
            "UnixTime": 1589844557,
            "PredictedBeliefState": {
                "CustomerName": "angela",
                "Name": "old town inn",
                "EndDate": "26th",
                "StartDate": "10th"
            },
            "ActionLabel": [
                "user_hotel_book_inform_hotel_name"
            ]
        },
        {
            "Action": "instruct",
            "Agent": "UserGuide",
            "Text": "Talk to the assistant about this great travel blog that you rely on and that its never let you down on your journeys. Be creative! [instruction 3 of 5]",
            "UnixTime": 1589844557
        },
        {
            "APIName": "hotel_book",
            "Action": "query",
            "Agent": "Wizard",
            "Constraints": [
                {
                    "Name": "\"Old Town Inn\""
                },
                {
                    "StartDate": "\"10th\""
                },
                {
                    "EndDate": "\"26th\""
                },
                {
                    "CustomerName": "\"Angela\""
                },
                {
                    "RequestType": "\"Check\""
                }
            ],
            "PrimaryItem": {
                "APIName": "hotel_book",
                "HotelName": "Hyatt Hotel",
                "Message": "Unavailable"
            },
            "UnixTime": 1589844568
        },
        {
            "APIName": "hotel_book",
            "Action": "return_item",
            "Agent": "KnowledgeBase",
            "Item": {
                "APIName": "hotel_book",
                "HotelName": "Old Town Inn",
                "Message": "Available"
            },
            "TotalItems": -1,
            "PredictedBeliefState": {
                "CustomerName": "angela",
                "Name": "old town inn",
                "EndDate": "26th",
                "StartDate": "10th"
            },
            "ActionLabel": [
                "db_hotel_available"
            ]
        },
        {
            "Action": "request_suggestions",
            "Agent": "Wizard",
            "PrimaryItem": {
                "APIName": "hotel_book",
                "HotelName": "Old Town Inn",
                "Message": "Available"
            },
            "Text": "yes that is available",
            "UnixTime": 1589844578
        },
        {
            "Action": "pick_suggestion",
            "ActionLabel": "hotel_ask_confirm_booking",
            "ActionLabelOptions": [
                "hotel_ask_confirm_booking",
                "hotel_ask_date_to",
                "ask_name"
            ],
            "Agent": "Wizard",
            "PrimaryItem": {
                "APIName": "hotel_book",
                "HotelName": "Old Town Inn",
                "Message": "Available"
            },
            "Text": "Alright, the Old Town Inn ticks all of your boxes, can I book this room for you?",
            "UnixTime": 1589844582
        },
        {
            "Action": "utter",
            "Agent": "User",
            "Text": "Yes. I heard about it on my favorite travvel blog! It's never let me down.",
            "UnixTime": 1589844595,
            "PredictedBeliefState": {
                "StartDate": "10th",
                "CustomerName": "angela",
                "Name": "old town inn",
                "EndDate": "26th"
            },
            "ActionLabel": [
                "user_bad_label"
            ]
        },
        {
            "Action": "instruct",
            "Agent": "UserGuide",
            "Text": "You just received a text from your partner saying: 'Hey, my brother invited us to his wedding in London on the 26th and I already booked us a flight for the 10th!' Tell the assistant you would like to change your reservation to 9th-30th the following month. [instruction 4 of 5]",
            "UnixTime": 1589844595
        },
        {
            "Action": "request_suggestions",
            "Agent": "Wizard",
            "PrimaryItem": {
                "APIName": "hotel_book",
                "HotelName": "Old Town Inn",
                "Message": "Available"
            },
            "Text": "alright",
            "UnixTime": 1589844607
        },
        {
            "Action": "pick_suggestion",
            "ActionLabel": "hotel_ask_hotel",
            "ActionLabelOptions": [
                "goodbye_1",
                "hotel_reservation_succeeded",
                "hotel_ask_hotel"
            ],
            "Agent": "Wizard",
            "PrimaryItem": {
                "APIName": "hotel_book",
                "HotelName": "Old Town Inn",
                "Message": "Available"
            },
            "Text": "What hotel would you like to stay at?",
            "UnixTime": 1589844618
        },
        {
            "Action": "utter",
            "Agent": "User",
            "Text": "The Old Town Inn. But I forgot about my upcoming trip to London. Change the dates to June 9th through 30th please",
            "UnixTime": 1589844648,
            "PredictedBeliefState": {
                "CustomerName": "angela",
                "EndDate": "30th",
                "Name": "old town inn",
                "StartDate": "june 9th"
            },
            "ActionLabel": [
                "user_hotel_book_inform_end_date",
                "user_hotel_book_inform_start_date"
            ]
        },
        {
            "Action": "instruct",
            "Agent": "UserGuide",
            "Text": "Tell the assistant you don't really want to go to London because your partner's brother is a bit of a show-off, but obviously you'll be going to the wedding. Finish the booking and bring the conversation to an end. [instruction 5 of 5]",
            "UnixTime": 1589844648
        },
        {
            "APIName": "hotel_book",
            "Action": "query",
            "Agent": "Wizard",
            "Constraints": [
                {
                    "Name": "\"Old Town Inn\""
                },
                {
                    "StartDate": "\"9th\""
                },
                {
                    "EndDate": "\"30th\""
                },
                {
                    "CustomerName": "\"Angela\""
                },
                {
                    "RequestType": "\"Check\""
                }
            ],
            "PrimaryItem": {
                "APIName": "hotel_book",
                "HotelName": "Old Town Inn",
                "Message": "Available"
            },
            "UnixTime": 1589844664
        },
        {
            "APIName": "hotel_book",
            "Action": "return_item",
            "Agent": "KnowledgeBase",
            "Item": {
                "APIName": "hotel_book",
                "HotelName": "Old Town Inn",
                "Message": "Available"
            },
            "TotalItems": -1,
            "PredictedBeliefState": {
                "CustomerName": "angela",
                "EndDate": "30th",
                "Name": "old town inn",
                "StartDate": "june 9th"
            },
            "ActionLabel": [
                "db_hotel_available"
            ]
        },
        {
            "Action": "request_suggestions",
            "Agent": "Wizard",
            "PrimaryItem": {
                "APIName": "hotel_book",
                "HotelName": "Old Town Inn",
                "Message": "Available"
            },
            "Text": "that is available",
            "UnixTime": 1589844675
        },
        {
            "Action": "pick_suggestion",
            "ActionLabel": "hotel_ask_confirm_booking",
            "ActionLabelOptions": [
                "hotel_ask_confirm_booking",
                "ask_name",
                "hotel_ask_date_to"
            ],
            "Agent": "Wizard",
            "PrimaryItem": {
                "APIName": "hotel_book",
                "HotelName": "Old Town Inn",
                "Message": "Available"
            },
            "Text": "Alright, the Old Town Inn ticks all of your boxes, can I book this room for you?",
            "UnixTime": 1589844678
        },
        {
            "Action": "utter",
            "Agent": "User",
            "Text": "Yes! I'm not looking forward to the wedding but of course I'm going to  go.",
            "UnixTime": 1589844693,
            "PredictedBeliefState": {
                "StartDate": "june 9th",
                "CustomerName": "angela",
                "EndDate": "30th",
                "Name": "old town inn"
            },
            "ActionLabel": [
                "user_hotel_book_inform_book"
            ]
        },
        {
            "APIName": "hotel_book",
            "Action": "query",
            "Agent": "Wizard",
            "Constraints": [
                {
                    "Name": "\"Old Town Inn\""
                },
                {
                    "StartDate": "\"9th\""
                },
                {
                    "EndDate": "\"30th\""
                },
                {
                    "CustomerName": "\"Angela\""
                },
                {
                    "RequestType": "\"Book\""
                }
            ],
            "PrimaryItem": {
                "APIName": "hotel_book",
                "HotelName": "Old Town Inn",
                "Message": "Available"
            },
            "UnixTime": 1589844714
        },
        {
            "APIName": "hotel_book",
            "Action": "return_item",
            "Agent": "KnowledgeBase",
            "Item": {
                "APIName": "hotel_book",
                "HotelName": "Old Town Inn",
                "Message": "Reservation Confirmed"
            },
            "TotalItems": -1,
            "PredictedBeliefState": {
                "StartDate": "june 9th",
                "CustomerName": "angela",
                "EndDate": "30th",
                "Name": "old town inn"
            },
            "ActionLabel": [
                "db_hotel_reservation_succeeded"
            ]
        },
        {
            "Action": "request_suggestions",
            "Agent": "Wizard",
            "PrimaryItem": {
                "APIName": "hotel_book",
                "HotelName": "Old Town Inn",
                "Message": "Reservation Confirmed"
            },
            "Text": "reservation confirmed",
            "UnixTime": 1589844724
        },
        {
            "Action": "pick_suggestion",
            "ActionLabel": "hotel_reservation_succeeded",
            "ActionLabelOptions": [
                "hotel_reservation_succeeded",
                "hello",
                "hotel_ask_hotel"
            ],
            "Agent": "Wizard",
            "PrimaryItem": {
                "APIName": "hotel_book",
                "HotelName": "Old Town Inn",
                "Message": "Reservation Confirmed"
            },
            "Text": "OK, I've successfully completed this Hotel booking for you!",
            "UnixTime": 1589844727
        },
        {
            "Action": "utter",
            "Agent": "User",
            "Text": "thank you so much!",
            "UnixTime": 1589844755,
            "PredictedBeliefState": {
                "Name": "old town inn",
                "StartDate": "june 9th",
                "CustomerName": "angela",
                "EndDate": "30th"
            },
            "ActionLabel": [
                "user_hotel_book_thank_you"
            ]
        },
        {
            "Action": "request_suggestions",
            "Agent": "Wizard",
            "PrimaryItem": {
                "APIName": "hotel_book",
                "HotelName": "Old Town Inn",
                "Message": "Reservation Confirmed"
            },
            "Text": "thanks",
            "UnixTime": 1589844768
        },
        {
            "Action": "pick_suggestion",
            "ActionLabel": "goodbye_1",
            "ActionLabelOptions": [
                "goodbye_1",
                "hotel_unavailable",
                "hotel_ask_customer_request"
            ],
            "Agent": "Wizard",
            "PrimaryItem": {
                "APIName": "hotel_book",
                "HotelName": "Old Town Inn",
                "Message": "Reservation Confirmed"
            },
            "Text": "Thank you and goodbye.",
            "UnixTime": 1589844770
        },
        {
            "Action": "complete",
            "Agent": "User",
            "UnixTime": 1589844772
        }
    ],
    "FORMAT-VERSION": 7,
    "IntroducesConflicts": false,
    "Scenario": {
        "Domains": [
            "hotel"
        ],
        "Happy": false,
        "MultiTask": false,
        "UserTask": "Make a reservation at Hilton Hotel from May 10th to 26th. Your name is Angela. Please request two beds. It is ok if the room is not available - just say goodbye in this case.",
        "WizardCapabilities": [
            {
                "Domain": "hotel",
                "SchemaImage": "hotel_book.jpg",
                "Task": "hotel_book"
            }
        ],
        "WizardTask": "Help the user reserve a hotel room. (You can find the video tutorial under https://youtu.be/L7QpscLPTFM, in case you want to watch it again.)"
    },
    "UserQuestionnaire": [
        {
            "Answer": true,
            "Question": "Did the assistant reserve your hotel?"
        },
        {
            "Answer": true,
            "Question": "Did the assistant stay calm and helpful throughout the dialogue?"
        }
    ],
    "WizardQuestionnaire": [
        {
            "Answer": true,
            "Question": "Did the user change his/her mind about what he/she wants at any time?"
        },
        {
            "Answer": false,
            "Question": "Did the user become aggressive or annoyed during the dialogue? (Note: some users may be instructed to be annoying.)"
        },
        {
            "Answer": false,
            "Question": "Where you unsure about what to do at any time? (Feel free to send us an email with details.)"
        }
    ]
}