{
    "AnonymizedUserWorkerID": "f25604a3-cd06-e656-a118-d995d3f29cd2",
    "AnonymizedWizardWorkerID": "9f92fdec-85bc-1130-d832-fefd9dcb8b02",
    "BatchID": "woz_1589458635",
    "CompletionLevel": "Complete",
    "DialogueID": 273,
    "Events": [
        {
            "Action": "utter",
            "Agent": "User",
            "Text": "Hi, I am interested in viewing an apartment, ",
            "UnixTime": 1589479501,
            "PredictedBeliefState": {},
            "ActionLabel": [
                "user_apartment_ask_apartment"
            ]
        },
        {
            "Action": "request_suggestions",
            "Agent": "Wizard",
            "Text": "I can help with that, may I get your name?",
            "UnixTime": 1589479515
        },
        {
            "Action": "pick_suggestion",
            "ActionLabel": "ask_name",
            "ActionLabelOptions": [
                "ask_name",
                "apartment_ask_apartment_name"
            ],
            "Agent": "Wizard",
            "Text": "Could you give me your name, please?",
            "UnixTime": 1589479519
        },
        {
            "Action": "utter",
            "Agent": "User",
            "Text": "My name is John, ",
            "UnixTime": 1589479526,
            "PredictedBeliefState": {
                "RenterName": "john"
            },
            "ActionLabel": [
                "user_apartment_inform_name"
            ]
        },
        {
            "Action": "request_suggestions",
            "Agent": "Wizard",
            "Text": "What apartment",
            "UnixTime": 1589479542
        },
        {
            "Action": "pick_suggestion",
            "ActionLabel": "apartment_ask_apartment_name",
            "ActionLabelOptions": [
                "apartment_ask_apartment_name",
                "apartment_ask_day"
            ],
            "Agent": "Wizard",
            "Text": "What apartment are you interested in?",
            "UnixTime": 1589479544
        },
        {
            "Action": "utter",
            "Agent": "User",
            "Text": "North Hills ",
            "UnixTime": 1589479555,
            "PredictedBeliefState": {
                "Name": "north hill apartments",
                "RenterName": "john"
            },
            "ActionLabel": [
                "user_apartment_inform_apartment_name"
            ]
        },
        {
            "Action": "request_suggestions",
            "Agent": "Wizard",
            "Text": "day",
            "UnixTime": 1589479563
        },
        {
            "Action": "pick_suggestion",
            "ActionLabel": "apartment_ask_day",
            "ActionLabelOptions": [
                "apartment_ask_day",
                "hello"
            ],
            "Agent": "Wizard",
            "Text": "What day would you like to make the booking for?",
            "UnixTime": 1589479565
        },
        {
            "Action": "utter",
            "Agent": "User",
            "Text": "Wednesday at 2",
            "UnixTime": 1589479575,
            "PredictedBeliefState": {
                "Name": "north hill apartments",
                "StartTimeHour": "2 pm",
                "Day": "wednesday",
                "RenterName": "john"
            },
            "ActionLabel": [
                "user_apartment_inform_start_time",
                "user_apartment_inform_day"
            ]
        },
        {
            "Action": "request_suggestions",
            "Agent": "Wizard",
            "Text": "Is that 2 PM?",
            "UnixTime": 1589479599
        },
        {
            "Action": "utter",
            "Agent": "Wizard",
            "Text": "Is that 2 PM?",
            "UnixTime": 1589479604
        },
        {
            "Action": "utter",
            "Agent": "User",
            "Text": "yes, I don't think I could do it at 2 am. ",
            "UnixTime": 1589479630,
            "PredictedBeliefState": {
                "RenterName": "john",
                "Name": "north hill apartments",
                "Day": "wednesday",
                "StartTimeHour": "2 pm"
            },
            "ActionLabel": [
                "user_bad_label"
            ]
        },
        {
            "Action": "request_suggestions",
            "Agent": "Wizard",
            "Text": "Sorry,I just wanted to be sure. Have you paid the application fee yet?",
            "UnixTime": 1589479664
        },
        {
            "Action": "utter",
            "Agent": "Wizard",
            "Text": "Sorry, I just wanted to be sure. Have you paid the application fee yet?",
            "UnixTime": 1589479673
        },
        {
            "Action": "utter",
            "Agent": "User",
            "Text": "No, I have not. ",
            "UnixTime": 1589479693,
            "PredictedBeliefState": {
                "StartTimeHour": "2 pm",
                "RenterName": "john",
                "ApplicationFeePaid": "no",
                "Name": "north hill apartments",
                "Day": "wednesday"
            },
            "ActionLabel": [
                "user_apartment_inform_fee_paid"
            ]
        },
        {
            "APIName": "apartment_schedule",
            "Action": "query",
            "Agent": "Wizard",
            "Constraints": [
                {
                    "Name": "\"North Hill Apartments\""
                },
                {
                    "RenterName": "\"John\""
                },
                {
                    "Day": "\"Wednesday\""
                },
                {
                    "StartTimeHour": "\"2 pm\""
                },
                {
                    "ApplicationFeePaid": "\"No\""
                },
                {
                    "RequestType": "\"Check\""
                }
            ],
            "UnixTime": 1589479701
        },
        {
            "APIName": "apartment_schedule",
            "Action": "return_item",
            "Agent": "KnowledgeBase",
            "Item": {
                "APIName": "apartment_schedule",
                "Message": "The time slot is available."
            },
            "TotalItems": -1,
            "PredictedBeliefState": {
                "StartTimeHour": "2 pm",
                "RenterName": "john",
                "ApplicationFeePaid": "no",
                "Name": "north hill apartments",
                "Day": "wednesday"
            },
            "ActionLabel": [
                "db_apartment_inform_viewing_available"
            ]
        },
        {
            "Action": "request_suggestions",
            "Agent": "Wizard",
            "PrimaryItem": {
                "APIName": "apartment_schedule",
                "Message": "The time slot is available."
            },
            "Text": "That time is available, ",
            "UnixTime": 1589479716
        },
        {
            "Action": "pick_suggestion",
            "ActionLabel": "apartment_inform_viewing_available",
            "ActionLabelOptions": [
                "apartment_inform_viewing_available",
                "apartment_inform_viewing_unavailable"
            ],
            "Agent": "Wizard",
            "PrimaryItem": {
                "APIName": "apartment_schedule",
                "Message": "The time slot is available."
            },
            "Text": "Great, there is still a viewing available at that time. Would you like me to book it for you?",
            "UnixTime": 1589479719
        },
        {
            "Action": "utter",
            "Agent": "User",
            "Text": "Yes please, ",
            "UnixTime": 1589479735,
            "PredictedBeliefState": {
                "ApplicationFeePaid": "no",
                "RenterName": "john",
                "StartTimeHour": "2 pm",
                "Day": "wednesday",
                "Name": "north hill apartments"
            },
            "ActionLabel": [
                "user_apartment_confirm_booking"
            ]
        },
        {
            "APIName": "apartment_schedule",
            "Action": "query",
            "Agent": "Wizard",
            "Constraints": [
                {
                    "Name": "\"North Hill Apartments\""
                },
                {
                    "RenterName": "\"John\""
                },
                {
                    "Day": "\"Wednesday\""
                },
                {
                    "StartTimeHour": "\"2 pm\""
                },
                {
                    "ApplicationFeePaid": "\"No\""
                },
                {
                    "RequestType": "\"Book\""
                }
            ],
            "PrimaryItem": {
                "APIName": "apartment_schedule",
                "Message": "The time slot is available."
            },
            "UnixTime": 1589479741
        },
        {
            "APIName": "apartment_schedule",
            "Action": "return_item",
            "Agent": "KnowledgeBase",
            "Item": {
                "APIName": "apartment_schedule",
                "Message": "Your apartment viewing has been successfuly scheduled. Please bring Proof of Income and Proof of Income with you."
            },
            "TotalItems": -1,
            "PredictedBeliefState": {
                "ApplicationFeePaid": "no",
                "RenterName": "john",
                "StartTimeHour": "2 pm",
                "Day": "wednesday",
                "Name": "north hill apartments"
            },
            "ActionLabel": [
                "db_apartment_inform_booking_successful"
            ]
        },
        {
            "Action": "request_suggestions",
            "Agent": "Wizard",
            "PrimaryItem": {
                "APIName": "apartment_schedule",
                "Message": "Your apartment viewing has been successfuly scheduled. Please bring Proof of Income and Proof of Income with you."
            },
            "Text": "Your viewing is scheduled",
            "UnixTime": 1589479759
        },
        {
            "Action": "pick_suggestion",
            "ActionLabel": "apartment_inform_booking_successful",
            "ActionLabelOptions": [
                "apartment_inform_booking_successful",
                "apartment_inform_viewing_unavailable"
            ],
            "Agent": "Wizard",
            "PrimaryItem": {
                "APIName": "apartment_schedule",
                "Message": "Your apartment viewing has been successfuly scheduled. Please bring Proof of Income and Proof of Income with you."
            },
            "Text": "Excellent, the viewing is scheduled now!",
            "UnixTime": 1589479763
        },
        {
            "Action": "utter",
            "Agent": "User",
            "Text": "Thanks!",
            "UnixTime": 1589479773,
            "PredictedBeliefState": {
                "Day": "wednesday",
                "StartTimeHour": "2 pm",
                "ApplicationFeePaid": "no",
                "RenterName": "john",
                "Name": "north hill apartments"
            },
            "ActionLabel": [
                "user_bad_label"
            ]
        },
        {
            "Action": "request_suggestions",
            "Agent": "Wizard",
            "PrimaryItem": {
                "APIName": "apartment_schedule",
                "Message": "Your apartment viewing has been successfuly scheduled. Please bring Proof of Income and Proof of Income with you."
            },
            "Text": "You are welcome. Please bring Proof of Income with you to the appointment.",
            "UnixTime": 1589479815
        },
        {
            "Action": "utter",
            "Agent": "Wizard",
            "PrimaryItem": {
                "APIName": "apartment_schedule",
                "Message": "Your apartment viewing has been successfuly scheduled. Please bring Proof of Income and Proof of Income with you."
            },
            "Text": "You are welcome. Please bring Proof of Income with you to the appointment.",
            "UnixTime": 1589479820
        },
        {
            "Action": "complete",
            "Agent": "User",
            "UnixTime": 1589479831
        }
    ],
    "FORMAT-VERSION": 7,
    "IntroducesConflicts": false,
    "Scenario": {
        "Domains": [
            "apartment"
        ],
        "Happy": true,
        "MultiTask": false,
        "UserTask": "You are interested in viewing an apartment. Please schedule a viewing at North Hill Apartments for Wednesday at 2 pm. Your name is John. You have not paid the application fee.",
        "WizardCapabilities": [
            {
                "Domain": "apartment",
                "SchemaImage": "apartment_schedule.jpg",
                "Task": "apartment_schedule"
            }
        ],
        "WizardTask": "Help the user schedule an apartment viewing. "
    },
    "UserQuestionnaire": [
        {
            "Answer": true,
            "Question": "Did the assistant stay calm and helpful throughout the dialogue?"
        }
    ],
    "WizardQuestionnaire": [
        {
            "Answer": false,
            "Question": "Did the user change his/her mind about what he/she wants at any time?"
        },
        {
            "Answer": false,
            "Question": "Did the user become aggressive or annoyed during the dialogue? (Note: some users may be instructed to be annoying.)"
        },
        {
            "Answer": false,
            "Question": "Where you unsure about what to do at any time? (Feel free to send us an email with details.)"
        }
    ]
}