{
    "AnonymizedUserWorkerID": "c06538fc-4352-5d92-9ced-53d9fa54e376",
    "AnonymizedWizardWorkerID": "6ca4ce6b-c601-d2e3-da9b-d5b12a7ad9d7",
    "BatchID": "woz_1589820124",
    "CompletionLevel": "Complete",
    "DialogueID": 2738,
    "Events": [
        {
            "Action": "utter",
            "Agent": "User",
            "Text": "I need a reservation from the 10th - 30th my name is Angela, I want a balcony.",
            "UnixTime": 1589836870,
            "PredictedBeliefState": {
                "StartDate": "10th",
                "CustomerName": "angela",
                "EndDate": "30th",
                "CustomerRequest": "balcony"
            },
            "ActionLabel": [
                "user_hotel_book_inform_start_date",
                "user_hotel_book_inform_name",
                "user_hotel_book_inform_end_date",
                "user_hotel_book_inform_customer_request",
                "user_hotel_book_ask_hotel_book"
            ]
        },
        {
            "Action": "request_suggestions",
            "Agent": "Wizard",
            "Text": "what hotel?",
            "UnixTime": 1589836883
        },
        {
            "Action": "pick_suggestion",
            "ActionLabel": "hotel_ask_hotel",
            "ActionLabelOptions": [
                "hotel_ask_hotel",
                "hotel_reservation_succeeded",
                "out_of_scope"
            ],
            "Agent": "Wizard",
            "Text": "What hotel would you like to stay at?",
            "UnixTime": 1589836885
        },
        {
            "Action": "utter",
            "Agent": "User",
            "Text": "Hyatt",
            "UnixTime": 1589836894,
            "PredictedBeliefState": {
                "EndDate": "30th",
                "CustomerRequest": "balcony",
                "Name": "hyatt hotel",
                "CustomerName": "angela",
                "StartDate": "10th"
            },
            "ActionLabel": [
                "user_hotel_book_inform_hotel_name"
            ]
        },
        {
            "APIName": "hotel_book",
            "Action": "query",
            "Agent": "Wizard",
            "Constraints": [
                {
                    "Name": "\"Hyatt Hotel\""
                },
                {
                    "StartDate": "\"10th\""
                },
                {
                    "EndDate": "\"30th\""
                },
                {
                    "CustomerName": "\"Angela\""
                },
                {
                    "RequestType": "\"Check\""
                }
            ],
            "UnixTime": 1589836917
        },
        {
            "APIName": "hotel_book",
            "Action": "return_item",
            "Agent": "KnowledgeBase",
            "Item": {
                "APIName": "hotel_book",
                "HotelName": "Hyatt Hotel",
                "Message": "Unavailable"
            },
            "TotalItems": -1,
            "PredictedBeliefState": {
                "EndDate": "30th",
                "CustomerRequest": "balcony",
                "Name": "hyatt hotel",
                "CustomerName": "angela",
                "StartDate": "10th"
            },
            "ActionLabel": [
                "db_hotel_unavailable"
            ]
        },
        {
            "Action": "request_suggestions",
            "Agent": "Wizard",
            "PrimaryItem": {
                "APIName": "hotel_book",
                "HotelName": "Hyatt Hotel",
                "Message": "Unavailable"
            },
            "Text": "unavailable",
            "UnixTime": 1589836921
        },
        {
            "Action": "pick_suggestion",
            "ActionLabel": "hotel_unavailable",
            "ActionLabelOptions": [
                "hotel_unavailable",
                "hotel_ask_hotel",
                "goodbye_1"
            ],
            "Agent": "Wizard",
            "PrimaryItem": {
                "APIName": "hotel_book",
                "HotelName": "Hyatt Hotel",
                "Message": "Unavailable"
            },
            "Text": "I'm very sorry, but there is no room available at the Hyatt Hotel for your requested dates.",
            "UnixTime": 1589836923
        },
        {
            "Action": "complete",
            "Agent": "User",
            "UnixTime": 1589836931
        }
    ],
    "FORMAT-VERSION": 7,
    "IntroducesConflicts": false,
    "Scenario": {
        "Domains": [
            "hotel"
        ],
        "Happy": true,
        "MultiTask": false,
        "UserTask": "Make a reservation at Hyatt Hotel from May 10th to 30th. Your name is Angela. Please request a balcony. It is ok if the room is not available - just say goodbye in this case.",
        "WizardCapabilities": [
            {
                "Domain": "hotel",
                "SchemaImage": "hotel_book.jpg",
                "Task": "hotel_book"
            }
        ],
        "WizardTask": "Help the user reserve a hotel room. "
    },
    "UserQuestionnaire": [
        {
            "Answer": false,
            "Question": "Did the assistant reserve your hotel?"
        },
        {
            "Answer": true,
            "Question": "Did the assistant stay calm and helpful throughout the dialogue?"
        }
    ],
    "WizardQuestionnaire": [
        {
            "Answer": false,
            "Question": "Did the user change his/her mind about what he/she wants at any time?"
        },
        {
            "Answer": false,
            "Question": "Did the user become aggressive or annoyed during the dialogue? (Note: some users may be instructed to be annoying.)"
        },
        {
            "Answer": false,
            "Question": "Where you unsure about what to do at any time? (Feel free to send us an email with details.)"
        }
    ]
}