{
    "AnonymizedUserWorkerID": "b8e9d13e-db00-c4b4-20c8-8c6c87cbd119",
    "AnonymizedWizardWorkerID": "9f92fdec-85bc-1130-d832-fefd9dcb8b02",
    "BatchID": "woz_1589813315",
    "CompletionLevel": "Complete",
    "DialogueID": 2747,
    "Events": [
        {
            "Action": "instruct",
            "Agent": "UserGuide",
            "Text": "Say hallo to the AI Assistant. [instruction 1 of 6]",
            "UnixTime": 1589813826
        },
        {
            "Action": "utter",
            "Agent": "User",
            "Text": "hello",
            "UnixTime": 1589813840,
            "PredictedBeliefState": {},
            "ActionLabel": [
                "user_hello"
            ]
        },
        {
            "Action": "request_suggestions",
            "Agent": "Wizard",
            "Text": "Hello, How can I help you today?",
            "UnixTime": 1589813862
        },
        {
            "Action": "pick_suggestion",
            "ActionLabel": "hello",
            "ActionLabelOptions": [
                "hello",
                "apartment_ask_day",
                "out_of_scope"
            ],
            "Agent": "Wizard",
            "Text": "Hello, how can I help?",
            "UnixTime": 1589813865
        },
        {
            "Action": "utter",
            "Agent": "User",
            "Text": "I am interested in viewing an apartment. Please schedule a viewing at One on Center Apartments for Friday at 10 pm.",
            "UnixTime": 1589813882,
            "PredictedBeliefState": {
                "Name": "one on center apartments",
                "Day": "friday",
                "StartTimeHour": "10 pm"
            },
            "ActionLabel": [
                "user_apartment_inform_apartment_name",
                "user_apartment_inform_day",
                "user_apartment_inform_start_time",
                "user_apartment_ask_apartment"
            ]
        },
        {
            "Action": "instruct",
            "Agent": "UserGuide",
            "Text": "You suddenly remember that you have a friend's wedding on Friday at 10 pm. [instruction 2 of 6]",
            "UnixTime": 1589813882
        },
        {
            "Action": "request_suggestions",
            "Agent": "Wizard",
            "Text": "name",
            "UnixTime": 1589813896
        },
        {
            "Action": "pick_suggestion",
            "ActionLabel": "ask_name",
            "ActionLabelOptions": [
                "ask_name",
                "apartment_ask_start_time",
                "apartment_ask_apartment_name"
            ],
            "Agent": "Wizard",
            "Text": "Could you give me your name, please?",
            "UnixTime": 1589813898
        },
        {
            "Action": "utter",
            "Agent": "User",
            "Text": "Ben",
            "UnixTime": 1589813911,
            "PredictedBeliefState": {
                "StartTimeHour": "10 pm",
                "Name": "one on center apartments",
                "RenterName": "ben",
                "Day": "friday"
            },
            "ActionLabel": [
                "user_apartment_inform_name"
            ]
        },
        {
            "Action": "instruct",
            "Agent": "UserGuide",
            "Text": "Ask something about the apartment, or engage in smalltalk, or make a joke. [instruction 3 of 6]",
            "UnixTime": 1589813911
        },
        {
            "Action": "request_suggestions",
            "Agent": "Wizard",
            "Text": "fee",
            "UnixTime": 1589813921
        },
        {
            "Action": "pick_suggestion",
            "ActionLabel": "apartment_ask_application_fee_paid",
            "ActionLabelOptions": [
                "apartment_inform_viewing_available",
                "apartment_ask_application_fee_paid",
                "out_of_scope"
            ],
            "Agent": "Wizard",
            "Text": "Have you already paid the application fee for the apartment?",
            "UnixTime": 1589813924
        },
        {
            "Action": "utter",
            "Agent": "User",
            "Text": "I dont remember",
            "UnixTime": 1589813934,
            "PredictedBeliefState": {
                "StartTimeHour": "10 pm",
                "Name": "one on center apartments",
                "RenterName": "ben",
                "Day": "friday",
                "ApplicationFeePaid": "no"
            },
            "ActionLabel": [
                "user_apartment_inform_fee_paid"
            ]
        },
        {
            "Action": "instruct",
            "Agent": "UserGuide",
            "Text": "You cannot remember if you had payed the application fee. Find a way to make an appointment anyway. If no date is available, change date and/or time until something works. If you already got the appointment, engage in smalltalk. [instruction 4 of 6]",
            "UnixTime": 1589813934
        },
        {
            "Action": "request_suggestions",
            "Agent": "Wizard",
            "Text": "I'll mark that down as a no for now and if you find proof of payment we can change it later. Would you like to leave a note for the leasing agent to see?",
            "UnixTime": 1589813998
        },
        {
            "Action": "utter",
            "Agent": "Wizard",
            "Text": "I'll mark that down as a no for now and if you find proof of payment we can change it later. Would you like to leave a note for the leasing agent to see?",
            "UnixTime": 1589814003
        },
        {
            "Action": "utter",
            "Agent": "User",
            "Text": "no but can we change it to Sunday ? I have a wedding on Fri",
            "UnixTime": 1589814032,
            "PredictedBeliefState": {
                "ApplicationFeePaid": "no",
                "Day": "sunday",
                "StartTimeHour": "10 pm",
                "RenterName": "ben",
                "Name": "one on center apartments"
            },
            "ActionLabel": [
                "user_apartment_inform_day"
            ]
        },
        {
            "Action": "instruct",
            "Agent": "UserGuide",
            "Text": "Once you've scheduled the viewing, say something about your friend's wedding. [instruction 5 of 6]",
            "UnixTime": 1589814032
        },
        {
            "APIName": "apartment_schedule",
            "Action": "query",
            "Agent": "Wizard",
            "Constraints": [
                {
                    "Name": "api.is_equal_to(\"One on Center Apartments\")"
                },
                {
                    "RenterName": "\"Ben\""
                },
                {
                    "Day": "\"Sunday\""
                },
                {
                    "StartTimeHour": "\"10 pm\""
                },
                {
                    "ApplicationFeePaid": "\"No\""
                },
                {
                    "RequestType": "\"Check\""
                }
            ],
            "UnixTime": 1589814060
        },
        {
            "APIName": "apartment_schedule",
            "Action": "return_item",
            "Agent": "KnowledgeBase",
            "Item": {
                "APIName": "apartment_schedule",
                "Message": "The time slot is available."
            },
            "TotalItems": -1,
            "PredictedBeliefState": {
                "ApplicationFeePaid": "no",
                "Day": "sunday",
                "StartTimeHour": "10 pm",
                "RenterName": "ben",
                "Name": "one on center apartments"
            },
            "ActionLabel": [
                "db_apartment_inform_viewing_available"
            ]
        },
        {
            "Action": "request_suggestions",
            "Agent": "Wizard",
            "PrimaryItem": {
                "APIName": "apartment_schedule",
                "Message": "The time slot is available."
            },
            "Text": "is available",
            "UnixTime": 1589814070
        },
        {
            "Action": "pick_suggestion",
            "ActionLabel": "apartment_inform_viewing_available",
            "ActionLabelOptions": [
                "apartment_inform_viewing_available",
                "goodbye_2",
                "ask_name"
            ],
            "Agent": "Wizard",
            "PrimaryItem": {
                "APIName": "apartment_schedule",
                "Message": "The time slot is available."
            },
            "Text": "Great, there is still a viewing available at that time. Would you like me to book it for you?",
            "UnixTime": 1589814076
        },
        {
            "Action": "utter",
            "Agent": "User",
            "Text": "I hope they are nice places with no bugs",
            "UnixTime": 1589814105,
            "PredictedBeliefState": {
                "Name": "one on center apartments",
                "Day": "sunday",
                "ApplicationFeePaid": "no",
                "StartTimeHour": "10 pm",
                "RenterName": "ben"
            },
            "ActionLabel": [
                "user_bad_label"
            ]
        },
        {
            "Action": "instruct",
            "Agent": "UserGuide",
            "Text": "When you are done with all the instructions, bring the conversation to a natural close.  [instruction 6 of 6]",
            "UnixTime": 1589814105
        },
        {
            "Action": "request_suggestions",
            "Agent": "Wizard",
            "PrimaryItem": {
                "APIName": "apartment_schedule",
                "Message": "The time slot is available."
            },
            "Text": "It is a very well reviewed building, I don't think you'll have any issues. Would you like me to book the Sunday appointment for you?",
            "UnixTime": 1589814149
        },
        {
            "Action": "utter",
            "Agent": "Wizard",
            "PrimaryItem": {
                "APIName": "apartment_schedule",
                "Message": "The time slot is available."
            },
            "Text": "It is a very well reviewed building, I don't think you'll have any issues. Would you like me to book the Sunday appointment for you?",
            "UnixTime": 1589814152
        },
        {
            "Action": "utter",
            "Agent": "User",
            "Text": "Yes you can. The wedding will be in paris",
            "UnixTime": 1589814182,
            "PredictedBeliefState": {
                "StartTimeHour": "10 pm",
                "Day": "sunday",
                "RenterName": "ben",
                "Name": "one on center apartments",
                "ApplicationFeePaid": "no"
            },
            "ActionLabel": [
                "user_apartment_confirm_booking"
            ]
        },
        {
            "APIName": "apartment_schedule",
            "Action": "query",
            "Agent": "Wizard",
            "Constraints": [
                {
                    "Name": "api.is_equal_to(\"One on Center Apartments\")"
                },
                {
                    "RenterName": "\"Ben\""
                },
                {
                    "Day": "\"Sunday\""
                },
                {
                    "StartTimeHour": "\"10 pm\""
                },
                {
                    "ApplicationFeePaid": "\"No\""
                },
                {
                    "RequestType": "\"Book\""
                }
            ],
            "PrimaryItem": {
                "APIName": "apartment_schedule",
                "Message": "The time slot is available."
            },
            "UnixTime": 1589814195
        },
        {
            "APIName": "apartment_schedule",
            "Action": "return_item",
            "Agent": "KnowledgeBase",
            "Item": {
                "APIName": "apartment_schedule",
                "Message": "Your apartment viewing has been successfuly scheduled. Please bring SCHUFA certificate and Proof of Income with you."
            },
            "TotalItems": -1,
            "PredictedBeliefState": {
                "StartTimeHour": "10 pm",
                "Day": "sunday",
                "RenterName": "ben",
                "Name": "one on center apartments",
                "ApplicationFeePaid": "no"
            },
            "ActionLabel": [
                "db_apartment_inform_booking_successful"
            ]
        },
        {
            "Action": "request_suggestions",
            "Agent": "Wizard",
            "PrimaryItem": {
                "APIName": "apartment_schedule",
                "Message": "Your apartment viewing has been successfuly scheduled. Please bring SCHUFA certificate and Proof of Income with you."
            },
            "Text": "all scheduled",
            "UnixTime": 1589814207
        },
        {
            "Action": "pick_suggestion",
            "ActionLabel": "apartment_inform_booking_successful",
            "ActionLabelOptions": [
                "apartment_inform_booking_successful",
                "apartment_ask_start_time",
                "apartment_inform_viewing_unavailable"
            ],
            "Agent": "Wizard",
            "PrimaryItem": {
                "APIName": "apartment_schedule",
                "Message": "Your apartment viewing has been successfuly scheduled. Please bring SCHUFA certificate and Proof of Income with you."
            },
            "Text": "Excellent, the viewing is scheduled now!",
            "UnixTime": 1589814209
        },
        {
            "Action": "complete",
            "Agent": "User",
            "UnixTime": 1589814220
        }
    ],
    "FORMAT-VERSION": 7,
    "IntroducesConflicts": false,
    "Scenario": {
        "Domains": [
            "apartment"
        ],
        "Happy": false,
        "MultiTask": false,
        "UserTask": "You are interested in viewing an apartment. Please schedule a viewing at One on Center Apartments for Friday at 10 pm. Your name is Ben. You cannot remember if you had payed the application fee. ",
        "WizardCapabilities": [
            {
                "Domain": "apartment",
                "SchemaImage": "apartment_schedule.jpg",
                "Task": "apartment_schedule"
            }
        ],
        "WizardTask": "Help the user schedule an apartment viewing."
    },
    "UserQuestionnaire": [
        {
            "Answer": true,
            "Question": "Did the assistant stay calm and helpful throughout the dialogue?"
        }
    ],
    "WizardQuestionnaire": [
        {
            "Answer": true,
            "Question": "Did the user change his/her mind about what he/she wants at any time?"
        },
        {
            "Answer": false,
            "Question": "Did the user become aggressive or annoyed during the dialogue? (Note: some users may be instructed to be annoying.)"
        },
        {
            "Answer": false,
            "Question": "Where you unsure about what to do at any time? (Feel free to send us an email with details.)"
        }
    ]
}