{
    "AnonymizedUserWorkerID": "3edcce52-bbdf-48d8-3d95-d45dad2e0182",
    "AnonymizedWizardWorkerID": "dafaf3b5-ecb1-93eb-584e-3238e912182c",
    "BatchID": "woz_1589458635",
    "CompletionLevel": "Complete",
    "DialogueID": 276,
    "Events": [
        {
            "Action": "instruct",
            "Agent": "UserGuide",
            "Text": "Talk to your AI assistant to see what the weather will be like tomorrow. (Today is Saturday and you are in Detroit) [instruction 1 of 5]",
            "UnixTime": 1589470101
        },
        {
            "Action": "utter",
            "Agent": "User",
            "Text": "what will the weather be like in Detroit tomorrow?",
            "UnixTime": 1589470141,
            "PredictedBeliefState": {
                "City": "detroit",
                "Day": "monday"
            },
            "ActionLabel": [
                "user_weather_inform_city",
                "user_weather_inform_day",
                "user_weather_ask_weather"
            ]
        },
        {
            "Action": "instruct",
            "Agent": "UserGuide",
            "Text": "If the weather is 'bad', figure out when it'll be nice again, and vice versa. [instruction 2 of 5]",
            "UnixTime": 1589470141
        },
        {
            "Action": "request_suggestions",
            "Agent": "Wizard",
            "Text": "Day",
            "UnixTime": 1589470157
        },
        {
            "Action": "pick_suggestion",
            "ActionLabel": "weather_ask_day",
            "ActionLabelOptions": [
                "weather_ask_day",
                "goodbye_1"
            ],
            "Agent": "Wizard",
            "Text": "For what day would you like the weather forecast?",
            "UnixTime": 1589470160
        },
        {
            "Action": "utter",
            "Agent": "User",
            "Text": "Tomorrow (SUnday), today is saturday. ",
            "UnixTime": 1589470237,
            "PredictedBeliefState": {
                "Day": "sunday",
                "City": "detroit"
            },
            "ActionLabel": [
                "user_weather_inform_day"
            ]
        },
        {
            "Action": "instruct",
            "Agent": "UserGuide",
            "Text": "If you've figured it out already, try to engage the assistant in some small talk. [instruction 3 of 5]",
            "UnixTime": 1589470237
        },
        {
            "APIName": "weather",
            "Action": "query",
            "Agent": "Wizard",
            "Constraints": [
                {
                    "Day": "api.is_equal_to(\"Sunday\")"
                },
                {
                    "City": "\"Detroit\""
                }
            ],
            "UnixTime": 1589470240
        },
        {
            "APIName": "weather",
            "Action": "return_item",
            "Agent": "KnowledgeBase",
            "Item": {
                "APIName": "weather",
                "City": "Detroit",
                "Day": "Sunday",
                "TemperatureCelsius": 8,
                "Weather": "Snowing",
                "id": 878
            },
            "TotalItems": -1,
            "PredictedBeliefState": {
                "Day": "sunday",
                "City": "detroit"
            },
            "ActionLabel": [
                "db_inform_forecast"
            ]
        },
        {
            "Action": "request_suggestions",
            "Agent": "Wizard",
            "PrimaryItem": {
                "APIName": "weather",
                "City": "Detroit",
                "Day": "Sunday",
                "TemperatureCelsius": 8,
                "Weather": "Snowing",
                "id": 878
            },
            "Text": "It will be 8 degrees and snowing",
            "UnixTime": 1589470252
        },
        {
            "Action": "pick_suggestion",
            "ActionLabel": "weather_inform_forecast",
            "ActionLabelOptions": [
                "weather_inform_forecast",
                "goodbye_1"
            ],
            "Agent": "Wizard",
            "PrimaryItem": {
                "APIName": "weather",
                "City": "Detroit",
                "Day": "Sunday",
                "TemperatureCelsius": 8,
                "Weather": "Snowing",
                "id": 878
            },
            "Text": "It will be Snowing all day on Sunday in Detroit, with temperatures of around 8 degrees celsius.",
            "UnixTime": 1589470254
        },
        {
            "Action": "utter",
            "Agent": "User",
            "Text": "oh wow! terrible! when will it be nice again in detroit?",
            "UnixTime": 1589470275,
            "PredictedBeliefState": {
                "City": "detroit",
                "Day": "sunday",
                "Weather": "sunny"
            },
            "ActionLabel": []
        },
        {
            "Action": "instruct",
            "Agent": "UserGuide",
            "Text": "Now compare tomorrow's weather in Detroit to the weather in San Francisco. [instruction 4 of 5]",
            "UnixTime": 1589470275
        },
        {
            "APIName": "weather",
            "Action": "query",
            "Agent": "Wizard",
            "Constraints": [
                {
                    "Day": "\"Monday\""
                },
                {
                    "City": "\"Detroit\""
                }
            ],
            "PrimaryItem": {
                "APIName": "weather",
                "City": "Detroit",
                "Day": "Sunday",
                "TemperatureCelsius": 8,
                "Weather": "Snowing",
                "id": 878
            },
            "UnixTime": 1589470282
        },
        {
            "APIName": "weather",
            "Action": "return_item",
            "Agent": "KnowledgeBase",
            "Item": {
                "APIName": "weather",
                "City": "Detroit",
                "Day": "Monday",
                "TemperatureCelsius": 21,
                "Weather": "Sunny",
                "id": 406
            },
            "TotalItems": -1,
            "PredictedBeliefState": {
                "City": "detroit",
                "Day": "sunday",
                "Weather": "sunny"
            },
            "ActionLabel": [
                "db_inform_forecast"
            ]
        },
        {
            "Action": "request_suggestions",
            "Agent": "Wizard",
            "PrimaryItem": {
                "APIName": "weather",
                "City": "Detroit",
                "Day": "Monday",
                "TemperatureCelsius": 21,
                "Weather": "Sunny",
                "id": 406
            },
            "Text": "Sunny and 21 on Monday",
            "UnixTime": 1589470293
        },
        {
            "Action": "pick_suggestion",
            "ActionLabel": "weather_inform_forecast",
            "ActionLabelOptions": [
                "weather_inform_forecast",
                "weather_ask_day"
            ],
            "Agent": "Wizard",
            "PrimaryItem": {
                "APIName": "weather",
                "City": "Detroit",
                "Day": "Monday",
                "TemperatureCelsius": 21,
                "Weather": "Sunny",
                "id": 406
            },
            "Text": "It will be Sunny all day on Monday in Detroit, with temperatures of around 21 degrees celsius.",
            "UnixTime": 1589470296
        },
        {
            "Action": "utter",
            "Agent": "User",
            "Text": "What will the weather be like tomororw in san francisco?",
            "UnixTime": 1589470332,
            "PredictedBeliefState": {
                "City": "san francisco",
                "Day": "sunday",
                "Weather": "sunny"
            },
            "ActionLabel": [
                "user_weather_inform_city"
            ]
        },
        {
            "Action": "instruct",
            "Agent": "UserGuide",
            "Text": "Once you know when the weather will change (as described before), you can end the conversation. [instruction 5 of 5]",
            "UnixTime": 1589470332
        },
        {
            "APIName": "weather",
            "Action": "query",
            "Agent": "Wizard",
            "Constraints": [
                {
                    "Day": "\"Sunday\""
                },
                {
                    "City": "\"San Francisco\""
                }
            ],
            "PrimaryItem": {
                "APIName": "weather",
                "City": "Detroit",
                "Day": "Monday",
                "TemperatureCelsius": 21,
                "Weather": "Sunny",
                "id": 406
            },
            "UnixTime": 1589470341
        },
        {
            "APIName": "weather",
            "Action": "return_item",
            "Agent": "KnowledgeBase",
            "Item": {
                "APIName": "weather",
                "City": "San Francisco",
                "Day": "Sunday",
                "TemperatureCelsius": 9,
                "Weather": "Cloudy",
                "id": 33
            },
            "TotalItems": -1,
            "PredictedBeliefState": {
                "City": "san francisco",
                "Day": "sunday",
                "Weather": "sunny"
            },
            "ActionLabel": [
                "db_inform_forecast"
            ]
        },
        {
            "Action": "request_suggestions",
            "Agent": "Wizard",
            "PrimaryItem": {
                "APIName": "weather",
                "City": "San Francisco",
                "Day": "Sunday",
                "TemperatureCelsius": 9,
                "Weather": "Cloudy",
                "id": 33
            },
            "Text": "cloudy and 9 degrees",
            "UnixTime": 1589470349
        },
        {
            "Action": "pick_suggestion",
            "ActionLabel": "weather_inform_forecast",
            "ActionLabelOptions": [
                "weather_inform_forecast",
                "hello"
            ],
            "Agent": "Wizard",
            "PrimaryItem": {
                "APIName": "weather",
                "City": "San Francisco",
                "Day": "Sunday",
                "TemperatureCelsius": 9,
                "Weather": "Cloudy",
                "id": 33
            },
            "Text": "It will be Cloudy all day on Sunday in San Francisco, with temperatures of around 9 degrees celsius.",
            "UnixTime": 1589470351
        },
        {
            "Action": "utter",
            "Agent": "User",
            "Text": "Guess i'll stay in Detroit. Have a good day!",
            "UnixTime": 1589470391,
            "PredictedBeliefState": {
                "City": "san francisco",
                "Day": "sunday",
                "Weather": "sunny"
            },
            "ActionLabel": [
                "user_weather_thanks"
            ]
        },
        {
            "Action": "request_suggestions",
            "Agent": "Wizard",
            "PrimaryItem": {
                "APIName": "weather",
                "City": "San Francisco",
                "Day": "Sunday",
                "TemperatureCelsius": 9,
                "Weather": "Cloudy",
                "id": 33
            },
            "Text": "anything",
            "UnixTime": 1589470397
        },
        {
            "Action": "pick_suggestion",
            "ActionLabel": "anything_else",
            "ActionLabelOptions": [
                "hello",
                "anything_else"
            ],
            "Agent": "Wizard",
            "PrimaryItem": {
                "APIName": "weather",
                "City": "San Francisco",
                "Day": "Sunday",
                "TemperatureCelsius": 9,
                "Weather": "Cloudy",
                "id": 33
            },
            "Text": "Is there anything else that I can do for you?",
            "UnixTime": 1589470400
        },
        {
            "Action": "complete",
            "Agent": "User",
            "UnixTime": 1589470505
        }
    ],
    "FORMAT-VERSION": 7,
    "IntroducesConflicts": true,
    "Scenario": {
        "Domains": [
            "weather"
        ],
        "Happy": false,
        "MultiTask": false,
        "UserTask": "Follow the instructions and comments of the MTurk System bot (darker yellow boxes in the dialogue). Do not end the dialogue before the MTurk System bot (not the assistant) has told you to do so. ",
        "WizardCapabilities": [
            {
                "Domain": "weather",
                "SchemaImage": "weather.jpg",
                "Task": "weather"
            }
        ],
        "WizardTask": "Follow the flow charts and help the user. Some facts you should be aware of: \n\n* Today is Saturday\n* The user lives in Detroit"
    },
    "UserQuestionnaire": [
        {
            "Answer": true,
            "Question": "Did the assistant stay calm and helpful throughout the dialogue?"
        }
    ],
    "WizardQuestionnaire": [
        {
            "Answer": true,
            "Question": "Did the user change his/her mind about what he/she wants at any time?"
        },
        {
            "Answer": false,
            "Question": "Did the user become aggressive or annoyed during the dialogue? (Note: some users may be instructed to be annoying.)"
        },
        {
            "Answer": false,
            "Question": "Where you unsure about what to do at any time? (Feel free to send us an email with details.)"
        }
    ]
}