{
    "AnonymizedUserWorkerID": "804d857e-47ad-db37-19b1-ecdd331f0a69",
    "AnonymizedWizardWorkerID": "ac9c2dc2-a643-8ec0-d96c-1bc923b2777f",
    "BatchID": "woz_1589554725",
    "CompletionLevel": "Complete",
    "DialogueID": 2784,
    "Events": [
        {
            "Action": "utter",
            "Agent": "User",
            "Text": "hello, I need a ride",
            "UnixTime": 1589579765,
            "PredictedBeliefState": {},
            "ActionLabel": [
                "user_bad_label"
            ]
        },
        {
            "Action": "request_suggestions",
            "Agent": "Wizard",
            "Text": "Your name, departure and arrival location",
            "UnixTime": 1589579787
        },
        {
            "Action": "utter",
            "Agent": "Wizard",
            "Text": "Your name, departure and arrival location",
            "UnixTime": 1589579798
        },
        {
            "Action": "utter",
            "Agent": "User",
            "Text": "My name is Ben.  I am currently at Forbes and Murray.",
            "UnixTime": 1589579826,
            "PredictedBeliefState": {
                "DepartureLocation": "forbes and murray",
                "CustomerName": "ben"
            },
            "ActionLabel": [
                "user_ride_book_inform_departure_location",
                "user_ride_book_inform_name",
                "user_bad_label"
            ]
        },
        {
            "Action": "instruct",
            "Agent": "UserGuide",
            "Text": "You remember, last time your driver was Alex and he got lost and you ended up missing an important appointment. Make sure you get another driver this time. [instruction 1 of 3]",
            "UnixTime": 1589579826
        },
        {
            "Action": "request_suggestions",
            "Agent": "Wizard",
            "Text": "Destination ",
            "UnixTime": 1589579851
        },
        {
            "Action": "utter",
            "Agent": "Wizard",
            "Text": "Destination?",
            "UnixTime": 1589579860
        },
        {
            "Action": "utter",
            "Agent": "User",
            "Text": "I need to go to the Airport.  The driver I had last time got lost.  Make sure  it is not Alex.",
            "UnixTime": 1589579893,
            "PredictedBeliefState": {
                "DepartureLocation": "forbes and murray",
                "CustomerName": "ben",
                "ArrivalLocation": "airport"
            },
            "ActionLabel": [
                "user_ride_book_inform_destination",
                "user_bad_label"
            ]
        },
        {
            "Action": "instruct",
            "Agent": "UserGuide",
            "Text": "You forgot that your friend told you to meet at the BrewLab cafe at Hospital not Airport. Tell the assistant you want a ride to Hospital. [instruction 2 of 3]",
            "UnixTime": 1589579893
        },
        {
            "APIName": "ride_book",
            "Action": "query",
            "Agent": "Wizard",
            "Constraints": [
                {
                    "CustomerName": "\"Ben\""
                },
                {
                    "DepartureLocation": "\"Forbes and Murray \""
                },
                {
                    "ArrivalLocation": "\"Airport \""
                },
                {
                    "RequestType": "\"Book\""
                }
            ],
            "UnixTime": 1589579949
        },
        {
            "APIName": "ride_book",
            "Action": "return_item",
            "Agent": "KnowledgeBase",
            "Item": {
                "APIName": "ride_book",
                "Message": "Ride booked."
            },
            "TotalItems": -1,
            "PredictedBeliefState": {
                "DepartureLocation": "forbes and murray",
                "CustomerName": "ben",
                "ArrivalLocation": "airport"
            },
            "ActionLabel": [
                "result_bad_label"
            ]
        },
        {
            "Action": "request_suggestions",
            "Agent": "Wizard",
            "PrimaryItem": {
                "APIName": "ride_book",
                "Message": "Ride booked."
            },
            "Text": "Booked",
            "UnixTime": 1589579957
        },
        {
            "Action": "pick_suggestion",
            "ActionLabel": "custom",
            "ActionLabelOptions": [
                "custom"
            ],
            "Agent": "Wizard",
            "PrimaryItem": {
                "APIName": "ride_book",
                "Message": "Ride booked."
            },
            "Text": "Booked",
            "UnixTime": 1589579962
        },
        {
            "Action": "utter",
            "Agent": "User",
            "Text": "sorry, I have a change of plan.",
            "UnixTime": 1589579981,
            "PredictedBeliefState": {
                "DepartureLocation": "forbes and murray",
                "CustomerName": "ben",
                "ArrivalLocation": "airport"
            },
            "ActionLabel": [
                "user_bad_label"
            ]
        },
        {
            "Action": "instruct",
            "Agent": "UserGuide",
            "Text": "You are a big fan of classy European cars. Ask for the car to be a BMW. [instruction 3 of 3]",
            "UnixTime": 1589579981
        },
        {
            "Action": "request_suggestions",
            "Agent": "Wizard",
            "PrimaryItem": {
                "APIName": "ride_book",
                "Message": "Ride booked."
            },
            "Text": "What's that",
            "UnixTime": 1589579991
        },
        {
            "Action": "pick_suggestion",
            "ActionLabel": "ride_ask_destination",
            "ActionLabelOptions": [
                "out_of_scope",
                "hello",
                "ride_ask_destination"
            ],
            "Agent": "Wizard",
            "PrimaryItem": {
                "APIName": "ride_book",
                "Message": "Ride booked."
            },
            "Text": "Alright, where do you want to go?",
            "UnixTime": 1589579996
        },
        {
            "Action": "utter",
            "Agent": "User",
            "Text": "I need to go to the BrewLab at the Hospital.  My friend thinks big European cars are cool. Can I get something fancy? ",
            "UnixTime": 1589580053,
            "PredictedBeliefState": {
                "ArrivalLocation": "brewlab",
                "DepartureLocation": "forbes and murray",
                "CarModel": "bmw",
                "CustomerName": "ben"
            },
            "ActionLabel": [
                "user_ride_book_inform_destination",
                "user_ride_book_ask_ride_book"
            ]
        },
        {
            "APIName": "ride_book",
            "Action": "query",
            "Agent": "Wizard",
            "Constraints": [
                {
                    "CustomerName": "\"Ben\""
                },
                {
                    "DepartureLocation": "\"Forbes and Murray \""
                },
                {
                    "ArrivalLocation": "\"Brewlab at the hospital \""
                },
                {
                    "RequestType": "\"Book\""
                }
            ],
            "PrimaryItem": {
                "APIName": "ride_book",
                "Message": "Ride booked."
            },
            "UnixTime": 1589580081
        },
        {
            "APIName": "ride_book",
            "Action": "return_item",
            "Agent": "KnowledgeBase",
            "Item": {
                "APIName": "ride_book",
                "Message": "Ride booked."
            },
            "TotalItems": -1,
            "PredictedBeliefState": {
                "ArrivalLocation": "brewlab",
                "DepartureLocation": "forbes and murray",
                "CarModel": "bmw",
                "CustomerName": "ben"
            },
            "ActionLabel": [
                "result_bad_label"
            ]
        },
        {
            "Action": "request_suggestions",
            "Agent": "Wizard",
            "PrimaryItem": {
                "APIName": "ride_book",
                "Message": "Ride booked."
            },
            "Text": "Booked",
            "UnixTime": 1589580089
        },
        {
            "Action": "pick_suggestion",
            "ActionLabel": "custom",
            "ActionLabelOptions": [
                "custom"
            ],
            "Agent": "Wizard",
            "PrimaryItem": {
                "APIName": "ride_book",
                "Message": "Ride booked."
            },
            "Text": "Booked",
            "UnixTime": 1589580096
        },
        {
            "Action": "utter",
            "Agent": "User",
            "Text": "Is the car a BMW?",
            "UnixTime": 1589580111,
            "PredictedBeliefState": {
                "DepartureLocation": "forbes and murray",
                "CustomerName": "ben",
                "ArrivalLocation": "brewlab",
                "CarModel": "bmw"
            },
            "ActionLabel": [
                "user_bad_label"
            ]
        },
        {
            "APIName": "ride_book",
            "Action": "query",
            "Agent": "Wizard",
            "Constraints": [
                {
                    "CustomerName": "\"Ben\""
                },
                {
                    "DepartureLocation": "\"Forbes and Murray \""
                },
                {
                    "ArrivalLocation": "\"Brewlab at the hospital \""
                },
                {
                    "RequestType": "\"Book\""
                },
                {
                    "CarModel": "\"BMW\""
                }
            ],
            "PrimaryItem": {
                "APIName": "ride_book",
                "Message": "Ride booked."
            },
            "UnixTime": 1589580128
        },
        {
            "APIName": "ride_book",
            "Action": "return_item",
            "Agent": "KnowledgeBase",
            "Item": {
                "APIName": "ride_book",
                "Message": "Ride booked."
            },
            "TotalItems": -1,
            "PredictedBeliefState": {
                "DepartureLocation": "forbes and murray",
                "CustomerName": "ben",
                "ArrivalLocation": "brewlab",
                "CarModel": "bmw"
            },
            "ActionLabel": [
                "result_bad_label"
            ]
        },
        {
            "Action": "request_suggestions",
            "Agent": "Wizard",
            "PrimaryItem": {
                "APIName": "ride_book",
                "Message": "Ride booked."
            },
            "Text": "BMW booked",
            "UnixTime": 1589580138
        },
        {
            "Action": "pick_suggestion",
            "ActionLabel": "custom",
            "ActionLabelOptions": [
                "custom"
            ],
            "Agent": "Wizard",
            "PrimaryItem": {
                "APIName": "ride_book",
                "Message": "Ride booked."
            },
            "Text": "BMW booked",
            "UnixTime": 1589580142
        },
        {
            "Action": "complete",
            "Agent": "User",
            "UnixTime": 1589580147
        }
    ],
    "FORMAT-VERSION": 7,
    "IntroducesConflicts": true,
    "Scenario": {
        "Domains": [
            "ride"
        ],
        "Happy": false,
        "MultiTask": false,
        "UserTask": "You want a ride from 'Forbes and Murray' to 'Airport'. Your name is Ben.",
        "WizardCapabilities": [
            {
                "Domain": "ride",
                "SchemaImage": "ride_book.jpg",
                "Task": "ride_book"
            }
        ],
        "WizardTask": "Help the user book a ride. (You can find the video tutorial under https://youtu.be/USrWF1ZyNWw, in case you want to watch it again.)"
    },
    "UserQuestionnaire": [
        {
            "Answer": true,
            "Question": "Did the assistant find you a suitable ride?"
        },
        {
            "Answer": true,
            "Question": "Did the assistant stay calm and helpful throughout the dialogue?"
        }
    ],
    "WizardQuestionnaire": [
        {
            "Answer": false,
            "Question": "Did the user change his/her mind about what he/she wants at any time?"
        },
        {
            "Answer": false,
            "Question": "Did the user become aggressive or annoyed during the dialogue? (Note: some users may be instructed to be annoying.)"
        },
        {
            "Answer": false,
            "Question": "Where you unsure about what to do at any time? (Feel free to send us an email with details.)"
        }
    ]
}