{
    "AnonymizedUserWorkerID": "8fd82cbd-c563-20d6-55e1-f6598e35808c",
    "AnonymizedWizardWorkerID": "29460cea-cd22-bb2d-8c7b-b206609fd10e",
    "BatchID": "woz_1589554725",
    "CompletionLevel": "Complete",
    "DialogueID": 2794,
    "Events": [
        {
            "Action": "instruct",
            "Agent": "UserGuide",
            "Text": "Talk to your AI assistant to see what the weather will be like tomorrow. (Today is Thursday and you are in Chicago) [instruction 1 of 5]",
            "UnixTime": 1589614552
        },
        {
            "Action": "utter",
            "Agent": "User",
            "Text": "I want to find the weather for Friday in chicago.",
            "UnixTime": 1589614589,
            "PredictedBeliefState": {
                "Day": "friday",
                "City": "chicago"
            },
            "ActionLabel": [
                "user_weather_inform_day",
                "user_weather_inform_city",
                "user_weather_ask_weather"
            ]
        },
        {
            "Action": "instruct",
            "Agent": "UserGuide",
            "Text": "If the weather is 'bad', figure out when it'll be nice again, and vice versa. [instruction 2 of 5]",
            "UnixTime": 1589614589
        },
        {
            "APIName": "weather",
            "Action": "query",
            "Agent": "Wizard",
            "Constraints": [
                {
                    "Day": "\"Friday\""
                },
                {
                    "City": "\"Chicago\""
                }
            ],
            "UnixTime": 1589614604
        },
        {
            "APIName": "weather",
            "Action": "return_item",
            "Agent": "KnowledgeBase",
            "Item": {
                "APIName": "weather",
                "City": "Chicago",
                "Day": "Friday",
                "TemperatureCelsius": 23,
                "Weather": "Snowing",
                "id": 685
            },
            "TotalItems": -1,
            "PredictedBeliefState": {
                "Day": "friday",
                "City": "chicago"
            },
            "ActionLabel": [
                "db_inform_forecast"
            ]
        },
        {
            "Action": "request_suggestions",
            "Agent": "Wizard",
            "PrimaryItem": {
                "APIName": "weather",
                "City": "Chicago",
                "Day": "Friday",
                "TemperatureCelsius": 23,
                "Weather": "Snowing",
                "id": 685
            },
            "Text": "weather",
            "UnixTime": 1589614609
        },
        {
            "Action": "pick_suggestion",
            "ActionLabel": "weather_inform_forecast",
            "ActionLabelOptions": [
                "weather_ask_location",
                "out_of_scope",
                "weather_inform_forecast"
            ],
            "Agent": "Wizard",
            "PrimaryItem": {
                "APIName": "weather",
                "City": "Chicago",
                "Day": "Friday",
                "TemperatureCelsius": 23,
                "Weather": "Snowing",
                "id": 685
            },
            "Text": "It will be Snowing all day on Friday in Chicago, with temperatures of around 23 degrees celsius.",
            "UnixTime": 1589614613
        },
        {
            "Action": "utter",
            "Agent": "User",
            "Text": "Can you tell me when itll be nice again, that looks awful?",
            "UnixTime": 1589614630,
            "PredictedBeliefState": {
                "Weather": "sunny",
                "City": "chicago",
                "Day": "friday"
            },
            "ActionLabel": []
        },
        {
            "Action": "instruct",
            "Agent": "UserGuide",
            "Text": "If you've figured it out already, try to engage the assistant in some small talk. [instruction 3 of 5]",
            "UnixTime": 1589614630
        },
        {
            "APIName": "weather",
            "Action": "query",
            "Agent": "Wizard",
            "Constraints": [
                {
                    "Day": "\"Saturday\""
                },
                {
                    "City": "\"Chicago\""
                }
            ],
            "PrimaryItem": {
                "APIName": "weather",
                "City": "Chicago",
                "Day": "Friday",
                "TemperatureCelsius": 23,
                "Weather": "Snowing",
                "id": 685
            },
            "UnixTime": 1589614650
        },
        {
            "APIName": "weather",
            "Action": "return_item",
            "Agent": "KnowledgeBase",
            "Item": {
                "APIName": "weather",
                "City": "Chicago",
                "Day": "Saturday",
                "TemperatureCelsius": 2,
                "Weather": "Raining",
                "id": 137
            },
            "TotalItems": -1,
            "PredictedBeliefState": {
                "Weather": "sunny",
                "City": "chicago",
                "Day": "friday"
            },
            "ActionLabel": [
                "db_inform_forecast"
            ]
        },
        {
            "APIName": "weather",
            "Action": "query",
            "Agent": "Wizard",
            "Constraints": [
                {
                    "Day": "\"Sunday\""
                },
                {
                    "City": "\"Chicago\""
                }
            ],
            "PrimaryItem": {
                "APIName": "weather",
                "City": "Chicago",
                "Day": "Saturday",
                "TemperatureCelsius": 2,
                "Weather": "Raining",
                "id": 137
            },
            "UnixTime": 1589614654
        },
        {
            "APIName": "weather",
            "Action": "return_item",
            "Agent": "KnowledgeBase",
            "Item": {
                "APIName": "weather",
                "City": "Chicago",
                "Day": "Sunday",
                "TemperatureCelsius": 17,
                "Weather": "Partly Cloudy",
                "id": 136
            },
            "TotalItems": -1,
            "PredictedBeliefState": {
                "Weather": "sunny",
                "City": "chicago",
                "Day": "friday"
            },
            "ActionLabel": [
                "db_inform_forecast"
            ]
        },
        {
            "Action": "request_suggestions",
            "Agent": "Wizard",
            "PrimaryItem": {
                "APIName": "weather",
                "City": "Chicago",
                "Day": "Sunday",
                "TemperatureCelsius": 17,
                "Weather": "Partly Cloudy",
                "id": 136
            },
            "Text": "weather",
            "UnixTime": 1589614662
        },
        {
            "Action": "pick_suggestion",
            "ActionLabel": "weather_inform_forecast",
            "ActionLabelOptions": [
                "weather_ask_location",
                "out_of_scope",
                "weather_inform_forecast"
            ],
            "Agent": "Wizard",
            "PrimaryItem": {
                "APIName": "weather",
                "City": "Chicago",
                "Day": "Sunday",
                "TemperatureCelsius": 17,
                "Weather": "Partly Cloudy",
                "id": 136
            },
            "Text": "It will be Partly Cloudy all day on Sunday in Chicago, with temperatures of around 17 degrees celsius.",
            "UnixTime": 1589614672
        },
        {
            "Action": "utter",
            "Agent": "User",
            "Text": "Okay that looks better than the snow anyway, I always hate the snow.",
            "UnixTime": 1589614690,
            "PredictedBeliefState": {
                "Day": "sunday",
                "City": "chicago",
                "Weather": "partly cloudy"
            },
            "ActionLabel": [
                "user_weather_inform_day",
                "user_weather_thanks"
            ]
        },
        {
            "Action": "instruct",
            "Agent": "UserGuide",
            "Text": "Now compare tomorrow's weather in Chicago to the weather in San Francisco. [instruction 4 of 5]",
            "UnixTime": 1589614690
        },
        {
            "Action": "request_suggestions",
            "Agent": "Wizard",
            "PrimaryItem": {
                "APIName": "weather",
                "City": "Chicago",
                "Day": "Sunday",
                "TemperatureCelsius": 17,
                "Weather": "Partly Cloudy",
                "id": 136
            },
            "Text": "Anything else?",
            "UnixTime": 1589614699
        },
        {
            "Action": "pick_suggestion",
            "ActionLabel": "anything_else",
            "ActionLabelOptions": [
                "anything_else",
                "weather_inform_forecast",
                "goodbye_1"
            ],
            "Agent": "Wizard",
            "PrimaryItem": {
                "APIName": "weather",
                "City": "Chicago",
                "Day": "Sunday",
                "TemperatureCelsius": 17,
                "Weather": "Partly Cloudy",
                "id": 136
            },
            "Text": "Is there anything else that I can do for you?",
            "UnixTime": 1589614700
        },
        {
            "Action": "utter",
            "Agent": "User",
            "Text": "Show me the weather for san fran tomorrow as well.",
            "UnixTime": 1589614716,
            "PredictedBeliefState": {
                "City": "san francisco",
                "Day": "saturday",
                "Weather": "partly cloudy"
            },
            "ActionLabel": [
                "user_weather_inform_city",
                "user_weather_inform_day"
            ]
        },
        {
            "Action": "instruct",
            "Agent": "UserGuide",
            "Text": "Once you know when the weather will change (as described before), you can end the conversation. [instruction 5 of 5]",
            "UnixTime": 1589614716
        },
        {
            "APIName": "weather",
            "Action": "query",
            "Agent": "Wizard",
            "Constraints": [
                {
                    "Day": "\"Sunday\""
                },
                {
                    "City": "\"San Francisco\""
                }
            ],
            "PrimaryItem": {
                "APIName": "weather",
                "City": "Chicago",
                "Day": "Sunday",
                "TemperatureCelsius": 17,
                "Weather": "Partly Cloudy",
                "id": 136
            },
            "UnixTime": 1589614724
        },
        {
            "APIName": "weather",
            "Action": "return_item",
            "Agent": "KnowledgeBase",
            "Item": {
                "APIName": "weather",
                "City": "San Francisco",
                "Day": "Sunday",
                "TemperatureCelsius": 30,
                "Weather": "Snowing",
                "id": 674
            },
            "TotalItems": -1,
            "PredictedBeliefState": {
                "City": "san francisco",
                "Day": "saturday",
                "Weather": "partly cloudy"
            },
            "ActionLabel": [
                "db_inform_forecast"
            ]
        },
        {
            "Action": "request_suggestions",
            "Agent": "Wizard",
            "PrimaryItem": {
                "APIName": "weather",
                "City": "San Francisco",
                "Day": "Sunday",
                "TemperatureCelsius": 30,
                "Weather": "Snowing",
                "id": 674
            },
            "Text": "weather",
            "UnixTime": 1589614731
        },
        {
            "Action": "pick_suggestion",
            "ActionLabel": "weather_inform_forecast",
            "ActionLabelOptions": [
                "weather_ask_location",
                "out_of_scope",
                "weather_inform_forecast"
            ],
            "Agent": "Wizard",
            "PrimaryItem": {
                "APIName": "weather",
                "City": "San Francisco",
                "Day": "Sunday",
                "TemperatureCelsius": 30,
                "Weather": "Snowing",
                "id": 674
            },
            "Text": "It will be Snowing all day on Sunday in San Francisco, with temperatures of around 30 degrees celsius.",
            "UnixTime": 1589614733
        },
        {
            "Action": "utter",
            "Agent": "User",
            "Text": "Alright, so its the same, thanks for everything.",
            "UnixTime": 1589614744,
            "PredictedBeliefState": {
                "Day": "sunday",
                "City": "san francisco",
                "Weather": "partly cloudy"
            },
            "ActionLabel": [
                "user_weather_inform_day",
                "user_weather_goodbye"
            ]
        },
        {
            "Action": "request_suggestions",
            "Agent": "Wizard",
            "PrimaryItem": {
                "APIName": "weather",
                "City": "San Francisco",
                "Day": "Sunday",
                "TemperatureCelsius": 30,
                "Weather": "Snowing",
                "id": 674
            },
            "Text": "bye",
            "UnixTime": 1589614747
        },
        {
            "Action": "pick_suggestion",
            "ActionLabel": "goodbye_1",
            "ActionLabelOptions": [
                "goodbye_1",
                "weather_inform_forecast",
                "hello"
            ],
            "Agent": "Wizard",
            "PrimaryItem": {
                "APIName": "weather",
                "City": "San Francisco",
                "Day": "Sunday",
                "TemperatureCelsius": 30,
                "Weather": "Snowing",
                "id": 674
            },
            "Text": "Thank you and goodbye.",
            "UnixTime": 1589614750
        },
        {
            "Action": "complete",
            "Agent": "User",
            "UnixTime": 1589614751
        }
    ],
    "FORMAT-VERSION": 7,
    "IntroducesConflicts": false,
    "Scenario": {
        "Domains": [
            "weather"
        ],
        "Happy": false,
        "MultiTask": false,
        "UserTask": "Follow the instructions and comments of the MTurk System bot (darker yellow boxes in the dialogue). Do not end the dialogue before the MTurk System bot (not the assistant) has told you to do so. ",
        "WizardCapabilities": [
            {
                "Domain": "weather",
                "SchemaImage": "weather.jpg",
                "Task": "weather"
            }
        ],
        "WizardTask": "Follow the flow charts and help the user. Some facts you should be aware of: \n\n* Today is Thursday\n* The user lives in Chicago"
    },
    "UserQuestionnaire": [
        {
            "Answer": true,
            "Question": "Did the assistant stay calm and helpful throughout the dialogue?"
        }
    ],
    "WizardQuestionnaire": [
        {
            "Answer": false,
            "Question": "Did the user change his/her mind about what he/she wants at any time?"
        },
        {
            "Answer": false,
            "Question": "Did the user become aggressive or annoyed during the dialogue? (Note: some users may be instructed to be annoying.)"
        },
        {
            "Answer": false,
            "Question": "Where you unsure about what to do at any time? (Feel free to send us an email with details.)"
        }
    ]
}