{
    "AnonymizedUserWorkerID": "6cb66f0b-1a8b-fec4-b481-96b6da01d513",
    "AnonymizedWizardWorkerID": "73bd63b7-5463-b221-d8f5-2611db2cf2a3",
    "BatchID": "woz_1589554725",
    "CompletionLevel": "Complete",
    "DialogueID": 2819,
    "Events": [
        {
            "Action": "instruct",
            "Agent": "UserGuide",
            "Text": "Read the instructions on the left. In this dialogue, either act like a very annoying/grumpy person, or like a wise/serene person who'se constantly talking in profound-sounding riddles. [instruction 1 of 3]",
            "UnixTime": 1589580948
        },
        {
            "Action": "utter",
            "Agent": "User",
            "Text": "Yea I need a flight asap.",
            "UnixTime": 1589580968,
            "PredictedBeliefState": {},
            "ActionLabel": [
                "user_plane_book_ask_plane_book"
            ]
        },
        {
            "Action": "request_suggestions",
            "Agent": "Wizard",
            "Text": "okay what is the id?",
            "UnixTime": 1589580989
        },
        {
            "Action": "pick_suggestion",
            "ActionLabel": "plane_ask_flight_id",
            "ActionLabelOptions": [
                "plane_ask_flight_id",
                "ask_name",
                "plane_inform_nothing_found"
            ],
            "Agent": "Wizard",
            "Text": "Can I have your flight ID, please?",
            "UnixTime": 1589580991
        },
        {
            "Action": "utter",
            "Agent": "User",
            "Text": "OMG, you don't already have that. Sure it's 539 I guess.",
            "UnixTime": 1589581012,
            "PredictedBeliefState": {
                "id": "539"
            },
            "ActionLabel": [
                "user_plane_book_inform_flight_id"
            ]
        },
        {
            "Action": "instruct",
            "Agent": "UserGuide",
            "Text": "The flight ID was actually 888. [instruction 2 of 3]",
            "UnixTime": 1589581012
        },
        {
            "Action": "request_suggestions",
            "Agent": "Wizard",
            "Text": "name/",
            "UnixTime": 1589581026
        },
        {
            "Action": "pick_suggestion",
            "ActionLabel": "ask_name",
            "ActionLabelOptions": [
                "ask_name",
                "plane_inform_nothing_found",
                "plane_flight_available"
            ],
            "Agent": "Wizard",
            "Text": "May I have your name, please?",
            "UnixTime": 1589581028
        },
        {
            "Action": "utter",
            "Agent": "User",
            "Text": "Should I just do this myself, geesh. Yea it's Angela.",
            "UnixTime": 1589581057,
            "PredictedBeliefState": {
                "CustomerName": "angela",
                "id": "539"
            },
            "ActionLabel": [
                "user_plane_book_inform_name"
            ]
        },
        {
            "Action": "instruct",
            "Agent": "UserGuide",
            "Text": "Once you've booked the flight 888 (or learned that booking is not possible), you can end the conversation. You can also keep writing for a bit, if you like :) [instruction 3 of 3]",
            "UnixTime": 1589581057
        },
        {
            "APIName": "plane_book",
            "Action": "query",
            "Agent": "Wizard",
            "Constraints": [
                {
                    "id": "539"
                },
                {
                    "CustomerName": "\"Angela\""
                },
                {
                    "RequestType": "\"Check\""
                }
            ],
            "UnixTime": 1589581085
        },
        {
            "APIName": "plane_book",
            "Action": "return_item",
            "Agent": "KnowledgeBase",
            "Item": {
                "APIName": "plane_book",
                "Message": "Unavailable",
                "id": 539
            },
            "TotalItems": -1,
            "PredictedBeliefState": {
                "CustomerName": "angela",
                "id": "539"
            },
            "ActionLabel": [
                "db_plane_flight_unavailable"
            ]
        },
        {
            "Action": "request_suggestions",
            "Agent": "Wizard",
            "PrimaryItem": {
                "APIName": "plane_book",
                "Message": "Unavailable",
                "id": 539
            },
            "Text": "im sorry",
            "UnixTime": 1589581089
        },
        {
            "Action": "request_suggestions",
            "Agent": "Wizard",
            "PrimaryItem": {
                "APIName": "plane_book",
                "Message": "Unavailable",
                "id": 539
            },
            "Text": "unavailable",
            "UnixTime": 1589581099
        },
        {
            "Action": "pick_suggestion",
            "ActionLabel": "plane_flight_unavailable",
            "ActionLabelOptions": [
                "plane_flight_unavailable",
                "plane_reservation_failed",
                "plane_ask_flight_id"
            ],
            "Agent": "Wizard",
            "PrimaryItem": {
                "APIName": "plane_book",
                "Message": "Unavailable",
                "id": 539
            },
            "Text": "Sorry, but the flight with id '539' is not available any more.",
            "UnixTime": 1589581101
        },
        {
            "Action": "utter",
            "Agent": "User",
            "Text": "Well that is because the id is actually 888, I thought you knew that.",
            "UnixTime": 1589581134,
            "PredictedBeliefState": {
                "CustomerName": "angela",
                "id": "888"
            },
            "ActionLabel": [
                "user_plane_book_inform_flight_id"
            ]
        },
        {
            "APIName": "plane_book",
            "Action": "query",
            "Agent": "Wizard",
            "Constraints": [
                {
                    "id": "888"
                },
                {
                    "CustomerName": "\"Angela\""
                },
                {
                    "RequestType": "\"Check\""
                }
            ],
            "PrimaryItem": {
                "APIName": "plane_book",
                "Message": "Unavailable",
                "id": 539
            },
            "UnixTime": 1589581143
        },
        {
            "APIName": "plane_book",
            "Action": "return_item",
            "Agent": "KnowledgeBase",
            "Item": {
                "APIName": "plane_book",
                "Message": "Unavailable",
                "id": 888
            },
            "TotalItems": -1,
            "PredictedBeliefState": {
                "CustomerName": "angela",
                "id": "888"
            },
            "ActionLabel": [
                "db_plane_flight_available"
            ]
        },
        {
            "APIName": "plane_book",
            "Action": "query",
            "Agent": "Wizard",
            "Constraints": [
                {
                    "id": "888"
                },
                {
                    "CustomerName": "\"Angela\""
                },
                {
                    "RequestType": "\"Check\""
                }
            ],
            "PrimaryItem": {
                "APIName": "plane_book",
                "Message": "Unavailable",
                "id": 888
            },
            "UnixTime": 1589581147
        },
        {
            "APIName": "plane_book",
            "Action": "return_item",
            "Agent": "KnowledgeBase",
            "Item": {
                "APIName": "plane_book",
                "Message": "Available",
                "id": 888
            },
            "TotalItems": -1,
            "PredictedBeliefState": {
                "CustomerName": "angela",
                "id": "888"
            },
            "ActionLabel": [
                "db_plane_flight_available"
            ]
        },
        {
            "Action": "request_suggestions",
            "Agent": "Wizard",
            "PrimaryItem": {
                "APIName": "plane_book",
                "Message": "Available",
                "id": 888
            },
            "Text": "The flight is available",
            "UnixTime": 1589581153
        },
        {
            "Action": "pick_suggestion",
            "ActionLabel": "plane_flight_available",
            "ActionLabelOptions": [
                "plane_flight_available",
                "plane_flight_unavailable",
                "plane_ask_flight_id"
            ],
            "Agent": "Wizard",
            "PrimaryItem": {
                "APIName": "plane_book",
                "Message": "Available",
                "id": 888
            },
            "Text": "The flight is available. Should I reserve it for you?",
            "UnixTime": 1589581155
        },
        {
            "Action": "utter",
            "Agent": "User",
            "Text": "Sure",
            "UnixTime": 1589581161,
            "PredictedBeliefState": {
                "CustomerName": "angela",
                "id": "888"
            },
            "ActionLabel": [
                "user_plane_book_inform_book"
            ]
        },
        {
            "APIName": "plane_book",
            "Action": "query",
            "Agent": "Wizard",
            "Constraints": [
                {
                    "id": "888"
                },
                {
                    "CustomerName": "\"Angela\""
                },
                {
                    "RequestType": "\"Book\""
                }
            ],
            "PrimaryItem": {
                "APIName": "plane_book",
                "Message": "Available",
                "id": 888
            },
            "UnixTime": 1589581177
        },
        {
            "APIName": "plane_book",
            "Action": "return_item",
            "Agent": "KnowledgeBase",
            "Item": {
                "APIName": "plane_book",
                "ReservationStatus": "Reservation Confirmed",
                "id": 888
            },
            "TotalItems": -1,
            "PredictedBeliefState": {
                "CustomerName": "angela",
                "id": "888"
            },
            "ActionLabel": [
                "db_plane_reservation_succeeded"
            ]
        },
        {
            "Action": "request_suggestions",
            "Agent": "Wizard",
            "PrimaryItem": {
                "APIName": "plane_book",
                "ReservationStatus": "Reservation Confirmed",
                "id": 888
            },
            "Text": "reservation confirmed",
            "UnixTime": 1589581185
        },
        {
            "Action": "pick_suggestion",
            "ActionLabel": "plane_reservation_succeeded",
            "ActionLabelOptions": [
                "plane_reservation_succeeded",
                "plane_inform_nothing_found",
                "plane_ask_flight_id"
            ],
            "Agent": "Wizard",
            "PrimaryItem": {
                "APIName": "plane_book",
                "ReservationStatus": "Reservation Confirmed",
                "id": 888
            },
            "Text": "Right, your flight is now reserved!",
            "UnixTime": 1589581187
        },
        {
            "Action": "complete",
            "Agent": "User",
            "UnixTime": 1589581190
        }
    ],
    "FORMAT-VERSION": 7,
    "IntroducesConflicts": false,
    "Scenario": {
        "Domains": [
            "plane"
        ],
        "Happy": false,
        "MultiTask": false,
        "UserTask": "Reserve flight with id 539. Your name is Angela.",
        "WizardCapabilities": [
            {
                "Domain": "plane",
                "SchemaImage": "plane_book.jpg",
                "Task": "plane_book"
            }
        ],
        "WizardTask": "Help the user book their flight."
    },
    "UserQuestionnaire": [
        {
            "Answer": true,
            "Question": "Did the AI Assistant book your flight?"
        },
        {
            "Answer": true,
            "Question": "Did the AI Assistant stay calm and helpful throughout the dialogue?"
        }
    ],
    "WizardQuestionnaire": [
        {
            "Answer": false,
            "Question": "Did the user change his/her mind about what he/she wants at any time?"
        },
        {
            "Answer": false,
            "Question": "Did the user become aggressive or annoyed during the dialogue? (Note: some users may be instructed to be annoying.)"
        },
        {
            "Answer": false,
            "Question": "Where you unsure about what to do at any time? (Feel free to send us an email with details.)"
        }
    ]
}