{
    "AnonymizedUserWorkerID": "62eeec70-6c47-578d-fd46-fef2b9b6d543",
    "AnonymizedWizardWorkerID": "239936e4-190b-4d6e-8038-57290b8802d4",
    "BatchID": "woz_1589554725",
    "CompletionLevel": "Complete",
    "DialogueID": 2831,
    "Events": [
        {
            "Action": "utter",
            "Agent": "User",
            "Text": "Hi. ",
            "UnixTime": 1589594306,
            "PredictedBeliefState": {},
            "ActionLabel": [
                "user_hello"
            ]
        },
        {
            "Action": "request_suggestions",
            "Agent": "Wizard",
            "Text": "hello",
            "UnixTime": 1589594367
        },
        {
            "Action": "pick_suggestion",
            "ActionLabel": "hello",
            "ActionLabelOptions": [
                "hello",
                "bank_inform_nothing_found",
                "bank_ask_account_number"
            ],
            "Agent": "Wizard",
            "Text": "Hello, how can I help?",
            "UnixTime": 1589594369
        },
        {
            "Action": "utter",
            "Agent": "User",
            "Text": "I need to check my bank balance. ",
            "UnixTime": 1589594381,
            "PredictedBeliefState": {},
            "ActionLabel": [
                "user_bank_ask_balance"
            ]
        },
        {
            "Action": "request_suggestions",
            "Agent": "Wizard",
            "Text": "full name",
            "UnixTime": 1589594392
        },
        {
            "Action": "pick_suggestion",
            "ActionLabel": "ask_name",
            "ActionLabelOptions": [
                "ask_name",
                "goodbye_1",
                "bank_ask_pin"
            ],
            "Agent": "Wizard",
            "Text": "Could I get your full name, please?",
            "UnixTime": 1589594394
        },
        {
            "Action": "utter",
            "Agent": "User",
            "Text": "My name is John Smith. My account number is 85731890 and my PIN is 3941.",
            "UnixTime": 1589594426,
            "PredictedBeliefState": {
                "PIN": "3941",
                "FullName": "john smith",
                "AccountNumber": "85731890"
            },
            "ActionLabel": [
                "user_bank_inform_pin",
                "user_bank_inform_name",
                "user_bank_inform_account_number"
            ]
        },
        {
            "APIName": "bank_balance",
            "Action": "query",
            "Agent": "Wizard",
            "Constraints": [
                {
                    "FullName": "\"John Smith\""
                },
                {
                    "AccountNumber": "85731890"
                },
                {
                    "PIN": "3941"
                }
            ],
            "UnixTime": 1589594465
        },
        {
            "APIName": "bank_balance",
            "Action": "return_item",
            "Agent": "KnowledgeBase",
            "Item": {
                "APIName": "bank_balance",
                "BankBalance": 7583,
                "BankName": "Wells Fargo",
                "id": 649
            },
            "TotalItems": -1,
            "PredictedBeliefState": {
                "PIN": "3941",
                "FullName": "john smith",
                "AccountNumber": "85731890"
            },
            "ActionLabel": [
                "db_bank_inform_balance"
            ]
        },
        {
            "Action": "request_suggestions",
            "Agent": "Wizard",
            "PrimaryItem": {
                "APIName": "bank_balance",
                "BankBalance": 7583,
                "BankName": "Wells Fargo",
                "id": 649
            },
            "Text": "balance is 7583",
            "UnixTime": 1589594486
        },
        {
            "Action": "pick_suggestion",
            "ActionLabel": "bank_inform_balance",
            "ActionLabelOptions": [
                "bank_inform_balance",
                "anything_else",
                "bank_ask_mothers_maiden_name"
            ],
            "Agent": "Wizard",
            "PrimaryItem": {
                "APIName": "bank_balance",
                "BankBalance": 7583,
                "BankName": "Wells Fargo",
                "id": 649
            },
            "Text": "Your current balance is 7583 in credit.",
            "UnixTime": 1589594488
        },
        {
            "Action": "utter",
            "Agent": "User",
            "Text": "Thanks. That's all I need to know. ",
            "UnixTime": 1589594508,
            "PredictedBeliefState": {
                "AccountNumber": "85731890",
                "FullName": "john smith",
                "PIN": "3941"
            },
            "ActionLabel": [
                "user_bank_thanks"
            ]
        },
        {
            "Action": "request_suggestions",
            "Agent": "Wizard",
            "PrimaryItem": {
                "APIName": "bank_balance",
                "BankBalance": 7583,
                "BankName": "Wells Fargo",
                "id": 649
            },
            "Text": "goodbye",
            "UnixTime": 1589594526
        },
        {
            "Action": "pick_suggestion",
            "ActionLabel": "goodbye_1",
            "ActionLabelOptions": [
                "goodbye_1",
                "anything_else",
                "bank_ask_account_number"
            ],
            "Agent": "Wizard",
            "PrimaryItem": {
                "APIName": "bank_balance",
                "BankBalance": 7583,
                "BankName": "Wells Fargo",
                "id": 649
            },
            "Text": "Thank you and goodbye.",
            "UnixTime": 1589594528
        },
        {
            "Action": "complete",
            "Agent": "User",
            "UnixTime": 1589594534
        }
    ],
    "FORMAT-VERSION": 7,
    "IntroducesConflicts": false,
    "Scenario": {
        "Domains": [
            "bank"
        ],
        "Happy": true,
        "MultiTask": false,
        "UserTask": "You are John Smith and would like to check your bank balance. Your account number is 85731890 and your PIN is 3941.",
        "WizardCapabilities": [
            {
                "Domain": "bank",
                "SchemaImage": "bank_balance.jpg",
                "Task": "bank_balance"
            }
        ],
        "WizardTask": "Authenticate the user and tell them their bank balance"
    },
    "UserQuestionnaire": [
        {
            "Answer": true,
            "Question": "Did the AI Assistant authenticate your account and give you your bank balance?"
        },
        {
            "Answer": true,
            "Question": "Did the AI Assistant stay calm and helpful throughout the dialogue?"
        }
    ],
    "WizardQuestionnaire": [
        {
            "Answer": false,
            "Question": "Did the user change his/her mind about what he/she wants at any time?"
        },
        {
            "Answer": false,
            "Question": "Did the user become aggressive or annoyed during the dialogue?"
        }
    ]
}