{
    "AnonymizedUserWorkerID": "cd977bea-cf5f-e55d-dd23-dcad7db29be1",
    "AnonymizedWizardWorkerID": "714682ad-f218-f762-7605-00e7c4baee47",
    "BatchID": "woz_1589458635",
    "CompletionLevel": "Complete",
    "DialogueID": 288,
    "Events": [
        {
            "Action": "utter",
            "Agent": "User",
            "Text": "Hi! Can you help me please?",
            "UnixTime": 1589477697,
            "PredictedBeliefState": {},
            "ActionLabel": [
                "user_hotel_service_request_ask_service"
            ]
        },
        {
            "Action": "request_suggestions",
            "Agent": "Wizard",
            "Text": "Yes! What can I do for you?",
            "UnixTime": 1589477705
        },
        {
            "Action": "pick_suggestion",
            "ActionLabel": "hotel_ask_service_request",
            "ActionLabelOptions": [
                "anything_else",
                "hotel_ask_service_request"
            ],
            "Agent": "Wizard",
            "Text": "Right, please let us know your request now.",
            "UnixTime": 1589477709
        },
        {
            "Action": "utter",
            "Agent": "User",
            "Text": "My friend and I are staying at room 351 and we would like to request a service at 9 AM please",
            "UnixTime": 1589477754,
            "PredictedBeliefState": {
                "RoomNumber": "351",
                "Time": "9 am"
            },
            "ActionLabel": [
                "user_hotel_service_request_inform_room_number",
                "user_hotel_service_request_inform_time"
            ]
        },
        {
            "Action": "request_suggestions",
            "Agent": "Wizard",
            "Text": "Hotel name?",
            "UnixTime": 1589477762
        },
        {
            "Action": "pick_suggestion",
            "ActionLabel": "hotel_ask_hotel",
            "ActionLabelOptions": [
                "hotel_ask_hotel",
                "hotel_inform_nothing_found"
            ],
            "Agent": "Wizard",
            "Text": "At what hotel are you currently staying?",
            "UnixTime": 1589477764
        },
        {
            "Action": "utter",
            "Agent": "User",
            "Text": "Shadyside inn",
            "UnixTime": 1589477774,
            "PredictedBeliefState": {
                "Name": "shadyside inn",
                "RoomNumber": "351",
                "Time": "9 am"
            },
            "ActionLabel": [
                "user_hotel_service_request_inform_hotel"
            ]
        },
        {
            "Action": "request_suggestions",
            "Agent": "Wizard",
            "Text": "your name?",
            "UnixTime": 1589477779
        },
        {
            "Action": "pick_suggestion",
            "ActionLabel": "ask_name",
            "ActionLabelOptions": [
                "ask_name",
                "anything_else"
            ],
            "Agent": "Wizard",
            "Text": "Could I get your name, please?",
            "UnixTime": 1589477781
        },
        {
            "Action": "utter",
            "Agent": "User",
            "Text": "Chris",
            "UnixTime": 1589477796,
            "PredictedBeliefState": {
                "RoomNumber": "351",
                "CustomerName": "chris",
                "Time": "9 am",
                "Name": "shadyside inn"
            },
            "ActionLabel": [
                "user_hotel_service_request_inform_name"
            ]
        },
        {
            "APIName": "hotel_service_request",
            "Action": "query",
            "Agent": "Wizard",
            "Constraints": [
                {
                    "Name": "api.is_equal_to(\"Shadyside Inn\")"
                },
                {
                    "RoomNumber": "351"
                },
                {
                    "Time": "\"9 am\""
                },
                {
                    "CustomerName": "\"Chris\""
                },
                {
                    "CustomerRequest": "\"Service at 9am.\""
                }
            ],
            "UnixTime": 1589477815
        },
        {
            "APIName": "hotel_service_request",
            "Action": "return_item",
            "Agent": "KnowledgeBase",
            "Item": {
                "APIName": "hotel_service_request",
                "RequestStatus": "Request Confirmed",
                "RoomNumber": 351,
                "Time": "9 am"
            },
            "TotalItems": -1,
            "PredictedBeliefState": {
                "RoomNumber": "351",
                "CustomerName": "chris",
                "Time": "9 am",
                "Name": "shadyside inn"
            },
            "ActionLabel": [
                "db_hotel_inform_service_request_successful"
            ]
        },
        {
            "Action": "request_suggestions",
            "Agent": "Wizard",
            "PrimaryItem": {
                "APIName": "hotel_service_request",
                "RequestStatus": "Request Confirmed",
                "RoomNumber": 351,
                "Time": "9 am"
            },
            "Text": "I have confirmed",
            "UnixTime": 1589477821
        },
        {
            "Action": "pick_suggestion",
            "ActionLabel": "hotel_inform_service_request_successful",
            "ActionLabelOptions": [
                "hotel_inform_service_request_successful",
                "goodbye_1"
            ],
            "Agent": "Wizard",
            "PrimaryItem": {
                "APIName": "hotel_service_request",
                "RequestStatus": "Request Confirmed",
                "RoomNumber": 351,
                "Time": "9 am"
            },
            "Text": "Your request has been submitted successfully.\nA member of the service team will knock on the door of room 351 at 9 am!",
            "UnixTime": 1589477826
        },
        {
            "Action": "utter",
            "Agent": "User",
            "Text": "I need to order a cheeseburger, fries and 2 beers for the service please.",
            "UnixTime": 1589477871,
            "PredictedBeliefState": {
                "Time": "9 am",
                "CustomerRequest": "cheeseburger, fries and 2 beers",
                "Name": "shadyside inn",
                "RoomNumber": "351",
                "CustomerName": "chris"
            },
            "ActionLabel": [
                "user_hotel_service_request_inform_request"
            ]
        },
        {
            "APIName": "hotel_service_request",
            "Action": "query",
            "Agent": "Wizard",
            "Constraints": [
                {
                    "Name": "api.is_equal_to(\"Shadyside Inn\")"
                },
                {
                    "RoomNumber": "351"
                },
                {
                    "Time": "\"9 am\""
                },
                {
                    "CustomerName": "\"Chris\""
                },
                {
                    "CustomerRequest": "\"Service at 9am. Order of  cheeseburger, fries, and 2 beers delivered.\""
                }
            ],
            "PrimaryItem": {
                "APIName": "hotel_service_request",
                "RequestStatus": "Request Confirmed",
                "RoomNumber": 351,
                "Time": "9 am"
            },
            "UnixTime": 1589477909
        },
        {
            "APIName": "hotel_service_request",
            "Action": "return_item",
            "Agent": "KnowledgeBase",
            "Item": {
                "APIName": "hotel_service_request",
                "RequestStatus": "Request Confirmed",
                "RoomNumber": 351,
                "Time": "9 am"
            },
            "TotalItems": -1,
            "PredictedBeliefState": {
                "Time": "9 am",
                "CustomerRequest": "cheeseburger, fries and 2 beers",
                "Name": "shadyside inn",
                "RoomNumber": "351",
                "CustomerName": "chris"
            },
            "ActionLabel": [
                "db_hotel_inform_service_request_successful"
            ]
        },
        {
            "Action": "request_suggestions",
            "Agent": "Wizard",
            "PrimaryItem": {
                "APIName": "hotel_service_request",
                "RequestStatus": "Request Confirmed",
                "RoomNumber": 351,
                "Time": "9 am"
            },
            "Text": "I have updated the request",
            "UnixTime": 1589477918
        },
        {
            "Action": "pick_suggestion",
            "ActionLabel": "hotel_inform_service_request_successful",
            "ActionLabelOptions": [
                "hotel_inform_service_request_successful",
                "anything_else"
            ],
            "Agent": "Wizard",
            "PrimaryItem": {
                "APIName": "hotel_service_request",
                "RequestStatus": "Request Confirmed",
                "RoomNumber": 351,
                "Time": "9 am"
            },
            "Text": "Your request has been submitted successfully.\nA member of the service team will knock on the door of room 351 at 9 am!",
            "UnixTime": 1589477924
        },
        {
            "Action": "utter",
            "Agent": "User",
            "Text": "Great. We'll see you then.",
            "UnixTime": 1589477948,
            "PredictedBeliefState": {
                "CustomerName": "chris",
                "CustomerRequest": "cheeseburger, fries and 2 beers",
                "RoomNumber": "351",
                "Name": "shadyside inn",
                "Time": "9 am"
            },
            "ActionLabel": [
                "user_hotel_service_request_thanks"
            ]
        },
        {
            "Action": "request_suggestions",
            "Agent": "Wizard",
            "PrimaryItem": {
                "APIName": "hotel_service_request",
                "RequestStatus": "Request Confirmed",
                "RoomNumber": 351,
                "Time": "9 am"
            },
            "Text": "Anything else?",
            "UnixTime": 1589477954
        },
        {
            "Action": "pick_suggestion",
            "ActionLabel": "anything_else",
            "ActionLabelOptions": [
                "anything_else",
                "ask_name"
            ],
            "Agent": "Wizard",
            "PrimaryItem": {
                "APIName": "hotel_service_request",
                "RequestStatus": "Request Confirmed",
                "RoomNumber": 351,
                "Time": "9 am"
            },
            "Text": "Is there anything else that I can do for you?",
            "UnixTime": 1589477956
        },
        {
            "Action": "utter",
            "Agent": "User",
            "Text": "That is all. Thank you.",
            "UnixTime": 1589477966,
            "PredictedBeliefState": {
                "RoomNumber": "351",
                "CustomerRequest": "cheeseburger, fries and 2 beers",
                "CustomerName": "chris",
                "Time": "9 am",
                "Name": "shadyside inn"
            },
            "ActionLabel": [
                "user_hotel_service_request_goodbye"
            ]
        },
        {
            "Action": "request_suggestions",
            "Agent": "Wizard",
            "PrimaryItem": {
                "APIName": "hotel_service_request",
                "RequestStatus": "Request Confirmed",
                "RoomNumber": 351,
                "Time": "9 am"
            },
            "Text": "Thank you,",
            "UnixTime": 1589477970
        },
        {
            "Action": "pick_suggestion",
            "ActionLabel": "goodbye_1",
            "ActionLabelOptions": [
                "goodbye_1",
                "hotel_inform_service_request_successful"
            ],
            "Agent": "Wizard",
            "PrimaryItem": {
                "APIName": "hotel_service_request",
                "RequestStatus": "Request Confirmed",
                "RoomNumber": 351,
                "Time": "9 am"
            },
            "Text": "Thank you and goodbye.",
            "UnixTime": 1589477971
        },
        {
            "Action": "complete",
            "Agent": "User",
            "UnixTime": 1589477976
        }
    ],
    "FORMAT-VERSION": 7,
    "IntroducesConflicts": false,
    "Scenario": {
        "Domains": [
            "hotel"
        ],
        "Happy": true,
        "MultiTask": false,
        "UserTask": "You are Mark and you are staying in room 351 of the Shadyside Inn. You would like to make a service request for 9 am. Your request is: I'd like to order a cheeseburger, fries and two beers..",
        "WizardCapabilities": [
            {
                "Domain": "hotel",
                "SchemaImage": "hotel_service_request.jpg",
                "Task": "hotel_service_request"
            }
        ],
        "WizardTask": "Help the user make a hotel service request. "
    },
    "UserQuestionnaire": [
        {
            "Answer": true,
            "Question": "Did the AI Assistant successfully submit your service request?"
        },
        {
            "Answer": true,
            "Question": "Did the AI Assistant stay calm and helpful throughout the dialogue?"
        }
    ],
    "WizardQuestionnaire": [
        {
            "Answer": false,
            "Question": "Did the user change his/her mind about what he/she wants at any time?"
        },
        {
            "Answer": false,
            "Question": "Did the user become aggressive or annoyed during the dialogue? (Note: some users may be instructed to be annoying.)"
        },
        {
            "Answer": false,
            "Question": "Where you unsure about what to do at any time? (Feel free to send us an email with details.)"
        }
    ]
}