{
    "AnonymizedUserWorkerID": "ac9c2dc2-a643-8ec0-d96c-1bc923b2777f",
    "AnonymizedWizardWorkerID": "cb97a040-7b86-f38b-609b-d02e964a24ba",
    "BatchID": "woz_1589554725",
    "CompletionLevel": "Complete",
    "DialogueID": 2911,
    "Events": [
        {
            "Action": "utter",
            "Agent": "User",
            "Text": "Hi",
            "UnixTime": 1589572767,
            "PredictedBeliefState": {},
            "ActionLabel": [
                "user_hello"
            ]
        },
        {
            "Action": "request_suggestions",
            "Agent": "Wizard",
            "Text": "Hello!",
            "UnixTime": 1589572781
        },
        {
            "Action": "pick_suggestion",
            "ActionLabel": "hello",
            "ActionLabelOptions": [
                "hello",
                "ride_inform_search_criteria",
                "anything_else"
            ],
            "Agent": "Wizard",
            "Text": "Hello, how can I help?",
            "UnixTime": 1589572784
        },
        {
            "Action": "utter",
            "Agent": "User",
            "Text": "I'm Alexis I need a ride from university to Broadway and Main no lyft ",
            "UnixTime": 1589572889,
            "PredictedBeliefState": {
                "DepartureLocation": "university",
                "ServiceProvider": "lyft",
                "CustomerName": "alexis",
                "ArrivalLocation": "broadway and main"
            },
            "ActionLabel": [
                "user_ride_book_inform_departure_location",
                "user_ride_book_inform_name",
                "user_ride_book_inform_destination",
                "user_ride_book_ask_ride_book"
            ]
        },
        {
            "APIName": "ride_book",
            "Action": "query",
            "Agent": "Wizard",
            "Constraints": [
                {
                    "CustomerName": "\"Alexis\""
                },
                {
                    "DepartureLocation": "\"University\""
                },
                {
                    "ArrivalLocation": "\"Broadway and Main\""
                },
                {
                    "RequestType": "\"Check\""
                },
                {
                    "ServiceProvider": "api.is_equal_to(\"Uber\")"
                }
            ],
            "UnixTime": 1589572959
        },
        {
            "APIName": "ride_book",
            "Action": "return_item",
            "Agent": "KnowledgeBase",
            "Item": {
                "APIName": "ride_book",
                "AllowsChanges": false,
                "ArrivalLocation": "Broadway and Main",
                "CarModel": "Corolla",
                "CustomerName": "Alexis",
                "DepartureLocation": "University",
                "DriverName": "Alex",
                "LicensePlate": "901 FSA",
                "MinutesTillPickup": 9,
                "Price": 48,
                "ServiceProvider": "Uber",
                "id": 203
            },
            "TotalItems": -1,
            "PredictedBeliefState": {
                "DepartureLocation": "university",
                "ServiceProvider": "lyft",
                "CustomerName": "alexis",
                "ArrivalLocation": "broadway and main"
            },
            "ActionLabel": [
                "db_ask_confirm_booking"
            ]
        },
        {
            "Action": "request_suggestions",
            "Agent": "Wizard",
            "PrimaryItem": {
                "APIName": "ride_book",
                "AllowsChanges": false,
                "ArrivalLocation": "Broadway and Main",
                "CarModel": "Corolla",
                "CustomerName": "Alexis",
                "DepartureLocation": "University",
                "DriverName": "Alex",
                "LicensePlate": "901 FSA",
                "MinutesTillPickup": 9,
                "Price": 48,
                "ServiceProvider": "Uber",
                "id": 203
            },
            "Text": "I have an Uber available.",
            "UnixTime": 1589572974
        },
        {
            "Action": "pick_suggestion",
            "ActionLabel": "ride_ask_confirm_booking",
            "ActionLabelOptions": [
                "ride_ask_confirm_booking",
                "ride_inform_nothing_found",
                "ride_ask_departure"
            ],
            "Agent": "Wizard",
            "PrimaryItem": {
                "APIName": "ride_book",
                "AllowsChanges": false,
                "ArrivalLocation": "Broadway and Main",
                "CarModel": "Corolla",
                "CustomerName": "Alexis",
                "DepartureLocation": "University",
                "DriverName": "Alex",
                "LicensePlate": "901 FSA",
                "MinutesTillPickup": 9,
                "Price": 48,
                "ServiceProvider": "Uber",
                "id": 203
            },
            "Text": "I found a Uber ride for you from 'University' to 'Broadway and Main' for 48 credits\nthat could pick you up in 9 minutes. Should I book that for you?",
            "UnixTime": 1589572978
        },
        {
            "Action": "utter",
            "Agent": "User",
            "Text": "Yes",
            "UnixTime": 1589573002,
            "PredictedBeliefState": {
                "DepartureLocation": "university",
                "CustomerName": "alexis",
                "ArrivalLocation": "broadway and main",
                "ServiceProvider": "api.is_not(lyft)"
            },
            "ActionLabel": [
                "user_ride_book_confirm_booking"
            ]
        },
        {
            "Action": "instruct",
            "Agent": "UserGuide",
            "Text": "You notice a stand with electric scooters on the other side of the road and decide to take one them. Tell the assistant you have changed your mind and don't require a ride anymore. [instruction 1 of 1]",
            "UnixTime": 1589573002
        },
        {
            "Action": "request_suggestions",
            "Agent": "Wizard",
            "PrimaryItem": {
                "APIName": "ride_book",
                "AllowsChanges": false,
                "ArrivalLocation": "Broadway and Main",
                "CarModel": "Corolla",
                "CustomerName": "Alexis",
                "DepartureLocation": "University",
                "DriverName": "Alex",
                "LicensePlate": "901 FSA",
                "MinutesTillPickup": 9,
                "Price": 48,
                "ServiceProvider": "Uber",
                "id": 203
            },
            "Text": "Booked!",
            "UnixTime": 1589573009
        },
        {
            "Action": "pick_suggestion",
            "ActionLabel": "ride_confirm_booking",
            "ActionLabelOptions": [
                "ride_confirm_booking",
                "hello",
                "ride_ask_destination"
            ],
            "Agent": "Wizard",
            "PrimaryItem": {
                "APIName": "ride_book",
                "AllowsChanges": false,
                "ArrivalLocation": "Broadway and Main",
                "CarModel": "Corolla",
                "CustomerName": "Alexis",
                "DepartureLocation": "University",
                "DriverName": "Alex",
                "LicensePlate": "901 FSA",
                "MinutesTillPickup": 9,
                "Price": 48,
                "ServiceProvider": "Uber",
                "id": 203
            },
            "Text": "Ok, I have booked you a ride with licence plate '901 FSA'. Your booking ID is '203'.",
            "UnixTime": 1589573011
        },
        {
            "Action": "utter",
            "Agent": "User",
            "Text": "Thanks goodbye",
            "UnixTime": 1589573039,
            "PredictedBeliefState": {
                "CustomerName": "alexis",
                "DepartureLocation": "university",
                "ServiceProvider": "api.is_not(lyft)",
                "ArrivalLocation": "broadway and main"
            },
            "ActionLabel": [
                "user_ride_book_thanks"
            ]
        },
        {
            "APIName": "ride_book",
            "Action": "query",
            "Agent": "Wizard",
            "Constraints": [
                {
                    "CustomerName": "\"Alexis\""
                },
                {
                    "DepartureLocation": "\"University\""
                },
                {
                    "ArrivalLocation": "\"Broadway and Main\""
                },
                {
                    "RequestType": "\"Book\""
                },
                {
                    "ServiceProvider": "api.is_equal_to(\"Uber\")"
                }
            ],
            "PrimaryItem": {
                "APIName": "ride_book",
                "AllowsChanges": false,
                "ArrivalLocation": "Broadway and Main",
                "CarModel": "Corolla",
                "CustomerName": "Alexis",
                "DepartureLocation": "University",
                "DriverName": "Alex",
                "LicensePlate": "901 FSA",
                "MinutesTillPickup": 9,
                "Price": 48,
                "ServiceProvider": "Uber",
                "id": 203
            },
            "UnixTime": 1589573041
        },
        {
            "APIName": "ride_book",
            "Action": "return_item",
            "Agent": "KnowledgeBase",
            "Item": {
                "APIName": "ride_book",
                "Message": "Ride booked."
            },
            "TotalItems": -1,
            "PredictedBeliefState": {
                "CustomerName": "alexis",
                "DepartureLocation": "university",
                "ServiceProvider": "api.is_not(lyft)",
                "ArrivalLocation": "broadway and main"
            },
            "ActionLabel": [
                "result_bad_label"
            ]
        },
        {
            "Action": "request_suggestions",
            "Agent": "Wizard",
            "PrimaryItem": {
                "APIName": "ride_book",
                "Message": "Ride booked."
            },
            "Text": "Enjoy!",
            "UnixTime": 1589573050
        },
        {
            "Action": "pick_suggestion",
            "ActionLabel": "ride_bye",
            "ActionLabelOptions": [
                "ride_bye",
                "anything_else",
                "ask_name"
            ],
            "Agent": "Wizard",
            "PrimaryItem": {
                "APIName": "ride_book",
                "Message": "Ride booked."
            },
            "Text": "Goodbye. Enjoy your ride!",
            "UnixTime": 1589573052
        },
        {
            "Action": "complete",
            "Agent": "User",
            "UnixTime": 1589573057
        }
    ],
    "FORMAT-VERSION": 7,
    "IntroducesConflicts": false,
    "Scenario": {
        "Domains": [
            "ride"
        ],
        "Happy": false,
        "MultiTask": false,
        "UserTask": "You are Alexis and urgently need to find a ride from 'University' to 'Broadway and Main'. You want to avoid taking a Lyft though.",
        "WizardCapabilities": [
            {
                "Domain": "ride",
                "SchemaImage": "ride_book.jpg",
                "Task": "ride_book"
            }
        ],
        "WizardTask": "Help the user book a ride. (You can find the video tutorial under https://youtu.be/USrWF1ZyNWw, in case you want to watch it again.)"
    },
    "UserQuestionnaire": [
        {
            "Answer": true,
            "Question": "Did the assistant find you a suitable ride?"
        },
        {
            "Answer": true,
            "Question": "Did the assistant stay calm and helpful throughout the dialogue?"
        }
    ],
    "WizardQuestionnaire": [
        {
            "Answer": false,
            "Question": "Did the user change his/her mind about what he/she wants at any time?"
        },
        {
            "Answer": false,
            "Question": "Did the user become aggressive or annoyed during the dialogue? (Note: some users may be instructed to be annoying.)"
        },
        {
            "Answer": false,
            "Question": "Where you unsure about what to do at any time? (Feel free to send us an email with details.)"
        }
    ]
}