{
    "AnonymizedUserWorkerID": "73cd3146-78b3-8662-261e-62d39ac21292",
    "AnonymizedWizardWorkerID": "14919914-710a-eee6-acf9-4a4b56ee1641",
    "BatchID": "woz_1589554725",
    "CompletionLevel": "Complete",
    "DialogueID": 3075,
    "Events": [
        {
            "Action": "utter",
            "Agent": "User",
            "Text": "hello",
            "UnixTime": 1589573231,
            "PredictedBeliefState": {},
            "ActionLabel": [
                "user_hello"
            ]
        },
        {
            "Action": "request_suggestions",
            "Agent": "Wizard",
            "Text": "Hello",
            "UnixTime": 1589573241
        },
        {
            "Action": "pick_suggestion",
            "ActionLabel": "hello",
            "ActionLabelOptions": [
                "hello",
                "apartment_ask_day",
                "apartment_ask_end_time"
            ],
            "Agent": "Wizard",
            "Text": "Hello, how can I help?",
            "UnixTime": 1589573244
        },
        {
            "Action": "utter",
            "Agent": "User",
            "Text": "My name is Mark. please schedule a viewing at One on Center Apartments for Sunday at 6 pm",
            "UnixTime": 1589573272,
            "PredictedBeliefState": {
                "Day": "sunday",
                "StartTimeHour": "6 pm",
                "RenterName": "mark",
                "Name": "one on center apartments"
            },
            "ActionLabel": [
                "user_apartment_inform_day",
                "user_apartment_inform_start_time",
                "user_apartment_inform_name",
                "user_apartment_inform_apartment_name",
                "user_apartment_ask_apartment"
            ]
        },
        {
            "Action": "request_suggestions",
            "Agent": "Wizard",
            "Text": "application fee",
            "UnixTime": 1589573306
        },
        {
            "Action": "pick_suggestion",
            "ActionLabel": "apartment_ask_application_fee_paid",
            "ActionLabelOptions": [
                "apartment_ask_application_fee_paid",
                "apartment_inform_viewing_available",
                "out_of_scope"
            ],
            "Agent": "Wizard",
            "Text": "Have you already paid the application fee for the apartment?",
            "UnixTime": 1589573309
        },
        {
            "Action": "utter",
            "Agent": "User",
            "Text": "Yes I have paid",
            "UnixTime": 1589573326,
            "PredictedBeliefState": {
                "RenterName": "mark",
                "Day": "sunday",
                "Name": "one on center apartments",
                "ApplicationFeePaid": "yes",
                "StartTimeHour": "6 pm"
            },
            "ActionLabel": [
                "user_apartment_inform_fee_paid"
            ]
        },
        {
            "APIName": "apartment_schedule",
            "Action": "query",
            "Agent": "Wizard",
            "Constraints": [
                {
                    "Name": "api.is_equal_to(\"One on Center Apartments\")"
                },
                {
                    "RenterName": "\"Mark\""
                },
                {
                    "Day": "api.is_equal_to(\"Sunday\")"
                },
                {
                    "StartTimeHour": "\"6 pm\""
                },
                {
                    "ApplicationFeePaid": "api.is_equal_to(\"Yes\")"
                },
                {
                    "RequestType": "\"Check\""
                }
            ],
            "UnixTime": 1589573352
        },
        {
            "APIName": "apartment_schedule",
            "Action": "return_item",
            "Agent": "KnowledgeBase",
            "Item": {
                "APIName": "apartment_schedule",
                "Message": "The time slot is available."
            },
            "TotalItems": -1,
            "PredictedBeliefState": {
                "RenterName": "mark",
                "Day": "sunday",
                "Name": "one on center apartments",
                "ApplicationFeePaid": "yes",
                "StartTimeHour": "6 pm"
            },
            "ActionLabel": [
                "db_apartment_inform_viewing_available"
            ]
        },
        {
            "Action": "request_suggestions",
            "Agent": "Wizard",
            "PrimaryItem": {
                "APIName": "apartment_schedule",
                "Message": "The time slot is available."
            },
            "Text": "available",
            "UnixTime": 1589573363
        },
        {
            "Action": "pick_suggestion",
            "ActionLabel": "apartment_inform_viewing_available",
            "ActionLabelOptions": [
                "apartment_inform_viewing_available",
                "apartment_ask_custom_message",
                "out_of_scope"
            ],
            "Agent": "Wizard",
            "PrimaryItem": {
                "APIName": "apartment_schedule",
                "Message": "The time slot is available."
            },
            "Text": "Great, there is still a viewing available at that time. Would you like me to book it for you?",
            "UnixTime": 1589573370
        },
        {
            "Action": "utter",
            "Agent": "User",
            "Text": "Go ahead.",
            "UnixTime": 1589573383,
            "PredictedBeliefState": {
                "ApplicationFeePaid": "yes",
                "Name": "one on center apartments",
                "Day": "sunday",
                "RenterName": "mark",
                "StartTimeHour": "6 pm"
            },
            "ActionLabel": [
                "user_bad_label"
            ]
        },
        {
            "APIName": "apartment_schedule",
            "Action": "query",
            "Agent": "Wizard",
            "Constraints": [
                {
                    "Name": "api.is_equal_to(\"One on Center Apartments\")"
                },
                {
                    "RenterName": "\"Mark\""
                },
                {
                    "Day": "api.is_equal_to(\"Sunday\")"
                },
                {
                    "StartTimeHour": "\"6 pm\""
                },
                {
                    "ApplicationFeePaid": "api.is_equal_to(\"Yes\")"
                },
                {
                    "RequestType": "\"Book\""
                }
            ],
            "PrimaryItem": {
                "APIName": "apartment_schedule",
                "Message": "The time slot is available."
            },
            "UnixTime": 1589573394
        },
        {
            "APIName": "apartment_schedule",
            "Action": "return_item",
            "Agent": "KnowledgeBase",
            "Item": {
                "APIName": "apartment_schedule",
                "Message": "Your apartment viewing has been successfuly scheduled. Please bring Passport and Passport with you."
            },
            "TotalItems": -1,
            "PredictedBeliefState": {
                "ApplicationFeePaid": "yes",
                "Name": "one on center apartments",
                "Day": "sunday",
                "RenterName": "mark",
                "StartTimeHour": "6 pm"
            },
            "ActionLabel": [
                "result_bad_label"
            ]
        },
        {
            "Action": "request_suggestions",
            "Agent": "Wizard",
            "PrimaryItem": {
                "APIName": "apartment_schedule",
                "Message": "Your apartment viewing has been successfuly scheduled. Please bring Passport and Passport with you."
            },
            "Text": "bring passport",
            "UnixTime": 1589573415
        },
        {
            "Action": "utter",
            "Agent": "Wizard",
            "PrimaryItem": {
                "APIName": "apartment_schedule",
                "Message": "Your apartment viewing has been successfuly scheduled. Please bring Passport and Passport with you."
            },
            "Text": "I have booked it for you. Please bring your passport on your vist.",
            "UnixTime": 1589573466
        },
        {
            "Action": "utter",
            "Agent": "User",
            "Text": "Thanks and goodbye",
            "UnixTime": 1589573490,
            "PredictedBeliefState": {
                "RenterName": "mark",
                "Day": "sunday",
                "Name": "one on center apartments",
                "ApplicationFeePaid": "yes",
                "StartTimeHour": "6 pm"
            },
            "ActionLabel": [
                "user_apartment_thanks"
            ]
        },
        {
            "Action": "request_suggestions",
            "Agent": "Wizard",
            "PrimaryItem": {
                "APIName": "apartment_schedule",
                "Message": "Your apartment viewing has been successfuly scheduled. Please bring Passport and Passport with you."
            },
            "Text": "Is there anything",
            "UnixTime": 1589573501
        },
        {
            "Action": "request_suggestions",
            "Agent": "Wizard",
            "PrimaryItem": {
                "APIName": "apartment_schedule",
                "Message": "Your apartment viewing has been successfuly scheduled. Please bring Passport and Passport with you."
            },
            "Text": "Goodbye.",
            "UnixTime": 1589573523
        },
        {
            "Action": "pick_suggestion",
            "ActionLabel": "goodbye_2",
            "ActionLabelOptions": [
                "goodbye_2",
                "apartment_ask_end_time",
                "apartment_inform_viewing_unavailable"
            ],
            "Agent": "Wizard",
            "PrimaryItem": {
                "APIName": "apartment_schedule",
                "Message": "Your apartment viewing has been successfuly scheduled. Please bring Passport and Passport with you."
            },
            "Text": "Thank you and goodbye.",
            "UnixTime": 1589573529
        },
        {
            "Action": "complete",
            "Agent": "User",
            "UnixTime": 1589573532
        }
    ],
    "FORMAT-VERSION": 7,
    "IntroducesConflicts": false,
    "Scenario": {
        "Domains": [
            "apartment"
        ],
        "Happy": true,
        "MultiTask": false,
        "UserTask": "You are interested in viewing an apartment. Please schedule a viewing at One on Center Apartments for Sunday at 6 pm. Your name is Mark. You have paid the application fee.",
        "WizardCapabilities": [
            {
                "Domain": "apartment",
                "SchemaImage": "apartment_schedule.jpg",
                "Task": "apartment_schedule"
            }
        ],
        "WizardTask": "Help the user schedule an apartment viewing. "
    },
    "UserQuestionnaire": [
        {
            "Answer": true,
            "Question": "Did the assistant stay calm and helpful throughout the dialogue?"
        }
    ],
    "WizardQuestionnaire": [
        {
            "Answer": false,
            "Question": "Did the user change his/her mind about what he/she wants at any time?"
        },
        {
            "Answer": false,
            "Question": "Did the user become aggressive or annoyed during the dialogue? (Note: some users may be instructed to be annoying.)"
        },
        {
            "Answer": false,
            "Question": "Where you unsure about what to do at any time? (Feel free to send us an email with details.)"
        }
    ]
}