{
    "AnonymizedUserWorkerID": "16097ca3-5946-ab85-b263-8bba736f47c3",
    "AnonymizedWizardWorkerID": "9f92fdec-85bc-1130-d832-fefd9dcb8b02",
    "BatchID": "woz_1589554725",
    "CompletionLevel": "Complete",
    "DialogueID": 3083,
    "Events": [
        {
            "Action": "instruct",
            "Agent": "UserGuide",
            "Text": "There has been suspicious behavior on your account recently, with frequent money transfers of $10 over the past week. Quickly you contact the bank-system's AI assistant. Perhaps it can help? [instruction 1 of 5]",
            "UnixTime": 1589577028
        },
        {
            "Action": "utter",
            "Agent": "User",
            "Text": "Hi, I need help ASAP. I believe there has been some suspect behavior on my account. There have been many $10 transfers this last week. Can you help?",
            "UnixTime": 1589577105,
            "PredictedBeliefState": {
                "FraudReport": "suspicious behavior on account. many $10 transfers this last week"
            },
            "ActionLabel": [
                "user_bank_inform_fraud_details",
                "user_bad_label"
            ]
        },
        {
            "Action": "instruct",
            "Agent": "UserGuide",
            "Text": "You are Katarina Miller. Your PIN is 0314, but you forgot your account number. (You might need your childhood pet's name for the security questions: Molly.) [instruction 2 of 5]",
            "UnixTime": 1589577105
        },
        {
            "Action": "request_suggestions",
            "Agent": "Wizard",
            "Text": "I can, let's start by getting some basic info. I'll need your full name, account number and PIN.",
            "UnixTime": 1589577151
        },
        {
            "Action": "utter",
            "Agent": "Wizard",
            "Text": "I can, let's start by getting some basic info. I'll need your full name, account number and PIN.",
            "UnixTime": 1589577155
        },
        {
            "Action": "utter",
            "Agent": "User",
            "Text": "Katrina Miller and my PIN is 0314. But, I don't have my acct number.",
            "UnixTime": 1589577181,
            "PredictedBeliefState": {
                "AccountNumber": "forgot",
                "FraudReport": "suspicious behavior",
                "PIN": "0314",
                "FullName": "katrina miller"
            },
            "ActionLabel": [
                "user_bank_forgot_account_number",
                "user_bank_inform_pin",
                "user_bank_inform_name",
                "user_bad_label"
            ]
        },
        {
            "Action": "request_suggestions",
            "Agent": "Wizard",
            "Text": "I'll need date of birth",
            "UnixTime": 1589577248
        },
        {
            "Action": "pick_suggestion",
            "ActionLabel": "bank_ask_dob",
            "ActionLabelOptions": [
                "bank_ask_dob",
                "bank_ask_pin",
                "bank_inform_cannot_authenticate"
            ],
            "Agent": "Wizard",
            "Text": "Could you provide your date of birth, please?",
            "UnixTime": 1589577251
        },
        {
            "Action": "utter",
            "Agent": "User",
            "Text": "I can give you my pet's name, it's Molly.",
            "UnixTime": 1589577267,
            "PredictedBeliefState": {
                "SecurityAnswer2": "molly",
                "FraudReport": "suspicious behavior on account. many $10 transfers this last week",
                "FullName": "katrina miller",
                "PIN": "0314",
                "AccountNumber": "forgot"
            },
            "ActionLabel": [
                "user_bank_inform_childhood_pets_name",
                "user_bank_ask_fraud"
            ]
        },
        {
            "Action": "instruct",
            "Agent": "UserGuide",
            "Text": "You forget what you are doing (imagine you're 93 years old and have some mental condition). [instruction 3 of 5]",
            "UnixTime": 1589577267
        },
        {
            "Action": "request_suggestions",
            "Agent": "Wizard",
            "Text": "That's a great name. I still need your date of birth.",
            "UnixTime": 1589577305
        },
        {
            "Action": "utter",
            "Agent": "Wizard",
            "Text": "That's a great name. I still need your date of birth.",
            "UnixTime": 1589577309
        },
        {
            "Action": "utter",
            "Agent": "User",
            "Text": "I can't remember it. Why would you need that?",
            "UnixTime": 1589577326,
            "PredictedBeliefState": {
                "FraudReport": "there have been many $10 transfers this last week.",
                "PIN": "0314",
                "DateOfBirth": "forgot",
                "AccountNumber": "forgot",
                "SecurityAnswer2": "molly",
                "FullName": "katrina miller"
            },
            "ActionLabel": [
                "user_bank_forgot_dob",
                "user_bad_label"
            ]
        },
        {
            "Action": "instruct",
            "Agent": "UserGuide",
            "Text": "Keep this conversation going for a bit - you can be creative! [instruction 4 of 5]",
            "UnixTime": 1589577326
        },
        {
            "Action": "request_suggestions",
            "Agent": "Wizard",
            "Text": "I need that to authenticate your account.",
            "UnixTime": 1589577353
        },
        {
            "Action": "utter",
            "Agent": "Wizard",
            "Text": "I need that to authenticate your account.",
            "UnixTime": 1589577359
        },
        {
            "Action": "utter",
            "Agent": "User",
            "Text": "Well, I can't keep up with all that. its too much to remember.",
            "UnixTime": 1589577391,
            "PredictedBeliefState": {
                "SecurityAnswer2": "molly",
                "PIN": "0314",
                "FraudReport": "suspect behavior on account. there have been many $10 transfers this last week.",
                "AccountNumber": "forgot",
                "FullName": "katrina miller",
                "DateOfBirth": "forgot"
            },
            "ActionLabel": []
        },
        {
            "Action": "request_suggestions",
            "Agent": "Wizard",
            "Text": "unable to ",
            "UnixTime": 1589577419
        },
        {
            "Action": "pick_suggestion",
            "ActionLabel": "bank_inform_cannot_authenticate",
            "ActionLabelOptions": [
                "bank_inform_cannot_authenticate",
                "out_of_scope",
                "bank_inform_nothing_found"
            ],
            "Agent": "Wizard",
            "Text": "I am sorry, but I cannot authenticate you with the information you have provided.",
            "UnixTime": 1589577423
        },
        {
            "Action": "utter",
            "Agent": "User",
            "Text": "I thought the bank said I would only need to give my child pet's name for security.",
            "UnixTime": 1589577454,
            "PredictedBeliefState": {
                "FraudReport": "there has been suspicious behavior on your account recently, with many $10 transfers this last week.",
                "AccountNumber": "forgot",
                "PIN": "0314",
                "FullName": "katrina miller",
                "SecurityAnswer2": "molly",
                "DateOfBirth": "forgot"
            },
            "ActionLabel": [
                "user_bad_label"
            ]
        },
        {
            "Action": "request_suggestions",
            "Agent": "Wizard",
            "Text": "I'm sorry, you have been misinformed.",
            "UnixTime": 1589577480
        },
        {
            "Action": "utter",
            "Agent": "Wizard",
            "Text": "I'm sorry, you have been misinformed.",
            "UnixTime": 1589577485
        },
        {
            "Action": "utter",
            "Agent": "User",
            "Text": "Well, I need help. Someone is stealing my money.",
            "UnixTime": 1589577502,
            "PredictedBeliefState": {
                "PIN": "0314",
                "AccountNumber": "forgot",
                "FraudReport": "stolen money",
                "FullName": "katrina miller",
                "SecurityAnswer2": "molly",
                "DateOfBirth": "forgot"
            },
            "ActionLabel": [
                "user_bad_label"
            ]
        },
        {
            "Action": "request_suggestions",
            "Agent": "Wizard",
            "Text": "That's unfortunate. Perhaps you can go try to find your birth date and come back another time.",
            "UnixTime": 1589577550
        },
        {
            "Action": "utter",
            "Agent": "Wizard",
            "Text": "That's unfortunate. Perhaps you can go try to find your birth date and come back another time.",
            "UnixTime": 1589577556
        },
        {
            "Action": "utter",
            "Agent": "User",
            "Text": "I could ask my granddaughter when she gets back then.",
            "UnixTime": 1589577572,
            "PredictedBeliefState": {
                "FraudReport": "there has been suspicious behavior on your account recently, with frequent $10 transfers this last week.",
                "DateOfBirth": "forgot",
                "SecurityAnswer2": "molly",
                "FullName": "katrina miller",
                "PIN": "0314",
                "AccountNumber": "forgot"
            },
            "ActionLabel": [
                "user_bad_label"
            ]
        },
        {
            "Action": "instruct",
            "Agent": "UserGuide",
            "Text": "Ok, great. Now bring the conversation to a natural close. [instruction 5 of 5]",
            "UnixTime": 1589577572
        },
        {
            "Action": "request_suggestions",
            "Agent": "Wizard",
            "Text": "You should do that for sure. Is there anything else that I can do for you?",
            "UnixTime": 1589577601
        },
        {
            "Action": "utter",
            "Agent": "Wizard",
            "Text": "You should do that for sure. Is there anything else that I can do for you?",
            "UnixTime": 1589577605
        },
        {
            "Action": "utter",
            "Agent": "User",
            "Text": "No, but let me know if you figure out my birthday then. bye",
            "UnixTime": 1589577625,
            "PredictedBeliefState": {
                "FullName": "katrina miller",
                "PIN": "0314",
                "FraudReport": "suspicious behavior",
                "DateOfBirth": "forgot",
                "AccountNumber": "forgot",
                "SecurityAnswer2": "molly"
            },
            "ActionLabel": [
                "user_bank_goodbye"
            ]
        },
        {
            "Action": "request_suggestions",
            "Agent": "Wizard",
            "Text": "bye",
            "UnixTime": 1589577635
        },
        {
            "Action": "pick_suggestion",
            "ActionLabel": "goodbye_1",
            "ActionLabelOptions": [
                "goodbye_1",
                "ask_name",
                "bank_inform_fraud_report_submitted"
            ],
            "Agent": "Wizard",
            "Text": "Thank you and goodbye.",
            "UnixTime": 1589577637
        },
        {
            "Action": "complete",
            "Agent": "User",
            "UnixTime": 1589577641
        }
    ],
    "FORMAT-VERSION": 7,
    "IntroducesConflicts": false,
    "Scenario": {
        "Domains": [
            "bank"
        ],
        "Happy": false,
        "MultiTask": false,
        "UserTask": "Follow the instructions and comments of the MTurk System bot (darker yellow boxes in the dialogue). Do not end the dialogue before the MTurk System bot (not the assistant) has told you to do so. ",
        "WizardCapabilities": [
            {
                "Domain": "bank",
                "SchemaImage": "bank_fraud_report.jpg",
                "Task": "bank_fraud_report"
            }
        ],
        "WizardTask": "Follow the flow charts and help the user. Some facts you should be aware of: \n\n* You are the customer service AI of the international banking system"
    },
    "UserQuestionnaire": [
        {
            "Answer": true,
            "Question": "Did the assistant stay calm and helpful throughout the dialogue?"
        }
    ],
    "WizardQuestionnaire": [
        {
            "Answer": true,
            "Question": "Did the user seem confused? (He or she may have been instructed to be.)"
        },
        {
            "Answer": false,
            "Question": "Did the user change his/her mind about what he/she wants at any time?"
        },
        {
            "Answer": false,
            "Question": "Did the user become aggressive or annoyed during the dialogue? (Note: some users may be instructed to be annoying.)"
        },
        {
            "Answer": false,
            "Question": "Where you unsure about what to do at any time? (Feel free to send us an email with details.)"
        }
    ]
}