{
    "AnonymizedUserWorkerID": "9cfed8ec-54a9-f0f7-8327-15f6470d4a6c",
    "AnonymizedWizardWorkerID": "6cb66f0b-1a8b-fec4-b481-96b6da01d513",
    "BatchID": "woz_1589554725",
    "CompletionLevel": "Complete",
    "DialogueID": 3096,
    "Events": [
        {
            "Action": "complete",
            "Agent": "User",
            "UnixTime": 1589557386
        }
    ],
    "FORMAT-VERSION": 7,
    "IntroducesConflicts": false,
    "Scenario": {
        "Domains": [
            "party"
        ],
        "Happy": false,
        "MultiTask": false,
        "UserTask": "Your are Ben and would like to RSVP to a party. The host is Mark and the venue is North Heights Venue. You will be arriving at 6 pm and will bring 8 guests with you. You don't need parking. You have no dietary restrictions.",
        "WizardCapabilities": [
            {
                "Domain": "party",
                "SchemaImage": "party_rsvp.jpg",
                "Task": "party_rsvp"
            }
        ],
        "WizardTask": "Help the user RSVP for a party."
    },
    "UserQuestionnaire": [
        {
            "Answer": false,
            "Question": "Did the AI Assistant submit your RSVP for the party?"
        },
        {
            "Answer": false,
            "Question": "Did the AI Assistant stay calm and helpful throughout the dialogue?"
        }
    ],
    "WizardQuestionnaire": []
}