{
    "AnonymizedUserWorkerID": "62eeec70-6c47-578d-fd46-fef2b9b6d543",
    "AnonymizedWizardWorkerID": "91b16ed4-3c20-2cd4-e99c-ff1316c27cf2",
    "BatchID": "woz_1589554725",
    "CompletionLevel": "Complete",
    "DialogueID": 3129,
    "Events": [
        {
            "Action": "utter",
            "Agent": "User",
            "Text": "Hi! I'd like to reserve a room at Old Town Inn from May 12-20. ",
            "UnixTime": 1589609474,
            "PredictedBeliefState": {
                "StartDate": "12th",
                "EndDate": "20th",
                "Name": "old town inn"
            },
            "ActionLabel": [
                "user_hotel_book_inform_start_date",
                "user_hotel_book_inform_end_date",
                "user_hotel_book_inform_hotel_name",
                "user_hotel_book_ask_hotel_book"
            ]
        },
        {
            "Action": "request_suggestions",
            "Agent": "Wizard",
            "Text": "may i have your name",
            "UnixTime": 1589609492
        },
        {
            "Action": "pick_suggestion",
            "ActionLabel": "ask_name",
            "ActionLabelOptions": [
                "ask_name",
                "hotel_ask_date_from",
                "anything_else"
            ],
            "Agent": "Wizard",
            "Text": "May I have your name, please?",
            "UnixTime": 1589609493
        },
        {
            "Action": "utter",
            "Agent": "User",
            "Text": "My name is Angela. ",
            "UnixTime": 1589609502,
            "PredictedBeliefState": {
                "Name": "old town inn",
                "EndDate": "20th",
                "CustomerName": "angela",
                "StartDate": "12th"
            },
            "ActionLabel": [
                "user_hotel_book_inform_name"
            ]
        },
        {
            "APIName": "hotel_book",
            "Action": "query",
            "Agent": "Wizard",
            "Constraints": [
                {
                    "Name": "\"Old Town Inn\""
                },
                {
                    "StartDate": "\"12th\""
                },
                {
                    "EndDate": "\"20th\""
                },
                {
                    "CustomerName": "\"Angela\""
                },
                {
                    "RequestType": "\"Check\""
                }
            ],
            "UnixTime": 1589609509
        },
        {
            "APIName": "hotel_book",
            "Action": "return_item",
            "Agent": "KnowledgeBase",
            "Item": {
                "APIName": "hotel_book",
                "HotelName": "Old Town Inn",
                "Message": "Unavailable"
            },
            "TotalItems": -1,
            "PredictedBeliefState": {
                "Name": "old town inn",
                "EndDate": "20th",
                "CustomerName": "angela",
                "StartDate": "12th"
            },
            "ActionLabel": [
                "db_hotel_unavailable"
            ]
        },
        {
            "Action": "request_suggestions",
            "Agent": "Wizard",
            "PrimaryItem": {
                "APIName": "hotel_book",
                "HotelName": "Old Town Inn",
                "Message": "Unavailable"
            },
            "Text": "unavailable",
            "UnixTime": 1589609537
        },
        {
            "Action": "pick_suggestion",
            "ActionLabel": "hotel_unavailable",
            "ActionLabelOptions": [
                "hotel_unavailable",
                "hotel_ask_hotel",
                "goodbye_1"
            ],
            "Agent": "Wizard",
            "PrimaryItem": {
                "APIName": "hotel_book",
                "HotelName": "Old Town Inn",
                "Message": "Unavailable"
            },
            "Text": "I'm very sorry, but there is no room available at the Old Town Inn for your requested dates.",
            "UnixTime": 1589609539
        },
        {
            "Action": "utter",
            "Agent": "User",
            "Text": "That's ok, thanks for you help. Goodbye. ",
            "UnixTime": 1589609563,
            "PredictedBeliefState": {
                "EndDate": "20th",
                "Name": "old town inn",
                "CustomerName": "angela",
                "StartDate": "12th"
            },
            "ActionLabel": [
                "user_hotel_book_thank_you"
            ]
        },
        {
            "Action": "request_suggestions",
            "Agent": "Wizard",
            "PrimaryItem": {
                "APIName": "hotel_book",
                "HotelName": "Old Town Inn",
                "Message": "Unavailable"
            },
            "Text": "is there anything else",
            "UnixTime": 1589609569
        },
        {
            "Action": "pick_suggestion",
            "ActionLabel": "anything_else",
            "ActionLabelOptions": [
                "anything_else",
                "hotel_ask_customer_request",
                "hotel_ask_date_to"
            ],
            "Agent": "Wizard",
            "PrimaryItem": {
                "APIName": "hotel_book",
                "HotelName": "Old Town Inn",
                "Message": "Unavailable"
            },
            "Text": "Is there anything else that I can do for you?",
            "UnixTime": 1589609570
        },
        {
            "Action": "utter",
            "Agent": "User",
            "Text": "No that will be all. Thanks again. ",
            "UnixTime": 1589609582,
            "PredictedBeliefState": {
                "CustomerName": "angela",
                "StartDate": "12th",
                "Name": "old town inn",
                "EndDate": "20th"
            },
            "ActionLabel": [
                "user_hotel_book_goodbye"
            ]
        },
        {
            "Action": "request_suggestions",
            "Agent": "Wizard",
            "PrimaryItem": {
                "APIName": "hotel_book",
                "HotelName": "Old Town Inn",
                "Message": "Unavailable"
            },
            "Text": "thank you ",
            "UnixTime": 1589609590
        },
        {
            "Action": "pick_suggestion",
            "ActionLabel": "goodbye_1",
            "ActionLabelOptions": [
                "goodbye_1",
                "hotel_unavailable",
                "out_of_scope"
            ],
            "Agent": "Wizard",
            "PrimaryItem": {
                "APIName": "hotel_book",
                "HotelName": "Old Town Inn",
                "Message": "Unavailable"
            },
            "Text": "Thank you and goodbye.",
            "UnixTime": 1589609592
        },
        {
            "Action": "complete",
            "Agent": "User",
            "UnixTime": 1589609593
        }
    ],
    "FORMAT-VERSION": 7,
    "IntroducesConflicts": false,
    "Scenario": {
        "Domains": [
            "hotel"
        ],
        "Happy": true,
        "MultiTask": false,
        "UserTask": "You want to reserve a room at the Old Town Inn from May 12th to 20th. Your name is Angela. Please do not make a custom request, and it is ok if no room is available - just say goodbye in this case.",
        "WizardCapabilities": [
            {
                "Domain": "hotel",
                "SchemaImage": "hotel_book.jpg",
                "Task": "hotel_book"
            }
        ],
        "WizardTask": "Help the user reserve a hotel room. "
    },
    "UserQuestionnaire": [
        {
            "Answer": false,
            "Question": "Did the assistant reserve your hotel?"
        },
        {
            "Answer": true,
            "Question": "Did the assistant stay calm and helpful throughout the dialogue?"
        }
    ],
    "WizardQuestionnaire": [
        {
            "Answer": false,
            "Question": "Did the user change his/her mind about what he/she wants at any time?"
        },
        {
            "Answer": false,
            "Question": "Did the user become aggressive or annoyed during the dialogue? (Note: some users may be instructed to be annoying.)"
        },
        {
            "Answer": false,
            "Question": "Where you unsure about what to do at any time? (Feel free to send us an email with details.)"
        }
    ]
}