{
    "AnonymizedUserWorkerID": "3a5ea463-ded5-1b72-cab6-2e2ea04d6cf7",
    "AnonymizedWizardWorkerID": "06e6755f-be58-d1ca-998c-b87e3a0d8c19",
    "BatchID": "woz_1589554725",
    "CompletionLevel": "Complete",
    "DialogueID": 3150,
    "Events": [
        {
            "Action": "instruct",
            "Agent": "UserGuide",
            "Text": "You have lost your debit card and before you could cancel it, somebody withdrew $300 at an ATM. Quickly you contact the bank-system's AI assistant. Perhaps it can help? [instruction 1 of 5]",
            "UnixTime": 1589578450
        },
        {
            "Action": "utter",
            "Agent": "User",
            "Text": "Oh no I've lost my card",
            "UnixTime": 1589578471,
            "PredictedBeliefState": {},
            "ActionLabel": [
                "user_bad_label"
            ]
        },
        {
            "Action": "instruct",
            "Agent": "UserGuide",
            "Text": "You are Tyler Jones. Your PIN is 5380, but you forgot your account number. (You might need your childhood pet's name for the security questions: Buddy.) [instruction 2 of 5]",
            "UnixTime": 1589578471
        },
        {
            "Action": "request_suggestions",
            "Agent": "Wizard",
            "Text": "What",
            "UnixTime": 1589578484
        },
        {
            "Action": "utter",
            "Agent": "Wizard",
            "Text": "What is your full name please?",
            "UnixTime": 1589578515
        },
        {
            "Action": "utter",
            "Agent": "User",
            "Text": "Tyler Jones",
            "UnixTime": 1589578521,
            "PredictedBeliefState": {
                "FullName": "tyler jones",
                "FraudReport": "stolen money"
            },
            "ActionLabel": [
                "user_bank_inform_name",
                "user_bank_inform_fraud_details",
                "user_bad_label"
            ]
        },
        {
            "Action": "request_suggestions",
            "Agent": "Wizard",
            "Text": "Tyler",
            "UnixTime": 1589578551
        },
        {
            "Action": "utter",
            "Agent": "Wizard",
            "Text": "Tyler, what is the name of your bank?",
            "UnixTime": 1589578566
        },
        {
            "Action": "utter",
            "Agent": "User",
            "Text": "Someone took $300 from my bank",
            "UnixTime": 1589578593,
            "PredictedBeliefState": {
                "FraudReport": "somebody took $300 from client's bank.",
                "FullName": "tyler jones"
            },
            "ActionLabel": [
                "user_bad_label"
            ]
        },
        {
            "Action": "instruct",
            "Agent": "UserGuide",
            "Text": "You forget what you are doing (imagine you're 93 years old and have some mental condition). [instruction 3 of 5]",
            "UnixTime": 1589578593
        },
        {
            "Action": "request_suggestions",
            "Agent": "Wizard",
            "Text": "I'm sorry",
            "UnixTime": 1589578626
        },
        {
            "Action": "utter",
            "Agent": "Wizard",
            "Text": "Sorry to hear that.  What is your account number?",
            "UnixTime": 1589578651
        },
        {
            "Action": "utter",
            "Agent": "User",
            "Text": "I forget. It's long. I'm old and I forget things. sorry!",
            "UnixTime": 1589578668,
            "PredictedBeliefState": {
                "FraudReport": "somebody took $300 from client's bank.",
                "AccountNumber": "forgot",
                "FullName": "tyler jones"
            },
            "ActionLabel": [
                "user_bank_forgot_account_number",
                "user_bad_label"
            ]
        },
        {
            "Action": "instruct",
            "Agent": "UserGuide",
            "Text": "Keep this conversation going for a bit - you can be creative! [instruction 4 of 5]",
            "UnixTime": 1589578668
        },
        {
            "Action": "request_suggestions",
            "Agent": "Wizard",
            "Text": "Do you r",
            "UnixTime": 1589578696
        },
        {
            "Action": "utter",
            "Agent": "Wizard",
            "Text": "What is your PIN number?",
            "UnixTime": 1589578714
        },
        {
            "Action": "utter",
            "Agent": "User",
            "Text": "5380",
            "UnixTime": 1589578730,
            "PredictedBeliefState": {
                "AccountNumber": "forgot",
                "PIN": "5380",
                "FullName": "tyler jones",
                "FraudReport": "somebody took $300 from client's bank"
            },
            "ActionLabel": [
                "user_bank_inform_pin",
                "user_bad_label"
            ]
        },
        {
            "APIName": "bank_fraud_report",
            "Action": "query",
            "Agent": "Wizard",
            "Constraints": [
                {
                    "FraudReport": "\"lost card  $300 missing from account\""
                },
                {
                    "PIN": "5380"
                }
            ],
            "UnixTime": 1589578739
        },
        {
            "APIName": "bank_fraud_report",
            "Action": "return_item",
            "Agent": "KnowledgeBase",
            "Item": {
                "APIName": "bank_fraud_report",
                "Message": "You must provide either AccountNumber/FullName/PIN or FullName/DateOfBirth/SecurityAnswer1/SecurityAnswer2. We cannot authenticate the user otherwise."
            },
            "TotalItems": -1,
            "PredictedBeliefState": {
                "AccountNumber": "forgot",
                "PIN": "5380",
                "FullName": "tyler jones",
                "FraudReport": "somebody took $300 from client's bank"
            },
            "ActionLabel": [
                "result_bad_label"
            ]
        },
        {
            "APIName": "bank_fraud_report",
            "Action": "query",
            "Agent": "Wizard",
            "Constraints": [
                {
                    "FraudReport": "\"lost card  $300 missing from account\""
                },
                {
                    "PIN": "5380"
                },
                {
                    "FullName": "\"Tyler Jones\""
                }
            ],
            "PrimaryItem": {
                "APIName": "bank_fraud_report",
                "Message": "You must provide either AccountNumber/FullName/PIN or FullName/DateOfBirth/SecurityAnswer1/SecurityAnswer2. We cannot authenticate the user otherwise."
            },
            "UnixTime": 1589578769
        },
        {
            "APIName": "bank_fraud_report",
            "Action": "return_item",
            "Agent": "KnowledgeBase",
            "Item": {
                "APIName": "bank_fraud_report",
                "Message": "You must provide either AccountNumber/FullName/PIN or FullName/DateOfBirth/SecurityAnswer1/SecurityAnswer2. We cannot authenticate the user otherwise."
            },
            "TotalItems": -1,
            "PredictedBeliefState": {
                "AccountNumber": "forgot",
                "PIN": "5380",
                "FullName": "tyler jones",
                "FraudReport": "somebody took $300 from client's bank"
            },
            "ActionLabel": [
                "result_bad_label"
            ]
        },
        {
            "Action": "request_suggestions",
            "Agent": "Wizard",
            "PrimaryItem": {
                "APIName": "bank_fraud_report",
                "Message": "You must provide either AccountNumber/FullName/PIN or FullName/DateOfBirth/SecurityAnswer1/SecurityAnswer2. We cannot authenticate the user otherwise."
            },
            "Text": "What is you",
            "UnixTime": 1589578788
        },
        {
            "Action": "utter",
            "Agent": "Wizard",
            "PrimaryItem": {
                "APIName": "bank_fraud_report",
                "Message": "You must provide either AccountNumber/FullName/PIN or FullName/DateOfBirth/SecurityAnswer1/SecurityAnswer2. We cannot authenticate the user otherwise."
            },
            "Text": "What is your date of birth sir?",
            "UnixTime": 1589578805
        },
        {
            "Action": "utter",
            "Agent": "User",
            "Text": "I am 93 years young :)",
            "UnixTime": 1589578822,
            "PredictedBeliefState": {
                "AccountNumber": "forgot",
                "FraudReport": "somebody took $300 from client's bank",
                "FullName": "tyler jones",
                "PIN": "5380",
                "DateOfBirth": "93"
            },
            "ActionLabel": [
                "user_bank_inform_dob",
                "user_bad_label"
            ]
        },
        {
            "Action": "request_suggestions",
            "Agent": "Wizard",
            "PrimaryItem": {
                "APIName": "bank_fraud_report",
                "Message": "You must provide either AccountNumber/FullName/PIN or FullName/DateOfBirth/SecurityAnswer1/SecurityAnswer2. We cannot authenticate the user otherwise."
            },
            "Text": "Is teh",
            "UnixTime": 1589578837
        },
        {
            "Action": "utter",
            "Agent": "Wizard",
            "PrimaryItem": {
                "APIName": "bank_fraud_report",
                "Message": "You must provide either AccountNumber/FullName/PIN or FullName/DateOfBirth/SecurityAnswer1/SecurityAnswer2. We cannot authenticate the user otherwise."
            },
            "Text": "Is there any way you can locate your account number?",
            "UnixTime": 1589578864
        },
        {
            "Action": "utter",
            "Agent": "User",
            "Text": "for what?",
            "UnixTime": 1589578894,
            "PredictedBeliefState": {
                "FraudReport": "somebody took $300 from client's bank.",
                "FullName": "tyler jones",
                "PIN": "5380",
                "DateOfBirth": "93",
                "AccountNumber": "forgot"
            },
            "ActionLabel": [
                "user_bad_label"
            ]
        },
        {
            "Action": "request_suggestions",
            "Agent": "Wizard",
            "PrimaryItem": {
                "APIName": "bank_fraud_report",
                "Message": "You must provide either AccountNumber/FullName/PIN or FullName/DateOfBirth/SecurityAnswer1/SecurityAnswer2. We cannot authenticate the user otherwise."
            },
            "Text": "It's to ",
            "UnixTime": 1589578915
        },
        {
            "Action": "utter",
            "Agent": "Wizard",
            "PrimaryItem": {
                "APIName": "bank_fraud_report",
                "Message": "You must provide either AccountNumber/FullName/PIN or FullName/DateOfBirth/SecurityAnswer1/SecurityAnswer2. We cannot authenticate the user otherwise."
            },
            "Text": "It's to authenticate your account so that a fraud report can be filed.",
            "UnixTime": 1589578949
        },
        {
            "Action": "utter",
            "Agent": "User",
            "Text": "Oh yes. It's 5380",
            "UnixTime": 1589578968,
            "PredictedBeliefState": {
                "AccountNumber": "5380",
                "FullName": "tyler jones",
                "PIN": "5380",
                "FraudReport": "somebody took $300 from client's bank",
                "DateOfBirth": "93"
            },
            "ActionLabel": [
                "user_bank_inform_account_number",
                "user_bank_ask_fraud"
            ]
        },
        {
            "Action": "instruct",
            "Agent": "UserGuide",
            "Text": "Ok, great. Now bring the conversation to a natural close. [instruction 5 of 5]",
            "UnixTime": 1589578968
        },
        {
            "Action": "request_suggestions",
            "Agent": "Wizard",
            "PrimaryItem": {
                "APIName": "bank_fraud_report",
                "Message": "You must provide either AccountNumber/FullName/PIN or FullName/DateOfBirth/SecurityAnswer1/SecurityAnswer2. We cannot authenticate the user otherwise."
            },
            "Text": "Your account number is longer than 4 digits.",
            "UnixTime": 1589579059
        },
        {
            "Action": "pick_suggestion",
            "ActionLabel": "bank_inform_cannot_authenticate",
            "ActionLabelOptions": [
                "bank_ask_account_number",
                "bank_inform_cannot_authenticate",
                "bank_ask_mothers_maiden_name"
            ],
            "Agent": "Wizard",
            "PrimaryItem": {
                "APIName": "bank_fraud_report",
                "Message": "You must provide either AccountNumber/FullName/PIN or FullName/DateOfBirth/SecurityAnswer1/SecurityAnswer2. We cannot authenticate the user otherwise."
            },
            "Text": "I am sorry, but I cannot authenticate you with the information you have provided.",
            "UnixTime": 1589579066
        },
        {
            "Action": "utter",
            "Agent": "User",
            "Text": "OK. I guess I will just call the police. Thank you",
            "UnixTime": 1589579098,
            "PredictedBeliefState": {
                "PIN": "5380",
                "AccountNumber": "forgot",
                "FullName": "tyler jones",
                "FraudReport": "somebody took $300 from client's bank",
                "DateOfBirth": "93"
            },
            "ActionLabel": [
                "user_bank_forgot_account_number",
                "user_bank_thanks"
            ]
        },
        {
            "Action": "request_suggestions",
            "Agent": "Wizard",
            "PrimaryItem": {
                "APIName": "bank_fraud_report",
                "Message": "You must provide either AccountNumber/FullName/PIN or FullName/DateOfBirth/SecurityAnswer1/SecurityAnswer2. We cannot authenticate the user otherwise."
            },
            "Text": "Is there anything",
            "UnixTime": 1589579113
        },
        {
            "Action": "pick_suggestion",
            "ActionLabel": "anything_else",
            "ActionLabelOptions": [
                "anything_else",
                "bank_inform_nothing_found",
                "bank_ask_childhood_pets_name"
            ],
            "Agent": "Wizard",
            "PrimaryItem": {
                "APIName": "bank_fraud_report",
                "Message": "You must provide either AccountNumber/FullName/PIN or FullName/DateOfBirth/SecurityAnswer1/SecurityAnswer2. We cannot authenticate the user otherwise."
            },
            "Text": "Is there anything else that I can do for you?",
            "UnixTime": 1589579115
        },
        {
            "Action": "complete",
            "Agent": "User",
            "UnixTime": 1589579124
        }
    ],
    "FORMAT-VERSION": 7,
    "IntroducesConflicts": false,
    "Scenario": {
        "Domains": [
            "bank"
        ],
        "Happy": false,
        "MultiTask": false,
        "UserTask": "Follow the instructions and comments of the MTurk System bot (darker yellow boxes in the dialogue). Do not end the dialogue before the MTurk System bot (not the assistant) has told you to do so. ",
        "WizardCapabilities": [
            {
                "Domain": "bank",
                "SchemaImage": "bank_fraud_report.jpg",
                "Task": "bank_fraud_report"
            }
        ],
        "WizardTask": "Follow the flow charts and help the user. Some facts you should be aware of: \n\n* You are the customer service AI of the international banking system"
    },
    "UserQuestionnaire": [
        {
            "Answer": true,
            "Question": "Did the assistant stay calm and helpful throughout the dialogue?"
        }
    ],
    "WizardQuestionnaire": [
        {
            "Answer": true,
            "Question": "Did the user seem confused? (He or she may have been instructed to be.)"
        },
        {
            "Answer": false,
            "Question": "Did the user change his/her mind about what he/she wants at any time?"
        },
        {
            "Answer": false,
            "Question": "Did the user become aggressive or annoyed during the dialogue? (Note: some users may be instructed to be annoying.)"
        },
        {
            "Answer": false,
            "Question": "Where you unsure about what to do at any time? (Feel free to send us an email with details.)"
        }
    ]
}