{
    "AnonymizedUserWorkerID": "58be375a-caa2-7735-72af-2683a9d7dda2",
    "AnonymizedWizardWorkerID": "f76f8d4d-5223-f6a7-71bb-8abf87118490",
    "BatchID": "woz_1589554725",
    "CompletionLevel": "Complete",
    "DialogueID": 3166,
    "Events": [
        {
            "Action": "utter",
            "Agent": "User",
            "Text": "hi what is the weather for tuesday in NYC?",
            "UnixTime": 1589601720,
            "PredictedBeliefState": {
                "City": "new york city",
                "Day": "tuesday"
            },
            "ActionLabel": [
                "user_weather_inform_city",
                "user_weather_inform_day",
                "user_weather_ask_weather"
            ]
        },
        {
            "APIName": "weather",
            "Action": "query",
            "Agent": "Wizard",
            "Constraints": [
                {
                    "Day": "\"Tuesday\""
                },
                {
                    "City": "\"New York City\""
                }
            ],
            "UnixTime": 1589601736
        },
        {
            "APIName": "weather",
            "Action": "return_item",
            "Agent": "KnowledgeBase",
            "Item": {
                "APIName": "weather",
                "City": "New York City",
                "Day": "Tuesday",
                "TemperatureCelsius": 9,
                "Weather": "Raining",
                "id": 351
            },
            "TotalItems": -1,
            "PredictedBeliefState": {
                "City": "new york city",
                "Day": "tuesday"
            },
            "ActionLabel": [
                "db_inform_forecast"
            ]
        },
        {
            "Action": "request_suggestions",
            "Agent": "Wizard",
            "PrimaryItem": {
                "APIName": "weather",
                "City": "New York City",
                "Day": "Tuesday",
                "TemperatureCelsius": 9,
                "Weather": "Raining",
                "id": 351
            },
            "Text": "It will be raining",
            "UnixTime": 1589601744
        },
        {
            "Action": "pick_suggestion",
            "ActionLabel": "weather_inform_forecast",
            "ActionLabelOptions": [
                "weather_inform_forecast",
                "goodbye_1",
                "weather_ask_location"
            ],
            "Agent": "Wizard",
            "PrimaryItem": {
                "APIName": "weather",
                "City": "New York City",
                "Day": "Tuesday",
                "TemperatureCelsius": 9,
                "Weather": "Raining",
                "id": 351
            },
            "Text": "It will be Raining all day on Tuesday in New York City, with temperatures of around 9 degrees celsius.",
            "UnixTime": 1589601746
        },
        {
            "Action": "utter",
            "Agent": "User",
            "Text": "great thanks!",
            "UnixTime": 1589601751,
            "PredictedBeliefState": {
                "City": "new york city",
                "Day": "tuesday"
            },
            "ActionLabel": [
                "user_weather_thanks"
            ]
        },
        {
            "Action": "request_suggestions",
            "Agent": "Wizard",
            "PrimaryItem": {
                "APIName": "weather",
                "City": "New York City",
                "Day": "Tuesday",
                "TemperatureCelsius": 9,
                "Weather": "Raining",
                "id": 351
            },
            "Text": "anything else",
            "UnixTime": 1589601759
        },
        {
            "Action": "pick_suggestion",
            "ActionLabel": "anything_else",
            "ActionLabelOptions": [
                "anything_else",
                "weather_inform_forecast",
                "hello"
            ],
            "Agent": "Wizard",
            "PrimaryItem": {
                "APIName": "weather",
                "City": "New York City",
                "Day": "Tuesday",
                "TemperatureCelsius": 9,
                "Weather": "Raining",
                "id": 351
            },
            "Text": "Is there anything else that I can do for you?",
            "UnixTime": 1589601761
        },
        {
            "Action": "complete",
            "Agent": "User",
            "UnixTime": 1589601767
        }
    ],
    "FORMAT-VERSION": 7,
    "IntroducesConflicts": false,
    "Scenario": {
        "Domains": [
            "weather"
        ],
        "Happy": true,
        "MultiTask": false,
        "UserTask": "Please find the weather for Tuesday in New York City.",
        "WizardCapabilities": [
            {
                "Domain": "weather",
                "SchemaImage": "weather.jpg",
                "Task": "weather"
            }
        ],
        "WizardTask": "Tell the user the weather."
    },
    "UserQuestionnaire": [
        {
            "Answer": true,
            "Question": "Did the AI Assistant tell you the weather?"
        },
        {
            "Answer": true,
            "Question": "Did the AI Assistant say something about rain?"
        },
        {
            "Answer": true,
            "Question": "Did the AI Assistant stay calm and helpful throughout the dialogue?"
        }
    ],
    "WizardQuestionnaire": [
        {
            "Answer": false,
            "Question": "Did the user change his/her mind about what he/she wants at any time?"
        },
        {
            "Answer": false,
            "Question": "Did the user become aggressive or annoyed during the dialogue? (Note: some users may be instructed to be annoying.)"
        },
        {
            "Answer": false,
            "Question": "Where you unsure about what to do at any time? (Feel free to send us an email with details.)"
        }
    ]
}