{
    "AnonymizedUserWorkerID": "ee2276a1-53ce-a0ce-97a0-164c3f0f388c",
    "AnonymizedWizardWorkerID": "7e46c32f-64e8-9560-702e-82f6b52463d7",
    "BatchID": "woz_1589554725",
    "CompletionLevel": "Complete",
    "DialogueID": 3191,
    "Events": [
        {
            "Action": "instruct",
            "Agent": "UserGuide",
            "Text": "Explain the general situation to the robot and ask some question. [instruction 1 of 3]",
            "UnixTime": 1589611281
        },
        {
            "Action": "utter",
            "Agent": "User",
            "Text": "I'm having trouble accessing the engineering deck, the door is locked and we'll lose lives if we don't hurry!",
            "UnixTime": 1589611439,
            "PredictedBeliefState": {},
            "ActionLabel": [
                "user_bad_label"
            ]
        },
        {
            "Action": "instruct",
            "Agent": "UserGuide",
            "Text": "Make lots of typos [instruction 2 of 3]",
            "UnixTime": 1589611439
        },
        {
            "Action": "request_suggestions",
            "Agent": "Wizard",
            "Text": "Lock Manufacturer",
            "UnixTime": 1589611443
        },
        {
            "Action": "pick_suggestion",
            "ActionLabel": "spaceship_ask_lock_manufacturer",
            "ActionLabelOptions": [
                "spaceship_ask_lock_manufacturer",
                "spaceship_bye",
                "spaceship_ask_colour_top_cable"
            ],
            "Agent": "Wizard",
            "Text": "Please provide the name of the lock manufacturer.",
            "UnixTime": 1589611445
        },
        {
            "Action": "utter",
            "Agent": "User",
            "Text": "I beleev tha manuefactrer is Diebeld.",
            "UnixTime": 1589611489,
            "PredictedBeliefState": {
                "LockManufacturer": "diebeld"
            },
            "ActionLabel": [
                "user_spaceship_life_support_inform_manufacturer",
                "user_spaceship_life_support_ask_help"
            ]
        },
        {
            "Action": "instruct",
            "Agent": "UserGuide",
            "Text": "Once the life support system is repaired (not earlier!), you can end the conversation.  [instruction 3 of 3]",
            "UnixTime": 1589611489
        },
        {
            "Action": "request_suggestions",
            "Agent": "Wizard",
            "Text": "Color Of Top Cable",
            "UnixTime": 1589611494
        },
        {
            "Action": "pick_suggestion",
            "ActionLabel": "spaceship_ask_colour_top_cable",
            "ActionLabelOptions": [
                "spaceship_ask_colour_top_cable",
                "spaceship_inform_nothing_found",
                "spaceship_ask_colour_second_cable"
            ],
            "Agent": "Wizard",
            "Text": "Please provide the color of the first cable.",
            "UnixTime": 1589611496
        },
        {
            "Action": "utter",
            "Agent": "User",
            "Text": "Yello and oreng",
            "UnixTime": 1589611515,
            "PredictedBeliefState": {
                "LockManufacturer": "diebeld",
                "ColorOfSecondCable": "orange",
                "ColorOfTopCable": "yellow"
            },
            "ActionLabel": [
                "user_spaceship_life_support_inform_second_colour",
                "user_spaceship_life_support_inform_top_colour"
            ]
        },
        {
            "Action": "request_suggestions",
            "Agent": "Wizard",
            "Text": "Color Of Second Cable",
            "UnixTime": 1589611519
        },
        {
            "Action": "pick_suggestion",
            "ActionLabel": "spaceship_ask_colour_second_cable",
            "ActionLabelOptions": [
                "spaceship_ask_colour_second_cable",
                "spaceship_ask_colour_top_cable",
                "out_of_scope"
            ],
            "Agent": "Wizard",
            "Text": "Please provide the color of the second cable.",
            "UnixTime": 1589611522
        },
        {
            "Action": "utter",
            "Agent": "User",
            "Text": "Oreng",
            "UnixTime": 1589611529,
            "PredictedBeliefState": {
                "LockManufacturer": "diebeld",
                "ColorOfTopCable": "yellow",
                "ColorOfSecondCable": "orange"
            },
            "ActionLabel": []
        },
        {
            "APIName": "spaceship_life_support",
            "Action": "query",
            "Agent": "Wizard",
            "Constraints": [
                {
                    "LockManufacturer": "\"Diebeld\""
                },
                {
                    "ColorOfTopCable": "\"Yellow\""
                },
                {
                    "ColorOfSecondCable": "\"Orange\""
                }
            ],
            "UnixTime": 1589611537
        },
        {
            "APIName": "spaceship_life_support",
            "Action": "return_item",
            "Agent": "KnowledgeBase",
            "Item": {
                "APIName": "spaceship_life_support",
                "Message": "Successful! Life support was recovered."
            },
            "TotalItems": -1,
            "PredictedBeliefState": {
                "LockManufacturer": "diebeld",
                "ColorOfTopCable": "yellow",
                "ColorOfSecondCable": "orange"
            },
            "ActionLabel": [
                "db_spaceship_inform_outcome"
            ]
        },
        {
            "Action": "request_suggestions",
            "Agent": "Wizard",
            "PrimaryItem": {
                "APIName": "spaceship_life_support",
                "Message": "Successful! Life support was recovered."
            },
            "Text": "success",
            "UnixTime": 1589611542
        },
        {
            "Action": "pick_suggestion",
            "ActionLabel": "spaceship_inform_outcome",
            "ActionLabelOptions": [
                "spaceship_inform_outcome",
                "spaceship_bye",
                "hello"
            ],
            "Agent": "Wizard",
            "PrimaryItem": {
                "APIName": "spaceship_life_support",
                "Message": "Successful! Life support was recovered."
            },
            "Text": "Ok, I can reach the control panel now... Successful! Life support was recovered.",
            "UnixTime": 1589611543
        },
        {
            "Action": "utter",
            "Agent": "User",
            "Text": "Thenks!",
            "UnixTime": 1589611555,
            "PredictedBeliefState": {
                "ColorOfSecondCable": "orange",
                "LockManufacturer": "diebeld",
                "ColorOfTopCable": "yello"
            },
            "ActionLabel": [
                "user_spaceship_life_support_inform_top_colour",
                "user_spaceship_life_support_thanks"
            ]
        },
        {
            "Action": "request_suggestions",
            "Agent": "Wizard",
            "PrimaryItem": {
                "APIName": "spaceship_life_support",
                "Message": "Successful! Life support was recovered."
            },
            "Text": "anything else",
            "UnixTime": 1589611563
        },
        {
            "Action": "pick_suggestion",
            "ActionLabel": "anything_else",
            "ActionLabelOptions": [
                "anything_else",
                "spaceship_bye",
                "spaceship_ask_colour_top_cable"
            ],
            "Agent": "Wizard",
            "PrimaryItem": {
                "APIName": "spaceship_life_support",
                "Message": "Successful! Life support was recovered."
            },
            "Text": "Is there anything else that I can do for you?",
            "UnixTime": 1589611565
        },
        {
            "Action": "utter",
            "Agent": "User",
            "Text": "I theenk thas all",
            "UnixTime": 1589611579,
            "PredictedBeliefState": {
                "ColorOfSecondCable": "orange",
                "LockManufacturer": "diebeld",
                "ColorOfTopCable": "yello"
            },
            "ActionLabel": [
                "user_spaceship_life_support_goodbye"
            ]
        },
        {
            "Action": "request_suggestions",
            "Agent": "Wizard",
            "PrimaryItem": {
                "APIName": "spaceship_life_support",
                "Message": "Successful! Life support was recovered."
            },
            "Text": "Goodbye",
            "UnixTime": 1589611585
        },
        {
            "Action": "pick_suggestion",
            "ActionLabel": "spaceship_bye",
            "ActionLabelOptions": [
                "spaceship_bye",
                "spaceship_inform_outcome",
                "out_of_scope"
            ],
            "Agent": "Wizard",
            "PrimaryItem": {
                "APIName": "spaceship_life_support",
                "Message": "Successful! Life support was recovered."
            },
            "Text": "Goodbye.",
            "UnixTime": 1589611589
        },
        {
            "Action": "complete",
            "Agent": "User",
            "UnixTime": 1589611595
        }
    ],
    "FORMAT-VERSION": 7,
    "IntroducesConflicts": false,
    "Scenario": {
        "Domains": [
            "spaceship"
        ],
        "Happy": false,
        "MultiTask": false,
        "UserTask": "The life support on your spaceship is failing! To save the lives of the crew, the ship's repair-robot has to get into the engineering deck, which is sealed due to a lack of air. Help the robot to enter the engineering deck! It has to temper with the lock (manufactured by 'Diebold') and swap the positions of the Yellow cable and the Orange cable. It already reached the door.",
        "WizardCapabilities": [
            {
                "Domain": "spaceship",
                "SchemaImage": "spaceship_life_support.jpg",
                "Task": "spaceship_life_support"
            }
        ],
        "WizardTask": "Act as the spaceship's onboard robot and help the user recover the life support."
    },
    "UserQuestionnaire": [
        {
            "Answer": true,
            "Question": "Did the robot help successfully recover the life support?"
        },
        {
            "Answer": true,
            "Question": "Did the robot stay calm and helpful throughout the dialogue?"
        }
    ],
    "WizardQuestionnaire": [
        {
            "Answer": false,
            "Question": "Did the user change his/her mind about what he/she wants at any time?"
        },
        {
            "Answer": false,
            "Question": "Did the user become aggressive or annoyed during the dialogue? (Note: some users may be instructed to be annoying.)"
        },
        {
            "Answer": false,
            "Question": "Where you unsure about what to do at any time? (Feel free to send us an email with details.)"
        }
    ]
}