{
    "AnonymizedUserWorkerID": "73bd63b7-5463-b221-d8f5-2611db2cf2a3",
    "AnonymizedWizardWorkerID": "239936e4-190b-4d6e-8038-57290b8802d4",
    "BatchID": "woz_1589554725",
    "CompletionLevel": "Complete",
    "DialogueID": 3224,
    "Events": [
        {
            "Action": "utter",
            "Agent": "User",
            "Text": "Hi, I'm John I would like to reserve a flight.",
            "UnixTime": 1589565274,
            "PredictedBeliefState": {
                "CustomerName": "john"
            },
            "ActionLabel": [
                "user_plane_book_inform_name",
                "user_plane_book_ask_plane_book"
            ]
        },
        {
            "Action": "request_suggestions",
            "Agent": "Wizard",
            "Text": "Flight ID number",
            "UnixTime": 1589565296
        },
        {
            "Action": "pick_suggestion",
            "ActionLabel": "plane_ask_flight_id",
            "ActionLabelOptions": [
                "plane_ask_flight_id",
                "plane_inform_nothing_found",
                "out_of_scope"
            ],
            "Agent": "Wizard",
            "Text": "Can I have your flight ID, please?",
            "UnixTime": 1589565299
        },
        {
            "Action": "utter",
            "Agent": "User",
            "Text": "Yes, it is: 314",
            "UnixTime": 1589565316,
            "PredictedBeliefState": {
                "id": "314",
                "CustomerName": "john"
            },
            "ActionLabel": [
                "user_plane_book_inform_flight_id"
            ]
        },
        {
            "APIName": "plane_book",
            "Action": "query",
            "Agent": "Wizard",
            "Constraints": [
                {
                    "id": "314"
                },
                {
                    "CustomerName": "\"John\""
                },
                {
                    "RequestType": "\"Check\""
                }
            ],
            "UnixTime": 1589565337
        },
        {
            "APIName": "plane_book",
            "Action": "return_item",
            "Agent": "KnowledgeBase",
            "Item": {
                "APIName": "plane_book",
                "Message": "Available",
                "id": 314
            },
            "TotalItems": -1,
            "PredictedBeliefState": {
                "id": "314",
                "CustomerName": "john"
            },
            "ActionLabel": [
                "db_plane_flight_available"
            ]
        },
        {
            "Action": "request_suggestions",
            "Agent": "Wizard",
            "PrimaryItem": {
                "APIName": "plane_book",
                "Message": "Available",
                "id": 314
            },
            "Text": "available",
            "UnixTime": 1589565342
        },
        {
            "Action": "pick_suggestion",
            "ActionLabel": "plane_flight_available",
            "ActionLabelOptions": [
                "plane_flight_available",
                "anything_else",
                "ask_name"
            ],
            "Agent": "Wizard",
            "PrimaryItem": {
                "APIName": "plane_book",
                "Message": "Available",
                "id": 314
            },
            "Text": "The flight is available. Should I reserve it for you?",
            "UnixTime": 1589565345
        },
        {
            "Action": "utter",
            "Agent": "User",
            "Text": "That's great, please do!",
            "UnixTime": 1589565358,
            "PredictedBeliefState": {
                "CustomerName": "john",
                "id": "314"
            },
            "ActionLabel": [
                "user_plane_book_inform_book"
            ]
        },
        {
            "APIName": "plane_book",
            "Action": "query",
            "Agent": "Wizard",
            "Constraints": [
                {
                    "id": "314"
                },
                {
                    "CustomerName": "\"John\""
                },
                {
                    "RequestType": "\"Book\""
                }
            ],
            "PrimaryItem": {
                "APIName": "plane_book",
                "Message": "Available",
                "id": 314
            },
            "UnixTime": 1589565373
        },
        {
            "APIName": "plane_book",
            "Action": "return_item",
            "Agent": "KnowledgeBase",
            "Item": {
                "APIName": "plane_book",
                "ReservationStatus": "Reservation Confirmed",
                "id": 314
            },
            "TotalItems": -1,
            "PredictedBeliefState": {
                "CustomerName": "john",
                "id": "314"
            },
            "ActionLabel": [
                "db_plane_reservation_succeeded"
            ]
        },
        {
            "Action": "request_suggestions",
            "Agent": "Wizard",
            "PrimaryItem": {
                "APIName": "plane_book",
                "ReservationStatus": "Reservation Confirmed",
                "id": 314
            },
            "Text": "reservation confirmed",
            "UnixTime": 1589565380
        },
        {
            "Action": "pick_suggestion",
            "ActionLabel": "plane_reservation_succeeded",
            "ActionLabelOptions": [
                "plane_reservation_succeeded",
                "plane_inform_nothing_found",
                "plane_ask_flight_id"
            ],
            "Agent": "Wizard",
            "PrimaryItem": {
                "APIName": "plane_book",
                "ReservationStatus": "Reservation Confirmed",
                "id": 314
            },
            "Text": "Right, your flight is now reserved!",
            "UnixTime": 1589565383
        },
        {
            "Action": "complete",
            "Agent": "User",
            "UnixTime": 1589565388
        }
    ],
    "FORMAT-VERSION": 7,
    "IntroducesConflicts": false,
    "Scenario": {
        "Domains": [
            "plane"
        ],
        "Happy": true,
        "MultiTask": false,
        "UserTask": "Reserve flight with id 314. Your name is John",
        "WizardCapabilities": [
            {
                "Domain": "plane",
                "SchemaImage": "plane_book.jpg",
                "Task": "plane_book"
            }
        ],
        "WizardTask": "Help the user book their flight."
    },
    "UserQuestionnaire": [
        {
            "Answer": true,
            "Question": "Did the AI Assistant book your flight?"
        },
        {
            "Answer": true,
            "Question": "Did the AI Assistant stay calm and helpful throughout the dialogue?"
        }
    ],
    "WizardQuestionnaire": [
        {
            "Answer": false,
            "Question": "Did the user change his/her mind about what he/she wants at any time?"
        },
        {
            "Answer": false,
            "Question": "Did the user become aggressive or annoyed during the dialogue? (Note: some users may be instructed to be annoying.)"
        },
        {
            "Answer": false,
            "Question": "Where you unsure about what to do at any time? (Feel free to send us an email with details.)"
        }
    ]
}