{
    "AnonymizedUserWorkerID": "239936e4-190b-4d6e-8038-57290b8802d4",
    "AnonymizedWizardWorkerID": "9cfed8ec-54a9-f0f7-8327-15f6470d4a6c",
    "BatchID": "woz_1589554725",
    "CompletionLevel": "EarlyDisconnectDuringDialogue",
    "DialogueID": 3263,
    "Events": [
        {
            "Action": "instruct",
            "Agent": "UserGuide",
            "Text": "Explain the general situation to the robot and ask some question. [instruction 1 of 3]",
            "UnixTime": 1589566108
        },
        {
            "Action": "utter",
            "Agent": "User",
            "Text": "Needs asssistant with locks to save crews. Get inta a eginaring dek. Pix the lox. And swatch cble. ",
            "UnixTime": 1589566193,
            "PredictedBeliefState": {},
            "ActionLabel": [
                "user_bad_label"
            ]
        },
        {
            "Action": "instruct",
            "Agent": "UserGuide",
            "Text": "Make lots of typos [instruction 2 of 3]",
            "UnixTime": 1589566193
        }
    ],
    "FORMAT-VERSION": 7,
    "IntroducesConflicts": false,
    "Scenario": {
        "Domains": [
            "spaceship"
        ],
        "Happy": false,
        "MultiTask": false,
        "UserTask": "The life support on your spaceship is failing! To save the lives of the crew, the ship's repair-robot has to get into the engineering deck, which is sealed due to a lack of air. Help the robot to enter the engineering deck! It has to temper with the lock (manufactured by 'ISS Alpha') and swap the positions of the Orange cable and the Green cable. It already reached the door.",
        "WizardCapabilities": [
            {
                "Domain": "spaceship",
                "SchemaImage": "spaceship_life_support.jpg",
                "Task": "spaceship_life_support"
            }
        ],
        "WizardTask": "Act as the spaceship's onboard robot and help the user recover the life support."
    },
    "UserQuestionnaire": [],
    "WizardQuestionnaire": []
}