{
    "AnonymizedUserWorkerID": "e9fa7e8e-d139-9e5e-e5c1-e91880f700fb",
    "AnonymizedWizardWorkerID": "5279cf01-d151-44ce-b806-dd2536b8c8bd",
    "BatchID": "woz_1589554725",
    "CompletionLevel": "Complete",
    "DialogueID": 3267,
    "Events": [
        {
            "Action": "instruct",
            "Agent": "UserGuide",
            "Text": "You (Mark) want to organize a surprise party (see instructions on the left). Talk to the AI assistant. Maybe it can help? [instruction 1 of 6]",
            "UnixTime": 1589596789
        },
        {
            "Action": "utter",
            "Agent": "User",
            "Text": "Hi, can you help me plan a party?",
            "UnixTime": 1589596819,
            "PredictedBeliefState": {},
            "ActionLabel": [
                "user_party_plan_ask_party_plan"
            ]
        },
        {
            "Action": "instruct",
            "Agent": "UserGuide",
            "Text": "You'd expect about 20 people to show up. [instruction 2 of 6]",
            "UnixTime": 1589596819
        },
        {
            "Action": "request_suggestions",
            "Agent": "Wizard",
            "Text": "sure",
            "UnixTime": 1589596827
        },
        {
            "Action": "request_suggestions",
            "Agent": "Wizard",
            "Text": "venue",
            "UnixTime": 1589596832
        },
        {
            "Action": "request_suggestions",
            "Agent": "Wizard",
            "Text": "party",
            "UnixTime": 1589596842
        },
        {
            "Action": "request_suggestions",
            "Agent": "Wizard",
            "Text": "host name",
            "UnixTime": 1589596852
        },
        {
            "Action": "pick_suggestion",
            "ActionLabel": "party_ask_starting_time",
            "ActionLabelOptions": [
                "ask_name",
                "party_ask_starting_time",
                "goodbye_1"
            ],
            "Agent": "Wizard",
            "Text": "When would you like your party to kick off?",
            "UnixTime": 1589596858
        },
        {
            "Action": "utter",
            "Agent": "User",
            "Text": "at noon? at the West Bay venue?",
            "UnixTime": 1589596873,
            "PredictedBeliefState": {
                "Name": "west bay venue",
                "StartTimeHour": "noon"
            },
            "ActionLabel": [
                "user_party_plan_inform_venue",
                "user_party_plan_inform_starting_time"
            ]
        },
        {
            "Action": "instruct",
            "Agent": "UserGuide",
            "Text": "If nothing is available, change the day or reduce the number of guests until it works.  [instruction 3 of 6]",
            "UnixTime": 1589596873
        },
        {
            "Action": "request_suggestions",
            "Agent": "Wizard",
            "Text": "day",
            "UnixTime": 1589596884
        },
        {
            "Action": "pick_suggestion",
            "ActionLabel": "party_ask_day",
            "ActionLabelOptions": [
                "party_ask_day",
                "party_ask_number_of_guests",
                "goodbye_1"
            ],
            "Agent": "Wizard",
            "Text": "On what day would you like your party organised?",
            "UnixTime": 1589596886
        },
        {
            "Action": "utter",
            "Agent": "User",
            "Text": "Wednesday",
            "UnixTime": 1589596898,
            "PredictedBeliefState": {
                "Day": "wednesday",
                "Name": "west bay venue",
                "StartTimeHour": "noon"
            },
            "ActionLabel": [
                "user_party_plan_inform_day"
            ]
        },
        {
            "Action": "request_suggestions",
            "Agent": "Wizard",
            "Text": "name",
            "UnixTime": 1589596908
        },
        {
            "Action": "pick_suggestion",
            "ActionLabel": "ask_name",
            "ActionLabelOptions": [
                "ask_name",
                "goodbye_1",
                "out_of_scope"
            ],
            "Agent": "Wizard",
            "Text": "May I have your name, please?",
            "UnixTime": 1589596910
        },
        {
            "Action": "utter",
            "Agent": "User",
            "Text": "I'm Mark. It's a party for my colleague, Ben.",
            "UnixTime": 1589596920,
            "PredictedBeliefState": {
                "StartTimeHour": "noon",
                "Day": "wednesday",
                "Name": "west bay venue",
                "HostName": "mark"
            },
            "ActionLabel": [
                "user_party_plan_inform_name"
            ]
        },
        {
            "Action": "instruct",
            "Agent": "UserGuide",
            "Text": "Interrupt the conversation with a little small talk (e.g. about Ben's promotion, the party, other colleagues, or something else). [instruction 4 of 6]",
            "UnixTime": 1589596920
        },
        {
            "Action": "request_suggestions",
            "Agent": "Wizard",
            "Text": "number",
            "UnixTime": 1589596932
        },
        {
            "Action": "pick_suggestion",
            "ActionLabel": "party_ask_number_of_guests",
            "ActionLabelOptions": [
                "party_ask_number_of_guests",
                "ask_name",
                "goodbye_1"
            ],
            "Agent": "Wizard",
            "Text": "How many people would you like to invite?",
            "UnixTime": 1589596935
        },
        {
            "Action": "utter",
            "Agent": "User",
            "Text": "20. He just got promoted so this is going to be a surprise.",
            "UnixTime": 1589596951,
            "PredictedBeliefState": {
                "StartTimeHour": "noon",
                "Day": "wednesday",
                "NumberGuests": "20",
                "Name": "west bay venue",
                "HostName": "mark"
            },
            "ActionLabel": [
                "user_party_plan_inform_number_of_guests"
            ]
        },
        {
            "APIName": "party_plan",
            "Action": "query",
            "Agent": "Wizard",
            "Constraints": [
                {
                    "Name": "\"West Bay Venue\""
                },
                {
                    "HostName": "\"Mark\""
                },
                {
                    "Day": "\"Wednesday\""
                },
                {
                    "StartTimeHour": "\"12 pm\""
                },
                {
                    "NumberGuests": "20"
                },
                {
                    "RequestType": "\"Check\""
                }
            ],
            "UnixTime": 1589596966
        },
        {
            "APIName": "party_plan",
            "Action": "return_item",
            "Agent": "KnowledgeBase",
            "Item": {
                "APIName": "party_plan",
                "Day": "Wednesday",
                "Message": "The venue is available.",
                "Time": "12 pm",
                "VenueName": "West Bay Venue"
            },
            "TotalItems": -1,
            "PredictedBeliefState": {
                "StartTimeHour": "noon",
                "Day": "wednesday",
                "NumberGuests": "20",
                "Name": "west bay venue",
                "HostName": "mark"
            },
            "ActionLabel": [
                "db_party_venue_available"
            ]
        },
        {
            "Action": "request_suggestions",
            "Agent": "Wizard",
            "PrimaryItem": {
                "APIName": "party_plan",
                "Day": "Wednesday",
                "Message": "The venue is available.",
                "Time": "12 pm",
                "VenueName": "West Bay Venue"
            },
            "Text": "available",
            "UnixTime": 1589596977
        },
        {
            "Action": "pick_suggestion",
            "ActionLabel": "party_ask_confirm_booking",
            "ActionLabelOptions": [
                "party_ask_confirm_booking",
                "party_ask_day",
                "party_booking_successful"
            ],
            "Agent": "Wizard",
            "PrimaryItem": {
                "APIName": "party_plan",
                "Day": "Wednesday",
                "Message": "The venue is available.",
                "Time": "12 pm",
                "VenueName": "West Bay Venue"
            },
            "Text": "OK, the West Bay Venue would be happy to accommodate you on Wednesday @ 12 pm.\nCan I book it for you now?",
            "UnixTime": 1589596980
        },
        {
            "Action": "utter",
            "Agent": "User",
            "Text": "yes please!",
            "UnixTime": 1589596985,
            "PredictedBeliefState": {
                "NumberGuests": "20",
                "StartTimeHour": "12 pm",
                "Name": "west bay venue",
                "Day": "wednesday",
                "HostName": "mark"
            },
            "ActionLabel": [
                "user_party_plan_inform_starting_time",
                "user_party_plan_inform_book"
            ]
        },
        {
            "Action": "instruct",
            "Agent": "UserGuide",
            "Text": "You get a text from Ben saying: 'Pedro and I just had the most delicious Indian food ever! Chicken Tikka Masala! (not sure if I spell this right) I want to eat nothing else for the rest of my days! :D'. [instruction 5 of 6]",
            "UnixTime": 1589596985
        },
        {
            "APIName": "party_plan",
            "Action": "query",
            "Agent": "Wizard",
            "Constraints": [
                {
                    "Name": "\"West Bay Venue\""
                },
                {
                    "HostName": "\"Mark\""
                },
                {
                    "Day": "\"Wednesday\""
                },
                {
                    "StartTimeHour": "\"12 pm\""
                },
                {
                    "NumberGuests": "20"
                },
                {
                    "RequestType": "\"Book\""
                }
            ],
            "PrimaryItem": {
                "APIName": "party_plan",
                "Day": "Wednesday",
                "Message": "The venue is available.",
                "Time": "12 pm",
                "VenueName": "West Bay Venue"
            },
            "UnixTime": 1589596991
        },
        {
            "APIName": "party_plan",
            "Action": "return_item",
            "Agent": "KnowledgeBase",
            "Item": {
                "APIName": "party_plan",
                "Day": "Wednesday",
                "Message": "Your event has been successfully scheduled.",
                "Time": "12 pm",
                "VenueName": "West Bay Venue"
            },
            "TotalItems": -1,
            "PredictedBeliefState": {
                "NumberGuests": "20",
                "StartTimeHour": "12 pm",
                "Name": "west bay venue",
                "Day": "wednesday",
                "HostName": "mark"
            },
            "ActionLabel": [
                "db_party_booking_successful"
            ]
        },
        {
            "Action": "request_suggestions",
            "Agent": "Wizard",
            "PrimaryItem": {
                "APIName": "party_plan",
                "Day": "Wednesday",
                "Message": "Your event has been successfully scheduled.",
                "Time": "12 pm",
                "VenueName": "West Bay Venue"
            },
            "Text": "bookbed",
            "UnixTime": 1589596994
        },
        {
            "Action": "pick_suggestion",
            "ActionLabel": "party_booking_successful",
            "ActionLabelOptions": [
                "party_booking_successful",
                "out_of_scope",
                "party_ask_confirm_booking"
            ],
            "Agent": "Wizard",
            "PrimaryItem": {
                "APIName": "party_plan",
                "Day": "Wednesday",
                "Message": "Your event has been successfully scheduled.",
                "Time": "12 pm",
                "VenueName": "West Bay Venue"
            },
            "Text": "Great, your party has been successfully booked at the West Bay Venue on Wednesday at 12 pm!",
            "UnixTime": 1589596996
        },
        {
            "Action": "utter",
            "Agent": "User",
            "Text": "Do they by chance serve Tikka Masala?",
            "UnixTime": 1589597010,
            "PredictedBeliefState": {
                "HostName": "mark",
                "NumberGuests": "20",
                "Name": "west bay venue",
                "StartTimeHour": "12 pm",
                "Day": "wednesday",
                "FoodRequest": "tikka masala"
            },
            "ActionLabel": [
                "user_party_plan_inform_food",
                "user_bad_label"
            ]
        },
        {
            "APIName": "party_plan",
            "Action": "query",
            "Agent": "Wizard",
            "Constraints": [
                {
                    "Name": "\"West Bay Venue\""
                },
                {
                    "HostName": "\"Mark\""
                },
                {
                    "Day": "\"Wednesday\""
                },
                {
                    "StartTimeHour": "\"12 pm\""
                },
                {
                    "NumberGuests": "20"
                },
                {
                    "RequestType": "\"Book\""
                },
                {
                    "FoodRequest": "\"Tikka Masala\""
                }
            ],
            "PrimaryItem": {
                "APIName": "party_plan",
                "Day": "Wednesday",
                "Message": "Your event has been successfully scheduled.",
                "Time": "12 pm",
                "VenueName": "West Bay Venue"
            },
            "UnixTime": 1589597024
        },
        {
            "APIName": "party_plan",
            "Action": "return_item",
            "Agent": "KnowledgeBase",
            "Item": {
                "APIName": "party_plan",
                "Day": "Wednesday",
                "Message": "Your event has been successfully scheduled.",
                "Time": "12 pm",
                "VenueName": "West Bay Venue"
            },
            "TotalItems": -1,
            "PredictedBeliefState": {
                "HostName": "mark",
                "NumberGuests": "20",
                "Name": "west bay venue",
                "StartTimeHour": "12 pm",
                "Day": "wednesday",
                "FoodRequest": "tikka masala"
            },
            "ActionLabel": [
                "result_bad_label"
            ]
        },
        {
            "Action": "request_suggestions",
            "Agent": "Wizard",
            "PrimaryItem": {
                "APIName": "party_plan",
                "Day": "Wednesday",
                "Message": "Your event has been successfully scheduled.",
                "Time": "12 pm",
                "VenueName": "West Bay Venue"
            },
            "Text": "Yes",
            "UnixTime": 1589597029
        },
        {
            "Action": "utter",
            "Agent": "Wizard",
            "PrimaryItem": {
                "APIName": "party_plan",
                "Day": "Wednesday",
                "Message": "Your event has been successfully scheduled.",
                "Time": "12 pm",
                "VenueName": "West Bay Venue"
            },
            "Text": "Yes",
            "UnixTime": 1589597042
        },
        {
            "Action": "utter",
            "Agent": "User",
            "Text": "Great. Thank you so much!",
            "UnixTime": 1589597050,
            "PredictedBeliefState": {
                "StartTimeHour": "12 pm",
                "NumberGuests": "20",
                "Day": "wednesday",
                "HostName": "mark",
                "Name": "west bay venue",
                "FoodRequest": "tikka masala"
            },
            "ActionLabel": [
                "user_bad_label"
            ]
        },
        {
            "Action": "instruct",
            "Agent": "UserGuide",
            "Text": "Make sure you have booked a venue. Then you can bring the conversation to a natural close. [instruction 6 of 6]",
            "UnixTime": 1589597050
        },
        {
            "Action": "request_suggestions",
            "Agent": "Wizard",
            "PrimaryItem": {
                "APIName": "party_plan",
                "Day": "Wednesday",
                "Message": "Your event has been successfully scheduled.",
                "Time": "12 pm",
                "VenueName": "West Bay Venue"
            },
            "Text": "thank you",
            "UnixTime": 1589597056
        },
        {
            "Action": "pick_suggestion",
            "ActionLabel": "goodbye_1",
            "ActionLabelOptions": [
                "goodbye_1",
                "ask_name",
                "out_of_scope"
            ],
            "Agent": "Wizard",
            "PrimaryItem": {
                "APIName": "party_plan",
                "Day": "Wednesday",
                "Message": "Your event has been successfully scheduled.",
                "Time": "12 pm",
                "VenueName": "West Bay Venue"
            },
            "Text": "Thank you and goodbye.",
            "UnixTime": 1589597058
        },
        {
            "Action": "utter",
            "Agent": "User",
            "Text": "We're all good to go, right?",
            "UnixTime": 1589597068,
            "PredictedBeliefState": {
                "NumberGuests": "20",
                "Name": "west bay venue",
                "Day": "wednesday",
                "HostName": "mark",
                "StartTimeHour": "12 pm",
                "FoodRequest": "tikka masala"
            },
            "ActionLabel": [
                "user_bad_label"
            ]
        },
        {
            "Action": "request_suggestions",
            "Agent": "Wizard",
            "PrimaryItem": {
                "APIName": "party_plan",
                "Day": "Wednesday",
                "Message": "Your event has been successfully scheduled.",
                "Time": "12 pm",
                "VenueName": "West Bay Venue"
            },
            "Text": "Yes",
            "UnixTime": 1589597072
        },
        {
            "Action": "utter",
            "Agent": "Wizard",
            "PrimaryItem": {
                "APIName": "party_plan",
                "Day": "Wednesday",
                "Message": "Your event has been successfully scheduled.",
                "Time": "12 pm",
                "VenueName": "West Bay Venue"
            },
            "Text": "Yes",
            "UnixTime": 1589597078
        },
        {
            "Action": "complete",
            "Agent": "User",
            "UnixTime": 1589597082
        }
    ],
    "FORMAT-VERSION": 7,
    "IntroducesConflicts": true,
    "Scenario": {
        "Domains": [
            "party"
        ],
        "Happy": false,
        "MultiTask": false,
        "UserTask": "You are Mark and would like to plan a surprise party for your colleague Ben, who just got promoted. For the venue, you'd like to reserve West Bay Venue for Wednesday from 12 pm. ",
        "WizardCapabilities": [
            {
                "Domain": "party",
                "SchemaImage": "party_plan.jpg",
                "Task": "party_plan"
            }
        ],
        "WizardTask": "Follow the flow charts and help the user plan a party. "
    },
    "UserQuestionnaire": [
        {
            "Answer": true,
            "Question": "Did the assistant stay calm and helpful throughout the dialogue?"
        }
    ],
    "WizardQuestionnaire": [
        {
            "Answer": false,
            "Question": "Did the user change his/her mind about what he/she wants at any time?"
        },
        {
            "Answer": false,
            "Question": "Did the user become aggressive or annoyed during the dialogue? (Note: some users may be instructed to be annoying.)"
        },
        {
            "Answer": false,
            "Question": "Where you unsure about what to do at any time? (Feel free to send us an email with details.)"
        }
    ]
}