{
    "AnonymizedUserWorkerID": "1971c304-a0cb-187e-5969-4fa4d850c8e3",
    "AnonymizedWizardWorkerID": "239936e4-190b-4d6e-8038-57290b8802d4",
    "BatchID": "woz_1589554725",
    "CompletionLevel": "Complete",
    "DialogueID": 3276,
    "Events": [
        {
            "Action": "instruct",
            "Agent": "UserGuide",
            "Text": "You (Angela) want to organize a surprise party (see instructions on the left). Talk to the AI assistant. Maybe it can help? [instruction 1 of 6]",
            "UnixTime": 1589597440
        },
        {
            "Action": "utter",
            "Agent": "User",
            "Text": "I need to have a surprise party for my colleague Mark. He just got promoted.",
            "UnixTime": 1589597468,
            "PredictedBeliefState": {},
            "ActionLabel": [
                "user_party_plan_ask_party_plan"
            ]
        },
        {
            "Action": "instruct",
            "Agent": "UserGuide",
            "Text": "You'd expect about 31 people to show up. [instruction 2 of 6]",
            "UnixTime": 1589597468
        },
        {
            "Action": "request_suggestions",
            "Agent": "Wizard",
            "Text": "venue name",
            "UnixTime": 1589597528
        },
        {
            "Action": "pick_suggestion",
            "ActionLabel": "party_ask_venue",
            "ActionLabelOptions": [
                "ask_name",
                "party_ask_venue",
                "out_of_scope"
            ],
            "Agent": "Wizard",
            "Text": "At what venue would you like to have your party organised?",
            "UnixTime": 1589597532
        },
        {
            "Action": "utter",
            "Agent": "User",
            "Text": "West Bay Venue and I'm expecting around 31 guests.",
            "UnixTime": 1589597553,
            "PredictedBeliefState": {
                "NumberGuests": "31",
                "Name": "west bay venue"
            },
            "ActionLabel": [
                "user_party_plan_inform_number_of_guests",
                "user_party_plan_inform_venue"
            ]
        },
        {
            "Action": "instruct",
            "Agent": "UserGuide",
            "Text": "If nothing is available, change the day or reduce the number of guests until it works.  [instruction 3 of 6]",
            "UnixTime": 1589597553
        },
        {
            "Action": "request_suggestions",
            "Agent": "Wizard",
            "Text": "your  name",
            "UnixTime": 1589597597
        },
        {
            "Action": "pick_suggestion",
            "ActionLabel": "ask_name",
            "ActionLabelOptions": [
                "ask_name",
                "party_ask_starting_time",
                "goodbye_1"
            ],
            "Agent": "Wizard",
            "Text": "May I have your name, please?",
            "UnixTime": 1589597599
        },
        {
            "Action": "utter",
            "Agent": "User",
            "Text": "Angela and I would like to set it up for Wednesday at 3pm",
            "UnixTime": 1589597620,
            "PredictedBeliefState": {
                "Day": "wednesday",
                "HostName": "angela",
                "Name": "west bay venue",
                "NumberGuests": "31",
                "StartTimeHour": "3 pm"
            },
            "ActionLabel": [
                "user_party_plan_inform_day",
                "user_party_plan_inform_name",
                "user_party_plan_inform_starting_time"
            ]
        },
        {
            "APIName": "party_plan",
            "Action": "query",
            "Agent": "Wizard",
            "Constraints": [
                {
                    "Name": "\"West Bay Venue\""
                },
                {
                    "HostName": "\"Angela\""
                },
                {
                    "Day": "\"Wednesday\""
                },
                {
                    "StartTimeHour": "\"3 pm\""
                },
                {
                    "NumberGuests": "31"
                },
                {
                    "RequestType": "\"Check\""
                }
            ],
            "UnixTime": 1589597655
        },
        {
            "APIName": "party_plan",
            "Action": "return_item",
            "Agent": "KnowledgeBase",
            "Item": {
                "APIName": "party_plan",
                "Day": "Wednesday",
                "Message": "The venue is available.",
                "Time": "3 pm",
                "VenueName": "West Bay Venue"
            },
            "TotalItems": -1,
            "PredictedBeliefState": {
                "Day": "wednesday",
                "HostName": "angela",
                "Name": "west bay venue",
                "NumberGuests": "31",
                "StartTimeHour": "3 pm"
            },
            "ActionLabel": [
                "db_party_venue_available"
            ]
        },
        {
            "Action": "request_suggestions",
            "Agent": "Wizard",
            "PrimaryItem": {
                "APIName": "party_plan",
                "Day": "Wednesday",
                "Message": "The venue is available.",
                "Time": "3 pm",
                "VenueName": "West Bay Venue"
            },
            "Text": "available",
            "UnixTime": 1589597663
        },
        {
            "Action": "pick_suggestion",
            "ActionLabel": "party_ask_confirm_booking",
            "ActionLabelOptions": [
                "party_ask_confirm_booking",
                "party_ask_day",
                "party_booking_successful"
            ],
            "Agent": "Wizard",
            "PrimaryItem": {
                "APIName": "party_plan",
                "Day": "Wednesday",
                "Message": "The venue is available.",
                "Time": "3 pm",
                "VenueName": "West Bay Venue"
            },
            "Text": "OK, the West Bay Venue would be happy to accommodate you on Wednesday @ 3 pm.\nCan I book it for you now?",
            "UnixTime": 1589597665
        },
        {
            "Action": "utter",
            "Agent": "User",
            "Text": "Yes please",
            "UnixTime": 1589597675,
            "PredictedBeliefState": {
                "StartTimeHour": "3 pm",
                "Day": "wednesday",
                "NumberGuests": "31",
                "Name": "west bay venue",
                "HostName": "angela"
            },
            "ActionLabel": [
                "user_party_plan_inform_book"
            ]
        },
        {
            "Action": "instruct",
            "Agent": "UserGuide",
            "Text": "Interrupt the conversation with a little small talk (e.g. about Mark's promotion, the party, other colleagues, or something else). [instruction 4 of 6]",
            "UnixTime": 1589597675
        },
        {
            "APIName": "party_plan",
            "Action": "query",
            "Agent": "Wizard",
            "Constraints": [
                {
                    "Name": "\"West Bay Venue\""
                },
                {
                    "HostName": "\"Angela\""
                },
                {
                    "Day": "\"Wednesday\""
                },
                {
                    "StartTimeHour": "\"3 pm\""
                },
                {
                    "NumberGuests": "31"
                },
                {
                    "RequestType": "\"Book\""
                }
            ],
            "PrimaryItem": {
                "APIName": "party_plan",
                "Day": "Wednesday",
                "Message": "The venue is available.",
                "Time": "3 pm",
                "VenueName": "West Bay Venue"
            },
            "UnixTime": 1589597691
        },
        {
            "APIName": "party_plan",
            "Action": "return_item",
            "Agent": "KnowledgeBase",
            "Item": {
                "APIName": "party_plan",
                "Day": "Wednesday",
                "Message": "Your event has been successfully scheduled.",
                "Time": "3 pm",
                "VenueName": "West Bay Venue"
            },
            "TotalItems": -1,
            "PredictedBeliefState": {
                "StartTimeHour": "3 pm",
                "Day": "wednesday",
                "NumberGuests": "31",
                "Name": "west bay venue",
                "HostName": "angela"
            },
            "ActionLabel": [
                "db_party_booking_successful"
            ]
        },
        {
            "Action": "request_suggestions",
            "Agent": "Wizard",
            "PrimaryItem": {
                "APIName": "party_plan",
                "Day": "Wednesday",
                "Message": "Your event has been successfully scheduled.",
                "Time": "3 pm",
                "VenueName": "West Bay Venue"
            },
            "Text": "Your event has been scheduled. ",
            "UnixTime": 1589597707
        },
        {
            "Action": "pick_suggestion",
            "ActionLabel": "party_booking_successful",
            "ActionLabelOptions": [
                "party_booking_successful",
                "party_ask_day",
                "party_ask_starting_time"
            ],
            "Agent": "Wizard",
            "PrimaryItem": {
                "APIName": "party_plan",
                "Day": "Wednesday",
                "Message": "Your event has been successfully scheduled.",
                "Time": "3 pm",
                "VenueName": "West Bay Venue"
            },
            "Text": "Great, your party has been successfully booked at the West Bay Venue on Wednesday at 3 pm!",
            "UnixTime": 1589597710
        },
        {
            "Action": "utter",
            "Agent": "User",
            "Text": "There's gonna be a lot a crazy people at this party. It's gonna be wild!",
            "UnixTime": 1589597730,
            "PredictedBeliefState": {
                "HostName": "angela",
                "NumberGuests": "31",
                "Day": "wednesday",
                "Name": "west bay venue",
                "StartTimeHour": "3 pm"
            },
            "ActionLabel": [
                "user_party_plan_thanks"
            ]
        },
        {
            "Action": "request_suggestions",
            "Agent": "Wizard",
            "PrimaryItem": {
                "APIName": "party_plan",
                "Day": "Wednesday",
                "Message": "Your event has been successfully scheduled.",
                "Time": "3 pm",
                "VenueName": "West Bay Venue"
            },
            "Text": "thank you",
            "UnixTime": 1589597744
        },
        {
            "Action": "pick_suggestion",
            "ActionLabel": "goodbye_1",
            "ActionLabelOptions": [
                "goodbye_1",
                "ask_name",
                "out_of_scope"
            ],
            "Agent": "Wizard",
            "PrimaryItem": {
                "APIName": "party_plan",
                "Day": "Wednesday",
                "Message": "Your event has been successfully scheduled.",
                "Time": "3 pm",
                "VenueName": "West Bay Venue"
            },
            "Text": "Thank you and goodbye.",
            "UnixTime": 1589597745
        },
        {
            "Action": "utter",
            "Agent": "User",
            "Text": "Thanks",
            "UnixTime": 1589597768,
            "PredictedBeliefState": {
                "Day": "wednesday",
                "NumberGuests": "31",
                "StartTimeHour": "3 pm",
                "Name": "west bay venue",
                "HostName": "angela"
            },
            "ActionLabel": [
                "user_party_plan_goodbye"
            ]
        },
        {
            "Action": "instruct",
            "Agent": "UserGuide",
            "Text": "You get a text from Mark saying: 'Remember Jenny was always so fond of this Thai place? I just checked it out, but man... my stomach absolutely cannot handle Thai food. Never again!'. [instruction 5 of 6]",
            "UnixTime": 1589597768
        },
        {
            "Action": "request_suggestions",
            "Agent": "Wizard",
            "PrimaryItem": {
                "APIName": "party_plan",
                "Day": "Wednesday",
                "Message": "Your event has been successfully scheduled.",
                "Time": "3 pm",
                "VenueName": "West Bay Venue"
            },
            "Text": "goodbye",
            "UnixTime": 1589597778
        },
        {
            "Action": "pick_suggestion",
            "ActionLabel": "goodbye_1",
            "ActionLabelOptions": [
                "goodbye_1",
                "out_of_scope",
                "party_booking_failed"
            ],
            "Agent": "Wizard",
            "PrimaryItem": {
                "APIName": "party_plan",
                "Day": "Wednesday",
                "Message": "Your event has been successfully scheduled.",
                "Time": "3 pm",
                "VenueName": "West Bay Venue"
            },
            "Text": "Thank you and goodbye.",
            "UnixTime": 1589597781
        },
        {
            "Action": "utter",
            "Agent": "User",
            "Text": "Oh one more thing. Can you make sure they don't serve any Thai food?",
            "UnixTime": 1589597807,
            "PredictedBeliefState": {
                "StartTimeHour": "3 pm",
                "Name": "west bay venue",
                "HostName": "angela",
                "FoodRequest": "no thai",
                "Day": "wednesday",
                "NumberGuests": "31"
            },
            "ActionLabel": [
                "user_party_plan_inform_food",
                "user_bad_label"
            ]
        },
        {
            "Action": "request_suggestions",
            "Agent": "Wizard",
            "PrimaryItem": {
                "APIName": "party_plan",
                "Day": "Wednesday",
                "Message": "Your event has been successfully scheduled.",
                "Time": "3 pm",
                "VenueName": "West Bay Venue"
            },
            "Text": "I have food request ",
            "UnixTime": 1589597853
        },
        {
            "Action": "utter",
            "Agent": "Wizard",
            "PrimaryItem": {
                "APIName": "party_plan",
                "Day": "Wednesday",
                "Message": "Your event has been successfully scheduled.",
                "Time": "3 pm",
                "VenueName": "West Bay Venue"
            },
            "Text": "I have added the food request to your booking. ",
            "UnixTime": 1589597875
        },
        {
            "Action": "utter",
            "Agent": "User",
            "Text": "Thanks",
            "UnixTime": 1589597884,
            "PredictedBeliefState": {
                "StartTimeHour": "3 pm",
                "NumberGuests": "31",
                "Name": "west bay venue",
                "Day": "wednesday",
                "FoodRequest": "thai",
                "HostName": "angela"
            },
            "ActionLabel": [
                "user_bad_label"
            ]
        },
        {
            "Action": "instruct",
            "Agent": "UserGuide",
            "Text": "Make sure you have booked a venue. Then you can bring the conversation to a natural close. [instruction 6 of 6]",
            "UnixTime": 1589597884
        },
        {
            "APIName": "party_plan",
            "Action": "query",
            "Agent": "Wizard",
            "Constraints": [
                {
                    "Name": "\"West Bay Venue\""
                },
                {
                    "HostName": "\"Angela\""
                },
                {
                    "Day": "\"Wednesday\""
                },
                {
                    "StartTimeHour": "\"3 pm\""
                },
                {
                    "NumberGuests": "31"
                },
                {
                    "RequestType": "\"Book\""
                },
                {
                    "FoodRequest": "\"No Thai food\""
                }
            ],
            "PrimaryItem": {
                "APIName": "party_plan",
                "Day": "Wednesday",
                "Message": "Your event has been successfully scheduled.",
                "Time": "3 pm",
                "VenueName": "West Bay Venue"
            },
            "UnixTime": 1589597886
        },
        {
            "APIName": "party_plan",
            "Action": "return_item",
            "Agent": "KnowledgeBase",
            "Item": {
                "APIName": "party_plan",
                "Day": "Wednesday",
                "Message": "Your event has been successfully scheduled.",
                "Time": "3 pm",
                "VenueName": "West Bay Venue"
            },
            "TotalItems": -1,
            "PredictedBeliefState": {
                "StartTimeHour": "3 pm",
                "NumberGuests": "31",
                "Name": "west bay venue",
                "Day": "wednesday",
                "FoodRequest": "thai",
                "HostName": "angela"
            },
            "ActionLabel": [
                "result_bad_label"
            ]
        },
        {
            "Action": "request_suggestions",
            "Agent": "Wizard",
            "PrimaryItem": {
                "APIName": "party_plan",
                "Day": "Wednesday",
                "Message": "Your event has been successfully scheduled.",
                "Time": "3 pm",
                "VenueName": "West Bay Venue"
            },
            "Text": "Goodbye",
            "UnixTime": 1589597893
        },
        {
            "Action": "pick_suggestion",
            "ActionLabel": "goodbye_1",
            "ActionLabelOptions": [
                "goodbye_1",
                "out_of_scope",
                "party_booking_failed"
            ],
            "Agent": "Wizard",
            "PrimaryItem": {
                "APIName": "party_plan",
                "Day": "Wednesday",
                "Message": "Your event has been successfully scheduled.",
                "Time": "3 pm",
                "VenueName": "West Bay Venue"
            },
            "Text": "Thank you and goodbye.",
            "UnixTime": 1589597895
        },
        {
            "Action": "utter",
            "Agent": "User",
            "Text": "Goodbye",
            "UnixTime": 1589597905,
            "PredictedBeliefState": {
                "Name": "west bay venue",
                "StartTimeHour": "3 pm",
                "FoodRequest": "no thai",
                "HostName": "angela",
                "NumberGuests": "31",
                "Day": "wednesday"
            },
            "ActionLabel": [
                "user_party_plan_goodbye"
            ]
        },
        {
            "Action": "request_suggestions",
            "Agent": "Wizard",
            "PrimaryItem": {
                "APIName": "party_plan",
                "Day": "Wednesday",
                "Message": "Your event has been successfully scheduled.",
                "Time": "3 pm",
                "VenueName": "West Bay Venue"
            },
            "Text": "thank you",
            "UnixTime": 1589597923
        },
        {
            "Action": "pick_suggestion",
            "ActionLabel": "goodbye_1",
            "ActionLabelOptions": [
                "goodbye_1",
                "ask_name",
                "out_of_scope"
            ],
            "Agent": "Wizard",
            "PrimaryItem": {
                "APIName": "party_plan",
                "Day": "Wednesday",
                "Message": "Your event has been successfully scheduled.",
                "Time": "3 pm",
                "VenueName": "West Bay Venue"
            },
            "Text": "Thank you and goodbye.",
            "UnixTime": 1589597926
        },
        {
            "Action": "complete",
            "Agent": "User",
            "UnixTime": 1589597928
        }
    ],
    "FORMAT-VERSION": 7,
    "IntroducesConflicts": false,
    "Scenario": {
        "Domains": [
            "party"
        ],
        "Happy": false,
        "MultiTask": false,
        "UserTask": "You are Angela and would like to plan a surprise party for your colleague Mark, who just got promoted. For the venue, you'd like to reserve West Bay Venue for Wednesday from 3 pm. ",
        "WizardCapabilities": [
            {
                "Domain": "party",
                "SchemaImage": "party_plan.jpg",
                "Task": "party_plan"
            }
        ],
        "WizardTask": "Follow the flow charts and help the user plan a party. "
    },
    "UserQuestionnaire": [
        {
            "Answer": true,
            "Question": "Did the assistant stay calm and helpful throughout the dialogue?"
        }
    ],
    "WizardQuestionnaire": [
        {
            "Answer": false,
            "Question": "Did the user change his/her mind about what he/she wants at any time?"
        },
        {
            "Answer": false,
            "Question": "Did the user become aggressive or annoyed during the dialogue? (Note: some users may be instructed to be annoying.)"
        },
        {
            "Answer": false,
            "Question": "Where you unsure about what to do at any time? (Feel free to send us an email with details.)"
        }
    ]
}