{
    "AnonymizedUserWorkerID": "1971c304-a0cb-187e-5969-4fa4d850c8e3",
    "AnonymizedWizardWorkerID": "62eeec70-6c47-578d-fd46-fef2b9b6d543",
    "BatchID": "woz_1589554725",
    "CompletionLevel": "Complete",
    "DialogueID": 3279,
    "Events": [
        {
            "Action": "utter",
            "Agent": "User",
            "Text": "Hello",
            "UnixTime": 1589582111,
            "PredictedBeliefState": {},
            "ActionLabel": [
                "user_hello"
            ]
        },
        {
            "Action": "request_suggestions",
            "Agent": "Wizard",
            "Text": "hi how can i help",
            "UnixTime": 1589582117
        },
        {
            "Action": "pick_suggestion",
            "ActionLabel": "hello",
            "ActionLabelOptions": [
                "hello",
                "out_of_scope",
                "anything_else"
            ],
            "Agent": "Wizard",
            "Text": "Hello, how can I help?",
            "UnixTime": 1589582118
        },
        {
            "Action": "utter",
            "Agent": "User",
            "Text": "I need to report fraud on my bank account. Help please!",
            "UnixTime": 1589582141,
            "PredictedBeliefState": {
                "FraudReport": "stolen money"
            },
            "ActionLabel": [
                "user_bank_inform_fraud_details",
                "user_bank_ask_fraud"
            ]
        },
        {
            "Action": "request_suggestions",
            "Agent": "Wizard",
            "Text": "naem",
            "UnixTime": 1589582148
        },
        {
            "Action": "pick_suggestion",
            "ActionLabel": "ask_name",
            "ActionLabelOptions": [
                "goodbye_1",
                "ask_name",
                "bank_ask_dob"
            ],
            "Agent": "Wizard",
            "Text": "Could I get your full name, please?",
            "UnixTime": 1589582150
        },
        {
            "Action": "utter",
            "Agent": "User",
            "Text": "tyler jones",
            "UnixTime": 1589582158,
            "PredictedBeliefState": {
                "FraudReport": "stolen money",
                "FullName": "tyler jones"
            },
            "ActionLabel": [
                "user_bank_inform_name"
            ]
        },
        {
            "Action": "request_suggestions",
            "Agent": "Wizard",
            "Text": "account number",
            "UnixTime": 1589582164
        },
        {
            "Action": "pick_suggestion",
            "ActionLabel": "bank_ask_account_number",
            "ActionLabelOptions": [
                "bank_ask_account_number",
                "bank_inform_cannot_authenticate",
                "out_of_scope"
            ],
            "Agent": "Wizard",
            "Text": "Can you tell me your account number, please?",
            "UnixTime": 1589582167
        },
        {
            "Action": "utter",
            "Agent": "User",
            "Text": "i don't remember my account number",
            "UnixTime": 1589582182,
            "PredictedBeliefState": {
                "FraudReport": "stolen money",
                "AccountNumber": "forgot",
                "FullName": "tyler jones"
            },
            "ActionLabel": [
                "user_bank_forgot_account_number"
            ]
        },
        {
            "Action": "request_suggestions",
            "Agent": "Wizard",
            "Text": "can I have birth",
            "UnixTime": 1589582194
        },
        {
            "Action": "pick_suggestion",
            "ActionLabel": "bank_ask_dob",
            "ActionLabelOptions": [
                "bank_ask_dob",
                "bank_inform_cannot_authenticate",
                "bank_ask_childhood_pets_name"
            ],
            "Agent": "Wizard",
            "Text": "Could you provide your date of birth, please?",
            "UnixTime": 1589582196
        },
        {
            "Action": "utter",
            "Agent": "User",
            "Text": "February 29, 1980",
            "UnixTime": 1589582218,
            "PredictedBeliefState": {
                "FraudReport": "stolen money",
                "AccountNumber": "forgot",
                "FullName": "tyler jones",
                "DateOfBirth": "february 29, 1980"
            },
            "ActionLabel": [
                "user_bank_inform_dob"
            ]
        },
        {
            "Action": "request_suggestions",
            "Agent": "Wizard",
            "Text": "What is your mother's maiden name",
            "UnixTime": 1589582245
        },
        {
            "Action": "pick_suggestion",
            "ActionLabel": "bank_ask_mothers_maiden_name",
            "ActionLabelOptions": [
                "bank_ask_mothers_maiden_name",
                "bank_inform_nothing_found",
                "bank_ask_pin"
            ],
            "Agent": "Wizard",
            "Text": "What was your mother's maiden name?",
            "UnixTime": 1589582247
        },
        {
            "Action": "utter",
            "Agent": "User",
            "Text": "It is Wong",
            "UnixTime": 1589582257,
            "PredictedBeliefState": {
                "DateOfBirth": "february 29, 1980",
                "SecurityAnswer1": "wong",
                "FullName": "tyler jones",
                "AccountNumber": "forgot",
                "FraudReport": "stolen money"
            },
            "ActionLabel": [
                "user_bank_inform_mothers_maiden_name"
            ]
        },
        {
            "Action": "request_suggestions",
            "Agent": "Wizard",
            "Text": "What was you childhood pet",
            "UnixTime": 1589582273
        },
        {
            "Action": "pick_suggestion",
            "ActionLabel": "bank_ask_childhood_pets_name",
            "ActionLabelOptions": [
                "bank_ask_childhood_pets_name",
                "bank_inform_cannot_authenticate",
                "goodbye_1"
            ],
            "Agent": "Wizard",
            "Text": "And what was the name of the pet you had as a child?",
            "UnixTime": 1589582275
        },
        {
            "Action": "utter",
            "Agent": "User",
            "Text": "Charlie. I had him for 15 years. He was the best.",
            "UnixTime": 1589582293,
            "PredictedBeliefState": {
                "SecurityAnswer2": "charlie",
                "AccountNumber": "forgot",
                "FullName": "tyler jones",
                "FraudReport": "stolen money",
                "DateOfBirth": "february 29, 1980",
                "SecurityAnswer1": "wong"
            },
            "ActionLabel": [
                "user_bank_inform_childhood_pets_name"
            ]
        },
        {
            "Action": "request_suggestions",
            "Agent": "Wizard",
            "Text": "details of report",
            "UnixTime": 1589582303
        },
        {
            "Action": "pick_suggestion",
            "ActionLabel": "bank_ask_fraud_details",
            "ActionLabelOptions": [
                "bank_ask_fraud_details",
                "bank_inform_fraud_report_submitted",
                "ask_name"
            ],
            "Agent": "Wizard",
            "Text": "Could you provide a detailed fraud report now, please?",
            "UnixTime": 1589582306
        },
        {
            "Action": "utter",
            "Agent": "User",
            "Text": "I have lost my debit card and before I could cancel it, somebody withdrew $300 at an ATM. ",
            "UnixTime": 1589582339,
            "PredictedBeliefState": {
                "SecurityAnswer1": "wong",
                "FraudReport": "stolen money",
                "AccountNumber": "forgot",
                "FullName": "tyler jones",
                "DateOfBirth": "february 29, 1980",
                "SecurityAnswer2": "charlie"
            },
            "ActionLabel": []
        },
        {
            "APIName": "bank_fraud_report",
            "Action": "query",
            "Agent": "Wizard",
            "Constraints": [
                {
                    "FraudReport": "\"I have lost my debit card and before I could cancel it, somebody withdrew $300 at an ATM. \""
                },
                {
                    "FullName": "\"Tyler Jones\""
                },
                {
                    "DateOfBirth": "\" February 29, 1980\""
                },
                {
                    "SecurityAnswer1": "\"Wong\""
                },
                {
                    "SecurityAnswer2": "\"Charlie\""
                }
            ],
            "UnixTime": 1589582354
        },
        {
            "APIName": "bank_fraud_report",
            "Action": "return_item",
            "Agent": "KnowledgeBase",
            "Item": {
                "APIName": "bank_fraud_report",
                "Confirmation": "Fraud report submitted successfully."
            },
            "TotalItems": -1,
            "PredictedBeliefState": {
                "SecurityAnswer1": "wong",
                "FraudReport": "stolen money",
                "AccountNumber": "forgot",
                "FullName": "tyler jones",
                "DateOfBirth": "february 29, 1980",
                "SecurityAnswer2": "charlie"
            },
            "ActionLabel": [
                "db_bank_inform_fraud_report_submitted"
            ]
        },
        {
            "Action": "request_suggestions",
            "Agent": "Wizard",
            "PrimaryItem": {
                "APIName": "bank_fraud_report",
                "Confirmation": "Fraud report submitted successfully."
            },
            "Text": "fraud reported",
            "UnixTime": 1589582363
        },
        {
            "Action": "pick_suggestion",
            "ActionLabel": "bank_inform_fraud_report_submitted",
            "ActionLabelOptions": [
                "bank_inform_fraud_report_submitted",
                "bank_ask_fraud_details",
                "goodbye_1"
            ],
            "Agent": "Wizard",
            "PrimaryItem": {
                "APIName": "bank_fraud_report",
                "Confirmation": "Fraud report submitted successfully."
            },
            "Text": "Your report has been successfully submitted.\nWe will have a look at the matter ASAP and will contact you with details in due course.",
            "UnixTime": 1589582366
        },
        {
            "Action": "complete",
            "Agent": "User",
            "UnixTime": 1589582376
        }
    ],
    "FORMAT-VERSION": 7,
    "IntroducesConflicts": false,
    "Scenario": {
        "Domains": [
            "bank"
        ],
        "Happy": true,
        "MultiTask": false,
        "UserTask": "You are Tyler Jones and would like to report fraud on your bank account. You have lost your debit card and before you could cancel it, somebody withdrew $300 at an ATM.. Unfortunately, you don't remember your account number nor your PIN. Your date of birth is 29/02/1980. For your security questions, your mother's maiden name is Wong and your childhood pet is Charlie.",
        "WizardCapabilities": [
            {
                "Domain": "bank",
                "SchemaImage": "bank_fraud_report.jpg",
                "Task": "bank_fraud_report"
            }
        ],
        "WizardTask": "Authenticate the user and submit a fraud report"
    },
    "UserQuestionnaire": [
        {
            "Answer": true,
            "Question": "Did the AI Assistant succesfully report fraud on your account?"
        },
        {
            "Answer": true,
            "Question": "Did the AI Assistant stay calm and helpful throughout the dialogue?"
        }
    ],
    "WizardQuestionnaire": [
        {
            "Answer": false,
            "Question": "Did the user change his/her mind about what he/she wants at any time?"
        },
        {
            "Answer": false,
            "Question": "Did the user become aggressive or annoyed during the dialogue? (Note: some users may be instructed to be annoying.)"
        },
        {
            "Answer": false,
            "Question": "Where you unsure about what to do at any time? (Feel free to send us an email with details.)"
        }
    ]
}