{
    "AnonymizedUserWorkerID": "9cfed8ec-54a9-f0f7-8327-15f6470d4a6c",
    "AnonymizedWizardWorkerID": "2965998c-ab8b-cf18-b4a6-7a9d1ae0206a",
    "BatchID": "woz_1589554725",
    "CompletionLevel": "Complete",
    "DialogueID": 3336,
    "Events": [
        {
            "Action": "utter",
            "Agent": "User",
            "Text": "I would like to RSVP to a party",
            "UnixTime": 1589555361,
            "PredictedBeliefState": {},
            "ActionLabel": [
                "user_party_rsvp_ask_rsvp"
            ]
        },
        {
            "Action": "request_suggestions",
            "Agent": "Wizard",
            "Text": "What is the name of the venue",
            "UnixTime": 1589555380
        },
        {
            "Action": "pick_suggestion",
            "ActionLabel": "party_ask_venue",
            "ActionLabelOptions": [
                "party_ask_venue",
                "party_ask_dietary_restrictions",
                "party_ask_number_of_guests"
            ],
            "Agent": "Wizard",
            "Text": "At what venue is the party taking place?",
            "UnixTime": 1589555383
        },
        {
            "Action": "utter",
            "Agent": "User",
            "Text": "Southside Venue",
            "UnixTime": 1589555407,
            "PredictedBeliefState": {
                "Name": "southside venue"
            },
            "ActionLabel": [
                "user_party_rsvp_inform_venue"
            ]
        },
        {
            "Action": "request_suggestions",
            "Agent": "Wizard",
            "Text": "What is the name of the host",
            "UnixTime": 1589555427
        },
        {
            "Action": "pick_suggestion",
            "ActionLabel": "party_ask_host",
            "ActionLabelOptions": [
                "party_ask_host",
                "party_ask_number_of_guests",
                "party_ask_venue"
            ],
            "Agent": "Wizard",
            "Text": "Could you provide me with the name of the host, please?",
            "UnixTime": 1589555429
        },
        {
            "Action": "utter",
            "Agent": "User",
            "Text": "The host is Mark ",
            "UnixTime": 1589555452,
            "PredictedBeliefState": {
                "Name": "southside venue",
                "HostName": "mark"
            },
            "ActionLabel": [
                "user_party_rsvp_inform_host_name"
            ]
        },
        {
            "Action": "request_suggestions",
            "Agent": "Wizard",
            "Text": "What is your name",
            "UnixTime": 1589555461
        },
        {
            "Action": "pick_suggestion",
            "ActionLabel": "ask_name",
            "ActionLabelOptions": [
                "ask_name",
                "party_inform_nothing_found",
                "party_ask_host"
            ],
            "Agent": "Wizard",
            "Text": "May I have your name, please?",
            "UnixTime": 1589555463
        },
        {
            "Action": "utter",
            "Agent": "User",
            "Text": "Angela ",
            "UnixTime": 1589555473,
            "PredictedBeliefState": {
                "Name": "southside venue",
                "GuestName": "angela",
                "HostName": "mark"
            },
            "ActionLabel": [
                "user_party_rsvp_inform_name"
            ]
        },
        {
            "Action": "request_suggestions",
            "Agent": "Wizard",
            "Text": "What time are you arriving",
            "UnixTime": 1589555489
        },
        {
            "Action": "pick_suggestion",
            "ActionLabel": "party_ask_arrival_time",
            "ActionLabelOptions": [
                "party_ask_arrival_time",
                "party_ask_parking_needed",
                "party_ask_number_of_guests"
            ],
            "Agent": "Wizard",
            "Text": "When are you planning to arrive at the party?",
            "UnixTime": 1589555493
        },
        {
            "Action": "utter",
            "Agent": "User",
            "Text": "4 pm",
            "UnixTime": 1589555508,
            "PredictedBeliefState": {
                "HostName": "mark",
                "GuestName": "angela",
                "Name": "southside venue",
                "ArrivalTime": "4 pm"
            },
            "ActionLabel": [
                "user_party_rsvp_inform_time"
            ]
        },
        {
            "Action": "request_suggestions",
            "Agent": "Wizard",
            "Text": "How many guests are you bringing ",
            "UnixTime": 1589555518
        },
        {
            "Action": "pick_suggestion",
            "ActionLabel": "party_ask_number_of_guests",
            "ActionLabelOptions": [
                "party_ask_number_of_guests",
                "party_ask_arrival_time",
                "party_ask_host"
            ],
            "Agent": "Wizard",
            "Text": "How many guests will you be bringing with you?",
            "UnixTime": 1589555520
        },
        {
            "Action": "utter",
            "Agent": "User",
            "Text": "7 ",
            "UnixTime": 1589555545,
            "PredictedBeliefState": {
                "GuestName": "angela",
                "HostName": "mark",
                "ArrivalTime": "4 pm",
                "NumberGuests": "7",
                "Name": "southside venue"
            },
            "ActionLabel": [
                "user_party_rsvp_inform_number_of_guests"
            ]
        },
        {
            "Action": "request_suggestions",
            "Agent": "Wizard",
            "Text": "Do you need parking ",
            "UnixTime": 1589555563
        },
        {
            "Action": "pick_suggestion",
            "ActionLabel": "party_ask_parking_needed",
            "ActionLabelOptions": [
                "party_ask_parking_needed",
                "party_ask_arrival_time",
                "party_ask_host"
            ],
            "Agent": "Wizard",
            "Text": "Do you require parking at the venue?",
            "UnixTime": 1589555575
        },
        {
            "Action": "utter",
            "Agent": "User",
            "Text": "yes",
            "UnixTime": 1589555584,
            "PredictedBeliefState": {
                "GuestName": "angela",
                "NeedParking": "yes",
                "Name": "southside venue",
                "NumberGuests": "7",
                "HostName": "mark",
                "ArrivalTime": "4 pm"
            },
            "ActionLabel": [
                "user_party_rsvp_inform_parking_needed"
            ]
        },
        {
            "Action": "request_suggestions",
            "Agent": "Wizard",
            "Text": "Do you have any dietary restrictions",
            "UnixTime": 1589555596
        },
        {
            "Action": "pick_suggestion",
            "ActionLabel": "party_ask_dietary_restrictions",
            "ActionLabelOptions": [
                "party_ask_dietary_restrictions",
                "out_of_scope",
                "party_ask_venue"
            ],
            "Agent": "Wizard",
            "Text": "Do you have any dietary restrictions?",
            "UnixTime": 1589555598
        },
        {
            "Action": "utter",
            "Agent": "User",
            "Text": "i ncan only eat vegan food.",
            "UnixTime": 1589555650,
            "PredictedBeliefState": {
                "NeedParking": "yes",
                "ArrivalTime": "4 pm",
                "NumberGuests": "7",
                "HostName": "mark",
                "DietaryRestrictions": "vegan",
                "GuestName": "angela",
                "Name": "southside venue"
            },
            "ActionLabel": [
                "user_party_rsvp_dietary_restrictions"
            ]
        },
        {
            "APIName": "party_rsvp",
            "Action": "query",
            "Agent": "Wizard",
            "Constraints": [
                {
                    "Name": "api.is_equal_to(\"Southside Venue\")"
                },
                {
                    "HostName": "\"Mark\""
                },
                {
                    "GuestName": "\"Angela\""
                },
                {
                    "ArrivalTime": "\"4 pm\""
                },
                {
                    "NumberGuests": "7"
                },
                {
                    "NeedParking": "api.is_equal_to(\"Yes\")"
                },
                {
                    "DietaryRestrictions": "\"Vegan\""
                }
            ],
            "UnixTime": 1589555681
        },
        {
            "APIName": "party_rsvp",
            "Action": "return_item",
            "Agent": "KnowledgeBase",
            "Item": {
                "APIName": "party_rsvp",
                "Message": "Thank you for your RSVP. See you there."
            },
            "TotalItems": -1,
            "PredictedBeliefState": {
                "NeedParking": "yes",
                "ArrivalTime": "4 pm",
                "NumberGuests": "7",
                "HostName": "mark",
                "DietaryRestrictions": "vegan",
                "GuestName": "angela",
                "Name": "southside venue"
            },
            "ActionLabel": [
                "db_party_confirm_rsvp"
            ]
        },
        {
            "Action": "request_suggestions",
            "Agent": "Wizard",
            "PrimaryItem": {
                "APIName": "party_rsvp",
                "Message": "Thank you for your RSVP. See you there."
            },
            "Text": "RSVP is confirmed",
            "UnixTime": 1589555694
        },
        {
            "Action": "pick_suggestion",
            "ActionLabel": "party_confirm_rsvp",
            "ActionLabelOptions": [
                "party_confirm_rsvp",
                "party_ask_arrival_time",
                "party_ask_number_of_guests"
            ],
            "Agent": "Wizard",
            "PrimaryItem": {
                "APIName": "party_rsvp",
                "Message": "Thank you for your RSVP. See you there."
            },
            "Text": "Great, your rsvp is all done and confirmed!",
            "UnixTime": 1589555697
        },
        {
            "Action": "complete",
            "Agent": "User",
            "UnixTime": 1589555700
        }
    ],
    "FORMAT-VERSION": 7,
    "IntroducesConflicts": false,
    "Scenario": {
        "Domains": [
            "party"
        ],
        "Happy": true,
        "MultiTask": false,
        "UserTask": "Your are Angela and would like to RSVP to a party. The host is Mark and the venue is Southside Venue. You will be arriving at 4 pm and will bring 7 guests with you. You need parking. You can only eat vegan food.",
        "WizardCapabilities": [
            {
                "Domain": "party",
                "SchemaImage": "party_rsvp.jpg",
                "Task": "party_rsvp"
            }
        ],
        "WizardTask": "Help the user RSVP for a party."
    },
    "UserQuestionnaire": [
        {
            "Answer": true,
            "Question": "Did the AI Assistant submit your RSVP for the party?"
        },
        {
            "Answer": true,
            "Question": "Did the AI Assistant stay calm and helpful throughout the dialogue?"
        }
    ],
    "WizardQuestionnaire": [
        {
            "Answer": false,
            "Question": "Did the user change his/her mind about what he/she wants at any time?"
        },
        {
            "Answer": false,
            "Question": "Did the user become aggressive or annoyed during the dialogue? (Note: some users may be instructed to be annoying.)"
        },
        {
            "Answer": false,
            "Question": "Where you unsure about what to do at any time? (Feel free to send us an email with details.)"
        }
    ]
}