{
    "AnonymizedUserWorkerID": "73cd3146-78b3-8662-261e-62d39ac21292",
    "AnonymizedWizardWorkerID": "d063746c-0ca1-ad09-7159-11880a755cd0",
    "BatchID": "woz_1589554725",
    "CompletionLevel": "Complete",
    "DialogueID": 3366,
    "Events": [
        {
            "Action": "utter",
            "Agent": "User",
            "Text": "hello",
            "UnixTime": 1589568283,
            "PredictedBeliefState": {},
            "ActionLabel": [
                "user_hello"
            ]
        },
        {
            "Action": "request_suggestions",
            "Agent": "Wizard",
            "Text": "hello",
            "UnixTime": 1589568298
        },
        {
            "Action": "pick_suggestion",
            "ActionLabel": "hello",
            "ActionLabelOptions": [
                "hello",
                "restaurant_inform_search_criteria",
                "restaurant_ask_delivery"
            ],
            "Agent": "Wizard",
            "Text": "Hello, how can I help?",
            "UnixTime": 1589568304
        },
        {
            "Action": "utter",
            "Agent": "User",
            "Text": " Moderate priced restaurant that does deliveries.",
            "UnixTime": 1589568312,
            "PredictedBeliefState": {
                "DoesDelivery": "true",
                "Cost": "moderate"
            },
            "ActionLabel": [
                "user_restaurant_search_inform_delivery",
                "user_restaurant_search_ask_restaurant_search"
            ]
        },
        {
            "APIName": "restaurant_search",
            "Action": "query",
            "Agent": "Wizard",
            "Constraints": [
                {
                    "Cost": "\"Moderate\""
                },
                {
                    "DoesDelivery": "True"
                }
            ],
            "UnixTime": 1589568338
        },
        {
            "APIName": "restaurant_search",
            "Action": "return_item",
            "Agent": "KnowledgeBase",
            "Item": {
                "APIName": "restaurant_search",
                "AverageRating": 5,
                "AverageWaitMinutes": 20,
                "CloseTimeHour": "5 pm",
                "Cost": "Moderate",
                "DoesDelivery": true,
                "Food": "Pizza",
                "Location": "East",
                "MaxPartySize": 20,
                "Name": "Cactus Club",
                "OpenTimeHour": "1 pm",
                "TakesReservations": true,
                "id": 291
            },
            "TotalItems": 167,
            "PredictedBeliefState": {
                "DoesDelivery": "true",
                "Cost": "moderate"
            },
            "ActionLabel": [
                "result_bad_label"
            ]
        },
        {
            "Action": "request_suggestions",
            "Agent": "Wizard",
            "PrimaryItem": {
                "APIName": "restaurant_search",
                "AverageRating": 5,
                "AverageWaitMinutes": 20,
                "CloseTimeHour": "5 pm",
                "Cost": "Moderate",
                "DoesDelivery": true,
                "Food": "Pizza",
                "Location": "East",
                "MaxPartySize": 20,
                "Name": "Cactus Club",
                "OpenTimeHour": "1 pm",
                "TakesReservations": true,
                "id": 291
            },
            "Text": "What location",
            "UnixTime": 1589568367
        },
        {
            "Action": "pick_suggestion",
            "ActionLabel": "restaurant_ask_location",
            "ActionLabelOptions": [
                "restaurant_ask_location",
                "restaurant_ask_restaurant",
                "restaurant_inform_search_criteria"
            ],
            "Agent": "Wizard",
            "PrimaryItem": {
                "APIName": "restaurant_search",
                "AverageRating": 5,
                "AverageWaitMinutes": 20,
                "CloseTimeHour": "5 pm",
                "Cost": "Moderate",
                "DoesDelivery": true,
                "Food": "Pizza",
                "Location": "East",
                "MaxPartySize": 20,
                "Name": "Cactus Club",
                "OpenTimeHour": "1 pm",
                "TakesReservations": true,
                "id": 291
            },
            "Text": "In what part of town should the restaurant be located?",
            "UnixTime": 1589568370
        },
        {
            "Action": "utter",
            "Agent": "User",
            "Text": "North",
            "UnixTime": 1589568388,
            "PredictedBeliefState": {
                "Location": "north",
                "DoesDelivery": "true",
                "Cost": "moderate"
            },
            "ActionLabel": [
                "user_restaurant_search_inform_location"
            ]
        },
        {
            "APIName": "restaurant_search",
            "Action": "query",
            "Agent": "Wizard",
            "Constraints": [
                {
                    "Cost": "\"Moderate\""
                },
                {
                    "DoesDelivery": "True"
                },
                {
                    "Location": "\"North\""
                }
            ],
            "PrimaryItem": {
                "APIName": "restaurant_search",
                "AverageRating": 5,
                "AverageWaitMinutes": 20,
                "CloseTimeHour": "5 pm",
                "Cost": "Moderate",
                "DoesDelivery": true,
                "Food": "Pizza",
                "Location": "East",
                "MaxPartySize": 20,
                "Name": "Cactus Club",
                "OpenTimeHour": "1 pm",
                "TakesReservations": true,
                "id": 291
            },
            "UnixTime": 1589568411
        },
        {
            "APIName": "restaurant_search",
            "Action": "return_item",
            "Agent": "KnowledgeBase",
            "Item": {
                "APIName": "restaurant_search",
                "AverageRating": 5,
                "AverageWaitMinutes": 1,
                "CloseTimeHour": "6 pm",
                "Cost": "Moderate",
                "DoesDelivery": true,
                "Food": "Pizza",
                "Location": "North",
                "MaxPartySize": 23,
                "Name": "Cactus Club",
                "OpenTimeHour": "1 pm",
                "TakesReservations": false,
                "id": 538
            },
            "TotalItems": 30,
            "PredictedBeliefState": {
                "Location": "north",
                "DoesDelivery": "true",
                "Cost": "moderate"
            },
            "ActionLabel": [
                "result_bad_label"
            ]
        },
        {
            "Action": "request_suggestions",
            "Agent": "Wizard",
            "PrimaryItem": {
                "APIName": "restaurant_search",
                "AverageRating": 5,
                "AverageWaitMinutes": 1,
                "CloseTimeHour": "6 pm",
                "Cost": "Moderate",
                "DoesDelivery": true,
                "Food": "Pizza",
                "Location": "North",
                "MaxPartySize": 23,
                "Name": "Cactus Club",
                "OpenTimeHour": "1 pm",
                "TakesReservations": false,
                "id": 538
            },
            "Text": "This is what I found",
            "UnixTime": 1589568431
        },
        {
            "Action": "pick_suggestion",
            "ActionLabel": "restaurant_ask_rating",
            "ActionLabelOptions": [
                "restaurant_inform_nothing_found",
                "restaurant_ask_rating",
                "restaurant_ask_continue_searching"
            ],
            "Agent": "Wizard",
            "PrimaryItem": {
                "APIName": "restaurant_search",
                "AverageRating": 5,
                "AverageWaitMinutes": 1,
                "CloseTimeHour": "6 pm",
                "Cost": "Moderate",
                "DoesDelivery": true,
                "Food": "Pizza",
                "Location": "North",
                "MaxPartySize": 23,
                "Name": "Cactus Club",
                "OpenTimeHour": "1 pm",
                "TakesReservations": false,
                "id": 538
            },
            "Text": "Any minimum rating that the restaurant should have?",
            "UnixTime": 1589568438
        },
        {
            "Action": "utter",
            "Agent": "User",
            "Text": "none really.",
            "UnixTime": 1589568462,
            "PredictedBeliefState": {
                "DoesDelivery": "true",
                "Cost": "moderate",
                "Location": "north"
            },
            "ActionLabel": []
        },
        {
            "Action": "request_suggestions",
            "Agent": "Wizard",
            "PrimaryItem": {
                "APIName": "restaurant_search",
                "AverageRating": 5,
                "AverageWaitMinutes": 1,
                "CloseTimeHour": "6 pm",
                "Cost": "Moderate",
                "DoesDelivery": true,
                "Food": "Pizza",
                "Location": "North",
                "MaxPartySize": 23,
                "Name": "Cactus Club",
                "OpenTimeHour": "1 pm",
                "TakesReservations": false,
                "id": 538
            },
            "Text": "what type of food",
            "UnixTime": 1589568490
        },
        {
            "Action": "pick_suggestion",
            "ActionLabel": "restaurant_ask_food_type",
            "ActionLabelOptions": [
                "restaurant_ask_food_type",
                "out_of_scope",
                "restaurant_inform_nothing_found"
            ],
            "Agent": "Wizard",
            "PrimaryItem": {
                "APIName": "restaurant_search",
                "AverageRating": 5,
                "AverageWaitMinutes": 1,
                "CloseTimeHour": "6 pm",
                "Cost": "Moderate",
                "DoesDelivery": true,
                "Food": "Pizza",
                "Location": "North",
                "MaxPartySize": 23,
                "Name": "Cactus Club",
                "OpenTimeHour": "1 pm",
                "TakesReservations": false,
                "id": 538
            },
            "Text": "What cuisine are you looking for?",
            "UnixTime": 1589568492
        },
        {
            "Action": "utter",
            "Agent": "User",
            "Text": "Italian food",
            "UnixTime": 1589568506,
            "PredictedBeliefState": {
                "Location": "north",
                "Cost": "moderate",
                "Food": "italian",
                "DoesDelivery": "true"
            },
            "ActionLabel": [
                "user_restaurant_search_inform_food_type",
                "user_bad_label"
            ]
        },
        {
            "APIName": "restaurant_search",
            "Action": "query",
            "Agent": "Wizard",
            "Constraints": [
                {
                    "Cost": "\"Moderate\""
                },
                {
                    "DoesDelivery": "True"
                },
                {
                    "Location": "\"North\""
                },
                {
                    "Food": "\"Italian\""
                }
            ],
            "PrimaryItem": {
                "APIName": "restaurant_search",
                "AverageRating": 5,
                "AverageWaitMinutes": 1,
                "CloseTimeHour": "6 pm",
                "Cost": "Moderate",
                "DoesDelivery": true,
                "Food": "Pizza",
                "Location": "North",
                "MaxPartySize": 23,
                "Name": "Cactus Club",
                "OpenTimeHour": "1 pm",
                "TakesReservations": false,
                "id": 538
            },
            "UnixTime": 1589568531
        },
        {
            "APIName": "restaurant_search",
            "Action": "return_item",
            "Agent": "KnowledgeBase",
            "Item": {
                "APIName": "restaurant_search",
                "AverageRating": 1,
                "AverageWaitMinutes": 57,
                "CloseTimeHour": "10 pm",
                "Cost": "Moderate",
                "DoesDelivery": true,
                "Food": "Italian",
                "Location": "North",
                "MaxPartySize": 40,
                "Name": "Cactus Club",
                "OpenTimeHour": "10 am",
                "TakesReservations": true,
                "id": 642
            },
            "TotalItems": 5,
            "PredictedBeliefState": {
                "Location": "north",
                "Cost": "moderate",
                "Food": "italian",
                "DoesDelivery": "true"
            },
            "ActionLabel": [
                "result_bad_label"
            ]
        },
        {
            "Action": "request_suggestions",
            "Agent": "Wizard",
            "PrimaryItem": {
                "APIName": "restaurant_search",
                "AverageRating": 1,
                "AverageWaitMinutes": 57,
                "CloseTimeHour": "10 pm",
                "Cost": "Moderate",
                "DoesDelivery": true,
                "Food": "Italian",
                "Location": "North",
                "MaxPartySize": 40,
                "Name": "Cactus Club",
                "OpenTimeHour": "10 am",
                "TakesReservations": true,
                "id": 642
            },
            "Text": "how about the cactus",
            "UnixTime": 1589568548
        },
        {
            "Action": "utter",
            "Agent": "Wizard",
            "PrimaryItem": {
                "APIName": "restaurant_search",
                "AverageRating": 1,
                "AverageWaitMinutes": 57,
                "CloseTimeHour": "10 pm",
                "Cost": "Moderate",
                "DoesDelivery": true,
                "Food": "Italian",
                "Location": "North",
                "MaxPartySize": 40,
                "Name": "Cactus Club",
                "OpenTimeHour": "10 am",
                "TakesReservations": true,
                "id": 642
            },
            "Text": "I found the cactus club for you",
            "UnixTime": 1589568570
        },
        {
            "Action": "utter",
            "Agent": "User",
            "Text": "that is great.",
            "UnixTime": 1589568598,
            "PredictedBeliefState": {
                "Location": "north",
                "Cost": "moderate",
                "DoesDelivery": "true",
                "Food": "italian"
            },
            "ActionLabel": [
                "user_restaurant_search_thanks"
            ]
        },
        {
            "Action": "request_suggestions",
            "Agent": "Wizard",
            "PrimaryItem": {
                "APIName": "restaurant_search",
                "AverageRating": 1,
                "AverageWaitMinutes": 57,
                "CloseTimeHour": "10 pm",
                "Cost": "Moderate",
                "DoesDelivery": true,
                "Food": "Italian",
                "Location": "North",
                "MaxPartySize": 40,
                "Name": "Cactus Club",
                "OpenTimeHour": "10 am",
                "TakesReservations": true,
                "id": 642
            },
            "Text": "request",
            "UnixTime": 1589568610
        },
        {
            "Action": "pick_suggestion",
            "ActionLabel": "restaurant_ask_continue_searching",
            "ActionLabelOptions": [
                "restaurant_inform_search_criteria",
                "hello",
                "restaurant_ask_continue_searching"
            ],
            "Agent": "Wizard",
            "PrimaryItem": {
                "APIName": "restaurant_search",
                "AverageRating": 1,
                "AverageWaitMinutes": 57,
                "CloseTimeHour": "10 pm",
                "Cost": "Moderate",
                "DoesDelivery": true,
                "Food": "Italian",
                "Location": "North",
                "MaxPartySize": 40,
                "Name": "Cactus Club",
                "OpenTimeHour": "10 am",
                "TakesReservations": true,
                "id": 642
            },
            "Text": "Would you like to search for any more restaurants?",
            "UnixTime": 1589568613
        },
        {
            "Action": "utter",
            "Agent": "User",
            "Text": "no thank you. that will be enough for today.",
            "UnixTime": 1589568642,
            "PredictedBeliefState": {
                "Name": "cactus club",
                "Cost": "moderate",
                "Food": "italian",
                "DoesDelivery": "true",
                "Location": "north"
            },
            "ActionLabel": [
                "user_restaurant_search_inform_restaurant",
                "user_bad_label"
            ]
        },
        {
            "Action": "request_suggestions",
            "Agent": "Wizard",
            "PrimaryItem": {
                "APIName": "restaurant_search",
                "AverageRating": 1,
                "AverageWaitMinutes": 57,
                "CloseTimeHour": "10 pm",
                "Cost": "Moderate",
                "DoesDelivery": true,
                "Food": "Italian",
                "Location": "North",
                "MaxPartySize": 40,
                "Name": "Cactus Club",
                "OpenTimeHour": "10 am",
                "TakesReservations": true,
                "id": 642
            },
            "Text": "goodbye",
            "UnixTime": 1589568652
        },
        {
            "Action": "request_suggestions",
            "Agent": "Wizard",
            "PrimaryItem": {
                "APIName": "restaurant_search",
                "AverageRating": 1,
                "AverageWaitMinutes": 57,
                "CloseTimeHour": "10 pm",
                "Cost": "Moderate",
                "DoesDelivery": true,
                "Food": "Italian",
                "Location": "North",
                "MaxPartySize": 40,
                "Name": "Cactus Club",
                "OpenTimeHour": "10 am",
                "TakesReservations": true,
                "id": 642
            },
            "Text": "Thank you ",
            "UnixTime": 1589568660
        },
        {
            "Action": "utter",
            "Agent": "Wizard",
            "PrimaryItem": {
                "APIName": "restaurant_search",
                "AverageRating": 1,
                "AverageWaitMinutes": 57,
                "CloseTimeHour": "10 pm",
                "Cost": "Moderate",
                "DoesDelivery": true,
                "Food": "Italian",
                "Location": "North",
                "MaxPartySize": 40,
                "Name": "Cactus Club",
                "OpenTimeHour": "10 am",
                "TakesReservations": true,
                "id": 642
            },
            "Text": "Thank you ",
            "UnixTime": 1589568668
        },
        {
            "Action": "complete",
            "Agent": "User",
            "UnixTime": 1589568673
        }
    ],
    "FORMAT-VERSION": 7,
    "IntroducesConflicts": false,
    "Scenario": {
        "Domains": [
            "restaurant"
        ],
        "Happy": true,
        "MultiTask": false,
        "UserTask": "Find a Moderate priced restaurant that does deliveries.",
        "WizardCapabilities": [
            {
                "Domain": "restaurant",
                "SchemaImage": "restaurant_search.jpg",
                "Task": "restaurant_search"
            }
        ],
        "WizardTask": "Help the user find a restaurant."
    },
    "UserQuestionnaire": [
        {
            "Answer": true,
            "Question": "Did the AI Assistant find you a suitable restaurant?"
        },
        {
            "Answer": true,
            "Question": "Did the AI Assistant stay calm and helpful throughout the dialogue?"
        }
    ],
    "WizardQuestionnaire": [
        {
            "Answer": false,
            "Question": "Did the user change his/her mind about what he/she wants at any time?"
        },
        {
            "Answer": false,
            "Question": "Did the user become aggressive or annoyed during the dialogue? (Note: some users may be instructed to be annoying.)"
        },
        {
            "Answer": false,
            "Question": "Where you unsure about what to do at any time? (Feel free to send us an email with details.)"
        }
    ]
}