{
    "AnonymizedUserWorkerID": "ab9f01dc-2cad-988e-9e96-f7509ea2a536",
    "AnonymizedWizardWorkerID": "9cfed8ec-54a9-f0f7-8327-15f6470d4a6c",
    "BatchID": "woz_1589554725",
    "CompletionLevel": "Complete",
    "DialogueID": 3384,
    "Events": [
        {
            "Action": "instruct",
            "Agent": "UserGuide",
            "Text": "Say hello to the AI assistant and ask for help (see instructions on the left). [instruction 1 of 6]",
            "UnixTime": 1589568865
        },
        {
            "Action": "utter",
            "Agent": "User",
            "Text": "Hello. I need help. I feel sick. I need to make a doctor appointment.",
            "UnixTime": 1589568892,
            "PredictedBeliefState": {},
            "ActionLabel": [
                "user_doctor_schedule_ask_schedule"
            ]
        },
        {
            "Action": "instruct",
            "Agent": "UserGuide",
            "Text": "Try to get an appointment as soon as possible (right now it is 10 pm on Saturday). [instruction 2 of 6]",
            "UnixTime": 1589568892
        },
        {
            "Action": "request_suggestions",
            "Agent": "Wizard",
            "Text": "doctor name",
            "UnixTime": 1589569003
        },
        {
            "Action": "pick_suggestion",
            "ActionLabel": "ask_name",
            "ActionLabelOptions": [
                "ask_name",
                "doctor_ask_doctor_name",
                "goodbye_1"
            ],
            "Agent": "Wizard",
            "Text": "Could I have your name, please?",
            "UnixTime": 1589569006
        },
        {
            "Action": "utter",
            "Agent": "User",
            "Text": "John. I was named after King John that signed the Magna Carta. He was a terrible king.",
            "UnixTime": 1589569031,
            "PredictedBeliefState": {
                "PatientName": "john"
            },
            "ActionLabel": [
                "user_doctor_schedule_inform_name"
            ]
        },
        {
            "Action": "instruct",
            "Agent": "UserGuide",
            "Text": "Keep asking for other times until the assistant has found a slot for you. Engage in smalltalk once this is done. [instruction 3 of 6]",
            "UnixTime": 1589569031
        },
        {
            "Action": "request_suggestions",
            "Agent": "Wizard",
            "Text": "doctor",
            "UnixTime": 1589569095
        },
        {
            "Action": "pick_suggestion",
            "ActionLabel": "doctor_ask_doctor_name",
            "ActionLabelOptions": [
                "doctor_ask_doctor_name",
                "doctor_ask_end_time",
                "out_of_scope"
            ],
            "Agent": "Wizard",
            "Text": "What doctor would you like to see?",
            "UnixTime": 1589569099
        },
        {
            "Action": "utter",
            "Agent": "User",
            "Text": "I need to see Dr. Johnson right away. It is 10PM now. I am suffering.",
            "UnixTime": 1589569133,
            "PredictedBeliefState": {
                "StartTimeHour": "10 pm",
                "PatientName": "john",
                "Name": "dr. johnson"
            },
            "ActionLabel": [
                "user_doctor_schedule_inform_start_time",
                "user_doctor_schedule_inform_doctor_name"
            ]
        },
        {
            "Action": "instruct",
            "Agent": "UserGuide",
            "Text": "Say something about Dr. Johnson, the AI Assistant, or something that has happened to you today. Be creative! [instruction 4 of 6]",
            "UnixTime": 1589569133
        },
        {
            "Action": "request_suggestions",
            "Agent": "Wizard",
            "Text": "day please",
            "UnixTime": 1589569155
        },
        {
            "Action": "pick_suggestion",
            "ActionLabel": "doctor_ask_day",
            "ActionLabelOptions": [
                "doctor_ask_day",
                "hello",
                "doctor_ask_start_time"
            ],
            "Agent": "Wizard",
            "Text": "What day of the week would you like to schedule the appointment for?",
            "UnixTime": 1589569158
        },
        {
            "Action": "utter",
            "Agent": "User",
            "Text": "Dr. Johnson saved my pet donkey on a Saturday. It is our lucky day. How about Saturday?",
            "UnixTime": 1589569194,
            "PredictedBeliefState": {
                "Day": "saturday",
                "Name": "dr. johnson",
                "PatientName": "john",
                "StartTimeHour": "10 pm"
            },
            "ActionLabel": [
                "user_doctor_schedule_inform_day"
            ]
        },
        {
            "Action": "instruct",
            "Agent": "UserGuide",
            "Text": "It occurs to you that you also want to make an appointment to get your kid Alexis vaccinated. Perhaps you can schedule a second appointment at the same time? [instruction 5 of 6]",
            "UnixTime": 1589569194
        },
        {
            "APIName": "doctor_schedule",
            "Action": "query",
            "Agent": "Wizard",
            "Constraints": [
                {
                    "Name": "api.is_equal_to(\"Dr. Johnson\")"
                },
                {
                    "PatientName": "\"John\""
                },
                {
                    "Day": "\"Saturday\""
                },
                {
                    "StartTimeHour": "\"10 pm\""
                },
                {
                    "Symptoms": "\"I am suffering.\""
                },
                {
                    "RequestType": "\"Check\""
                }
            ],
            "UnixTime": 1589569265
        },
        {
            "APIName": "doctor_schedule",
            "Action": "return_item",
            "Agent": "KnowledgeBase",
            "Item": {
                "APIName": "doctor_schedule",
                "DoctorName": "Dr. Johnson",
                "Message": "The doctor has a conflicting appointment at that time. Try another time or another doctor.",
                "Time": "10 pm"
            },
            "TotalItems": -1,
            "PredictedBeliefState": {
                "Day": "saturday",
                "Name": "dr. johnson",
                "PatientName": "john",
                "StartTimeHour": "10 pm"
            },
            "ActionLabel": [
                "db_doctor_inform_booking_unavailable"
            ]
        },
        {
            "Action": "request_suggestions",
            "Agent": "Wizard",
            "PrimaryItem": {
                "APIName": "doctor_schedule",
                "DoctorName": "Dr. Johnson",
                "Message": "The doctor has a conflicting appointment at that time. Try another time or another doctor.",
                "Time": "10 pm"
            },
            "Text": "Try another time or another doctor",
            "UnixTime": 1589569284
        },
        {
            "Action": "pick_suggestion",
            "ActionLabel": "doctor_inform_booking_unavailable",
            "ActionLabelOptions": [
                "doctor_inform_booking_unavailable",
                "doctor_inform_nothing_found",
                "doctor_ask_symptoms"
            ],
            "Agent": "Wizard",
            "PrimaryItem": {
                "APIName": "doctor_schedule",
                "DoctorName": "Dr. Johnson",
                "Message": "The doctor has a conflicting appointment at that time. Try another time or another doctor.",
                "Time": "10 pm"
            },
            "Text": "Unfortunately Dr. Johnson has no appointment available at 10 pm.",
            "UnixTime": 1589569294
        },
        {
            "Action": "utter",
            "Agent": "User",
            "Text": "I also need to bring my son Alexis for his vaccine. The doctor usually double charges and books us together. Please find the next available time for Dr. Johnson?",
            "UnixTime": 1589569357,
            "PredictedBeliefState": {
                "Day": "saturday",
                "Symptoms": "vaccination",
                "StartTimeHour": "10 pm",
                "Name": "dr. johnson",
                "PatientName": "alexis"
            },
            "ActionLabel": [
                "user_doctor_schedule_inform_name",
                "user_doctor_schedule_inform_symptoms",
                "user_doctor_schedule_inform_book"
            ]
        },
        {
            "APIName": "doctor_schedule",
            "Action": "query",
            "Agent": "Wizard",
            "Constraints": [
                {
                    "Name": "api.is_equal_to(\"Dr. Johnson\")"
                },
                {
                    "PatientName": "\"John\""
                },
                {
                    "Day": "\"Saturday\""
                },
                {
                    "StartTimeHour": "\"2 pm\""
                },
                {
                    "Symptoms": "\"I am suffering.\""
                },
                {
                    "RequestType": "\"Check\""
                }
            ],
            "PrimaryItem": {
                "APIName": "doctor_schedule",
                "DoctorName": "Dr. Johnson",
                "Message": "The doctor has a conflicting appointment at that time. Try another time or another doctor.",
                "Time": "10 pm"
            },
            "UnixTime": 1589569381
        },
        {
            "APIName": "doctor_schedule",
            "Action": "return_item",
            "Agent": "KnowledgeBase",
            "Item": {
                "APIName": "doctor_schedule",
                "DoctorName": "Dr. Johnson",
                "Message": "The time slot is available.",
                "Time": "2 pm"
            },
            "TotalItems": -1,
            "PredictedBeliefState": {
                "Day": "saturday",
                "Symptoms": "vaccination",
                "StartTimeHour": "10 pm",
                "Name": "dr. johnson",
                "PatientName": "alexis"
            },
            "ActionLabel": [
                "db_doctor_inform_booking_available"
            ]
        },
        {
            "Action": "request_suggestions",
            "Agent": "Wizard",
            "PrimaryItem": {
                "APIName": "doctor_schedule",
                "DoctorName": "Dr. Johnson",
                "Message": "The time slot is available.",
                "Time": "2 pm"
            },
            "Text": "The time slot is available",
            "UnixTime": 1589569390
        },
        {
            "Action": "pick_suggestion",
            "ActionLabel": "doctor_inform_booking_available",
            "ActionLabelOptions": [
                "doctor_inform_booking_available",
                "doctor_inform_booking_unavailable",
                "doctor_ask_end_time"
            ],
            "Agent": "Wizard",
            "PrimaryItem": {
                "APIName": "doctor_schedule",
                "DoctorName": "Dr. Johnson",
                "Message": "The time slot is available.",
                "Time": "2 pm"
            },
            "Text": "Alright, Dr. Johnson is available at 2 pm. Can I book the appointment for you?",
            "UnixTime": 1589569392
        },
        {
            "Action": "utter",
            "Agent": "User",
            "Text": "Yes. 2PM will be great on Sunday because today is Saturday 10PM.",
            "UnixTime": 1589569424,
            "PredictedBeliefState": {
                "Name": "dr. johnson",
                "PatientName": "alexis",
                "Day": "sunday",
                "StartTimeHour": "2 pm",
                "Symptoms": "vaccination"
            },
            "ActionLabel": [
                "user_doctor_schedule_inform_day",
                "user_doctor_schedule_inform_start_time",
                "user_doctor_schedule_inform_book"
            ]
        },
        {
            "Action": "instruct",
            "Agent": "UserGuide",
            "Text": "Keep going until both yours and your kid's appointments are made (this should take a few more turns). Then say goodbye. [instruction 6 of 6]",
            "UnixTime": 1589569424
        },
        {
            "APIName": "doctor_schedule",
            "Action": "query",
            "Agent": "Wizard",
            "Constraints": [
                {
                    "Name": "api.is_equal_to(\"Dr. Johnson\")"
                },
                {
                    "PatientName": "\"John\""
                },
                {
                    "Day": "\"Saturday\""
                },
                {
                    "StartTimeHour": "\"2 pm\""
                },
                {
                    "Symptoms": "\"I am suffering.\""
                },
                {
                    "RequestType": "\"Book\""
                }
            ],
            "PrimaryItem": {
                "APIName": "doctor_schedule",
                "DoctorName": "Dr. Johnson",
                "Message": "The time slot is available.",
                "Time": "2 pm"
            },
            "UnixTime": 1589569435
        },
        {
            "APIName": "doctor_schedule",
            "Action": "return_item",
            "Agent": "KnowledgeBase",
            "Item": {
                "APIName": "doctor_schedule",
                "DoctorName": "Dr. Johnson",
                "Message": "Your appointment has been successfuly scheduled.",
                "Time": "2 pm"
            },
            "TotalItems": -1,
            "PredictedBeliefState": {
                "Name": "dr. johnson",
                "PatientName": "alexis",
                "Day": "sunday",
                "StartTimeHour": "2 pm",
                "Symptoms": "vaccination"
            },
            "ActionLabel": [
                "db_doctor_inform_booking_successful"
            ]
        },
        {
            "Action": "request_suggestions",
            "Agent": "Wizard",
            "PrimaryItem": {
                "APIName": "doctor_schedule",
                "DoctorName": "Dr. Johnson",
                "Message": "Your appointment has been successfuly scheduled.",
                "Time": "2 pm"
            },
            "Text": "Your appointment has been successfuly scheduled",
            "UnixTime": 1589569443
        },
        {
            "Action": "pick_suggestion",
            "ActionLabel": "doctor_inform_booking_successful",
            "ActionLabelOptions": [
                "doctor_inform_booking_successful",
                "doctor_ask_doctor_name",
                "out_of_scope"
            ],
            "Agent": "Wizard",
            "PrimaryItem": {
                "APIName": "doctor_schedule",
                "DoctorName": "Dr. Johnson",
                "Message": "Your appointment has been successfuly scheduled.",
                "Time": "2 pm"
            },
            "Text": "Great, your appointment with Dr. Johnson is booked for you!",
            "UnixTime": 1589569454
        },
        {
            "Action": "utter",
            "Agent": "User",
            "Text": "I also need one for Alexis.",
            "UnixTime": 1589569466,
            "PredictedBeliefState": {
                "PatientName": "alexis",
                "Day": "sunday",
                "StartTimeHour": "2 pm",
                "Name": "dr. johnson",
                "Symptoms": "vaccination"
            },
            "ActionLabel": [
                "user_doctor_schedule_inform_book"
            ]
        },
        {
            "APIName": "doctor_schedule",
            "Action": "query",
            "Agent": "Wizard",
            "Constraints": [
                {
                    "Name": "api.is_equal_to(\"Dr. Johnson\")"
                },
                {
                    "PatientName": "\"alexis\""
                },
                {
                    "Day": "\"Saturday\""
                },
                {
                    "StartTimeHour": "\"2 pm\""
                },
                {
                    "Symptoms": "\"I am suffering.\""
                },
                {
                    "RequestType": "\"Check\""
                }
            ],
            "PrimaryItem": {
                "APIName": "doctor_schedule",
                "DoctorName": "Dr. Johnson",
                "Message": "Your appointment has been successfuly scheduled.",
                "Time": "2 pm"
            },
            "UnixTime": 1589569496
        },
        {
            "APIName": "doctor_schedule",
            "Action": "return_item",
            "Agent": "KnowledgeBase",
            "Item": {
                "APIName": "doctor_schedule",
                "DoctorName": "Dr. Johnson",
                "Message": "The time slot is available.",
                "Time": "2 pm"
            },
            "TotalItems": -1,
            "PredictedBeliefState": {
                "PatientName": "alexis",
                "Day": "sunday",
                "StartTimeHour": "2 pm",
                "Name": "dr. johnson",
                "Symptoms": "vaccination"
            },
            "ActionLabel": [
                "db_doctor_inform_booking_available"
            ]
        },
        {
            "Action": "request_suggestions",
            "Agent": "Wizard",
            "PrimaryItem": {
                "APIName": "doctor_schedule",
                "DoctorName": "Dr. Johnson",
                "Message": "The time slot is available.",
                "Time": "2 pm"
            },
            "Text": "he time slot is available",
            "UnixTime": 1589569510
        },
        {
            "Action": "pick_suggestion",
            "ActionLabel": "doctor_inform_booking_available",
            "ActionLabelOptions": [
                "doctor_inform_booking_available",
                "doctor_inform_booking_unavailable",
                "doctor_ask_start_time"
            ],
            "Agent": "Wizard",
            "PrimaryItem": {
                "APIName": "doctor_schedule",
                "DoctorName": "Dr. Johnson",
                "Message": "The time slot is available.",
                "Time": "2 pm"
            },
            "Text": "Alright, Dr. Johnson is available at 2 pm. Can I book the appointment for you?",
            "UnixTime": 1589569513
        },
        {
            "Action": "utter",
            "Agent": "User",
            "Text": "Yes. Alexis loves needles. He will be so excited.",
            "UnixTime": 1589569528,
            "PredictedBeliefState": {
                "PatientName": "alexis",
                "Name": "dr. johnson",
                "Day": "sunday",
                "StartTimeHour": "2 pm",
                "Symptoms": "vaccination"
            },
            "ActionLabel": [
                "user_doctor_schedule_inform_book"
            ]
        },
        {
            "APIName": "doctor_schedule",
            "Action": "query",
            "Agent": "Wizard",
            "Constraints": [
                {
                    "Name": "api.is_equal_to(\"Dr. Johnson\")"
                },
                {
                    "PatientName": "\"alexis\""
                },
                {
                    "Day": "\"Saturday\""
                },
                {
                    "StartTimeHour": "\"2 pm\""
                },
                {
                    "Symptoms": "\"I am suffering.\""
                },
                {
                    "RequestType": "\"Book\""
                }
            ],
            "PrimaryItem": {
                "APIName": "doctor_schedule",
                "DoctorName": "Dr. Johnson",
                "Message": "The time slot is available.",
                "Time": "2 pm"
            },
            "UnixTime": 1589569541
        },
        {
            "APIName": "doctor_schedule",
            "Action": "return_item",
            "Agent": "KnowledgeBase",
            "Item": {
                "APIName": "doctor_schedule",
                "DoctorName": "Dr. Johnson",
                "Message": "Your appointment has been successfuly scheduled.",
                "Time": "2 pm"
            },
            "TotalItems": -1,
            "PredictedBeliefState": {
                "PatientName": "alexis",
                "Name": "dr. johnson",
                "Day": "sunday",
                "StartTimeHour": "2 pm",
                "Symptoms": "vaccination"
            },
            "ActionLabel": [
                "db_doctor_inform_booking_successful"
            ]
        },
        {
            "Action": "request_suggestions",
            "Agent": "Wizard",
            "PrimaryItem": {
                "APIName": "doctor_schedule",
                "DoctorName": "Dr. Johnson",
                "Message": "Your appointment has been successfuly scheduled.",
                "Time": "2 pm"
            },
            "Text": "Your appointment has been successfuly scheduled",
            "UnixTime": 1589569551
        },
        {
            "Action": "pick_suggestion",
            "ActionLabel": "doctor_inform_booking_successful",
            "ActionLabelOptions": [
                "doctor_inform_booking_successful",
                "doctor_ask_doctor_name",
                "out_of_scope"
            ],
            "Agent": "Wizard",
            "PrimaryItem": {
                "APIName": "doctor_schedule",
                "DoctorName": "Dr. Johnson",
                "Message": "Your appointment has been successfuly scheduled.",
                "Time": "2 pm"
            },
            "Text": "Great, your appointment with Dr. Johnson is booked for you!",
            "UnixTime": 1589569555
        },
        {
            "Action": "complete",
            "Agent": "User",
            "UnixTime": 1589569559
        }
    ],
    "FORMAT-VERSION": 7,
    "IntroducesConflicts": false,
    "Scenario": {
        "Domains": [
            "doctor"
        ],
        "Happy": false,
        "MultiTask": false,
        "UserTask": "You are John and would like to make an appointment with Dr. Johnson for today (Saturday). You have had a cough and a sore throat,  for two days now.",
        "WizardCapabilities": [
            {
                "Domain": "doctor",
                "SchemaImage": "doctor_schedule.jpg",
                "Task": "doctor_schedule"
            }
        ],
        "WizardTask": "Follow the flow charts and help the user. Some facts you should be aware of: \n\n* Right now it is Saturday, 10 pm"
    },
    "UserQuestionnaire": [
        {
            "Answer": true,
            "Question": "Did the assistant stay calm and helpful throughout the dialogue?"
        }
    ],
    "WizardQuestionnaire": [
        {
            "Answer": true,
            "Question": "Did the user change his/her mind about what he/she wants at any time?"
        },
        {
            "Answer": false,
            "Question": "Did the user become aggressive or annoyed during the dialogue? (Note: some users may be instructed to be annoying.)"
        },
        {
            "Answer": false,
            "Question": "Where you unsure about what to do at any time? (Feel free to send us an email with details.)"
        }
    ]
}