{
    "AnonymizedUserWorkerID": "71f8d498-7034-65f3-de7c-7ac126139a2e",
    "AnonymizedWizardWorkerID": "06e6755f-be58-d1ca-998c-b87e3a0d8c19",
    "BatchID": "woz_1589554725",
    "CompletionLevel": "Complete",
    "DialogueID": 3390,
    "Events": [
        {
            "Action": "utter",
            "Agent": "User",
            "Text": "Let's play trivia!",
            "UnixTime": 1589573853,
            "PredictedBeliefState": {},
            "ActionLabel": [
                "user_bad_label"
            ]
        },
        {
            "Action": "request_suggestions",
            "Agent": "Wizard",
            "Text": "OK ",
            "UnixTime": 1589573864
        },
        {
            "Action": "utter",
            "Agent": "Wizard",
            "Text": "OK Let's play!",
            "UnixTime": 1589573881
        },
        {
            "Action": "utter",
            "Agent": "User",
            "Text": "Hit me with question 5 please",
            "UnixTime": 1589573891,
            "PredictedBeliefState": {
                "QuestionNum": "5"
            },
            "ActionLabel": [
                "user_trivia_inform_question_number",
                "user_bad_label"
            ]
        },
        {
            "APIName": "trivia",
            "Action": "query",
            "Agent": "Wizard",
            "Constraints": [
                {
                    "QuestionNum": "5"
                }
            ],
            "UnixTime": 1589573904
        },
        {
            "APIName": "trivia",
            "Action": "return_item",
            "Agent": "KnowledgeBase",
            "Item": {
                "APIName": "trivia",
                "Answer": "wind",
                "Question": "A 'sirocco' refers to a type of ____"
            },
            "TotalItems": -1,
            "PredictedBeliefState": {
                "QuestionNum": "5"
            },
            "ActionLabel": [
                "db_inform_question"
            ]
        },
        {
            "Action": "request_suggestions",
            "Agent": "Wizard",
            "PrimaryItem": {
                "APIName": "trivia",
                "Answer": "wind",
                "Question": "A 'sirocco' refers to a type of ____"
            },
            "Text": "A si",
            "UnixTime": 1589573915
        },
        {
            "Action": "pick_suggestion",
            "ActionLabel": "trivia_ask_question",
            "ActionLabelOptions": [
                "trivia_ask_question",
                "trivia_inform_answer_2_ask_next",
                "out_of_scope"
            ],
            "Agent": "Wizard",
            "PrimaryItem": {
                "APIName": "trivia",
                "Answer": "wind",
                "Question": "A 'sirocco' refers to a type of ____"
            },
            "Text": "A 'sirocco' refers to a type of ____",
            "UnixTime": 1589573917
        },
        {
            "Action": "utter",
            "Agent": "User",
            "Text": "wind?",
            "UnixTime": 1589573927,
            "PredictedBeliefState": {
                "QuestionNum": "5"
            },
            "ActionLabel": [
                "user_bad_label"
            ]
        },
        {
            "Action": "request_suggestions",
            "Agent": "Wizard",
            "PrimaryItem": {
                "APIName": "trivia",
                "Answer": "wind",
                "Question": "A 'sirocco' refers to a type of ____"
            },
            "Text": "Cor",
            "UnixTime": 1589573933
        },
        {
            "Action": "utter",
            "Agent": "Wizard",
            "PrimaryItem": {
                "APIName": "trivia",
                "Answer": "wind",
                "Question": "A 'sirocco' refers to a type of ____"
            },
            "Text": "Correct!  Next number if you please!",
            "UnixTime": 1589573956
        },
        {
            "Action": "utter",
            "Agent": "User",
            "Text": "6",
            "UnixTime": 1589573961,
            "PredictedBeliefState": {
                "QuestionNum": "6"
            },
            "ActionLabel": [
                "user_trivia_inform_question_number",
                "user_bad_label"
            ]
        },
        {
            "APIName": "trivia",
            "Action": "query",
            "Agent": "Wizard",
            "Constraints": [
                {
                    "QuestionNum": "6"
                }
            ],
            "PrimaryItem": {
                "APIName": "trivia",
                "Answer": "wind",
                "Question": "A 'sirocco' refers to a type of ____"
            },
            "UnixTime": 1589573965
        },
        {
            "APIName": "trivia",
            "Action": "return_item",
            "Agent": "KnowledgeBase",
            "Item": {
                "APIName": "trivia",
                "Answer": "three",
                "Question": "A 3 1/2' floppy disk measures ____ & 1/2 inches across"
            },
            "TotalItems": -1,
            "PredictedBeliefState": {
                "QuestionNum": "6"
            },
            "ActionLabel": [
                "db_inform_question"
            ]
        },
        {
            "Action": "request_suggestions",
            "Agent": "Wizard",
            "PrimaryItem": {
                "APIName": "trivia",
                "Answer": "three",
                "Question": "A 3 1/2' floppy disk measures ____ & 1/2 inches across"
            },
            "Text": "A ",
            "UnixTime": 1589573978
        },
        {
            "Action": "pick_suggestion",
            "ActionLabel": "trivia_ask_question",
            "ActionLabelOptions": [
                "trivia_ask_question",
                "trivia_inform_answer_2_ask_next",
                "trivia_bye"
            ],
            "Agent": "Wizard",
            "PrimaryItem": {
                "APIName": "trivia",
                "Answer": "three",
                "Question": "A 3 1/2' floppy disk measures ____ & 1/2 inches across"
            },
            "Text": "A 3 1/2' floppy disk measures ____ & 1/2 inches across",
            "UnixTime": 1589573982
        },
        {
            "Action": "utter",
            "Agent": "User",
            "Text": "3?",
            "UnixTime": 1589574018,
            "PredictedBeliefState": {
                "QuestionNum": "6"
            },
            "ActionLabel": [
                "user_trivia_answer"
            ]
        },
        {
            "Action": "request_suggestions",
            "Agent": "Wizard",
            "PrimaryItem": {
                "APIName": "trivia",
                "Answer": "three",
                "Question": "A 3 1/2' floppy disk measures ____ & 1/2 inches across"
            },
            "Text": "Correct",
            "UnixTime": 1589574025
        },
        {
            "Action": "pick_suggestion",
            "ActionLabel": "trivia_inform_answer_correct_ask_next",
            "ActionLabelOptions": [
                "trivia_inform_answer_correct_ask_next",
                "out_of_scope",
                "trivia_inform_answer_incorrect_ask_next"
            ],
            "Agent": "Wizard",
            "PrimaryItem": {
                "APIName": "trivia",
                "Answer": "three",
                "Question": "A 3 1/2' floppy disk measures ____ & 1/2 inches across"
            },
            "Text": "Your answer was correct! Great job! Would you like to continue playing?",
            "UnixTime": 1589574028
        },
        {
            "Action": "utter",
            "Agent": "User",
            "Text": "yes please just a couple more",
            "UnixTime": 1589574039,
            "PredictedBeliefState": {
                "QuestionNum": "6"
            },
            "ActionLabel": [
                "user_bad_label"
            ]
        },
        {
            "Action": "request_suggestions",
            "Agent": "Wizard",
            "PrimaryItem": {
                "APIName": "trivia",
                "Answer": "three",
                "Question": "A 3 1/2' floppy disk measures ____ & 1/2 inches across"
            },
            "Text": "Number please",
            "UnixTime": 1589574053
        },
        {
            "Action": "utter",
            "Agent": "Wizard",
            "PrimaryItem": {
                "APIName": "trivia",
                "Answer": "three",
                "Question": "A 3 1/2' floppy disk measures ____ & 1/2 inches across"
            },
            "Text": "Number please",
            "UnixTime": 1589574061
        },
        {
            "Action": "utter",
            "Agent": "User",
            "Text": "8 please",
            "UnixTime": 1589574067,
            "PredictedBeliefState": {
                "QuestionNum": "8"
            },
            "ActionLabel": [
                "user_trivia_inform_question_number",
                "user_bad_label"
            ]
        },
        {
            "APIName": "trivia",
            "Action": "query",
            "Agent": "Wizard",
            "Constraints": [
                {
                    "QuestionNum": "8"
                }
            ],
            "PrimaryItem": {
                "APIName": "trivia",
                "Answer": "three",
                "Question": "A 3 1/2' floppy disk measures ____ & 1/2 inches across"
            },
            "UnixTime": 1589574071
        },
        {
            "APIName": "trivia",
            "Action": "return_item",
            "Agent": "KnowledgeBase",
            "Item": {
                "APIName": "trivia",
                "Answer": "two in the bush",
                "Question": "A bird in the hand is worth ____"
            },
            "TotalItems": -1,
            "PredictedBeliefState": {
                "QuestionNum": "8"
            },
            "ActionLabel": [
                "db_inform_question"
            ]
        },
        {
            "Action": "request_suggestions",
            "Agent": "Wizard",
            "PrimaryItem": {
                "APIName": "trivia",
                "Answer": "two in the bush",
                "Question": "A bird in the hand is worth ____"
            },
            "Text": "A",
            "UnixTime": 1589574079
        },
        {
            "Action": "pick_suggestion",
            "ActionLabel": "trivia_ask_question",
            "ActionLabelOptions": [
                "trivia_ask_question",
                "trivia_inform_answer_2_ask_next",
                "trivia_bye"
            ],
            "Agent": "Wizard",
            "PrimaryItem": {
                "APIName": "trivia",
                "Answer": "two in the bush",
                "Question": "A bird in the hand is worth ____"
            },
            "Text": "A bird in the hand is worth ____",
            "UnixTime": 1589574081
        },
        {
            "Action": "utter",
            "Agent": "User",
            "Text": "two in the bush!",
            "UnixTime": 1589574090,
            "PredictedBeliefState": {
                "QuestionNum": "8"
            },
            "ActionLabel": [
                "user_trivia_answer"
            ]
        },
        {
            "Action": "request_suggestions",
            "Agent": "Wizard",
            "PrimaryItem": {
                "APIName": "trivia",
                "Answer": "two in the bush",
                "Question": "A bird in the hand is worth ____"
            },
            "Text": "Correct",
            "UnixTime": 1589574097
        },
        {
            "Action": "pick_suggestion",
            "ActionLabel": "trivia_inform_answer_correct_ask_next",
            "ActionLabelOptions": [
                "trivia_inform_answer_correct_ask_next",
                "out_of_scope",
                "trivia_inform_answer_incorrect_ask_next"
            ],
            "Agent": "Wizard",
            "PrimaryItem": {
                "APIName": "trivia",
                "Answer": "two in the bush",
                "Question": "A bird in the hand is worth ____"
            },
            "Text": "Your answer was correct! Great job! Would you like to continue playing?",
            "UnixTime": 1589574100
        },
        {
            "Action": "utter",
            "Agent": "User",
            "Text": "Yes!  One more please.  Number 1",
            "UnixTime": 1589574110,
            "PredictedBeliefState": {
                "QuestionNum": "1"
            },
            "ActionLabel": [
                "user_trivia_inform_question_number",
                "user_trivia_next_question"
            ]
        },
        {
            "APIName": "trivia",
            "Action": "query",
            "Agent": "Wizard",
            "Constraints": [
                {
                    "QuestionNum": "1"
                }
            ],
            "PrimaryItem": {
                "APIName": "trivia",
                "Answer": "two in the bush",
                "Question": "A bird in the hand is worth ____"
            },
            "UnixTime": 1589574122
        },
        {
            "APIName": "trivia",
            "Action": "return_item",
            "Agent": "KnowledgeBase",
            "Item": {
                "APIName": "trivia",
                "Answer": "cesium",
                "Question": "A ____ atom in an atomic clock beats 9,192,631,770 times a second"
            },
            "TotalItems": -1,
            "PredictedBeliefState": {
                "QuestionNum": "1"
            },
            "ActionLabel": [
                "db_inform_question"
            ]
        },
        {
            "Action": "request_suggestions",
            "Agent": "Wizard",
            "PrimaryItem": {
                "APIName": "trivia",
                "Answer": "cesium",
                "Question": "A ____ atom in an atomic clock beats 9,192,631,770 times a second"
            },
            "Text": "A",
            "UnixTime": 1589574131
        },
        {
            "Action": "pick_suggestion",
            "ActionLabel": "trivia_ask_question",
            "ActionLabelOptions": [
                "trivia_ask_question",
                "trivia_inform_answer_2_ask_next",
                "trivia_bye"
            ],
            "Agent": "Wizard",
            "PrimaryItem": {
                "APIName": "trivia",
                "Answer": "cesium",
                "Question": "A ____ atom in an atomic clock beats 9,192,631,770 times a second"
            },
            "Text": "A ____ atom in an atomic clock beats 9,192,631,770 times a second",
            "UnixTime": 1589574134
        },
        {
            "Action": "utter",
            "Agent": "User",
            "Text": "cesium!",
            "UnixTime": 1589574146,
            "PredictedBeliefState": {
                "QuestionNum": "1"
            },
            "ActionLabel": [
                "user_trivia_answer"
            ]
        },
        {
            "Action": "request_suggestions",
            "Agent": "Wizard",
            "PrimaryItem": {
                "APIName": "trivia",
                "Answer": "cesium",
                "Question": "A ____ atom in an atomic clock beats 9,192,631,770 times a second"
            },
            "Text": "Correct",
            "UnixTime": 1589574156
        },
        {
            "Action": "pick_suggestion",
            "ActionLabel": "trivia_inform_answer_correct_ask_next",
            "ActionLabelOptions": [
                "trivia_inform_answer_correct_ask_next",
                "out_of_scope",
                "trivia_inform_answer_incorrect_ask_next"
            ],
            "Agent": "Wizard",
            "PrimaryItem": {
                "APIName": "trivia",
                "Answer": "cesium",
                "Question": "A ____ atom in an atomic clock beats 9,192,631,770 times a second"
            },
            "Text": "Your answer was correct! Great job! Would you like to continue playing?",
            "UnixTime": 1589574159
        },
        {
            "Action": "utter",
            "Agent": "User",
            "Text": "Nope, you tuckered me out.  I'm all done",
            "UnixTime": 1589574174,
            "PredictedBeliefState": {
                "QuestionNum": "1"
            },
            "ActionLabel": [
                "user_trivia_goodbye"
            ]
        },
        {
            "Action": "request_suggestions",
            "Agent": "Wizard",
            "PrimaryItem": {
                "APIName": "trivia",
                "Answer": "cesium",
                "Question": "A ____ atom in an atomic clock beats 9,192,631,770 times a second"
            },
            "Text": "OK",
            "UnixTime": 1589574179
        },
        {
            "Action": "pick_suggestion",
            "ActionLabel": "trivia_bye",
            "ActionLabelOptions": [
                "trivia_bye",
                "out_of_scope",
                "trivia_inform_nothing_found"
            ],
            "Agent": "Wizard",
            "PrimaryItem": {
                "APIName": "trivia",
                "Answer": "cesium",
                "Question": "A ____ atom in an atomic clock beats 9,192,631,770 times a second"
            },
            "Text": "Nice playing with you, bye!",
            "UnixTime": 1589574182
        },
        {
            "Action": "utter",
            "Agent": "User",
            "Text": "goodbye!",
            "UnixTime": 1589574186,
            "PredictedBeliefState": {
                "QuestionNum": "1"
            },
            "ActionLabel": [
                "user_bad_label"
            ]
        },
        {
            "Action": "request_suggestions",
            "Agent": "Wizard",
            "PrimaryItem": {
                "APIName": "trivia",
                "Answer": "cesium",
                "Question": "A ____ atom in an atomic clock beats 9,192,631,770 times a second"
            },
            "Text": "Bye ",
            "UnixTime": 1589574211
        },
        {
            "Action": "utter",
            "Agent": "Wizard",
            "PrimaryItem": {
                "APIName": "trivia",
                "Answer": "cesium",
                "Question": "A ____ atom in an atomic clock beats 9,192,631,770 times a second"
            },
            "Text": "Bye",
            "UnixTime": 1589574221
        },
        {
            "Action": "complete",
            "Agent": "User",
            "UnixTime": 1589574225
        }
    ],
    "FORMAT-VERSION": 7,
    "IntroducesConflicts": true,
    "Scenario": {
        "Domains": [
            null
        ],
        "Happy": true,
        "MultiTask": false,
        "UserTask": "You would like to play a game of trivia. You've already answered some of the questions, so you should start from question 5 and play 4 questions. You have answers for the following questions: (5) wind, (8) two in the bush, (1) cesium. For the rest, try your best!",
        "WizardCapabilities": [
            {
                "Domain": null,
                "SchemaImage": "trivia.jpg",
                "Task": "trivia"
            }
        ],
        "WizardTask": "Let the user play a trivia game. Query for and ask the questions until the user wants to stop."
    },
    "UserQuestionnaire": [
        {
            "Answer": true,
            "Question": "Did the AI Assistant succesfully run the trivia quiz?"
        },
        {
            "Answer": true,
            "Question": "Did the AI Assistant stay calm and helpful throughout the dialogue?"
        }
    ],
    "WizardQuestionnaire": [
        {
            "Answer": false,
            "Question": "Did the user change his/her mind about what he/she wants at any time?"
        },
        {
            "Answer": false,
            "Question": "Did the user become aggressive or annoyed during the dialogue? (Note: some users may be instructed to be annoying.)"
        },
        {
            "Answer": false,
            "Question": "Where you unsure about what to do at any time? (Feel free to send us an email with details.)"
        }
    ]
}