{
    "AnonymizedUserWorkerID": "f76f8d4d-5223-f6a7-71bb-8abf87118490",
    "AnonymizedWizardWorkerID": "73cd3146-78b3-8662-261e-62d39ac21292",
    "BatchID": "woz_1589554725",
    "CompletionLevel": "Complete",
    "DialogueID": 3414,
    "Events": [
        {
            "Action": "instruct",
            "Agent": "UserGuide",
            "Text": "Somebody has transferred $500 from your account. Quickly you contact the bank-system's AI assistant. Surely it can help? [instruction 1 of 5]",
            "UnixTime": 1589582749
        },
        {
            "Action": "utter",
            "Agent": "User",
            "Text": "OMG, $500 is missing from my account! I just checked my balance at the ATM, what is going on?",
            "UnixTime": 1589582787,
            "PredictedBeliefState": {
                "FraudReport": "$500 missing from account!"
            },
            "ActionLabel": [
                "user_bank_inform_fraud_details",
                "user_bank_ask_fraud"
            ]
        },
        {
            "Action": "instruct",
            "Agent": "UserGuide",
            "Text": "You are Sarah Brown. Your account number is 9931939443153, but you forgot your PIN. (You might need your mother's maiden name for the security questions: Sanchez.) [instruction 2 of 5]",
            "UnixTime": 1589582787
        },
        {
            "Action": "request_suggestions",
            "Agent": "Wizard",
            "Text": "what is your name?",
            "UnixTime": 1589582806
        },
        {
            "Action": "pick_suggestion",
            "ActionLabel": "ask_name",
            "ActionLabelOptions": [
                "ask_name",
                "hello",
                "bank_ask_mothers_maiden_name"
            ],
            "Agent": "Wizard",
            "Text": "Could I get your full name, please?",
            "UnixTime": 1589582809
        },
        {
            "Action": "utter",
            "Agent": "User",
            "Text": "Yes, it is Sarah Brown.",
            "UnixTime": 1589582819,
            "PredictedBeliefState": {
                "FraudReport": "$500 missing from account",
                "FullName": "sarah brown"
            },
            "ActionLabel": [
                "user_bank_inform_name"
            ]
        },
        {
            "Action": "request_suggestions",
            "Agent": "Wizard",
            "Text": "what is acc number?",
            "UnixTime": 1589582834
        },
        {
            "Action": "pick_suggestion",
            "ActionLabel": "bank_ask_account_number",
            "ActionLabelOptions": [
                "bank_ask_account_number",
                "bank_ask_dob",
                "bank_ask_pin"
            ],
            "Agent": "Wizard",
            "Text": "Can you tell me your account number, please?",
            "UnixTime": 1589582837
        },
        {
            "Action": "utter",
            "Agent": "User",
            "Text": "9931939443153",
            "UnixTime": 1589582846,
            "PredictedBeliefState": {
                "FraudReport": "some money missing from client's account.",
                "FullName": "sarah brown",
                "AccountNumber": "9931939443153"
            },
            "ActionLabel": [
                "user_bank_inform_account_number"
            ]
        },
        {
            "Action": "request_suggestions",
            "Agent": "Wizard",
            "Text": "pin?",
            "UnixTime": 1589582852
        },
        {
            "Action": "pick_suggestion",
            "ActionLabel": "bank_ask_pin",
            "ActionLabelOptions": [
                "bank_ask_pin",
                "bank_ask_fraud_details",
                "bank_inform_cannot_authenticate"
            ],
            "Agent": "Wizard",
            "Text": "Right, and your PIN as well please.",
            "UnixTime": 1589582854
        },
        {
            "Action": "utter",
            "Agent": "User",
            "Text": "I can't even remember it right now, I am so upset! I am about to break down, that's my rent money!",
            "UnixTime": 1589582888,
            "PredictedBeliefState": {
                "FullName": "sarah brown",
                "AccountNumber": "9931939443153",
                "PIN": "forgot",
                "FraudReport": "some money missing from client's account."
            },
            "ActionLabel": [
                "user_bank_forgot_pin"
            ]
        },
        {
            "Action": "instruct",
            "Agent": "UserGuide",
            "Text": "Now you remember you PIN again. Maybe. It was either 3100 or 1596. [instruction 3 of 5]",
            "UnixTime": 1589582888
        },
        {
            "Action": "request_suggestions",
            "Agent": "Wizard",
            "Text": "date of birth?",
            "UnixTime": 1589582936
        },
        {
            "Action": "pick_suggestion",
            "ActionLabel": "bank_ask_dob",
            "ActionLabelOptions": [
                "bank_ask_dob",
                "bank_ask_pin",
                "bank_inform_cannot_authenticate"
            ],
            "Agent": "Wizard",
            "Text": "Could you provide your date of birth, please?",
            "UnixTime": 1589582939
        },
        {
            "Action": "utter",
            "Agent": "User",
            "Text": "Ok, I was taking some deep breaths. It was either 3100 or 1596 for this account. I can't remember exactly.",
            "UnixTime": 1589582989,
            "PredictedBeliefState": {
                "AccountNumber": "9931939443153",
                "FullName": "sarah brown",
                "PIN": "3100",
                "FraudReport": "some money missing from client's account."
            },
            "ActionLabel": [
                "user_bank_inform_pin"
            ]
        },
        {
            "Action": "instruct",
            "Agent": "UserGuide",
            "Text": "Choose: Complain about your situation; make a joke; or write something else that's unexpected yet somehow fits the conversation. [instruction 4 of 5]",
            "UnixTime": 1589582989
        },
        {
            "Action": "request_suggestions",
            "Agent": "Wizard",
            "Text": "your date of birth?",
            "UnixTime": 1589583019
        },
        {
            "Action": "pick_suggestion",
            "ActionLabel": "bank_ask_dob",
            "ActionLabelOptions": [
                "bank_ask_dob",
                "bank_ask_pin",
                "bank_ask_mothers_maiden_name"
            ],
            "Agent": "Wizard",
            "Text": "Could you provide your date of birth, please?",
            "UnixTime": 1589583022
        },
        {
            "Action": "utter",
            "Agent": "User",
            "Text": "You know, this happened to my mom one time too. Somebody got $3500 out of her account. Her bank was great about getting it back to her.",
            "UnixTime": 1589583066,
            "PredictedBeliefState": {
                "FullName": "sarah brown",
                "AccountNumber": "9931939443153",
                "PIN": "3100",
                "FraudReport": "stolen money"
            },
            "ActionLabel": []
        },
        {
            "Action": "request_suggestions",
            "Agent": "Wizard",
            "Text": "your date of birth!",
            "UnixTime": 1589583089
        },
        {
            "Action": "pick_suggestion",
            "ActionLabel": "bank_ask_dob",
            "ActionLabelOptions": [
                "bank_ask_dob",
                "bank_ask_pin",
                "goodbye_1"
            ],
            "Agent": "Wizard",
            "Text": "Could you provide your date of birth, please?",
            "UnixTime": 1589583091
        },
        {
            "Action": "utter",
            "Agent": "User",
            "Text": "Why do you need my date of birth? I think the PIN is either 3100 or 1596. I can't even remember my own birthday right now!",
            "UnixTime": 1589583133,
            "PredictedBeliefState": {
                "PIN": "3100",
                "FullName": "sarah brown",
                "FraudReport": "stolen money",
                "DateOfBirth": "forgot",
                "AccountNumber": "9931939443153"
            },
            "ActionLabel": [
                "user_bank_forgot_dob"
            ]
        },
        {
            "Action": "instruct",
            "Agent": "UserGuide",
            "Text": "Once the AI tells you that the report has been filed, you can end the dialogue. Otherwise, keep going and try to get the report filed (you can be creative about PINs and names). [instruction 5 of 5]",
            "UnixTime": 1589583133
        },
        {
            "Action": "request_suggestions",
            "Agent": "Wizard",
            "Text": "i need the exact pin to be able to help you.",
            "UnixTime": 1589583166
        },
        {
            "Action": "utter",
            "Agent": "Wizard",
            "Text": "i need the exact pin to be able to help you.",
            "UnixTime": 1589583173
        },
        {
            "Action": "utter",
            "Agent": "User",
            "Text": "Can you try both? I have multiple accounts. ",
            "UnixTime": 1589583205,
            "PredictedBeliefState": {
                "FullName": "sarah brown",
                "PIN": "3100",
                "DateOfBirth": "forgot",
                "FraudReport": "somebody stole $500 from client's account.",
                "AccountNumber": "9931939443153"
            },
            "ActionLabel": []
        },
        {
            "APIName": "bank_fraud_report",
            "Action": "query",
            "Agent": "Wizard",
            "Constraints": [
                {
                    "FraudReport": "\" $500 is missing from my account! \""
                },
                {
                    "AccountNumber": "9931939443153"
                },
                {
                    "PIN": "3100 "
                }
            ],
            "UnixTime": 1589583256
        },
        {
            "APIName": "bank_fraud_report",
            "Action": "return_item",
            "Agent": "KnowledgeBase",
            "Item": {
                "APIName": "bank_fraud_report",
                "Message": "You must provide either AccountNumber/FullName/PIN or FullName/DateOfBirth/SecurityAnswer1/SecurityAnswer2. We cannot authenticate the user otherwise."
            },
            "TotalItems": -1,
            "PredictedBeliefState": {
                "FullName": "sarah brown",
                "PIN": "3100",
                "DateOfBirth": "forgot",
                "FraudReport": "somebody stole $500 from client's account.",
                "AccountNumber": "9931939443153"
            },
            "ActionLabel": [
                "db_bank_inform_fraud_report_submitted"
            ]
        },
        {
            "APIName": "bank_fraud_report",
            "Action": "query",
            "Agent": "Wizard",
            "Constraints": [
                {
                    "FraudReport": "\" $500 is missing from my account! \""
                },
                {
                    "AccountNumber": "9931939443153"
                },
                {
                    "PIN": "3100 "
                },
                {
                    "FullName": "\"Sarah Brown.\""
                }
            ],
            "PrimaryItem": {
                "APIName": "bank_fraud_report",
                "Message": "You must provide either AccountNumber/FullName/PIN or FullName/DateOfBirth/SecurityAnswer1/SecurityAnswer2. We cannot authenticate the user otherwise."
            },
            "UnixTime": 1589583284
        },
        {
            "APIName": "bank_fraud_report",
            "Action": "return_item",
            "Agent": "KnowledgeBase",
            "Item": {
                "APIName": "bank_fraud_report",
                "Confirmation": "Fraud report submitted successfully."
            },
            "TotalItems": -1,
            "PredictedBeliefState": {
                "FullName": "sarah brown",
                "PIN": "3100",
                "DateOfBirth": "forgot",
                "FraudReport": "somebody stole $500 from client's account.",
                "AccountNumber": "9931939443153"
            },
            "ActionLabel": [
                "db_bank_inform_fraud_report_submitted"
            ]
        },
        {
            "Action": "request_suggestions",
            "Agent": "Wizard",
            "PrimaryItem": {
                "APIName": "bank_fraud_report",
                "Confirmation": "Fraud report submitted successfully."
            },
            "Text": "successful.",
            "UnixTime": 1589583294
        },
        {
            "Action": "pick_suggestion",
            "ActionLabel": "bank_inform_fraud_report_submitted",
            "ActionLabelOptions": [
                "goodbye_1",
                "bank_inform_fraud_report_submitted",
                "bank_inform_nothing_found"
            ],
            "Agent": "Wizard",
            "PrimaryItem": {
                "APIName": "bank_fraud_report",
                "Confirmation": "Fraud report submitted successfully."
            },
            "Text": "Your report has been successfully submitted.\nWe will have a look at the matter ASAP and will contact you with details in due course.",
            "UnixTime": 1589583299
        },
        {
            "Action": "complete",
            "Agent": "User",
            "UnixTime": 1589583313
        }
    ],
    "FORMAT-VERSION": 7,
    "IntroducesConflicts": false,
    "Scenario": {
        "Domains": [
            "bank"
        ],
        "Happy": false,
        "MultiTask": false,
        "UserTask": "Follow the instructions and comments of the MTurk System bot (darker yellow boxes in the dialogue). Do not end the dialogue before the MTurk System bot (not the assistant) has told you to do so. ",
        "WizardCapabilities": [
            {
                "Domain": "bank",
                "SchemaImage": "bank_fraud_report.jpg",
                "Task": "bank_fraud_report"
            }
        ],
        "WizardTask": "Follow the flow charts and help the user. Some facts you should be aware of: \n\n* You are the customer service AI of the international banking system"
    },
    "UserQuestionnaire": [
        {
            "Answer": true,
            "Question": "Did the assistant stay calm and helpful throughout the dialogue?"
        }
    ],
    "WizardQuestionnaire": [
        {
            "Answer": true,
            "Question": "Did the user seem confused? (He or she may have been instructed to be.)"
        },
        {
            "Answer": false,
            "Question": "Did the user change his/her mind about what he/she wants at any time?"
        },
        {
            "Answer": false,
            "Question": "Did the user become aggressive or annoyed during the dialogue? (Note: some users may be instructed to be annoying.)"
        },
        {
            "Answer": false,
            "Question": "Where you unsure about what to do at any time? (Feel free to send us an email with details.)"
        }
    ]
}