{
    "AnonymizedUserWorkerID": "239936e4-190b-4d6e-8038-57290b8802d4",
    "AnonymizedWizardWorkerID": "6cb66f0b-1a8b-fec4-b481-96b6da01d513",
    "BatchID": "woz_1589554725",
    "CompletionLevel": "Complete",
    "DialogueID": 3421,
    "Events": [
        {
            "Action": "instruct",
            "Agent": "UserGuide",
            "Text": "Say hallo to the AI Assistant. [instruction 1 of 6]",
            "UnixTime": 1589557949
        },
        {
            "Action": "utter",
            "Agent": "User",
            "Text": "hello",
            "UnixTime": 1589558001,
            "PredictedBeliefState": {},
            "ActionLabel": [
                "user_hello"
            ]
        },
        {
            "Action": "request_suggestions",
            "Agent": "Wizard",
            "Text": "hello",
            "UnixTime": 1589558008
        },
        {
            "Action": "pick_suggestion",
            "ActionLabel": "hello",
            "ActionLabelOptions": [
                "hello",
                "apartment_ask_day",
                "apartment_ask_end_time"
            ],
            "Agent": "Wizard",
            "Text": "Hello, how can I help?",
            "UnixTime": 1589558010
        },
        {
            "Action": "utter",
            "Agent": "User",
            "Text": "I would like to come and see an Apartment",
            "UnixTime": 1589558031,
            "PredictedBeliefState": {},
            "ActionLabel": [
                "user_apartment_ask_apartment"
            ]
        },
        {
            "Action": "instruct",
            "Agent": "UserGuide",
            "Text": "You suddenly remember that you have a friend's wedding on Thursday at 2 pm. [instruction 2 of 6]",
            "UnixTime": 1589558031
        },
        {
            "Action": "request_suggestions",
            "Agent": "Wizard",
            "Text": "name",
            "UnixTime": 1589558036
        },
        {
            "Action": "pick_suggestion",
            "ActionLabel": "ask_name",
            "ActionLabelOptions": [
                "ask_name",
                "apartment_ask_start_time",
                "apartment_ask_apartment_name"
            ],
            "Agent": "Wizard",
            "Text": "Could you give me your name, please?",
            "UnixTime": 1589558038
        },
        {
            "Action": "utter",
            "Agent": "User",
            "Text": "Alexis, can I come on Thursday at 2pm?",
            "UnixTime": 1589558065,
            "PredictedBeliefState": {
                "Day": "thursday",
                "StartTimeHour": "2 pm",
                "RenterName": "alexis"
            },
            "ActionLabel": [
                "user_apartment_inform_day",
                "user_apartment_inform_start_time",
                "user_apartment_inform_name"
            ]
        },
        {
            "Action": "instruct",
            "Agent": "UserGuide",
            "Text": "Ask something about the apartment, or engage in smalltalk, or make a joke. [instruction 3 of 6]",
            "UnixTime": 1589558065
        },
        {
            "Action": "request_suggestions",
            "Agent": "Wizard",
            "Text": "location",
            "UnixTime": 1589558072
        },
        {
            "Action": "request_suggestions",
            "Agent": "Wizard",
            "Text": "housing",
            "UnixTime": 1589558080
        },
        {
            "Action": "pick_suggestion",
            "ActionLabel": "apartment_ask_apartment_name",
            "ActionLabelOptions": [
                "apartment_inform_viewing_available",
                "apartment_ask_apartment_name",
                "out_of_scope"
            ],
            "Agent": "Wizard",
            "Text": "What apartment are you interested in?",
            "UnixTime": 1589558083
        },
        {
            "Action": "utter",
            "Agent": "User",
            "Text": "The Shadyside apartments",
            "UnixTime": 1589558109,
            "PredictedBeliefState": {
                "RenterName": "alexis",
                "Day": "thursday",
                "StartTimeHour": "2 pm",
                "Name": "shadyside apartments"
            },
            "ActionLabel": [
                "user_apartment_inform_apartment_name"
            ]
        },
        {
            "Action": "instruct",
            "Agent": "UserGuide",
            "Text": "You cannot remember if you had payed the application fee. Find a way to make an appointment anyway. If no date is available, change date and/or time until something works. If you already got the appointment, engage in smalltalk. [instruction 4 of 6]",
            "UnixTime": 1589558109
        },
        {
            "Action": "request_suggestions",
            "Agent": "Wizard",
            "Text": "application",
            "UnixTime": 1589558117
        },
        {
            "Action": "request_suggestions",
            "Agent": "Wizard",
            "Text": "did you pay for application",
            "UnixTime": 1589558126
        },
        {
            "Action": "pick_suggestion",
            "ActionLabel": "apartment_ask_application_fee_paid",
            "ActionLabelOptions": [
                "apartment_ask_application_fee_paid",
                "apartment_ask_end_time",
                "ask_name"
            ],
            "Agent": "Wizard",
            "Text": "Have you already paid the application fee for the apartment?",
            "UnixTime": 1589558128
        },
        {
            "Action": "utter",
            "Agent": "User",
            "Text": "Oh wait!!! My friend Hannah is getting married that day! I almost completely forgot. I really need to be there. Can we change the day?",
            "UnixTime": 1589558178,
            "PredictedBeliefState": {
                "Day": "thursday",
                "RenterName": "alexis",
                "StartTimeHour": "2 pm",
                "Name": "shadyside apartments"
            },
            "ActionLabel": []
        },
        {
            "Action": "instruct",
            "Agent": "UserGuide",
            "Text": "Once you've scheduled the viewing, say something about your friend's wedding. [instruction 5 of 6]",
            "UnixTime": 1589558178
        },
        {
            "Action": "request_suggestions",
            "Agent": "Wizard",
            "Text": "Sure what day",
            "UnixTime": 1589558197
        },
        {
            "Action": "pick_suggestion",
            "ActionLabel": "apartment_ask_day",
            "ActionLabelOptions": [
                "apartment_ask_day",
                "out_of_scope",
                "apartment_inform_viewing_available"
            ],
            "Agent": "Wizard",
            "Text": "What day would you like to make the booking for?",
            "UnixTime": 1589558199
        },
        {
            "Action": "utter",
            "Agent": "User",
            "Text": "Friday would work better for me. ",
            "UnixTime": 1589558238,
            "PredictedBeliefState": {
                "ApplicationFeePaid": "yes",
                "Name": "shadyside apartments",
                "StartTimeHour": "2 pm",
                "RenterName": "alexis",
                "Day": "friday"
            },
            "ActionLabel": [
                "user_apartment_inform_fee_paid",
                "user_apartment_inform_day"
            ]
        },
        {
            "Action": "instruct",
            "Agent": "UserGuide",
            "Text": "When you are done with all the instructions, bring the conversation to a natural close.  [instruction 6 of 6]",
            "UnixTime": 1589558238
        },
        {
            "APIName": "apartment_schedule",
            "Action": "query",
            "Agent": "Wizard",
            "Constraints": [
                {
                    "Name": "\"Shadyside Apartments\""
                },
                {
                    "RenterName": "\"Alexis\""
                },
                {
                    "Day": "\"Friday\""
                },
                {
                    "StartTimeHour": "\"2 pm\""
                },
                {
                    "ApplicationFeePaid": "\"No\""
                },
                {
                    "RequestType": "\"Check\""
                }
            ],
            "UnixTime": 1589558245
        },
        {
            "APIName": "apartment_schedule",
            "Action": "return_item",
            "Agent": "KnowledgeBase",
            "Item": {
                "APIName": "apartment_schedule",
                "Message": "The time slot is available."
            },
            "TotalItems": -1,
            "PredictedBeliefState": {
                "ApplicationFeePaid": "yes",
                "Name": "shadyside apartments",
                "StartTimeHour": "2 pm",
                "RenterName": "alexis",
                "Day": "friday"
            },
            "ActionLabel": [
                "db_apartment_inform_viewing_available"
            ]
        },
        {
            "Action": "request_suggestions",
            "Agent": "Wizard",
            "PrimaryItem": {
                "APIName": "apartment_schedule",
                "Message": "The time slot is available."
            },
            "Text": "available",
            "UnixTime": 1589558253
        },
        {
            "Action": "pick_suggestion",
            "ActionLabel": "apartment_inform_viewing_available",
            "ActionLabelOptions": [
                "apartment_inform_viewing_available",
                "apartment_ask_custom_message",
                "out_of_scope"
            ],
            "Agent": "Wizard",
            "PrimaryItem": {
                "APIName": "apartment_schedule",
                "Message": "The time slot is available."
            },
            "Text": "Great, there is still a viewing available at that time. Would you like me to book it for you?",
            "UnixTime": 1589558255
        },
        {
            "Action": "utter",
            "Agent": "User",
            "Text": "Can you believe I almost forgot my own friends wedding? Wow! Can you imagine if I did not show up. She would have been heartbroken!",
            "UnixTime": 1589558320,
            "PredictedBeliefState": {
                "StartTimeHour": "2 pm",
                "Day": "friday",
                "Name": "shadyside apartments",
                "RenterName": "alexis",
                "ApplicationFeePaid": "yes"
            },
            "ActionLabel": [
                "user_apartment_confirm_booking"
            ]
        },
        {
            "Action": "request_suggestions",
            "Agent": "Wizard",
            "PrimaryItem": {
                "APIName": "apartment_schedule",
                "Message": "The time slot is available."
            },
            "Text": "Yes",
            "UnixTime": 1589558340
        },
        {
            "APIName": "apartment_schedule",
            "Action": "query",
            "Agent": "Wizard",
            "Constraints": [
                {
                    "Name": "\"Shadyside Apartments\""
                },
                {
                    "RenterName": "\"Alexis\""
                },
                {
                    "Day": "\"Friday\""
                },
                {
                    "StartTimeHour": "\"2 pm\""
                },
                {
                    "ApplicationFeePaid": "\"No\""
                },
                {
                    "RequestType": "\"Book\""
                }
            ],
            "PrimaryItem": {
                "APIName": "apartment_schedule",
                "Message": "The time slot is available."
            },
            "UnixTime": 1589558348
        },
        {
            "APIName": "apartment_schedule",
            "Action": "return_item",
            "Agent": "KnowledgeBase",
            "Item": {
                "APIName": "apartment_schedule",
                "Message": "Your apartment viewing has been successfuly scheduled. Please bring Passport and Passport with you."
            },
            "TotalItems": -1,
            "PredictedBeliefState": {
                "StartTimeHour": "2 pm",
                "Day": "friday",
                "Name": "shadyside apartments",
                "RenterName": "alexis",
                "ApplicationFeePaid": "yes"
            },
            "ActionLabel": [
                "db_apartment_inform_booking_successful"
            ]
        },
        {
            "Action": "request_suggestions",
            "Agent": "Wizard",
            "PrimaryItem": {
                "APIName": "apartment_schedule",
                "Message": "Your apartment viewing has been successfuly scheduled. Please bring Passport and Passport with you."
            },
            "Text": "Your apartment viewing has been successfuly scheduled. Please bring Passport and Passport with you.",
            "UnixTime": 1589558358
        },
        {
            "Action": "pick_suggestion",
            "ActionLabel": "apartment_inform_booking_successful",
            "ActionLabelOptions": [
                "apartment_inform_booking_successful",
                "apartment_ask_start_time",
                "apartment_inform_nothing_found"
            ],
            "Agent": "Wizard",
            "PrimaryItem": {
                "APIName": "apartment_schedule",
                "Message": "Your apartment viewing has been successfuly scheduled. Please bring Passport and Passport with you."
            },
            "Text": "Excellent, the viewing is scheduled now!",
            "UnixTime": 1589558361
        },
        {
            "Action": "complete",
            "Agent": "User",
            "UnixTime": 1589558397
        }
    ],
    "FORMAT-VERSION": 7,
    "IntroducesConflicts": false,
    "Scenario": {
        "Domains": [
            "apartment"
        ],
        "Happy": false,
        "MultiTask": false,
        "UserTask": "You are interested in viewing an apartment. Please schedule a viewing at Shadyside Apartments for Thursday at 2 pm. Your name is Alexis. You cannot remember if you had payed the application fee. ",
        "WizardCapabilities": [
            {
                "Domain": "apartment",
                "SchemaImage": "apartment_schedule.jpg",
                "Task": "apartment_schedule"
            }
        ],
        "WizardTask": "Help the user schedule an apartment viewing."
    },
    "UserQuestionnaire": [
        {
            "Answer": true,
            "Question": "Did the assistant stay calm and helpful throughout the dialogue?"
        }
    ],
    "WizardQuestionnaire": [
        {
            "Answer": true,
            "Question": "Did the user change his/her mind about what he/she wants at any time?"
        },
        {
            "Answer": false,
            "Question": "Did the user become aggressive or annoyed during the dialogue? (Note: some users may be instructed to be annoying.)"
        },
        {
            "Answer": false,
            "Question": "Where you unsure about what to do at any time? (Feel free to send us an email with details.)"
        }
    ]
}