{
    "AnonymizedUserWorkerID": "ee2276a1-53ce-a0ce-97a0-164c3f0f388c",
    "AnonymizedWizardWorkerID": "34240f9a-bd13-8ae1-c634-f07162c54b7c",
    "BatchID": "woz_1589554725",
    "CompletionLevel": "Complete",
    "DialogueID": 3448,
    "Events": [
        {
            "Action": "utter",
            "Agent": "User",
            "Text": "Can you help me find an expensive pizza restaurant that takes reservations?",
            "UnixTime": 1589618830,
            "PredictedBeliefState": {
                "Cost": "expensive",
                "TakesReservations": "true",
                "Food": "pizza"
            },
            "ActionLabel": [
                "user_restaurant_search_inform_takes_reservations",
                "user_restaurant_search_inform_food_type",
                "user_bad_label"
            ]
        },
        {
            "APIName": "restaurant_search",
            "Action": "query",
            "Agent": "Wizard",
            "Constraints": [
                {
                    "TakesReservations": "True"
                },
                {
                    "Cost": "\"Expensive\""
                },
                {
                    "Food": "api.is_equal_to(\"Pizza\")"
                }
            ],
            "UnixTime": 1589618877
        },
        {
            "APIName": "restaurant_search",
            "Action": "return_item",
            "Agent": "KnowledgeBase",
            "Item": {
                "APIName": "restaurant_search",
                "AverageRating": 5,
                "AverageWaitMinutes": 35,
                "CloseTimeHour": "10 pm",
                "Cost": "Expensive",
                "DoesDelivery": false,
                "Food": "Pizza",
                "Location": "Center",
                "MaxPartySize": 11,
                "Name": "Lucca",
                "OpenTimeHour": "9 am",
                "TakesReservations": true,
                "id": 26
            },
            "TotalItems": 16,
            "PredictedBeliefState": {
                "Cost": "expensive",
                "TakesReservations": "true",
                "Food": "pizza"
            },
            "ActionLabel": [
                "result_bad_label"
            ]
        },
        {
            "Action": "request_suggestions",
            "Agent": "Wizard",
            "PrimaryItem": {
                "APIName": "restaurant_search",
                "AverageRating": 5,
                "AverageWaitMinutes": 35,
                "CloseTimeHour": "10 pm",
                "Cost": "Expensive",
                "DoesDelivery": false,
                "Food": "Pizza",
                "Location": "Center",
                "MaxPartySize": 11,
                "Name": "Lucca",
                "OpenTimeHour": "9 am",
                "TakesReservations": true,
                "id": 26
            },
            "Text": "Lucca is a great place and meets those requirements",
            "UnixTime": 1589618926
        },
        {
            "Action": "utter",
            "Agent": "Wizard",
            "PrimaryItem": {
                "APIName": "restaurant_search",
                "AverageRating": 5,
                "AverageWaitMinutes": 35,
                "CloseTimeHour": "10 pm",
                "Cost": "Expensive",
                "DoesDelivery": false,
                "Food": "Pizza",
                "Location": "Center",
                "MaxPartySize": 11,
                "Name": "Lucca",
                "OpenTimeHour": "9 am",
                "TakesReservations": true,
                "id": 26
            },
            "Text": "Lucca is a great place and meets those requirements",
            "UnixTime": 1589618932
        },
        {
            "Action": "utter",
            "Agent": "User",
            "Text": "I'll have to check it out! Thanks so much!",
            "UnixTime": 1589618948,
            "PredictedBeliefState": {
                "Cost": "expensive",
                "TakesReservations": "true",
                "Food": "pizza"
            },
            "ActionLabel": [
                "user_bad_label"
            ]
        },
        {
            "Action": "request_suggestions",
            "Agent": "Wizard",
            "PrimaryItem": {
                "APIName": "restaurant_search",
                "AverageRating": 5,
                "AverageWaitMinutes": 35,
                "CloseTimeHour": "10 pm",
                "Cost": "Expensive",
                "DoesDelivery": false,
                "Food": "Pizza",
                "Location": "Center",
                "MaxPartySize": 11,
                "Name": "Lucca",
                "OpenTimeHour": "9 am",
                "TakesReservations": true,
                "id": 26
            },
            "Text": "good bye",
            "UnixTime": 1589618958
        },
        {
            "Action": "utter",
            "Agent": "Wizard",
            "PrimaryItem": {
                "APIName": "restaurant_search",
                "AverageRating": 5,
                "AverageWaitMinutes": 35,
                "CloseTimeHour": "10 pm",
                "Cost": "Expensive",
                "DoesDelivery": false,
                "Food": "Pizza",
                "Location": "Center",
                "MaxPartySize": 11,
                "Name": "Lucca",
                "OpenTimeHour": "9 am",
                "TakesReservations": true,
                "id": 26
            },
            "Text": "You're welcome and good bye",
            "UnixTime": 1589618969
        },
        {
            "Action": "complete",
            "Agent": "User",
            "UnixTime": 1589618973
        }
    ],
    "FORMAT-VERSION": 7,
    "IntroducesConflicts": false,
    "Scenario": {
        "Domains": [
            "restaurant"
        ],
        "Happy": true,
        "MultiTask": false,
        "UserTask": "Find a Expensive priced Pizza restaurant that takes reservations.",
        "WizardCapabilities": [
            {
                "Domain": "restaurant",
                "SchemaImage": "restaurant_search.jpg",
                "Task": "restaurant_search"
            }
        ],
        "WizardTask": "Help the user find a restaurant."
    },
    "UserQuestionnaire": [
        {
            "Answer": true,
            "Question": "Did the AI Assistant find you a suitable restaurant?"
        },
        {
            "Answer": true,
            "Question": "Did the AI Assistant stay calm and helpful throughout the dialogue?"
        }
    ],
    "WizardQuestionnaire": [
        {
            "Answer": false,
            "Question": "Did the user change his/her mind about what he/she wants at any time?"
        },
        {
            "Answer": false,
            "Question": "Did the user become aggressive or annoyed during the dialogue? (Note: some users may be instructed to be annoying.)"
        },
        {
            "Answer": false,
            "Question": "Where you unsure about what to do at any time? (Feel free to send us an email with details.)"
        }
    ]
}