{
    "AnonymizedUserWorkerID": "6cb66f0b-1a8b-fec4-b481-96b6da01d513",
    "AnonymizedWizardWorkerID": "71f8d498-7034-65f3-de7c-7ac126139a2e",
    "BatchID": "woz_1589554725",
    "CompletionLevel": "Complete",
    "DialogueID": 3489,
    "Events": [
        {
            "Action": "instruct",
            "Agent": "UserGuide",
            "Text": "Somebody has transferred $500 from your account. Quickly you contact the bank-system's AI assistant. Perhaps it can help? [instruction 1 of 5]",
            "UnixTime": 1589577653
        },
        {
            "Action": "utter",
            "Agent": "User",
            "Text": "Hi, I need help with my bank transactions.",
            "UnixTime": 1589577670,
            "PredictedBeliefState": {},
            "ActionLabel": [
                "user_hello"
            ]
        },
        {
            "Action": "instruct",
            "Agent": "UserGuide",
            "Text": "You are Katarina Miller. Your PIN is 3100, but you forgot your account number. (You might need your childhood pet's name for the security questions: Buddy.) [instruction 2 of 5]",
            "UnixTime": 1589577670
        },
        {
            "Action": "request_suggestions",
            "Agent": "Wizard",
            "Text": "I can help",
            "UnixTime": 1589577703
        },
        {
            "Action": "pick_suggestion",
            "ActionLabel": "hello",
            "ActionLabelOptions": [
                "hello",
                "anything_else",
                "out_of_scope"
            ],
            "Agent": "Wizard",
            "Text": "Hello, how can I help?",
            "UnixTime": 1589577706
        },
        {
            "Action": "utter",
            "Agent": "User",
            "Text": "My name is Katarina Miller and somebody fraudulently transfered $500 from my account. My PIN is 3100. ",
            "UnixTime": 1589577759,
            "PredictedBeliefState": {
                "FullName": "katarina miller",
                "PIN": "3100",
                "FraudReport": "somebody transferred $500 from client's account."
            },
            "ActionLabel": [
                "user_bank_inform_name",
                "user_bank_inform_pin",
                "user_bank_inform_fraud_details",
                "user_bank_ask_fraud"
            ]
        },
        {
            "Action": "request_suggestions",
            "Agent": "Wizard",
            "Text": "Do you have your account number",
            "UnixTime": 1589577780
        },
        {
            "Action": "pick_suggestion",
            "ActionLabel": "bank_ask_account_number",
            "ActionLabelOptions": [
                "bank_ask_account_number",
                "bank_ask_pin",
                "bank_inform_cannot_authenticate"
            ],
            "Agent": "Wizard",
            "Text": "Can you tell me your account number, please?",
            "UnixTime": 1589577786
        },
        {
            "Action": "utter",
            "Agent": "User",
            "Text": "Sorry I do not have that. I do know what my secret question about my pet is.",
            "UnixTime": 1589577815,
            "PredictedBeliefState": {
                "FullName": "katarina miller",
                "PIN": "3100",
                "FraudReport": "somebody transferred $500 from client's account."
            },
            "ActionLabel": []
        },
        {
            "Action": "instruct",
            "Agent": "UserGuide",
            "Text": "You forget what you are doing (imagine you're 93 years old and have some mental condition). [instruction 3 of 5]",
            "UnixTime": 1589577815
        },
        {
            "Action": "request_suggestions",
            "Agent": "Wizard",
            "Text": "Can you give me the name of your childhood pet",
            "UnixTime": 1589577840
        },
        {
            "Action": "pick_suggestion",
            "ActionLabel": "bank_ask_childhood_pets_name",
            "ActionLabelOptions": [
                "bank_ask_childhood_pets_name",
                "bank_inform_cannot_authenticate",
                "anything_else"
            ],
            "Agent": "Wizard",
            "Text": "And what was the name of the pet you had as a child?",
            "UnixTime": 1589577843
        },
        {
            "Action": "utter",
            "Agent": "User",
            "Text": "Oh no, now I can't remember for the life of me. I am getting too old.",
            "UnixTime": 1589577863,
            "PredictedBeliefState": {
                "FraudReport": "somebody transferred $500 from client's account.",
                "SecurityAnswer2": "forgot",
                "FullName": "katarina miller",
                "PIN": "3100"
            },
            "ActionLabel": [
                "user_bank_forgot_childhood_pets_name"
            ]
        },
        {
            "Action": "instruct",
            "Agent": "UserGuide",
            "Text": "Keep this conversation going for a bit - you can be creative! [instruction 4 of 5]",
            "UnixTime": 1589577863
        },
        {
            "Action": "request_suggestions",
            "Agent": "Wizard",
            "Text": "That's okay.  We can take a minute.  Maybe it will come to you.",
            "UnixTime": 1589577900
        },
        {
            "Action": "utter",
            "Agent": "Wizard",
            "Text": "That's okay.  We can take a minute.  Maybe it will come to you.",
            "UnixTime": 1589577906
        },
        {
            "Action": "utter",
            "Agent": "User",
            "Text": "I am looking for my account number everywhere.",
            "UnixTime": 1589577921,
            "PredictedBeliefState": {
                "AccountNumber": "forgot",
                "PIN": "3100",
                "FullName": "katarina miller",
                "FraudReport": "somebody transferred $500 from client's account.",
                "SecurityAnswer2": "forgot"
            },
            "ActionLabel": [
                "user_bank_forgot_account_number",
                "user_bad_label"
            ]
        },
        {
            "Action": "request_suggestions",
            "Agent": "Wizard",
            "Text": "Tell me your child hood pet",
            "UnixTime": 1589577941
        },
        {
            "Action": "pick_suggestion",
            "ActionLabel": "bank_ask_childhood_pets_name",
            "ActionLabelOptions": [
                "bank_ask_childhood_pets_name",
                "bank_ask_account_number",
                "out_of_scope"
            ],
            "Agent": "Wizard",
            "Text": "And what was the name of the pet you had as a child?",
            "UnixTime": 1589577943
        },
        {
            "Action": "utter",
            "Agent": "User",
            "Text": "Oh yea the pet, I believe it was buddy.",
            "UnixTime": 1589577960,
            "PredictedBeliefState": {
                "FraudReport": "somebody transferred $500 from client's account.",
                "PIN": "3100",
                "FullName": "katarina miller",
                "SecurityAnswer2": "buddy",
                "AccountNumber": "forgot"
            },
            "ActionLabel": [
                "user_bank_inform_childhood_pets_name"
            ]
        },
        {
            "APIName": "bank_fraud_report",
            "Action": "query",
            "Agent": "Wizard",
            "Constraints": [
                {
                    "FraudReport": "\"$500 transfer from account\""
                },
                {
                    "FullName": "\"Katarina Miller\""
                },
                {
                    "PIN": "3100"
                },
                {
                    "SecurityAnswer2": "\"buddy\""
                }
            ],
            "UnixTime": 1589577999
        },
        {
            "APIName": "bank_fraud_report",
            "Action": "return_item",
            "Agent": "KnowledgeBase",
            "Item": {
                "APIName": "bank_fraud_report",
                "Message": "You must provide either AccountNumber/FullName/PIN or FullName/DateOfBirth/SecurityAnswer1/SecurityAnswer2. We cannot authenticate the user otherwise."
            },
            "TotalItems": -1,
            "PredictedBeliefState": {
                "FraudReport": "somebody transferred $500 from client's account.",
                "PIN": "3100",
                "FullName": "katarina miller",
                "SecurityAnswer2": "buddy",
                "AccountNumber": "forgot"
            },
            "ActionLabel": [
                "db_bank_inform_cannot_authenticate"
            ]
        },
        {
            "Action": "request_suggestions",
            "Agent": "Wizard",
            "PrimaryItem": {
                "APIName": "bank_fraud_report",
                "Message": "You must provide either AccountNumber/FullName/PIN or FullName/DateOfBirth/SecurityAnswer1/SecurityAnswer2. We cannot authenticate the user otherwise."
            },
            "Text": "I need to authenticate",
            "UnixTime": 1589578027
        },
        {
            "Action": "pick_suggestion",
            "ActionLabel": "bank_inform_cannot_authenticate",
            "ActionLabelOptions": [
                "bank_inform_cannot_authenticate",
                "bank_ask_account_number",
                "goodbye_1"
            ],
            "Agent": "Wizard",
            "PrimaryItem": {
                "APIName": "bank_fraud_report",
                "Message": "You must provide either AccountNumber/FullName/PIN or FullName/DateOfBirth/SecurityAnswer1/SecurityAnswer2. We cannot authenticate the user otherwise."
            },
            "Text": "I am sorry, but I cannot authenticate you with the information you have provided.",
            "UnixTime": 1589578030
        },
        {
            "Action": "utter",
            "Agent": "User",
            "Text": "Maybe another question or something.",
            "UnixTime": 1589578047,
            "PredictedBeliefState": {
                "SecurityAnswer2": "buddy",
                "PIN": "3100",
                "FraudReport": "somebody transferred $500 from client's account.",
                "FullName": "katarina miller",
                "AccountNumber": "forgot"
            },
            "ActionLabel": [
                "user_bad_label"
            ]
        },
        {
            "Action": "request_suggestions",
            "Agent": "Wizard",
            "PrimaryItem": {
                "APIName": "bank_fraud_report",
                "Message": "You must provide either AccountNumber/FullName/PIN or FullName/DateOfBirth/SecurityAnswer1/SecurityAnswer2. We cannot authenticate the user otherwise."
            },
            "Text": "Can you tell me your mother",
            "UnixTime": 1589578078
        },
        {
            "Action": "pick_suggestion",
            "ActionLabel": "bank_ask_mothers_maiden_name",
            "ActionLabelOptions": [
                "bank_ask_mothers_maiden_name",
                "bank_ask_pin",
                "bank_ask_fraud_details"
            ],
            "Agent": "Wizard",
            "PrimaryItem": {
                "APIName": "bank_fraud_report",
                "Message": "You must provide either AccountNumber/FullName/PIN or FullName/DateOfBirth/SecurityAnswer1/SecurityAnswer2. We cannot authenticate the user otherwise."
            },
            "Text": "What was your mother's maiden name?",
            "UnixTime": 1589578081
        },
        {
            "Action": "utter",
            "Agent": "User",
            "Text": "That was a very long time ago, I would have no idea.",
            "UnixTime": 1589578095,
            "PredictedBeliefState": {
                "AccountNumber": "forgot",
                "PIN": "3100",
                "SecurityAnswer2": "buddy",
                "FraudReport": "somebody transferred $500 from client's account.",
                "FullName": "katarina miller"
            },
            "ActionLabel": []
        },
        {
            "Action": "instruct",
            "Agent": "UserGuide",
            "Text": "Ok, great. Now bring the conversation to a natural close. [instruction 5 of 5]",
            "UnixTime": 1589578095
        },
        {
            "Action": "request_suggestions",
            "Agent": "Wizard",
            "PrimaryItem": {
                "APIName": "bank_fraud_report",
                "Message": "You must provide either AccountNumber/FullName/PIN or FullName/DateOfBirth/SecurityAnswer1/SecurityAnswer2. We cannot authenticate the user otherwise."
            },
            "Text": "And you can't find your account number?",
            "UnixTime": 1589578121
        },
        {
            "Action": "utter",
            "Agent": "Wizard",
            "PrimaryItem": {
                "APIName": "bank_fraud_report",
                "Message": "You must provide either AccountNumber/FullName/PIN or FullName/DateOfBirth/SecurityAnswer1/SecurityAnswer2. We cannot authenticate the user otherwise."
            },
            "Text": "And you can't find your account number?",
            "UnixTime": 1589578133
        },
        {
            "Action": "utter",
            "Agent": "User",
            "Text": "Sorry maybe I will try back later, thanks anyways.",
            "UnixTime": 1589578147,
            "PredictedBeliefState": {
                "SecurityAnswer1": "forgot",
                "PIN": "3100",
                "SecurityAnswer2": "buddy",
                "FraudReport": "somebody transferred $500 from client's account.",
                "AccountNumber": "forgot",
                "FullName": "katarina miller"
            },
            "ActionLabel": [
                "user_bank_forgot_mothers_maiden_name",
                "user_bank_goodbye"
            ]
        },
        {
            "Action": "request_suggestions",
            "Agent": "Wizard",
            "PrimaryItem": {
                "APIName": "bank_fraud_report",
                "Message": "You must provide either AccountNumber/FullName/PIN or FullName/DateOfBirth/SecurityAnswer1/SecurityAnswer2. We cannot authenticate the user otherwise."
            },
            "Text": "Sorry thank ",
            "UnixTime": 1589578158
        },
        {
            "Action": "pick_suggestion",
            "ActionLabel": "goodbye_1",
            "ActionLabelOptions": [
                "goodbye_1",
                "bank_inform_fraud_report_submitted",
                "hello"
            ],
            "Agent": "Wizard",
            "PrimaryItem": {
                "APIName": "bank_fraud_report",
                "Message": "You must provide either AccountNumber/FullName/PIN or FullName/DateOfBirth/SecurityAnswer1/SecurityAnswer2. We cannot authenticate the user otherwise."
            },
            "Text": "Thank you and goodbye.",
            "UnixTime": 1589578161
        },
        {
            "Action": "complete",
            "Agent": "User",
            "UnixTime": 1589578164
        }
    ],
    "FORMAT-VERSION": 7,
    "IntroducesConflicts": false,
    "Scenario": {
        "Domains": [
            "bank"
        ],
        "Happy": false,
        "MultiTask": false,
        "UserTask": "Follow the instructions and comments of the MTurk System bot (darker yellow boxes in the dialogue). Do not end the dialogue before the MTurk System bot (not the assistant) has told you to do so. ",
        "WizardCapabilities": [
            {
                "Domain": "bank",
                "SchemaImage": "bank_fraud_report.jpg",
                "Task": "bank_fraud_report"
            }
        ],
        "WizardTask": "Follow the flow charts and help the user. Some facts you should be aware of: \n\n* You are the customer service AI of the international banking system"
    },
    "UserQuestionnaire": [
        {
            "Answer": true,
            "Question": "Did the assistant stay calm and helpful throughout the dialogue?"
        }
    ],
    "WizardQuestionnaire": [
        {
            "Answer": true,
            "Question": "Did the user seem confused? (He or she may have been instructed to be.)"
        },
        {
            "Answer": false,
            "Question": "Did the user change his/her mind about what he/she wants at any time?"
        },
        {
            "Answer": false,
            "Question": "Did the user become aggressive or annoyed during the dialogue? (Note: some users may be instructed to be annoying.)"
        },
        {
            "Answer": false,
            "Question": "Where you unsure about what to do at any time? (Feel free to send us an email with details.)"
        }
    ]
}