{
    "AnonymizedUserWorkerID": "d063746c-0ca1-ad09-7159-11880a755cd0",
    "AnonymizedWizardWorkerID": "6cb66f0b-1a8b-fec4-b481-96b6da01d513",
    "BatchID": "woz_1589554725",
    "CompletionLevel": "Complete",
    "DialogueID": 3618,
    "Events": [
        {
            "Action": "utter",
            "Agent": "User",
            "Text": "hello!",
            "UnixTime": 1589589272,
            "PredictedBeliefState": {},
            "ActionLabel": [
                "user_hello"
            ]
        },
        {
            "Action": "instruct",
            "Agent": "UserGuide",
            "Text": "You remember that your friend recommended the Old Town Inn. Tell the assistant you've changed your mind and want to stay at Old Town Inn. [instruction 1 of 5]",
            "UnixTime": 1589589272
        },
        {
            "Action": "request_suggestions",
            "Agent": "Wizard",
            "Text": "hello",
            "UnixTime": 1589589276
        },
        {
            "Action": "pick_suggestion",
            "ActionLabel": "hello",
            "ActionLabelOptions": [
                "hello",
                "hotel_reservation_succeeded",
                "hotel_ask_hotel"
            ],
            "Agent": "Wizard",
            "Text": "Hello, how can I help?",
            "UnixTime": 1589589277
        },
        {
            "Action": "utter",
            "Agent": "User",
            "Text": "I would like to book a room at the Shadyside inn",
            "UnixTime": 1589589300,
            "PredictedBeliefState": {
                "Name": "shadyside inn"
            },
            "ActionLabel": [
                "user_hotel_book_inform_hotel_name",
                "user_hotel_book_ask_hotel_book"
            ]
        },
        {
            "Action": "request_suggestions",
            "Agent": "Wizard",
            "Text": "name",
            "UnixTime": 1589589305
        },
        {
            "Action": "pick_suggestion",
            "ActionLabel": "ask_name",
            "ActionLabelOptions": [
                "ask_name",
                "hotel_inform_nothing_found",
                "hotel_ask_date_from"
            ],
            "Agent": "Wizard",
            "Text": "May I have your name, please?",
            "UnixTime": 1589589307
        },
        {
            "Action": "utter",
            "Agent": "User",
            "Text": "my name is Alexis",
            "UnixTime": 1589589319,
            "PredictedBeliefState": {
                "CustomerName": "alexis",
                "Name": "shadyside inn"
            },
            "ActionLabel": [
                "user_hotel_book_inform_name"
            ]
        },
        {
            "Action": "instruct",
            "Agent": "UserGuide",
            "Text": "Actually, you recall that your friend stayed at Old Town Inn in another town. However you've read on a blog that the Hyatt Hotel is by long and far the most authentic one. Tell the assistant you've changed your mind and want to stay at Hyatt Hotel. [instruction 2 of 5]",
            "UnixTime": 1589589319
        },
        {
            "Action": "request_suggestions",
            "Agent": "Wizard",
            "Text": "Start Day",
            "UnixTime": 1589589321
        },
        {
            "Action": "pick_suggestion",
            "ActionLabel": "hotel_ask_date_from",
            "ActionLabelOptions": [
                "hotel_ask_date_from",
                "goodbye_1",
                "hotel_reservation_failed"
            ],
            "Agent": "Wizard",
            "Text": "When are you arriving?",
            "UnixTime": 1589589323
        },
        {
            "Action": "utter",
            "Agent": "User",
            "Text": "May 11th departing May 19th",
            "UnixTime": 1589589344,
            "PredictedBeliefState": {
                "Name": "shadyside inn",
                "StartDate": "11th",
                "EndDate": "19th",
                "CustomerName": "alexis"
            },
            "ActionLabel": [
                "user_hotel_book_inform_start_date",
                "user_hotel_book_inform_end_date"
            ]
        },
        {
            "Action": "instruct",
            "Agent": "UserGuide",
            "Text": "Talk to the assistant about this great travel blog that you rely on and that its never let you down on your journeys. Be creative! [instruction 3 of 5]",
            "UnixTime": 1589589344
        },
        {
            "APIName": "hotel_book",
            "Action": "query",
            "Agent": "Wizard",
            "Constraints": [
                {
                    "Name": "api.is_equal_to(\"Shadyside Inn\")"
                },
                {
                    "StartDate": "\"11th\""
                },
                {
                    "EndDate": "\"19th\""
                },
                {
                    "CustomerName": "\"Alexis\""
                },
                {
                    "RequestType": "\"Check\""
                }
            ],
            "UnixTime": 1589589353
        },
        {
            "APIName": "hotel_book",
            "Action": "return_item",
            "Agent": "KnowledgeBase",
            "Item": {
                "APIName": "hotel_book",
                "HotelName": "Shadyside Inn",
                "Message": "Available"
            },
            "TotalItems": -1,
            "PredictedBeliefState": {
                "Name": "shadyside inn",
                "StartDate": "11th",
                "EndDate": "19th",
                "CustomerName": "alexis"
            },
            "ActionLabel": [
                "db_hotel_available"
            ]
        },
        {
            "Action": "request_suggestions",
            "Agent": "Wizard",
            "PrimaryItem": {
                "APIName": "hotel_book",
                "HotelName": "Shadyside Inn",
                "Message": "Available"
            },
            "Text": "avail",
            "UnixTime": 1589589358
        },
        {
            "Action": "pick_suggestion",
            "ActionLabel": "hotel_ask_confirm_booking",
            "ActionLabelOptions": [
                "hotel_ask_confirm_booking",
                "hotel_reservation_failed",
                "hotel_inform_nothing_found"
            ],
            "Agent": "Wizard",
            "PrimaryItem": {
                "APIName": "hotel_book",
                "HotelName": "Shadyside Inn",
                "Message": "Available"
            },
            "Text": "Alright, the Shadyside Inn ticks all of your boxes, can I book this room for you?",
            "UnixTime": 1589589362
        },
        {
            "Action": "utter",
            "Agent": "User",
            "Text": "Actually my friend stayed at a place called the Old Town inn, Sorry can I change that?",
            "UnixTime": 1589589413,
            "PredictedBeliefState": {
                "Name": "old town inn",
                "StartDate": "11th",
                "CustomerName": "alexis",
                "EndDate": "19th"
            },
            "ActionLabel": [
                "user_hotel_book_inform_hotel_name"
            ]
        },
        {
            "Action": "instruct",
            "Agent": "UserGuide",
            "Text": "You just received a text from your partner saying: 'Hey, my brother invited us to his wedding in London on the 19th and I already booked us a flight for the 11th!' Tell the assistant you would like to change your reservation to 14th-28th the following month. [instruction 4 of 5]",
            "UnixTime": 1589589413
        },
        {
            "APIName": "hotel_book",
            "Action": "query",
            "Agent": "Wizard",
            "Constraints": [
                {
                    "Name": "\"Old Town Inn\""
                },
                {
                    "StartDate": "\"11th\""
                },
                {
                    "EndDate": "\"19th\""
                },
                {
                    "CustomerName": "\"Alexis\""
                },
                {
                    "RequestType": "\"Check\""
                }
            ],
            "PrimaryItem": {
                "APIName": "hotel_book",
                "HotelName": "Shadyside Inn",
                "Message": "Available"
            },
            "UnixTime": 1589589423
        },
        {
            "APIName": "hotel_book",
            "Action": "return_item",
            "Agent": "KnowledgeBase",
            "Item": {
                "APIName": "hotel_book",
                "HotelName": "Old Town Inn",
                "Message": "Available"
            },
            "TotalItems": -1,
            "PredictedBeliefState": {
                "Name": "old town inn",
                "StartDate": "11th",
                "CustomerName": "alexis",
                "EndDate": "19th"
            },
            "ActionLabel": [
                "db_hotel_available"
            ]
        },
        {
            "Action": "request_suggestions",
            "Agent": "Wizard",
            "PrimaryItem": {
                "APIName": "hotel_book",
                "HotelName": "Old Town Inn",
                "Message": "Available"
            },
            "Text": "avail",
            "UnixTime": 1589589427
        },
        {
            "Action": "pick_suggestion",
            "ActionLabel": "hotel_ask_confirm_booking",
            "ActionLabelOptions": [
                "hotel_ask_confirm_booking",
                "hotel_reservation_failed",
                "hotel_inform_nothing_found"
            ],
            "Agent": "Wizard",
            "PrimaryItem": {
                "APIName": "hotel_book",
                "HotelName": "Old Town Inn",
                "Message": "Available"
            },
            "Text": "Alright, the Old Town Inn ticks all of your boxes, can I book this room for you?",
            "UnixTime": 1589589429
        },
        {
            "Action": "utter",
            "Agent": "User",
            "Text": "Actually hang on, I really think that it was the old town in a differnt state,  Can you check on the Hyatt ?",
            "UnixTime": 1589589496,
            "PredictedBeliefState": {
                "EndDate": "19th",
                "Name": "hyatt hotel",
                "StartDate": "11th",
                "CustomerName": "alexis"
            },
            "ActionLabel": [
                "user_hotel_book_inform_hotel_name",
                "user_hotel_book_inform_book"
            ]
        },
        {
            "Action": "instruct",
            "Agent": "UserGuide",
            "Text": "Tell the assistant you don't really want to go to London because your partner's brother is a bit of a show-off, but obviously you'll be going to the wedding. Finish the booking and bring the conversation to an end. [instruction 5 of 5]",
            "UnixTime": 1589589496
        },
        {
            "APIName": "hotel_book",
            "Action": "query",
            "Agent": "Wizard",
            "Constraints": [
                {
                    "Name": "\"Hyatt Hotel\""
                },
                {
                    "StartDate": "\"11th\""
                },
                {
                    "EndDate": "\"19th\""
                },
                {
                    "CustomerName": "\"Alexis\""
                },
                {
                    "RequestType": "\"Check\""
                }
            ],
            "PrimaryItem": {
                "APIName": "hotel_book",
                "HotelName": "Old Town Inn",
                "Message": "Available"
            },
            "UnixTime": 1589589503
        },
        {
            "APIName": "hotel_book",
            "Action": "return_item",
            "Agent": "KnowledgeBase",
            "Item": {
                "APIName": "hotel_book",
                "HotelName": "Hyatt Hotel",
                "Message": "Unavailable"
            },
            "TotalItems": -1,
            "PredictedBeliefState": {
                "EndDate": "19th",
                "Name": "hyatt hotel",
                "StartDate": "11th",
                "CustomerName": "alexis"
            },
            "ActionLabel": [
                "db_hotel_unavailable"
            ]
        },
        {
            "Action": "request_suggestions",
            "Agent": "Wizard",
            "PrimaryItem": {
                "APIName": "hotel_book",
                "HotelName": "Hyatt Hotel",
                "Message": "Unavailable"
            },
            "Text": "unavailable",
            "UnixTime": 1589589508
        },
        {
            "Action": "pick_suggestion",
            "ActionLabel": "hotel_unavailable",
            "ActionLabelOptions": [
                "hotel_unavailable",
                "hotel_ask_hotel",
                "goodbye_1"
            ],
            "Agent": "Wizard",
            "PrimaryItem": {
                "APIName": "hotel_book",
                "HotelName": "Hyatt Hotel",
                "Message": "Unavailable"
            },
            "Text": "I'm very sorry, but there is no room available at the Hyatt Hotel for your requested dates.",
            "UnixTime": 1589589510
        },
        {
            "Action": "utter",
            "Agent": "User",
            "Text": "I read this Blog called lost and found its a great travel blog  and I use it all the time",
            "UnixTime": 1589589552,
            "PredictedBeliefState": {
                "StartDate": "11th",
                "CustomerName": "alexis",
                "Name": "hyatt hotel",
                "EndDate": "19th"
            },
            "ActionLabel": [
                "user_hotel_book_thank_you"
            ]
        },
        {
            "Action": "request_suggestions",
            "Agent": "Wizard",
            "PrimaryItem": {
                "APIName": "hotel_book",
                "HotelName": "Hyatt Hotel",
                "Message": "Unavailable"
            },
            "Text": "great",
            "UnixTime": 1589589563
        },
        {
            "Action": "request_suggestions",
            "Agent": "Wizard",
            "PrimaryItem": {
                "APIName": "hotel_book",
                "HotelName": "Hyatt Hotel",
                "Message": "Unavailable"
            },
            "Text": "anything else",
            "UnixTime": 1589589571
        },
        {
            "Action": "pick_suggestion",
            "ActionLabel": "anything_else",
            "ActionLabelOptions": [
                "hotel_ask_customer_request",
                "anything_else",
                "hotel_ask_date_to"
            ],
            "Agent": "Wizard",
            "PrimaryItem": {
                "APIName": "hotel_book",
                "HotelName": "Hyatt Hotel",
                "Message": "Unavailable"
            },
            "Text": "Is there anything else that I can do for you?",
            "UnixTime": 1589589576
        },
        {
            "Action": "utter",
            "Agent": "User",
            "Text": "I just received a text from your partner saying: 'Hey, my brother invited us to his wedding in London on the 19th and I already booked us a flight for the 11th!\" I would like to change my reservation to the 14th-the 28th. For next month",
            "UnixTime": 1589589649,
            "PredictedBeliefState": {
                "CustomerName": "alexis",
                "Name": "hyatt hotel",
                "StartDate": "14th",
                "EndDate": "28th"
            },
            "ActionLabel": [
                "user_hotel_book_inform_start_date",
                "user_hotel_book_inform_end_date"
            ]
        },
        {
            "APIName": "hotel_book",
            "Action": "query",
            "Agent": "Wizard",
            "Constraints": [
                {
                    "Name": "\"Hyatt Hotel\""
                },
                {
                    "StartDate": "\"14th\""
                },
                {
                    "EndDate": "\"28th\""
                },
                {
                    "CustomerName": "\"Alexis\""
                },
                {
                    "RequestType": "\"Check\""
                }
            ],
            "PrimaryItem": {
                "APIName": "hotel_book",
                "HotelName": "Hyatt Hotel",
                "Message": "Unavailable"
            },
            "UnixTime": 1589589669
        },
        {
            "APIName": "hotel_book",
            "Action": "return_item",
            "Agent": "KnowledgeBase",
            "Item": {
                "APIName": "hotel_book",
                "HotelName": "Hyatt Hotel",
                "Message": "Available"
            },
            "TotalItems": -1,
            "PredictedBeliefState": {
                "CustomerName": "alexis",
                "Name": "hyatt hotel",
                "StartDate": "14th",
                "EndDate": "28th"
            },
            "ActionLabel": [
                "db_hotel_available"
            ]
        },
        {
            "Action": "request_suggestions",
            "Agent": "Wizard",
            "PrimaryItem": {
                "APIName": "hotel_book",
                "HotelName": "Hyatt Hotel",
                "Message": "Available"
            },
            "Text": "availab",
            "UnixTime": 1589589674
        },
        {
            "Action": "pick_suggestion",
            "ActionLabel": "hotel_ask_confirm_booking",
            "ActionLabelOptions": [
                "hotel_ask_confirm_booking",
                "hotel_reservation_failed",
                "hotel_inform_nothing_found"
            ],
            "Agent": "Wizard",
            "PrimaryItem": {
                "APIName": "hotel_book",
                "HotelName": "Hyatt Hotel",
                "Message": "Available"
            },
            "Text": "Alright, the Hyatt Hotel ticks all of your boxes, can I book this room for you?",
            "UnixTime": 1589589676
        },
        {
            "Action": "utter",
            "Agent": "User",
            "Text": "I don't really want to go to London because my partner's brother is a bit of a show-off, but obviously I'll be going to the wedding. So yes please book that for me",
            "UnixTime": 1589589742,
            "PredictedBeliefState": {
                "EndDate": "28th",
                "CustomerName": "alexis",
                "StartDate": "14th",
                "Name": "hyatt hotel"
            },
            "ActionLabel": [
                "user_hotel_book_inform_book"
            ]
        },
        {
            "APIName": "hotel_book",
            "Action": "query",
            "Agent": "Wizard",
            "Constraints": [
                {
                    "Name": "\"Hyatt Hotel\""
                },
                {
                    "StartDate": "\"14th\""
                },
                {
                    "EndDate": "\"28th\""
                },
                {
                    "CustomerName": "\"Alexis\""
                },
                {
                    "RequestType": "\"Book\""
                }
            ],
            "PrimaryItem": {
                "APIName": "hotel_book",
                "HotelName": "Hyatt Hotel",
                "Message": "Available"
            },
            "UnixTime": 1589589750
        },
        {
            "APIName": "hotel_book",
            "Action": "return_item",
            "Agent": "KnowledgeBase",
            "Item": {
                "APIName": "hotel_book",
                "HotelName": "Hyatt Hotel",
                "Message": "Reservation Failed"
            },
            "TotalItems": -1,
            "PredictedBeliefState": {
                "EndDate": "28th",
                "CustomerName": "alexis",
                "StartDate": "14th",
                "Name": "hyatt hotel"
            },
            "ActionLabel": [
                "db_hotel_reservation_failed"
            ]
        },
        {
            "Action": "request_suggestions",
            "Agent": "Wizard",
            "PrimaryItem": {
                "APIName": "hotel_book",
                "HotelName": "Hyatt Hotel",
                "Message": "Reservation Failed"
            },
            "Text": "fail",
            "UnixTime": 1589589758
        },
        {
            "Action": "pick_suggestion",
            "ActionLabel": "hotel_reservation_failed",
            "ActionLabelOptions": [
                "goodbye_1",
                "hotel_reservation_failed",
                "hotel_ask_customer_request"
            ],
            "Agent": "Wizard",
            "PrimaryItem": {
                "APIName": "hotel_book",
                "HotelName": "Hyatt Hotel",
                "Message": "Reservation Failed"
            },
            "Text": "I'm sorry, but your booking request failed.",
            "UnixTime": 1589589760
        },
        {
            "Action": "utter",
            "Agent": "User",
            "Text": "Oh okay well thank you anyway",
            "UnixTime": 1589589776,
            "PredictedBeliefState": {
                "StartDate": "14th",
                "CustomerName": "alexis",
                "Name": "hyatt hotel",
                "EndDate": "28th"
            },
            "ActionLabel": [
                "user_hotel_book_thank_you"
            ]
        },
        {
            "Action": "request_suggestions",
            "Agent": "Wizard",
            "PrimaryItem": {
                "APIName": "hotel_book",
                "HotelName": "Hyatt Hotel",
                "Message": "Reservation Failed"
            },
            "Text": "Thanks",
            "UnixTime": 1589589782
        },
        {
            "Action": "pick_suggestion",
            "ActionLabel": "goodbye_1",
            "ActionLabelOptions": [
                "goodbye_1",
                "hotel_unavailable",
                "hotel_ask_customer_request"
            ],
            "Agent": "Wizard",
            "PrimaryItem": {
                "APIName": "hotel_book",
                "HotelName": "Hyatt Hotel",
                "Message": "Reservation Failed"
            },
            "Text": "Thank you and goodbye.",
            "UnixTime": 1589589783
        },
        {
            "Action": "complete",
            "Agent": "User",
            "UnixTime": 1589589787
        }
    ],
    "FORMAT-VERSION": 7,
    "IntroducesConflicts": false,
    "Scenario": {
        "Domains": [
            "hotel"
        ],
        "Happy": false,
        "MultiTask": false,
        "UserTask": "Make a reservation at Shadyside Inn from May 11th to 19th. Your name is Alexis. Please request extra towels. It is ok if the room is not available - just say goodbye in this case.",
        "WizardCapabilities": [
            {
                "Domain": "hotel",
                "SchemaImage": "hotel_book.jpg",
                "Task": "hotel_book"
            }
        ],
        "WizardTask": "Help the user reserve a hotel room. (You can find the video tutorial under https://youtu.be/USrWF1ZyNWw, in case you want to watch it again.)"
    },
    "UserQuestionnaire": [
        {
            "Answer": true,
            "Question": "Did the assistant reserve your hotel?"
        },
        {
            "Answer": true,
            "Question": "Did the assistant stay calm and helpful throughout the dialogue?"
        }
    ],
    "WizardQuestionnaire": [
        {
            "Answer": true,
            "Question": "Did the user change his/her mind about what he/she wants at any time?"
        },
        {
            "Answer": false,
            "Question": "Did the user become aggressive or annoyed during the dialogue? (Note: some users may be instructed to be annoying.)"
        },
        {
            "Answer": false,
            "Question": "Where you unsure about what to do at any time? (Feel free to send us an email with details.)"
        }
    ]
}