{
    "AnonymizedUserWorkerID": "91b16ed4-3c20-2cd4-e99c-ff1316c27cf2",
    "AnonymizedWizardWorkerID": "66c768ec-c1a7-affc-8806-fa55a561e851",
    "BatchID": "woz_1589554725",
    "CompletionLevel": "EarlyDisconnectDuringDialogue",
    "DialogueID": 3625,
    "Events": [
        {
            "Action": "utter",
            "Agent": "User",
            "Text": "Hello.",
            "UnixTime": 1589585488,
            "PredictedBeliefState": {},
            "ActionLabel": [
                "user_bad_label"
            ]
        }
    ],
    "FORMAT-VERSION": 7,
    "IntroducesConflicts": false,
    "Scenario": {
        "Domains": [
            "ride"
        ],
        "Happy": false,
        "MultiTask": false,
        "UserTask": "You are Alexis and your ride ID is 968. Change your ride to leave from Craig and Center and go to Broadway and Main, if possible.",
        "WizardCapabilities": [
            {
                "Domain": "ride",
                "SchemaImage": "ride_change.jpg",
                "Task": "ride_change"
            }
        ],
        "WizardTask": "The user had booked a ride. Help him/her make changes to his/her booking. "
    },
    "UserQuestionnaire": [],
    "WizardQuestionnaire": []
}