{
    "AnonymizedUserWorkerID": "e9fa7e8e-d139-9e5e-e5c1-e91880f700fb",
    "AnonymizedWizardWorkerID": "714682ad-f218-f762-7605-00e7c4baee47",
    "BatchID": "woz_1589554725",
    "CompletionLevel": "Complete",
    "DialogueID": 3684,
    "Events": [
        {
            "Action": "utter",
            "Agent": "User",
            "Text": "Hi, Can you help me check my balance?",
            "UnixTime": 1589594524,
            "PredictedBeliefState": {},
            "ActionLabel": [
                "user_bank_ask_balance"
            ]
        },
        {
            "Action": "request_suggestions",
            "Agent": "Wizard",
            "Text": "name?",
            "UnixTime": 1589594527
        },
        {
            "Action": "pick_suggestion",
            "ActionLabel": "ask_name",
            "ActionLabelOptions": [
                "ask_name",
                "out_of_scope",
                "bank_ask_childhood_pets_name"
            ],
            "Agent": "Wizard",
            "Text": "Could I get your full name, please?",
            "UnixTime": 1589594529
        },
        {
            "Action": "utter",
            "Agent": "User",
            "Text": "Jane Doe",
            "UnixTime": 1589594536,
            "PredictedBeliefState": {
                "FullName": "jane doe"
            },
            "ActionLabel": [
                "user_bank_inform_name"
            ]
        },
        {
            "Action": "request_suggestions",
            "Agent": "Wizard",
            "Text": "account num",
            "UnixTime": 1589594549
        },
        {
            "Action": "pick_suggestion",
            "ActionLabel": "bank_ask_account_number",
            "ActionLabelOptions": [
                "bank_ask_account_number",
                "anything_else",
                "hello"
            ],
            "Agent": "Wizard",
            "Text": "Can you tell me your account number, please?",
            "UnixTime": 1589594550
        },
        {
            "Action": "utter",
            "Agent": "User",
            "Text": "I don't remember it or my PIN number, unfortunately.",
            "UnixTime": 1589594570,
            "PredictedBeliefState": {
                "FullName": "jane doe",
                "AccountNumber": "forgot",
                "PIN": "forgot"
            },
            "ActionLabel": [
                "user_bank_forgot_account_number",
                "user_bank_forgot_pin"
            ]
        },
        {
            "Action": "request_suggestions",
            "Agent": "Wizard",
            "Text": "birth date",
            "UnixTime": 1589594574
        },
        {
            "Action": "pick_suggestion",
            "ActionLabel": "bank_ask_dob",
            "ActionLabelOptions": [
                "bank_ask_dob",
                "bank_inform_cannot_authenticate",
                "bank_ask_account_number"
            ],
            "Agent": "Wizard",
            "Text": "Could you provide your date of birth, please?",
            "UnixTime": 1589594575
        },
        {
            "Action": "utter",
            "Agent": "User",
            "Text": "25/03/1998",
            "UnixTime": 1589594587,
            "PredictedBeliefState": {
                "FullName": "jane doe",
                "AccountNumber": "forgot",
                "DateOfBirth": "25/03/1998",
                "PIN": "forgot"
            },
            "ActionLabel": [
                "user_bank_inform_dob"
            ]
        },
        {
            "Action": "request_suggestions",
            "Agent": "Wizard",
            "Text": "mothers maiden",
            "UnixTime": 1589594592
        },
        {
            "Action": "pick_suggestion",
            "ActionLabel": "bank_ask_mothers_maiden_name",
            "ActionLabelOptions": [
                "bank_ask_mothers_maiden_name",
                "bank_inform_nothing_found",
                "out_of_scope"
            ],
            "Agent": "Wizard",
            "Text": "What was your mother's maiden name?",
            "UnixTime": 1589594594
        },
        {
            "Action": "utter",
            "Agent": "User",
            "Text": "Miller",
            "UnixTime": 1589594608,
            "PredictedBeliefState": {
                "SecurityAnswer1": "miller",
                "FullName": "jane doe",
                "DateOfBirth": "25/03/1998",
                "PIN": "forgot",
                "AccountNumber": "forgot"
            },
            "ActionLabel": [
                "user_bank_inform_mothers_maiden_name"
            ]
        },
        {
            "Action": "request_suggestions",
            "Agent": "Wizard",
            "Text": "childhood pet",
            "UnixTime": 1589594612
        },
        {
            "Action": "pick_suggestion",
            "ActionLabel": "bank_ask_childhood_pets_name",
            "ActionLabelOptions": [
                "bank_ask_childhood_pets_name",
                "bank_ask_pin",
                "bank_ask_dob"
            ],
            "Agent": "Wizard",
            "Text": "And what was the name of the pet you had as a child?",
            "UnixTime": 1589594614
        },
        {
            "Action": "utter",
            "Agent": "User",
            "Text": "Buddy",
            "UnixTime": 1589594619,
            "PredictedBeliefState": {
                "PIN": "forgot",
                "AccountNumber": "forgot",
                "FullName": "jane doe",
                "DateOfBirth": "25/03/1998",
                "SecurityAnswer2": "buddy",
                "SecurityAnswer1": "miller"
            },
            "ActionLabel": [
                "user_bank_inform_childhood_pets_name"
            ]
        },
        {
            "APIName": "bank_balance",
            "Action": "query",
            "Agent": "Wizard",
            "Constraints": [
                {
                    "FullName": "\"Jane Doe\""
                },
                {
                    "DateOfBirth": "\"25/03/1998\""
                },
                {
                    "SecurityAnswer1": "\"Miller\""
                },
                {
                    "SecurityAnswer2": "\"Buddy\""
                }
            ],
            "UnixTime": 1589594625
        },
        {
            "APIName": "bank_balance",
            "Action": "return_item",
            "Agent": "KnowledgeBase",
            "Item": {
                "APIName": "bank_balance",
                "BankBalance": 7359,
                "BankName": "PNC",
                "id": 362
            },
            "TotalItems": -1,
            "PredictedBeliefState": {
                "PIN": "forgot",
                "AccountNumber": "forgot",
                "FullName": "jane doe",
                "DateOfBirth": "25/03/1998",
                "SecurityAnswer2": "buddy",
                "SecurityAnswer1": "miller"
            },
            "ActionLabel": [
                "db_bank_inform_balance"
            ]
        },
        {
            "Action": "request_suggestions",
            "Agent": "Wizard",
            "PrimaryItem": {
                "APIName": "bank_balance",
                "BankBalance": 7359,
                "BankName": "PNC",
                "id": 362
            },
            "Text": "7359",
            "UnixTime": 1589594629
        },
        {
            "Action": "pick_suggestion",
            "ActionLabel": "bank_inform_balance",
            "ActionLabelOptions": [
                "bank_inform_balance",
                "hello",
                "out_of_scope"
            ],
            "Agent": "Wizard",
            "PrimaryItem": {
                "APIName": "bank_balance",
                "BankBalance": 7359,
                "BankName": "PNC",
                "id": 362
            },
            "Text": "Your current balance is 7359 in credit.",
            "UnixTime": 1589594630
        },
        {
            "Action": "complete",
            "Agent": "User",
            "UnixTime": 1589594637
        }
    ],
    "FORMAT-VERSION": 7,
    "IntroducesConflicts": false,
    "Scenario": {
        "Domains": [
            "bank"
        ],
        "Happy": true,
        "MultiTask": false,
        "UserTask": "You are Jane Doe and would like to check your bank balance. Unfortunately, you don't remember your account number or your PIN. Your date of birth is 25/03/1998. For your security questions, your mother's maiden name is Miller and your childhood pet is Buddy.",
        "WizardCapabilities": [
            {
                "Domain": "bank",
                "SchemaImage": "bank_balance.jpg",
                "Task": "bank_balance"
            }
        ],
        "WizardTask": "Authenticate the user and tell them their bank balance"
    },
    "UserQuestionnaire": [
        {
            "Answer": true,
            "Question": "Did the AI Assistant authenticate your account and give you your bank balance?"
        },
        {
            "Answer": true,
            "Question": "Did the AI Assistant stay calm and helpful throughout the dialogue?"
        }
    ],
    "WizardQuestionnaire": [
        {
            "Answer": false,
            "Question": "Did the user change his/her mind about what he/she wants at any time?"
        },
        {
            "Answer": false,
            "Question": "Did the user become aggressive or annoyed during the dialogue?"
        }
    ]
}