{
    "AnonymizedUserWorkerID": "5279cf01-d151-44ce-b806-dd2536b8c8bd",
    "AnonymizedWizardWorkerID": "f76f8d4d-5223-f6a7-71bb-8abf87118490",
    "BatchID": "woz_1589554725",
    "CompletionLevel": "Complete",
    "DialogueID": 3721,
    "Events": [
        {
            "Action": "utter",
            "Agent": "User",
            "Text": "Hello, I need some directions",
            "UnixTime": 1589612149,
            "PredictedBeliefState": {},
            "ActionLabel": [
                "user_trip_directions_ask_directions"
            ]
        },
        {
            "Action": "request_suggestions",
            "Agent": "Wizard",
            "Text": "Where are you departing from?",
            "UnixTime": 1589612166
        },
        {
            "Action": "pick_suggestion",
            "ActionLabel": "ask_departure_location",
            "ActionLabelOptions": [
                "ask_departure_location",
                "trip_ask_arrival_location",
                "trip_ask_departure_time"
            ],
            "Agent": "Wizard",
            "Text": "Where are you departing from?",
            "UnixTime": 1589612168
        },
        {
            "Action": "utter",
            "Agent": "User",
            "Text": "Departing from Hospital and I want to go to 5th and Main.  2 PM by walking. ",
            "UnixTime": 1589612197,
            "PredictedBeliefState": {
                "DepartureTime": "2 pm",
                "TravelMode": "walking",
                "ArrivalLocation": "5th and main",
                "DepartureLocation": "hospital"
            },
            "ActionLabel": [
                "user_trip_directions_inform_time",
                "user_trip_directions_inform_mode",
                "user_trip_directions_inform_arrival",
                "user_trip_directions_inform_departure"
            ]
        },
        {
            "APIName": "trip_directions",
            "Action": "query",
            "Agent": "Wizard",
            "Constraints": [
                {
                    "DepartureLocation": "\"Hospital \""
                },
                {
                    "ArrivalLocation": "\"5th and Main\""
                },
                {
                    "TravelMode": "\"Walking\""
                },
                {
                    "DepartureTime": "\"2 pm\""
                }
            ],
            "UnixTime": 1589612233
        },
        {
            "APIName": "trip_directions",
            "Action": "return_item",
            "Agent": "KnowledgeBase",
            "Item": {
                "APIName": "trip_directions",
                "DetailedWalkingInstructions": [
                    "Walk 2 blocks east on Forbes Avenue towards Murray. You will pass a fire station on your left.",
                    "Turn right and walk for 3 blocks until you arrive at the tall brown church. Cross the street after arriving at the church.",
                    "Turn left and walk for 5 minutes. You will pass a school on your right. Keep going until you see the park on your left.",
                    "Your destination will be on the right besides the Starbucks."
                ],
                "TravelMode": "Walking",
                "TripLengthMinutes": 69,
                "WalkingInstructions": [
                    "Walk 2 blocks east on Forbes Avenue, towards Murray",
                    "Turn right and walk for 3 blocks until you arrive at the church",
                    "Turn left and walk for 5 minutes until you see the park on your left.",
                    "Your destination will be on the right"
                ],
                "id": 117
            },
            "TotalItems": -1,
            "PredictedBeliefState": {
                "DepartureTime": "2 pm",
                "TravelMode": "walking",
                "ArrivalLocation": "5th and main",
                "DepartureLocation": "hospital"
            },
            "ActionLabel": [
                "db_inform_trip_directions"
            ]
        },
        {
            "Action": "request_suggestions",
            "Agent": "Wizard",
            "PrimaryItem": {
                "APIName": "trip_directions",
                "DetailedWalkingInstructions": [
                    "Walk 2 blocks east on Forbes Avenue towards Murray. You will pass a fire station on your left.",
                    "Turn right and walk for 3 blocks until you arrive at the tall brown church. Cross the street after arriving at the church.",
                    "Turn left and walk for 5 minutes. You will pass a school on your right. Keep going until you see the park on your left.",
                    "Your destination will be on the right besides the Starbucks."
                ],
                "TravelMode": "Walking",
                "TripLengthMinutes": 69,
                "WalkingInstructions": [
                    "Walk 2 blocks east on Forbes Avenue, towards Murray",
                    "Turn right and walk for 3 blocks until you arrive at the church",
                    "Turn left and walk for 5 minutes until you see the park on your left.",
                    "Your destination will be on the right"
                ],
                "id": 117
            },
            "Text": "Walk 2 blocks east on Forbes Avenue, towards Murray",
            "UnixTime": 1589612246
        },
        {
            "Action": "pick_suggestion",
            "ActionLabel": "trip_inform_simple_step_ask_proceed",
            "ActionLabelOptions": [
                "trip_inform_simple_step_ask_proceed",
                "out_of_scope",
                "trip_ask_arrival_location"
            ],
            "Agent": "Wizard",
            "PrimaryItem": {
                "APIName": "trip_directions",
                "DetailedWalkingInstructions": [
                    "Walk 2 blocks east on Forbes Avenue towards Murray. You will pass a fire station on your left.",
                    "Turn right and walk for 3 blocks until you arrive at the tall brown church. Cross the street after arriving at the church.",
                    "Turn left and walk for 5 minutes. You will pass a school on your right. Keep going until you see the park on your left.",
                    "Your destination will be on the right besides the Starbucks."
                ],
                "TravelMode": "Walking",
                "TripLengthMinutes": 69,
                "WalkingInstructions": [
                    "Walk 2 blocks east on Forbes Avenue, towards Murray",
                    "Turn right and walk for 3 blocks until you arrive at the church",
                    "Turn left and walk for 5 minutes until you see the park on your left.",
                    "Your destination will be on the right"
                ],
                "id": 117
            },
            "Text": "Walk 2 blocks east on Forbes Avenue, towards Murray. Can I proceed or do you require more detailed instructions?",
            "UnixTime": 1589612249
        },
        {
            "Action": "utter",
            "Agent": "User",
            "Text": "Proceed",
            "UnixTime": 1589612258,
            "PredictedBeliefState": {
                "ArrivalLocation": "5th and main",
                "DepartureLocation": "hospital",
                "TravelMode": "walking",
                "DepartureTime": "2 pm"
            },
            "ActionLabel": [
                "user_trip_directions_continue"
            ]
        },
        {
            "Action": "request_suggestions",
            "Agent": "Wizard",
            "PrimaryItem": {
                "APIName": "trip_directions",
                "DetailedWalkingInstructions": [
                    "Walk 2 blocks east on Forbes Avenue towards Murray. You will pass a fire station on your left.",
                    "Turn right and walk for 3 blocks until you arrive at the tall brown church. Cross the street after arriving at the church.",
                    "Turn left and walk for 5 minutes. You will pass a school on your right. Keep going until you see the park on your left.",
                    "Your destination will be on the right besides the Starbucks."
                ],
                "TravelMode": "Walking",
                "TripLengthMinutes": 69,
                "WalkingInstructions": [
                    "Walk 2 blocks east on Forbes Avenue, towards Murray",
                    "Turn right and walk for 3 blocks until you arrive at the church",
                    "Turn left and walk for 5 minutes until you see the park on your left.",
                    "Your destination will be on the right"
                ],
                "id": 117
            },
            "Text": "Turn right and walk for 3 blocks until you arrive at the church",
            "UnixTime": 1589612279
        },
        {
            "Action": "pick_suggestion",
            "ActionLabel": "trip_inform_simple_step_ask_proceed",
            "ActionLabelOptions": [
                "trip_inform_simple_step_ask_proceed",
                "trip_inform_detailed_step",
                "out_of_scope"
            ],
            "Agent": "Wizard",
            "PrimaryItem": {
                "APIName": "trip_directions",
                "DetailedWalkingInstructions": [
                    "Walk 2 blocks east on Forbes Avenue towards Murray. You will pass a fire station on your left.",
                    "Turn right and walk for 3 blocks until you arrive at the tall brown church. Cross the street after arriving at the church.",
                    "Turn left and walk for 5 minutes. You will pass a school on your right. Keep going until you see the park on your left.",
                    "Your destination will be on the right besides the Starbucks."
                ],
                "TravelMode": "Walking",
                "TripLengthMinutes": 69,
                "WalkingInstructions": [
                    "Walk 2 blocks east on Forbes Avenue, towards Murray",
                    "Turn right and walk for 3 blocks until you arrive at the church",
                    "Turn left and walk for 5 minutes until you see the park on your left.",
                    "Your destination will be on the right"
                ],
                "id": 117
            },
            "Text": "Turn right and walk for 3 blocks until you arrive at the church. Can I proceed or do you require more detailed instructions?",
            "UnixTime": 1589612287
        },
        {
            "Action": "utter",
            "Agent": "User",
            "Text": "I don't understand.  Can you give more detalis",
            "UnixTime": 1589612303,
            "PredictedBeliefState": {
                "DepartureTime": "2 pm",
                "TravelMode": "walking",
                "ArrivalLocation": "5th and main",
                "DepartureLocation": "hospital"
            },
            "ActionLabel": [
                "user_trip_directions_continue"
            ]
        },
        {
            "Action": "request_suggestions",
            "Agent": "Wizard",
            "PrimaryItem": {
                "APIName": "trip_directions",
                "DetailedWalkingInstructions": [
                    "Walk 2 blocks east on Forbes Avenue towards Murray. You will pass a fire station on your left.",
                    "Turn right and walk for 3 blocks until you arrive at the tall brown church. Cross the street after arriving at the church.",
                    "Turn left and walk for 5 minutes. You will pass a school on your right. Keep going until you see the park on your left.",
                    "Your destination will be on the right besides the Starbucks."
                ],
                "TravelMode": "Walking",
                "TripLengthMinutes": 69,
                "WalkingInstructions": [
                    "Walk 2 blocks east on Forbes Avenue, towards Murray",
                    "Turn right and walk for 3 blocks until you arrive at the church",
                    "Turn left and walk for 5 minutes until you see the park on your left.",
                    "Your destination will be on the right"
                ],
                "id": 117
            },
            "Text": "Turn right and walk for 3 blocks until you arrive at the tall brown church. Cross the street after arriving at the church.",
            "UnixTime": 1589612319
        },
        {
            "Action": "pick_suggestion",
            "ActionLabel": "trip_inform_simple_step_ask_proceed",
            "ActionLabelOptions": [
                "trip_inform_detailed_step",
                "trip_inform_simple_step_ask_proceed",
                "trip_instructions_done"
            ],
            "Agent": "Wizard",
            "PrimaryItem": {
                "APIName": "trip_directions",
                "DetailedWalkingInstructions": [
                    "Walk 2 blocks east on Forbes Avenue towards Murray. You will pass a fire station on your left.",
                    "Turn right and walk for 3 blocks until you arrive at the tall brown church. Cross the street after arriving at the church.",
                    "Turn left and walk for 5 minutes. You will pass a school on your right. Keep going until you see the park on your left.",
                    "Your destination will be on the right besides the Starbucks."
                ],
                "TravelMode": "Walking",
                "TripLengthMinutes": 69,
                "WalkingInstructions": [
                    "Walk 2 blocks east on Forbes Avenue, towards Murray",
                    "Turn right and walk for 3 blocks until you arrive at the church",
                    "Turn left and walk for 5 minutes until you see the park on your left.",
                    "Your destination will be on the right"
                ],
                "id": 117
            },
            "Text": "Turn right and walk for 3 blocks until you arrive at the tall brown church. Cross the street after arriving at the church. Can I proceed or do you require more detailed instructions?",
            "UnixTime": 1589612331
        },
        {
            "Action": "utter",
            "Agent": "User",
            "Text": "Got it.  Please proceed.",
            "UnixTime": 1589612349,
            "PredictedBeliefState": {
                "DepartureTime": "2 pm",
                "DepartureLocation": "hospital",
                "TravelMode": "walking",
                "ArrivalLocation": "5th and main"
            },
            "ActionLabel": [
                "user_trip_directions_continue"
            ]
        },
        {
            "Action": "request_suggestions",
            "Agent": "Wizard",
            "PrimaryItem": {
                "APIName": "trip_directions",
                "DetailedWalkingInstructions": [
                    "Walk 2 blocks east on Forbes Avenue towards Murray. You will pass a fire station on your left.",
                    "Turn right and walk for 3 blocks until you arrive at the tall brown church. Cross the street after arriving at the church.",
                    "Turn left and walk for 5 minutes. You will pass a school on your right. Keep going until you see the park on your left.",
                    "Your destination will be on the right besides the Starbucks."
                ],
                "TravelMode": "Walking",
                "TripLengthMinutes": 69,
                "WalkingInstructions": [
                    "Walk 2 blocks east on Forbes Avenue, towards Murray",
                    "Turn right and walk for 3 blocks until you arrive at the church",
                    "Turn left and walk for 5 minutes until you see the park on your left.",
                    "Your destination will be on the right"
                ],
                "id": 117
            },
            "Text": "Turn left and walk for 5 minutes until you see the park on your left.",
            "UnixTime": 1589612364
        },
        {
            "Action": "pick_suggestion",
            "ActionLabel": "trip_inform_simple_step_ask_proceed",
            "ActionLabelOptions": [
                "trip_inform_simple_step_ask_proceed",
                "trip_inform_detailed_step",
                "out_of_scope"
            ],
            "Agent": "Wizard",
            "PrimaryItem": {
                "APIName": "trip_directions",
                "DetailedWalkingInstructions": [
                    "Walk 2 blocks east on Forbes Avenue towards Murray. You will pass a fire station on your left.",
                    "Turn right and walk for 3 blocks until you arrive at the tall brown church. Cross the street after arriving at the church.",
                    "Turn left and walk for 5 minutes. You will pass a school on your right. Keep going until you see the park on your left.",
                    "Your destination will be on the right besides the Starbucks."
                ],
                "TravelMode": "Walking",
                "TripLengthMinutes": 69,
                "WalkingInstructions": [
                    "Walk 2 blocks east on Forbes Avenue, towards Murray",
                    "Turn right and walk for 3 blocks until you arrive at the church",
                    "Turn left and walk for 5 minutes until you see the park on your left.",
                    "Your destination will be on the right"
                ],
                "id": 117
            },
            "Text": "Turn left and walk for 5 minutes until you see the park on your left. Can I proceed or do you require more detailed instructions?",
            "UnixTime": 1589612370
        },
        {
            "Action": "utter",
            "Agent": "User",
            "Text": "Proceed",
            "UnixTime": 1589612378,
            "PredictedBeliefState": {
                "TravelMode": "walking",
                "DepartureTime": "2 pm",
                "DepartureLocation": "hospital",
                "ArrivalLocation": "5th and main"
            },
            "ActionLabel": [
                "user_trip_directions_continue"
            ]
        },
        {
            "Action": "request_suggestions",
            "Agent": "Wizard",
            "PrimaryItem": {
                "APIName": "trip_directions",
                "DetailedWalkingInstructions": [
                    "Walk 2 blocks east on Forbes Avenue towards Murray. You will pass a fire station on your left.",
                    "Turn right and walk for 3 blocks until you arrive at the tall brown church. Cross the street after arriving at the church.",
                    "Turn left and walk for 5 minutes. You will pass a school on your right. Keep going until you see the park on your left.",
                    "Your destination will be on the right besides the Starbucks."
                ],
                "TravelMode": "Walking",
                "TripLengthMinutes": 69,
                "WalkingInstructions": [
                    "Walk 2 blocks east on Forbes Avenue, towards Murray",
                    "Turn right and walk for 3 blocks until you arrive at the church",
                    "Turn left and walk for 5 minutes until you see the park on your left.",
                    "Your destination will be on the right"
                ],
                "id": 117
            },
            "Text": "Your destination will be on the right",
            "UnixTime": 1589612393
        },
        {
            "Action": "pick_suggestion",
            "ActionLabel": "trip_inform_last_step_and_done",
            "ActionLabelOptions": [
                "trip_inform_last_step_and_done",
                "trip_ask_travel_mode",
                "trip_ask_arrival_location"
            ],
            "Agent": "Wizard",
            "PrimaryItem": {
                "APIName": "trip_directions",
                "DetailedWalkingInstructions": [
                    "Walk 2 blocks east on Forbes Avenue towards Murray. You will pass a fire station on your left.",
                    "Turn right and walk for 3 blocks until you arrive at the tall brown church. Cross the street after arriving at the church.",
                    "Turn left and walk for 5 minutes. You will pass a school on your right. Keep going until you see the park on your left.",
                    "Your destination will be on the right besides the Starbucks."
                ],
                "TravelMode": "Walking",
                "TripLengthMinutes": 69,
                "WalkingInstructions": [
                    "Walk 2 blocks east on Forbes Avenue, towards Murray",
                    "Turn right and walk for 3 blocks until you arrive at the church",
                    "Turn left and walk for 5 minutes until you see the park on your left.",
                    "Your destination will be on the right"
                ],
                "id": 117
            },
            "Text": "Your destination will be on the right. Do you know how to reach your destination or would you require more detailed instructions?",
            "UnixTime": 1589612396
        },
        {
            "Action": "utter",
            "Agent": "User",
            "Text": "More details please",
            "UnixTime": 1589612407,
            "PredictedBeliefState": {
                "DepartureTime": "2 pm",
                "DepartureLocation": "hospital",
                "ArrivalLocation": "5th and main",
                "TravelMode": "walking"
            },
            "ActionLabel": [
                "user_trip_directions_continue"
            ]
        },
        {
            "Action": "request_suggestions",
            "Agent": "Wizard",
            "PrimaryItem": {
                "APIName": "trip_directions",
                "DetailedWalkingInstructions": [
                    "Walk 2 blocks east on Forbes Avenue towards Murray. You will pass a fire station on your left.",
                    "Turn right and walk for 3 blocks until you arrive at the tall brown church. Cross the street after arriving at the church.",
                    "Turn left and walk for 5 minutes. You will pass a school on your right. Keep going until you see the park on your left.",
                    "Your destination will be on the right besides the Starbucks."
                ],
                "TravelMode": "Walking",
                "TripLengthMinutes": 69,
                "WalkingInstructions": [
                    "Walk 2 blocks east on Forbes Avenue, towards Murray",
                    "Turn right and walk for 3 blocks until you arrive at the church",
                    "Turn left and walk for 5 minutes until you see the park on your left.",
                    "Your destination will be on the right"
                ],
                "id": 117
            },
            "Text": "Your destination will be on the right besides the Starbucks.",
            "UnixTime": 1589612420
        },
        {
            "Action": "pick_suggestion",
            "ActionLabel": "trip_inform_last_step_and_done",
            "ActionLabelOptions": [
                "trip_inform_last_step_and_done",
                "trip_ask_travel_mode",
                "anything_else"
            ],
            "Agent": "Wizard",
            "PrimaryItem": {
                "APIName": "trip_directions",
                "DetailedWalkingInstructions": [
                    "Walk 2 blocks east on Forbes Avenue towards Murray. You will pass a fire station on your left.",
                    "Turn right and walk for 3 blocks until you arrive at the tall brown church. Cross the street after arriving at the church.",
                    "Turn left and walk for 5 minutes. You will pass a school on your right. Keep going until you see the park on your left.",
                    "Your destination will be on the right besides the Starbucks."
                ],
                "TravelMode": "Walking",
                "TripLengthMinutes": 69,
                "WalkingInstructions": [
                    "Walk 2 blocks east on Forbes Avenue, towards Murray",
                    "Turn right and walk for 3 blocks until you arrive at the church",
                    "Turn left and walk for 5 minutes until you see the park on your left.",
                    "Your destination will be on the right"
                ],
                "id": 117
            },
            "Text": "Your destination will be on the right besides the Starbucks. Do you know how to reach your destination or would you require more detailed instructions?",
            "UnixTime": 1589612424
        },
        {
            "Action": "utter",
            "Agent": "User",
            "Text": "Understood, thanks!!",
            "UnixTime": 1589612435,
            "PredictedBeliefState": {
                "ArrivalLocation": "5th and main",
                "DepartureTime": "2 pm",
                "DepartureLocation": "hospital",
                "TravelMode": "walking"
            },
            "ActionLabel": [
                "user_trip_directions_thanks"
            ]
        },
        {
            "Action": "request_suggestions",
            "Agent": "Wizard",
            "PrimaryItem": {
                "APIName": "trip_directions",
                "DetailedWalkingInstructions": [
                    "Walk 2 blocks east on Forbes Avenue towards Murray. You will pass a fire station on your left.",
                    "Turn right and walk for 3 blocks until you arrive at the tall brown church. Cross the street after arriving at the church.",
                    "Turn left and walk for 5 minutes. You will pass a school on your right. Keep going until you see the park on your left.",
                    "Your destination will be on the right besides the Starbucks."
                ],
                "TravelMode": "Walking",
                "TripLengthMinutes": 69,
                "WalkingInstructions": [
                    "Walk 2 blocks east on Forbes Avenue, towards Murray",
                    "Turn right and walk for 3 blocks until you arrive at the church",
                    "Turn left and walk for 5 minutes until you see the park on your left.",
                    "Your destination will be on the right"
                ],
                "id": 117
            },
            "Text": "anything else",
            "UnixTime": 1589612445
        },
        {
            "Action": "pick_suggestion",
            "ActionLabel": "anything_else",
            "ActionLabelOptions": [
                "anything_else",
                "goodbye_1",
                "ask_departure_location"
            ],
            "Agent": "Wizard",
            "PrimaryItem": {
                "APIName": "trip_directions",
                "DetailedWalkingInstructions": [
                    "Walk 2 blocks east on Forbes Avenue towards Murray. You will pass a fire station on your left.",
                    "Turn right and walk for 3 blocks until you arrive at the tall brown church. Cross the street after arriving at the church.",
                    "Turn left and walk for 5 minutes. You will pass a school on your right. Keep going until you see the park on your left.",
                    "Your destination will be on the right besides the Starbucks."
                ],
                "TravelMode": "Walking",
                "TripLengthMinutes": 69,
                "WalkingInstructions": [
                    "Walk 2 blocks east on Forbes Avenue, towards Murray",
                    "Turn right and walk for 3 blocks until you arrive at the church",
                    "Turn left and walk for 5 minutes until you see the park on your left.",
                    "Your destination will be on the right"
                ],
                "id": 117
            },
            "Text": "Is there anything else that I can do for you?",
            "UnixTime": 1589612447
        },
        {
            "Action": "utter",
            "Agent": "User",
            "Text": "That's it thanks",
            "UnixTime": 1589612460,
            "PredictedBeliefState": {
                "DepartureLocation": "hospital",
                "TravelMode": "walking",
                "ArrivalLocation": "5th and main",
                "DepartureTime": "2 pm"
            },
            "ActionLabel": [
                "user_trip_directions_goodbye"
            ]
        },
        {
            "Action": "request_suggestions",
            "Agent": "Wizard",
            "PrimaryItem": {
                "APIName": "trip_directions",
                "DetailedWalkingInstructions": [
                    "Walk 2 blocks east on Forbes Avenue towards Murray. You will pass a fire station on your left.",
                    "Turn right and walk for 3 blocks until you arrive at the tall brown church. Cross the street after arriving at the church.",
                    "Turn left and walk for 5 minutes. You will pass a school on your right. Keep going until you see the park on your left.",
                    "Your destination will be on the right besides the Starbucks."
                ],
                "TravelMode": "Walking",
                "TripLengthMinutes": 69,
                "WalkingInstructions": [
                    "Walk 2 blocks east on Forbes Avenue, towards Murray",
                    "Turn right and walk for 3 blocks until you arrive at the church",
                    "Turn left and walk for 5 minutes until you see the park on your left.",
                    "Your destination will be on the right"
                ],
                "id": 117
            },
            "Text": "goodbye",
            "UnixTime": 1589612465
        },
        {
            "Action": "pick_suggestion",
            "ActionLabel": "goodbye_1",
            "ActionLabelOptions": [
                "goodbye_1",
                "anything_else",
                "trip_ask_arrival_location"
            ],
            "Agent": "Wizard",
            "PrimaryItem": {
                "APIName": "trip_directions",
                "DetailedWalkingInstructions": [
                    "Walk 2 blocks east on Forbes Avenue towards Murray. You will pass a fire station on your left.",
                    "Turn right and walk for 3 blocks until you arrive at the tall brown church. Cross the street after arriving at the church.",
                    "Turn left and walk for 5 minutes. You will pass a school on your right. Keep going until you see the park on your left.",
                    "Your destination will be on the right besides the Starbucks."
                ],
                "TravelMode": "Walking",
                "TripLengthMinutes": 69,
                "WalkingInstructions": [
                    "Walk 2 blocks east on Forbes Avenue, towards Murray",
                    "Turn right and walk for 3 blocks until you arrive at the church",
                    "Turn left and walk for 5 minutes until you see the park on your left.",
                    "Your destination will be on the right"
                ],
                "id": 117
            },
            "Text": "Thank you and goodbye.",
            "UnixTime": 1589612467
        },
        {
            "Action": "complete",
            "Agent": "User",
            "UnixTime": 1589612471
        }
    ],
    "FORMAT-VERSION": 7,
    "IntroducesConflicts": true,
    "Scenario": {
        "Domains": [
            "trip"
        ],
        "Happy": true,
        "MultiTask": false,
        "UserTask": "You want directions from 'Hospital' to '5th and Main' at 2 pm by Walking. When the wizard gives the 2nd and 4th step, indicate that you do not understand until you are given more detail. Keep going until you've reached your destination.",
        "WizardCapabilities": [
            {
                "Domain": "trip",
                "SchemaImage": "trip_directions.jpg",
                "Task": "trip_directions"
            }
        ],
        "WizardTask": "Tell the user the directions from their departure location to their arrival location"
    },
    "UserQuestionnaire": [
        {
            "Answer": true,
            "Question": "Did the AI Assistant give you suitable directions?"
        },
        {
            "Answer": true,
            "Question": "Did the AI Assistant stay calm and helpful throughout the dialogue?"
        }
    ],
    "WizardQuestionnaire": [
        {
            "Answer": false,
            "Question": "Did the user change his/her mind about what he/she wants at any time?"
        },
        {
            "Answer": false,
            "Question": "Did the user become aggressive or annoyed during the dialogue? (Note: some users may be instructed to be annoying.)"
        },
        {
            "Answer": false,
            "Question": "Where you unsure about what to do at any time? (Feel free to send us an email with details.)"
        }
    ]
}