{
    "AnonymizedUserWorkerID": "6f51e967-ce78-081f-da64-6595f6cdfeca",
    "AnonymizedWizardWorkerID": "cd977bea-cf5f-e55d-dd23-dcad7db29be1",
    "BatchID": "woz_1589458635",
    "CompletionLevel": "Complete",
    "DialogueID": 376,
    "Events": [
        {
            "Action": "utter",
            "Agent": "User",
            "Text": "I would like to play a game of trivia",
            "UnixTime": 1589480564,
            "PredictedBeliefState": {},
            "ActionLabel": [
                "user_trivia_ask_trivia"
            ]
        },
        {
            "Action": "request_suggestions",
            "Agent": "Wizard",
            "Text": "Sounds fun. Which question would you like to start?",
            "UnixTime": 1589480611
        },
        {
            "Action": "pick_suggestion",
            "ActionLabel": "trivia_ask_question_number",
            "ActionLabelOptions": [
                "trivia_ask_question_number",
                "trivia_inform_answer_correct_ask_next"
            ],
            "Agent": "Wizard",
            "Text": "At what question would you like to start?",
            "UnixTime": 1589480614
        },
        {
            "Action": "utter",
            "Agent": "User",
            "Text": "2",
            "UnixTime": 1589480620,
            "PredictedBeliefState": {
                "QuestionNum": "2"
            },
            "ActionLabel": [
                "user_trivia_inform_question_number"
            ]
        },
        {
            "APIName": "trivia",
            "Action": "query",
            "Agent": "Wizard",
            "Constraints": [
                {
                    "QuestionNum": "2"
                }
            ],
            "UnixTime": 1589480624
        },
        {
            "APIName": "trivia",
            "Action": "return_item",
            "Agent": "KnowledgeBase",
            "Item": {
                "APIName": "trivia",
                "Answer": "canton",
                "Question": "A ____ is the blue field behind the stars"
            },
            "TotalItems": -1,
            "PredictedBeliefState": {
                "QuestionNum": "2"
            },
            "ActionLabel": [
                "db_inform_question"
            ]
        },
        {
            "Action": "request_suggestions",
            "Agent": "Wizard",
            "PrimaryItem": {
                "APIName": "trivia",
                "Answer": "canton",
                "Question": "A ____ is the blue field behind the stars"
            },
            "Text": "A ____ is the blue field behind the stars",
            "UnixTime": 1589480635
        },
        {
            "Action": "pick_suggestion",
            "ActionLabel": "trivia_ask_question",
            "ActionLabelOptions": [
                "trivia_ask_question",
                "trivia_inform_answer_2_ask_next"
            ],
            "Agent": "Wizard",
            "PrimaryItem": {
                "APIName": "trivia",
                "Answer": "canton",
                "Question": "A ____ is the blue field behind the stars"
            },
            "Text": "A ____ is the blue field behind the stars",
            "UnixTime": 1589480639
        },
        {
            "Action": "utter",
            "Agent": "User",
            "Text": "sky?",
            "UnixTime": 1589480685,
            "PredictedBeliefState": {
                "QuestionNum": "2"
            },
            "ActionLabel": [
                "user_trivia_answer"
            ]
        },
        {
            "Action": "request_suggestions",
            "Agent": "Wizard",
            "PrimaryItem": {
                "APIName": "trivia",
                "Answer": "canton",
                "Question": "A ____ is the blue field behind the stars"
            },
            "Text": "not quite right. it is Canton.",
            "UnixTime": 1589480708
        },
        {
            "Action": "pick_suggestion",
            "ActionLabel": "trivia_inform_answer_incorrect_ask_next",
            "ActionLabelOptions": [
                "trivia_inform_answer_incorrect_ask_next",
                "trivia_ask_question"
            ],
            "Agent": "Wizard",
            "PrimaryItem": {
                "APIName": "trivia",
                "Answer": "canton",
                "Question": "A ____ is the blue field behind the stars"
            },
            "Text": "Unfortunately your answer was wrong. 'canton' would have been correct.\nWould you like to continue playing?",
            "UnixTime": 1589480710
        },
        {
            "Action": "utter",
            "Agent": "User",
            "Text": "yes",
            "UnixTime": 1589480717,
            "PredictedBeliefState": {
                "QuestionNum": "2"
            },
            "ActionLabel": [
                "user_trivia_next_question"
            ]
        },
        {
            "APIName": "trivia",
            "Action": "query",
            "Agent": "Wizard",
            "Constraints": [
                {
                    "QuestionNum": "3"
                }
            ],
            "PrimaryItem": {
                "APIName": "trivia",
                "Answer": "canton",
                "Question": "A ____ is the blue field behind the stars"
            },
            "UnixTime": 1589480731
        },
        {
            "APIName": "trivia",
            "Action": "return_item",
            "Agent": "KnowledgeBase",
            "Item": {
                "APIName": "trivia",
                "Answer": "snail",
                "Question": "A ____ takes 33 hours to crawl one mile"
            },
            "TotalItems": -1,
            "PredictedBeliefState": {
                "QuestionNum": "2"
            },
            "ActionLabel": [
                "db_inform_question"
            ]
        },
        {
            "Action": "request_suggestions",
            "Agent": "Wizard",
            "PrimaryItem": {
                "APIName": "trivia",
                "Answer": "snail",
                "Question": "A ____ takes 33 hours to crawl one mile"
            },
            "Text": "\tA ____ takes 33 hours to crawl one mile",
            "UnixTime": 1589480740
        },
        {
            "Action": "request_suggestions",
            "Agent": "Wizard",
            "PrimaryItem": {
                "APIName": "trivia",
                "Answer": "snail",
                "Question": "A ____ takes 33 hours to crawl one mile"
            },
            "Text": "How about this? \tA ____ takes 33 hours to crawl one mile",
            "UnixTime": 1589480763
        },
        {
            "Action": "request_suggestions",
            "Agent": "Wizard",
            "PrimaryItem": {
                "APIName": "trivia",
                "Answer": "snail",
                "Question": "A ____ takes 33 hours to crawl one mile"
            },
            "Text": "What animal takes 33 hours to crawl one mile?",
            "UnixTime": 1589480792
        },
        {
            "Action": "pick_suggestion",
            "ActionLabel": "trivia_ask_question",
            "ActionLabelOptions": [
                "trivia_ask_question",
                "out_of_scope"
            ],
            "Agent": "Wizard",
            "PrimaryItem": {
                "APIName": "trivia",
                "Answer": "snail",
                "Question": "A ____ takes 33 hours to crawl one mile"
            },
            "Text": "A ____ takes 33 hours to crawl one mile",
            "UnixTime": 1589480795
        },
        {
            "Action": "utter",
            "Agent": "User",
            "Text": "tortoise",
            "UnixTime": 1589480814,
            "PredictedBeliefState": {
                "QuestionNum": "2"
            },
            "ActionLabel": [
                "user_bad_label"
            ]
        },
        {
            "Action": "request_suggestions",
            "Agent": "Wizard",
            "PrimaryItem": {
                "APIName": "trivia",
                "Answer": "snail",
                "Question": "A ____ takes 33 hours to crawl one mile"
            },
            "Text": "Almost right. It is a snail. ",
            "UnixTime": 1589480841
        },
        {
            "Action": "utter",
            "Agent": "Wizard",
            "PrimaryItem": {
                "APIName": "trivia",
                "Answer": "snail",
                "Question": "A ____ takes 33 hours to crawl one mile"
            },
            "Text": "You almost got it. the correct answer is a snail. Do you want to keep playing?",
            "UnixTime": 1589480866
        },
        {
            "Action": "utter",
            "Agent": "User",
            "Text": "yes",
            "UnixTime": 1589480875,
            "PredictedBeliefState": {
                "QuestionNum": "2"
            },
            "ActionLabel": [
                "user_bad_label"
            ]
        },
        {
            "APIName": "trivia",
            "Action": "query",
            "Agent": "Wizard",
            "Constraints": [
                {
                    "QuestionNum": "4"
                }
            ],
            "PrimaryItem": {
                "APIName": "trivia",
                "Answer": "snail",
                "Question": "A ____ takes 33 hours to crawl one mile"
            },
            "UnixTime": 1589480879
        },
        {
            "APIName": "trivia",
            "Action": "return_item",
            "Agent": "KnowledgeBase",
            "Item": {
                "APIName": "trivia",
                "Answer": "poem",
                "Question": "A ____ written to celebrate a wedding is called a epithalamium"
            },
            "TotalItems": -1,
            "PredictedBeliefState": {
                "QuestionNum": "2"
            },
            "ActionLabel": [
                "db_inform_question"
            ]
        },
        {
            "Action": "request_suggestions",
            "Agent": "Wizard",
            "PrimaryItem": {
                "APIName": "trivia",
                "Answer": "poem",
                "Question": "A ____ written to celebrate a wedding is called a epithalamium"
            },
            "Text": "What is written to celebrate a weeding that is usaully called a epithalamium?",
            "UnixTime": 1589480921
        },
        {
            "Action": "pick_suggestion",
            "ActionLabel": "trivia_ask_question",
            "ActionLabelOptions": [
                "trivia_ask_question",
                "hello"
            ],
            "Agent": "Wizard",
            "PrimaryItem": {
                "APIName": "trivia",
                "Answer": "poem",
                "Question": "A ____ written to celebrate a wedding is called a epithalamium"
            },
            "Text": "A ____ written to celebrate a wedding is called a epithalamium",
            "UnixTime": 1589480923
        },
        {
            "Action": "utter",
            "Agent": "User",
            "Text": "poem",
            "UnixTime": 1589480942,
            "PredictedBeliefState": {
                "QuestionNum": "2"
            },
            "ActionLabel": [
                "user_bad_label"
            ]
        },
        {
            "Action": "request_suggestions",
            "Agent": "Wizard",
            "PrimaryItem": {
                "APIName": "trivia",
                "Answer": "poem",
                "Question": "A ____ written to celebrate a wedding is called a epithalamium"
            },
            "Text": "You got it. DO you want to keep playing?",
            "UnixTime": 1589480975
        },
        {
            "Action": "utter",
            "Agent": "Wizard",
            "PrimaryItem": {
                "APIName": "trivia",
                "Answer": "poem",
                "Question": "A ____ written to celebrate a wedding is called a epithalamium"
            },
            "Text": "You are correct. Do you want to keep playing?",
            "UnixTime": 1589480997
        },
        {
            "Action": "utter",
            "Agent": "User",
            "Text": "No",
            "UnixTime": 1589481005,
            "PredictedBeliefState": {
                "QuestionNum": "2"
            },
            "ActionLabel": [
                "user_bad_label"
            ]
        },
        {
            "Action": "request_suggestions",
            "Agent": "Wizard",
            "PrimaryItem": {
                "APIName": "trivia",
                "Answer": "poem",
                "Question": "A ____ written to celebrate a wedding is called a epithalamium"
            },
            "Text": "Ok. Anything else I can help you with?",
            "UnixTime": 1589481020
        },
        {
            "Action": "pick_suggestion",
            "ActionLabel": "anything_else",
            "ActionLabelOptions": [
                "anything_else",
                "out_of_scope"
            ],
            "Agent": "Wizard",
            "PrimaryItem": {
                "APIName": "trivia",
                "Answer": "poem",
                "Question": "A ____ written to celebrate a wedding is called a epithalamium"
            },
            "Text": "Is there anything else that I can do for you?",
            "UnixTime": 1589481023
        },
        {
            "Action": "utter",
            "Agent": "User",
            "Text": "No I am good thanks",
            "UnixTime": 1589481032,
            "PredictedBeliefState": {
                "QuestionNum": "2"
            },
            "ActionLabel": [
                "user_trivia_goodbye"
            ]
        },
        {
            "Action": "request_suggestions",
            "Agent": "Wizard",
            "PrimaryItem": {
                "APIName": "trivia",
                "Answer": "poem",
                "Question": "A ____ written to celebrate a wedding is called a epithalamium"
            },
            "Text": "Have a great day. bye",
            "UnixTime": 1589481042
        },
        {
            "Action": "pick_suggestion",
            "ActionLabel": "trivia_bye",
            "ActionLabelOptions": [
                "trivia_bye",
                "trivia_inform_answer_incorrect_ask_next"
            ],
            "Agent": "Wizard",
            "PrimaryItem": {
                "APIName": "trivia",
                "Answer": "poem",
                "Question": "A ____ written to celebrate a wedding is called a epithalamium"
            },
            "Text": "Nice playing with you, bye!",
            "UnixTime": 1589481045
        },
        {
            "Action": "complete",
            "Agent": "User",
            "UnixTime": 1589481049
        }
    ],
    "FORMAT-VERSION": 7,
    "IntroducesConflicts": false,
    "Scenario": {
        "Domains": [
            null
        ],
        "Happy": true,
        "MultiTask": false,
        "UserTask": "You would like to play a game of trivia. You've already answered some of the questions, so you should start from question 2 and play 3 questions. You have answers for the following questions: (10) airlock, (11) bodkin. For the rest, try your best!",
        "WizardCapabilities": [
            {
                "Domain": null,
                "SchemaImage": "trivia.jpg",
                "Task": "trivia"
            }
        ],
        "WizardTask": "Let the user play a trivia game. Query for and ask the questions until the user wants to stop."
    },
    "UserQuestionnaire": [
        {
            "Answer": true,
            "Question": "Did the AI Assistant succesfully run the trivia quiz?"
        },
        {
            "Answer": true,
            "Question": "Did the AI Assistant stay calm and helpful throughout the dialogue?"
        }
    ],
    "WizardQuestionnaire": [
        {
            "Answer": false,
            "Question": "Did the user change his/her mind about what he/she wants at any time?"
        },
        {
            "Answer": false,
            "Question": "Did the user become aggressive or annoyed during the dialogue? (Note: some users may be instructed to be annoying.)"
        },
        {
            "Answer": false,
            "Question": "Where you unsure about what to do at any time? (Feel free to send us an email with details.)"
        }
    ]
}