{
    "AnonymizedUserWorkerID": "c06538fc-4352-5d92-9ced-53d9fa54e376",
    "AnonymizedWizardWorkerID": "a0362f23-a428-0712-805e-13fe4ea1da38",
    "BatchID": "woz_1589554725",
    "CompletionLevel": "Complete",
    "DialogueID": 3806,
    "Events": [
        {
            "Action": "instruct",
            "Agent": "UserGuide",
            "Text": "Not again! You took the wrong bus and got totally lost in the middle of the city. But you have to get to your job interview in time! Ask you personal AI assistant for help. [instruction 1 of 5]",
            "UnixTime": 1589575208
        },
        {
            "Action": "utter",
            "Agent": "User",
            "Text": "I'm lost!",
            "UnixTime": 1589575216,
            "PredictedBeliefState": {
                "DepartureLocation": "5th and main",
                "DepartureTime": "1 pm"
            },
            "ActionLabel": [
                "user_trip_directions_inform_departure",
                "user_trip_directions_inform_time",
                "user_trip_directions_ask_directions"
            ]
        },
        {
            "Action": "instruct",
            "Agent": "UserGuide",
            "Text": "The job interview is somewhere near Forbes and Murray. If you can get there, you should know your way again. [instruction 2 of 5]",
            "UnixTime": 1589575216
        },
        {
            "Action": "request_suggestions",
            "Agent": "Wizard",
            "Text": "where are you going to",
            "UnixTime": 1589575225
        },
        {
            "Action": "pick_suggestion",
            "ActionLabel": "trip_ask_arrival_location",
            "ActionLabelOptions": [
                "trip_ask_arrival_location",
                "trip_inform_simple_step_ask_proceed",
                "trip_ask_departure_time"
            ],
            "Agent": "Wizard",
            "Text": "Where do you need to go?",
            "UnixTime": 1589575227
        },
        {
            "Action": "utter",
            "Agent": "User",
            "Text": "My job interview is somewhere near Forbes and Murray",
            "UnixTime": 1589575238,
            "PredictedBeliefState": {
                "ArrivalLocation": "forbes and murray",
                "DepartureTime": "1 pm",
                "DepartureLocation": "5th and main"
            },
            "ActionLabel": [
                "user_trip_directions_inform_arrival"
            ]
        },
        {
            "Action": "instruct",
            "Agent": "UserGuide",
            "Text": "Follow the way-instructions of the assistant and imagine you do what it says. But your sense of orientation is pretty bad and you cannot deal with instructions involving 'North', 'West', 'South', 'East'. So if that comes up, ask for more details. [instruction 3 of 5]",
            "UnixTime": 1589575238
        },
        {
            "Action": "request_suggestions",
            "Agent": "Wizard",
            "Text": "drive or walk",
            "UnixTime": 1589575244
        },
        {
            "Action": "pick_suggestion",
            "ActionLabel": "trip_ask_travel_mode",
            "ActionLabelOptions": [
                "trip_inform_simple_step_ask_proceed",
                "trip_ask_travel_mode",
                "trip_ask_arrival_location"
            ],
            "Agent": "Wizard",
            "Text": "Do you want to drive, walk, or use public transit?",
            "UnixTime": 1589575246
        },
        {
            "Action": "utter",
            "Agent": "User",
            "Text": "Walk!",
            "UnixTime": 1589575250,
            "PredictedBeliefState": {
                "DepartureLocation": "5th and main",
                "DepartureTime": "1 pm",
                "ArrivalLocation": "forbes and murray",
                "TravelMode": "walking"
            },
            "ActionLabel": [
                "user_trip_directions_inform_mode"
            ]
        },
        {
            "APIName": "trip_directions",
            "Action": "query",
            "Agent": "Wizard",
            "Constraints": [
                {
                    "DepartureLocation": "\"5th and Main\""
                },
                {
                    "ArrivalLocation": "\"Forbes and Murray\""
                },
                {
                    "TravelMode": "\"Walking\""
                },
                {
                    "DepartureTime": "\"1 pm\""
                }
            ],
            "UnixTime": 1589575257
        },
        {
            "APIName": "trip_directions",
            "Action": "return_item",
            "Agent": "KnowledgeBase",
            "Item": {
                "APIName": "trip_directions",
                "DetailedWalkingInstructions": [
                    "Walk 2 blocks east on Forbes Avenue towards Murray. You will pass a fire station on your left.",
                    "Turn right and walk for 3 blocks until you arrive at the tall brown church. Cross the street after arriving at the church.",
                    "Turn left and walk for 5 minutes. You will pass a school on your right. Keep going until you see the park on your left.",
                    "Your destination will be on the right besides the Starbucks."
                ],
                "TravelMode": "Walking",
                "TripLengthMinutes": 43,
                "WalkingInstructions": [
                    "Walk 2 blocks east on Forbes Avenue, towards Murray",
                    "Turn right and walk for 3 blocks until you arrive at the church",
                    "Turn left and walk for 5 minutes until you see the park on your left.",
                    "Your destination will be on the right"
                ],
                "id": 624
            },
            "TotalItems": -1,
            "PredictedBeliefState": {
                "DepartureLocation": "5th and main",
                "DepartureTime": "1 pm",
                "ArrivalLocation": "forbes and murray",
                "TravelMode": "walking"
            },
            "ActionLabel": [
                "db_inform_trip_directions"
            ]
        },
        {
            "Action": "request_suggestions",
            "Agent": "Wizard",
            "PrimaryItem": {
                "APIName": "trip_directions",
                "DetailedWalkingInstructions": [
                    "Walk 2 blocks east on Forbes Avenue towards Murray. You will pass a fire station on your left.",
                    "Turn right and walk for 3 blocks until you arrive at the tall brown church. Cross the street after arriving at the church.",
                    "Turn left and walk for 5 minutes. You will pass a school on your right. Keep going until you see the park on your left.",
                    "Your destination will be on the right besides the Starbucks."
                ],
                "TravelMode": "Walking",
                "TripLengthMinutes": 43,
                "WalkingInstructions": [
                    "Walk 2 blocks east on Forbes Avenue, towards Murray",
                    "Turn right and walk for 3 blocks until you arrive at the church",
                    "Turn left and walk for 5 minutes until you see the park on your left.",
                    "Your destination will be on the right"
                ],
                "id": 624
            },
            "Text": "Walk 2 blocks east on Forbes Avenue, towards Murray.",
            "UnixTime": 1589575264
        },
        {
            "Action": "pick_suggestion",
            "ActionLabel": "trip_inform_simple_step_ask_proceed",
            "ActionLabelOptions": [
                "trip_inform_simple_step_ask_proceed",
                "trip_inform_detailed_step",
                "out_of_scope"
            ],
            "Agent": "Wizard",
            "PrimaryItem": {
                "APIName": "trip_directions",
                "DetailedWalkingInstructions": [
                    "Walk 2 blocks east on Forbes Avenue towards Murray. You will pass a fire station on your left.",
                    "Turn right and walk for 3 blocks until you arrive at the tall brown church. Cross the street after arriving at the church.",
                    "Turn left and walk for 5 minutes. You will pass a school on your right. Keep going until you see the park on your left.",
                    "Your destination will be on the right besides the Starbucks."
                ],
                "TravelMode": "Walking",
                "TripLengthMinutes": 43,
                "WalkingInstructions": [
                    "Walk 2 blocks east on Forbes Avenue, towards Murray",
                    "Turn right and walk for 3 blocks until you arrive at the church",
                    "Turn left and walk for 5 minutes until you see the park on your left.",
                    "Your destination will be on the right"
                ],
                "id": 624
            },
            "Text": "Walk 2 blocks east on Forbes Avenue, towards Murray. Can I proceed or do you require more detailed instructions?",
            "UnixTime": 1589575269
        },
        {
            "Action": "utter",
            "Agent": "User",
            "Text": "I'm going, but east confuses me",
            "UnixTime": 1589575282,
            "PredictedBeliefState": {
                "ArrivalLocation": "forbes and murray",
                "DepartureTime": "1 pm",
                "TravelMode": "walking",
                "DepartureLocation": "5th and main"
            },
            "ActionLabel": [
                "user_trip_directions_no_continue"
            ]
        },
        {
            "Action": "request_suggestions",
            "Agent": "Wizard",
            "PrimaryItem": {
                "APIName": "trip_directions",
                "DetailedWalkingInstructions": [
                    "Walk 2 blocks east on Forbes Avenue towards Murray. You will pass a fire station on your left.",
                    "Turn right and walk for 3 blocks until you arrive at the tall brown church. Cross the street after arriving at the church.",
                    "Turn left and walk for 5 minutes. You will pass a school on your right. Keep going until you see the park on your left.",
                    "Your destination will be on the right besides the Starbucks."
                ],
                "TravelMode": "Walking",
                "TripLengthMinutes": 43,
                "WalkingInstructions": [
                    "Walk 2 blocks east on Forbes Avenue, towards Murray",
                    "Turn right and walk for 3 blocks until you arrive at the church",
                    "Turn left and walk for 5 minutes until you see the park on your left.",
                    "Your destination will be on the right"
                ],
                "id": 624
            },
            "Text": "Walk 2 blocks east on Forbes Avenue towards Murray. You will pass a fire station on your left.",
            "UnixTime": 1589575290
        },
        {
            "Action": "pick_suggestion",
            "ActionLabel": "trip_inform_detailed_step",
            "ActionLabelOptions": [
                "trip_inform_detailed_step",
                "trip_instructions_done",
                "trip_inform_nothing_found"
            ],
            "Agent": "Wizard",
            "PrimaryItem": {
                "APIName": "trip_directions",
                "DetailedWalkingInstructions": [
                    "Walk 2 blocks east on Forbes Avenue towards Murray. You will pass a fire station on your left.",
                    "Turn right and walk for 3 blocks until you arrive at the tall brown church. Cross the street after arriving at the church.",
                    "Turn left and walk for 5 minutes. You will pass a school on your right. Keep going until you see the park on your left.",
                    "Your destination will be on the right besides the Starbucks."
                ],
                "TravelMode": "Walking",
                "TripLengthMinutes": 43,
                "WalkingInstructions": [
                    "Walk 2 blocks east on Forbes Avenue, towards Murray",
                    "Turn right and walk for 3 blocks until you arrive at the church",
                    "Turn left and walk for 5 minutes until you see the park on your left.",
                    "Your destination will be on the right"
                ],
                "id": 624
            },
            "Text": "Walk 2 blocks east on Forbes Avenue towards Murray. You will pass a fire station on your left.",
            "UnixTime": 1589575293
        },
        {
            "Action": "utter",
            "Agent": "User",
            "Text": "I see the fire station!",
            "UnixTime": 1589575300,
            "PredictedBeliefState": {
                "TravelMode": "walking",
                "ArrivalLocation": "forbes and murray",
                "DepartureTime": "1 pm",
                "DepartureLocation": "5th and main"
            },
            "ActionLabel": [
                "user_trip_directions_continue"
            ]
        },
        {
            "Action": "instruct",
            "Agent": "UserGuide",
            "Text": "Complain about the general situation, make a joke, or say something about the environment you imagine yourself in right now. [instruction 4 of 5]",
            "UnixTime": 1589575300
        },
        {
            "Action": "request_suggestions",
            "Agent": "Wizard",
            "PrimaryItem": {
                "APIName": "trip_directions",
                "DetailedWalkingInstructions": [
                    "Walk 2 blocks east on Forbes Avenue towards Murray. You will pass a fire station on your left.",
                    "Turn right and walk for 3 blocks until you arrive at the tall brown church. Cross the street after arriving at the church.",
                    "Turn left and walk for 5 minutes. You will pass a school on your right. Keep going until you see the park on your left.",
                    "Your destination will be on the right besides the Starbucks."
                ],
                "TravelMode": "Walking",
                "TripLengthMinutes": 43,
                "WalkingInstructions": [
                    "Walk 2 blocks east on Forbes Avenue, towards Murray",
                    "Turn right and walk for 3 blocks until you arrive at the church",
                    "Turn left and walk for 5 minutes until you see the park on your left.",
                    "Your destination will be on the right"
                ],
                "id": 624
            },
            "Text": "Turn right and walk for 3 blocks until you arrive at the church",
            "UnixTime": 1589575308
        },
        {
            "Action": "pick_suggestion",
            "ActionLabel": "trip_inform_simple_step_ask_proceed",
            "ActionLabelOptions": [
                "trip_inform_simple_step_ask_proceed",
                "trip_inform_detailed_step",
                "out_of_scope"
            ],
            "Agent": "Wizard",
            "PrimaryItem": {
                "APIName": "trip_directions",
                "DetailedWalkingInstructions": [
                    "Walk 2 blocks east on Forbes Avenue towards Murray. You will pass a fire station on your left.",
                    "Turn right and walk for 3 blocks until you arrive at the tall brown church. Cross the street after arriving at the church.",
                    "Turn left and walk for 5 minutes. You will pass a school on your right. Keep going until you see the park on your left.",
                    "Your destination will be on the right besides the Starbucks."
                ],
                "TravelMode": "Walking",
                "TripLengthMinutes": 43,
                "WalkingInstructions": [
                    "Walk 2 blocks east on Forbes Avenue, towards Murray",
                    "Turn right and walk for 3 blocks until you arrive at the church",
                    "Turn left and walk for 5 minutes until you see the park on your left.",
                    "Your destination will be on the right"
                ],
                "id": 624
            },
            "Text": "Turn right and walk for 3 blocks until you arrive at the church. Can I proceed or do you require more detailed instructions?",
            "UnixTime": 1589575311
        },
        {
            "Action": "utter",
            "Agent": "User",
            "Text": "I see it! I hate this weather",
            "UnixTime": 1589575321,
            "PredictedBeliefState": {
                "TravelMode": "walking",
                "DepartureTime": "1 pm",
                "DepartureLocation": "5th and main",
                "ArrivalLocation": "forbes and murray"
            },
            "ActionLabel": [
                "user_trip_directions_continue"
            ]
        },
        {
            "Action": "request_suggestions",
            "Agent": "Wizard",
            "PrimaryItem": {
                "APIName": "trip_directions",
                "DetailedWalkingInstructions": [
                    "Walk 2 blocks east on Forbes Avenue towards Murray. You will pass a fire station on your left.",
                    "Turn right and walk for 3 blocks until you arrive at the tall brown church. Cross the street after arriving at the church.",
                    "Turn left and walk for 5 minutes. You will pass a school on your right. Keep going until you see the park on your left.",
                    "Your destination will be on the right besides the Starbucks."
                ],
                "TravelMode": "Walking",
                "TripLengthMinutes": 43,
                "WalkingInstructions": [
                    "Walk 2 blocks east on Forbes Avenue, towards Murray",
                    "Turn right and walk for 3 blocks until you arrive at the church",
                    "Turn left and walk for 5 minutes until you see the park on your left.",
                    "Your destination will be on the right"
                ],
                "id": 624
            },
            "Text": "Turn left and walk for 5 minutes until you see the park on your left.",
            "UnixTime": 1589575325
        },
        {
            "Action": "pick_suggestion",
            "ActionLabel": "trip_inform_simple_step_ask_proceed",
            "ActionLabelOptions": [
                "trip_inform_simple_step_ask_proceed",
                "trip_inform_detailed_step",
                "out_of_scope"
            ],
            "Agent": "Wizard",
            "PrimaryItem": {
                "APIName": "trip_directions",
                "DetailedWalkingInstructions": [
                    "Walk 2 blocks east on Forbes Avenue towards Murray. You will pass a fire station on your left.",
                    "Turn right and walk for 3 blocks until you arrive at the tall brown church. Cross the street after arriving at the church.",
                    "Turn left and walk for 5 minutes. You will pass a school on your right. Keep going until you see the park on your left.",
                    "Your destination will be on the right besides the Starbucks."
                ],
                "TravelMode": "Walking",
                "TripLengthMinutes": 43,
                "WalkingInstructions": [
                    "Walk 2 blocks east on Forbes Avenue, towards Murray",
                    "Turn right and walk for 3 blocks until you arrive at the church",
                    "Turn left and walk for 5 minutes until you see the park on your left.",
                    "Your destination will be on the right"
                ],
                "id": 624
            },
            "Text": "Turn left and walk for 5 minutes until you see the park on your left. Can I proceed or do you require more detailed instructions?",
            "UnixTime": 1589575329
        },
        {
            "Action": "utter",
            "Agent": "User",
            "Text": "I'm almost there, I can feel it",
            "UnixTime": 1589575336,
            "PredictedBeliefState": {
                "DepartureTime": "1 pm",
                "DepartureLocation": "5th and main",
                "TravelMode": "walking",
                "ArrivalLocation": "forbes and murray"
            },
            "ActionLabel": [
                "user_trip_directions_continue"
            ]
        },
        {
            "Action": "instruct",
            "Agent": "UserGuide",
            "Text": "Keep going until you've reached Forbes and Murray. Then you can end the conversation. [instruction 5 of 5]",
            "UnixTime": 1589575336
        },
        {
            "Action": "request_suggestions",
            "Agent": "Wizard",
            "PrimaryItem": {
                "APIName": "trip_directions",
                "DetailedWalkingInstructions": [
                    "Walk 2 blocks east on Forbes Avenue towards Murray. You will pass a fire station on your left.",
                    "Turn right and walk for 3 blocks until you arrive at the tall brown church. Cross the street after arriving at the church.",
                    "Turn left and walk for 5 minutes. You will pass a school on your right. Keep going until you see the park on your left.",
                    "Your destination will be on the right besides the Starbucks."
                ],
                "TravelMode": "Walking",
                "TripLengthMinutes": 43,
                "WalkingInstructions": [
                    "Walk 2 blocks east on Forbes Avenue, towards Murray",
                    "Turn right and walk for 3 blocks until you arrive at the church",
                    "Turn left and walk for 5 minutes until you see the park on your left.",
                    "Your destination will be on the right"
                ],
                "id": 624
            },
            "Text": "Your destination will be on the right",
            "UnixTime": 1589575345
        },
        {
            "Action": "pick_suggestion",
            "ActionLabel": "trip_inform_last_step_and_done",
            "ActionLabelOptions": [
                "trip_inform_last_step_and_done",
                "trip_ask_travel_mode",
                "trip_ask_arrival_location"
            ],
            "Agent": "Wizard",
            "PrimaryItem": {
                "APIName": "trip_directions",
                "DetailedWalkingInstructions": [
                    "Walk 2 blocks east on Forbes Avenue towards Murray. You will pass a fire station on your left.",
                    "Turn right and walk for 3 blocks until you arrive at the tall brown church. Cross the street after arriving at the church.",
                    "Turn left and walk for 5 minutes. You will pass a school on your right. Keep going until you see the park on your left.",
                    "Your destination will be on the right besides the Starbucks."
                ],
                "TravelMode": "Walking",
                "TripLengthMinutes": 43,
                "WalkingInstructions": [
                    "Walk 2 blocks east on Forbes Avenue, towards Murray",
                    "Turn right and walk for 3 blocks until you arrive at the church",
                    "Turn left and walk for 5 minutes until you see the park on your left.",
                    "Your destination will be on the right"
                ],
                "id": 624
            },
            "Text": "Your destination will be on the right. Do you know how to reach your destination or would you require more detailed instructions?",
            "UnixTime": 1589575347
        },
        {
            "Action": "utter",
            "Agent": "User",
            "Text": "I'm there, thank you",
            "UnixTime": 1589575353,
            "PredictedBeliefState": {
                "TravelMode": "walking",
                "DepartureTime": "1 pm",
                "DepartureLocation": "5th and main",
                "ArrivalLocation": "forbes and murray"
            },
            "ActionLabel": [
                "user_trip_directions_thanks"
            ]
        },
        {
            "Action": "request_suggestions",
            "Agent": "Wizard",
            "PrimaryItem": {
                "APIName": "trip_directions",
                "DetailedWalkingInstructions": [
                    "Walk 2 blocks east on Forbes Avenue towards Murray. You will pass a fire station on your left.",
                    "Turn right and walk for 3 blocks until you arrive at the tall brown church. Cross the street after arriving at the church.",
                    "Turn left and walk for 5 minutes. You will pass a school on your right. Keep going until you see the park on your left.",
                    "Your destination will be on the right besides the Starbucks."
                ],
                "TravelMode": "Walking",
                "TripLengthMinutes": 43,
                "WalkingInstructions": [
                    "Walk 2 blocks east on Forbes Avenue, towards Murray",
                    "Turn right and walk for 3 blocks until you arrive at the church",
                    "Turn left and walk for 5 minutes until you see the park on your left.",
                    "Your destination will be on the right"
                ],
                "id": 624
            },
            "Text": "no problem",
            "UnixTime": 1589575360
        },
        {
            "Action": "pick_suggestion",
            "ActionLabel": "anything_else",
            "ActionLabelOptions": [
                "goodbye_1",
                "out_of_scope",
                "anything_else"
            ],
            "Agent": "Wizard",
            "PrimaryItem": {
                "APIName": "trip_directions",
                "DetailedWalkingInstructions": [
                    "Walk 2 blocks east on Forbes Avenue towards Murray. You will pass a fire station on your left.",
                    "Turn right and walk for 3 blocks until you arrive at the tall brown church. Cross the street after arriving at the church.",
                    "Turn left and walk for 5 minutes. You will pass a school on your right. Keep going until you see the park on your left.",
                    "Your destination will be on the right besides the Starbucks."
                ],
                "TravelMode": "Walking",
                "TripLengthMinutes": 43,
                "WalkingInstructions": [
                    "Walk 2 blocks east on Forbes Avenue, towards Murray",
                    "Turn right and walk for 3 blocks until you arrive at the church",
                    "Turn left and walk for 5 minutes until you see the park on your left.",
                    "Your destination will be on the right"
                ],
                "id": 624
            },
            "Text": "Is there anything else that I can do for you?",
            "UnixTime": 1589575363
        },
        {
            "Action": "complete",
            "Agent": "User",
            "UnixTime": 1589575365
        }
    ],
    "FORMAT-VERSION": 7,
    "IntroducesConflicts": false,
    "Scenario": {
        "Domains": [
            "trip"
        ],
        "Happy": false,
        "MultiTask": false,
        "UserTask": "Follow the instructions and comments of the MTurk System bot (darker yellow boxes in the dialogue). Do not end the dialogue before the MTurk System bot (not the assistant) has told you to do so. ",
        "WizardCapabilities": [
            {
                "Domain": "trip",
                "SchemaImage": "trip_directions.jpg",
                "Task": "trip_directions"
            }
        ],
        "WizardTask": "Follow the flow charts and help the user. Some facts you should be aware of: \n\n* At the beginning of the conversation, the user's location is 5th and Main\n* At the beginning of the conversation it is 1pm"
    },
    "UserQuestionnaire": [
        {
            "Answer": true,
            "Question": "Did the assistant stay calm and helpful throughout the dialogue?"
        }
    ],
    "WizardQuestionnaire": [
        {
            "Answer": false,
            "Question": "Did the user change his/her mind about what he/she wants at any time?"
        },
        {
            "Answer": false,
            "Question": "Did the user become aggressive or annoyed during the dialogue? (Note: some users may be instructed to be annoying.)"
        },
        {
            "Answer": false,
            "Question": "Where you unsure about what to do at any time? (Feel free to send us an email with details.)"
        }
    ]
}