{
    "AnonymizedUserWorkerID": "a4c9564b-06b9-37b4-27ca-fd6bf52c4154",
    "AnonymizedWizardWorkerID": "ac9c2dc2-a643-8ec0-d96c-1bc923b2777f",
    "BatchID": "woz_1589554725",
    "CompletionLevel": "Complete",
    "DialogueID": 3811,
    "Events": [
        {
            "Action": "instruct",
            "Agent": "UserGuide",
            "Text": "You have lost your debit card and before you could cancel it, somebody withdrew $300 at an ATM. Quickly you contact the bank-system's AI assistant. Surely it can help? [instruction 1 of 5]",
            "UnixTime": 1589583628
        },
        {
            "Action": "utter",
            "Agent": "User",
            "Text": "I lost my debit card and someone withdrew $300 at an ATM. Help!",
            "UnixTime": 1589583647,
            "PredictedBeliefState": {
                "FraudReport": "stolen money"
            },
            "ActionLabel": [
                "user_bank_inform_fraud_details",
                "user_bad_label"
            ]
        },
        {
            "Action": "instruct",
            "Agent": "UserGuide",
            "Text": "You are John Smith. Your account number is 95381901, but you forgot your PIN. (You might need your mother's maiden name for the security questions: Sanchez.) [instruction 2 of 5]",
            "UnixTime": 1589583647
        },
        {
            "Action": "request_suggestions",
            "Agent": "Wizard",
            "Text": "Name",
            "UnixTime": 1589583663
        },
        {
            "Action": "utter",
            "Agent": "Wizard",
            "Text": "Full name account number and pin",
            "UnixTime": 1589583677
        },
        {
            "Action": "utter",
            "Agent": "User",
            "Text": "I am John Smith. Account number is 95381901 but I forgot my pin.",
            "UnixTime": 1589583708,
            "PredictedBeliefState": {
                "FraudReport": "stolen money",
                "FullName": "john smith",
                "AccountNumber": "95381901",
                "PIN": "forgot"
            },
            "ActionLabel": [
                "user_bank_inform_name",
                "user_bank_inform_account_number",
                "user_bank_forgot_pin",
                "user_bad_label"
            ]
        },
        {
            "Action": "request_suggestions",
            "Agent": "Wizard",
            "Text": "Date",
            "UnixTime": 1589583759
        },
        {
            "Action": "utter",
            "Agent": "Wizard",
            "Text": "Date of birth and answer to your security questions ",
            "UnixTime": 1589583773
        },
        {
            "Action": "utter",
            "Agent": "User",
            "Text": "My mother's maiden name is Sanchez.",
            "UnixTime": 1589583795,
            "PredictedBeliefState": {
                "SecurityAnswer1": "sanchez",
                "AccountNumber": "95381901",
                "PIN": "forgot",
                "FraudReport": "stolen money",
                "FullName": "john smith"
            },
            "ActionLabel": [
                "user_bank_inform_mothers_maiden_name",
                "user_bad_label"
            ]
        },
        {
            "Action": "request_suggestions",
            "Agent": "Wizard",
            "Text": "Pet name",
            "UnixTime": 1589583810
        },
        {
            "Action": "pick_suggestion",
            "ActionLabel": "bank_ask_childhood_pets_name",
            "ActionLabelOptions": [
                "bank_ask_childhood_pets_name",
                "ask_name",
                "goodbye_1"
            ],
            "Agent": "Wizard",
            "Text": "And what was the name of the pet you had as a child?",
            "UnixTime": 1589583822
        },
        {
            "Action": "utter",
            "Agent": "User",
            "Text": "I don't remember.",
            "UnixTime": 1589583843,
            "PredictedBeliefState": {
                "PIN": "forgot",
                "FraudReport": "stolen money",
                "SecurityAnswer1": "sanchez",
                "AccountNumber": "95381901",
                "FullName": "john smith",
                "SecurityAnswer2": "forgot"
            },
            "ActionLabel": [
                "user_bank_forgot_childhood_pets_name",
                "user_bank_ask_fraud"
            ]
        },
        {
            "Action": "instruct",
            "Agent": "UserGuide",
            "Text": "Now you remember you PIN again. Maybe. It was either 3100 or 9431. [instruction 3 of 5]",
            "UnixTime": 1589583843
        },
        {
            "Action": "request_suggestions",
            "Agent": "Wizard",
            "Text": "Your pin",
            "UnixTime": 1589583870
        },
        {
            "Action": "pick_suggestion",
            "ActionLabel": "bank_ask_pin",
            "ActionLabelOptions": [
                "bank_ask_pin",
                "bank_ask_dob",
                "bank_ask_account_number"
            ],
            "Agent": "Wizard",
            "Text": "Right, and your PIN as well please.",
            "UnixTime": 1589583874
        },
        {
            "Action": "utter",
            "Agent": "User",
            "Text": "It may be 3100 or 9431.",
            "UnixTime": 1589583882,
            "PredictedBeliefState": {
                "SecurityAnswer2": "forgot",
                "FullName": "john smith",
                "FraudReport": "stolen money",
                "AccountNumber": "95381901",
                "PIN": "3100",
                "SecurityAnswer1": "sanchez"
            },
            "ActionLabel": [
                "user_bank_inform_pin"
            ]
        },
        {
            "Action": "instruct",
            "Agent": "UserGuide",
            "Text": "Choose: Complain about your situation; make a joke; or write something else that's unexpected yet somehow fits the conversation. [instruction 4 of 5]",
            "UnixTime": 1589583882
        },
        {
            "APIName": "bank_fraud_report",
            "Action": "query",
            "Agent": "Wizard",
            "Constraints": [
                {
                    "FraudReport": "\"$300 debit card fraud\\n\""
                },
                {
                    "FullName": "\"John Smith \""
                },
                {
                    "AccountNumber": "95381901"
                },
                {
                    "PIN": "3100"
                }
            ],
            "UnixTime": 1589583936
        },
        {
            "APIName": "bank_fraud_report",
            "Action": "return_item",
            "Agent": "KnowledgeBase",
            "Item": {
                "APIName": "bank_fraud_report",
                "Confirmation": "Fraud report submitted successfully."
            },
            "TotalItems": -1,
            "PredictedBeliefState": {
                "SecurityAnswer2": "forgot",
                "FullName": "john smith",
                "FraudReport": "stolen money",
                "AccountNumber": "95381901",
                "PIN": "3100",
                "SecurityAnswer1": "sanchez"
            },
            "ActionLabel": [
                "result_bad_label"
            ]
        },
        {
            "Action": "request_suggestions",
            "Agent": "Wizard",
            "PrimaryItem": {
                "APIName": "bank_fraud_report",
                "Confirmation": "Fraud report submitted successfully."
            },
            "Text": "Hi",
            "UnixTime": 1589583943
        },
        {
            "Action": "pick_suggestion",
            "ActionLabel": "bank_ask_mothers_maiden_name",
            "ActionLabelOptions": [
                "hello",
                "out_of_scope",
                "bank_ask_mothers_maiden_name"
            ],
            "Agent": "Wizard",
            "PrimaryItem": {
                "APIName": "bank_fraud_report",
                "Confirmation": "Fraud report submitted successfully."
            },
            "Text": "What was your mother's maiden name?",
            "UnixTime": 1589583954
        },
        {
            "Action": "utter",
            "Agent": "User",
            "Text": "Ah, my mother. Reminds me of the good old days. What was good about them? I was neither good nor old. ",
            "UnixTime": 1589583980,
            "PredictedBeliefState": {
                "FullName": "john smith",
                "SecurityAnswer2": "forgot",
                "AccountNumber": "95381901",
                "FraudReport": "stolen money",
                "PIN": "3100",
                "SecurityAnswer1": "sanchez"
            },
            "ActionLabel": []
        },
        {
            "Action": "request_suggestions",
            "Agent": "Wizard",
            "PrimaryItem": {
                "APIName": "bank_fraud_report",
                "Confirmation": "Fraud report submitted successfully."
            },
            "Text": "Submitted ",
            "UnixTime": 1589583987
        },
        {
            "Action": "pick_suggestion",
            "ActionLabel": "bank_inform_fraud_report_submitted",
            "ActionLabelOptions": [
                "bank_inform_fraud_report_submitted",
                "goodbye_1",
                "ask_name"
            ],
            "Agent": "Wizard",
            "PrimaryItem": {
                "APIName": "bank_fraud_report",
                "Confirmation": "Fraud report submitted successfully."
            },
            "Text": "Your report has been successfully submitted.\nWe will have a look at the matter ASAP and will contact you with details in due course.",
            "UnixTime": 1589583991
        },
        {
            "Action": "utter",
            "Agent": "User",
            "Text": "I love jokes.",
            "UnixTime": 1589584012,
            "PredictedBeliefState": {
                "PIN": "3100",
                "SecurityAnswer1": "sanchez",
                "SecurityAnswer2": "forgot",
                "FraudReport": "stolen money",
                "FullName": "john smith",
                "AccountNumber": "95381901"
            },
            "ActionLabel": [
                "user_bank_goodbye"
            ]
        },
        {
            "Action": "instruct",
            "Agent": "UserGuide",
            "Text": "Once the AI tells you that the report has been filed, you can end the dialogue. Otherwise, keep going and try to get the report filed (you can be creative about PINs and names). [instruction 5 of 5]",
            "UnixTime": 1589584012
        },
        {
            "Action": "request_suggestions",
            "Agent": "Wizard",
            "PrimaryItem": {
                "APIName": "bank_fraud_report",
                "Confirmation": "Fraud report submitted successfully."
            },
            "Text": "Thanks",
            "UnixTime": 1589584027
        },
        {
            "Action": "pick_suggestion",
            "ActionLabel": "goodbye_1",
            "ActionLabelOptions": [
                "goodbye_1",
                "ask_name",
                "bank_ask_pin"
            ],
            "Agent": "Wizard",
            "PrimaryItem": {
                "APIName": "bank_fraud_report",
                "Confirmation": "Fraud report submitted successfully."
            },
            "Text": "Thank you and goodbye.",
            "UnixTime": 1589584032
        },
        {
            "Action": "utter",
            "Agent": "User",
            "Text": "Thank you.",
            "UnixTime": 1589584042,
            "PredictedBeliefState": {
                "SecurityAnswer2": "forgot",
                "FraudReport": "stolen money",
                "SecurityAnswer1": "sanchez",
                "PIN": "3100",
                "AccountNumber": "95381901",
                "FullName": "john smith"
            },
            "ActionLabel": [
                "user_bad_label"
            ]
        },
        {
            "Action": "request_suggestions",
            "Agent": "Wizard",
            "PrimaryItem": {
                "APIName": "bank_fraud_report",
                "Confirmation": "Fraud report submitted successfully."
            },
            "Text": "Please end the task",
            "UnixTime": 1589584051
        },
        {
            "Action": "pick_suggestion",
            "ActionLabel": "bank_ask_fraud_details",
            "ActionLabelOptions": [
                "bank_inform_cannot_authenticate",
                "goodbye_1",
                "bank_ask_fraud_details"
            ],
            "Agent": "Wizard",
            "PrimaryItem": {
                "APIName": "bank_fraud_report",
                "Confirmation": "Fraud report submitted successfully."
            },
            "Text": "Could you provide a detailed fraud report now, please?",
            "UnixTime": 1589584098
        },
        {
            "Action": "complete",
            "Agent": "User",
            "UnixTime": 1589584119
        }
    ],
    "FORMAT-VERSION": 7,
    "IntroducesConflicts": false,
    "Scenario": {
        "Domains": [
            "bank"
        ],
        "Happy": false,
        "MultiTask": false,
        "UserTask": "Follow the instructions and comments of the MTurk System bot (darker yellow boxes in the dialogue). Do not end the dialogue before the MTurk System bot (not the assistant) has told you to do so. ",
        "WizardCapabilities": [
            {
                "Domain": "bank",
                "SchemaImage": "bank_fraud_report.jpg",
                "Task": "bank_fraud_report"
            }
        ],
        "WizardTask": "Follow the flow charts and help the user. Some facts you should be aware of: \n\n* You are the customer service AI of the international banking system"
    },
    "UserQuestionnaire": [
        {
            "Answer": true,
            "Question": "Did the assistant stay calm and helpful throughout the dialogue?"
        }
    ],
    "WizardQuestionnaire": [
        {
            "Answer": false,
            "Question": "Did the user seem confused? (He or she may have been instructed to be.)"
        },
        {
            "Answer": false,
            "Question": "Did the user change his/her mind about what he/she wants at any time?"
        },
        {
            "Answer": false,
            "Question": "Did the user become aggressive or annoyed during the dialogue? (Note: some users may be instructed to be annoying.)"
        },
        {
            "Answer": false,
            "Question": "Where you unsure about what to do at any time? (Feel free to send us an email with details.)"
        }
    ]
}