{
    "AnonymizedUserWorkerID": "f76f8d4d-5223-f6a7-71bb-8abf87118490",
    "AnonymizedWizardWorkerID": "62eeec70-6c47-578d-fd46-fef2b9b6d543",
    "BatchID": "woz_1589554725",
    "CompletionLevel": "Complete",
    "DialogueID": 3821,
    "Events": [
        {
            "Action": "instruct",
            "Agent": "UserGuide",
            "Text": "Your task is written on the left panel. [instruction 1 of 4]",
            "UnixTime": 1589605045
        },
        {
            "Action": "utter",
            "Agent": "User",
            "Text": "Trivia time!",
            "UnixTime": 1589605058,
            "PredictedBeliefState": {},
            "ActionLabel": [
                "user_trivia_ask_trivia"
            ]
        },
        {
            "Action": "request_suggestions",
            "Agent": "Wizard",
            "Text": "question",
            "UnixTime": 1589605063
        },
        {
            "Action": "request_suggestions",
            "Agent": "Wizard",
            "Text": "what question",
            "UnixTime": 1589605067
        },
        {
            "Action": "pick_suggestion",
            "ActionLabel": "trivia_ask_question_number",
            "ActionLabelOptions": [
                "trivia_ask_question_number",
                "trivia_inform_nothing_found",
                "out_of_scope"
            ],
            "Agent": "Wizard",
            "Text": "At what question would you like to start?",
            "UnixTime": 1589605070
        },
        {
            "Action": "utter",
            "Agent": "User",
            "Text": "Question 5 please, that's where I stopped last time.",
            "UnixTime": 1589605089,
            "PredictedBeliefState": {
                "QuestionNum": "5"
            },
            "ActionLabel": [
                "user_trivia_inform_question_number"
            ]
        },
        {
            "Action": "instruct",
            "Agent": "UserGuide",
            "Text": "Engage in some smalltalk. [instruction 2 of 4]",
            "UnixTime": 1589605089
        },
        {
            "APIName": "trivia",
            "Action": "query",
            "Agent": "Wizard",
            "Constraints": [
                {
                    "QuestionNum": "5"
                }
            ],
            "UnixTime": 1589605095
        },
        {
            "APIName": "trivia",
            "Action": "return_item",
            "Agent": "KnowledgeBase",
            "Item": {
                "APIName": "trivia",
                "Answer": "wind",
                "Question": "A 'sirocco' refers to a type of ____"
            },
            "TotalItems": -1,
            "PredictedBeliefState": {
                "QuestionNum": "5"
            },
            "ActionLabel": [
                "db_inform_question"
            ]
        },
        {
            "Action": "request_suggestions",
            "Agent": "Wizard",
            "PrimaryItem": {
                "APIName": "trivia",
                "Answer": "wind",
                "Question": "A 'sirocco' refers to a type of ____"
            },
            "Text": "a sirocco",
            "UnixTime": 1589605098
        },
        {
            "Action": "pick_suggestion",
            "ActionLabel": "trivia_ask_question",
            "ActionLabelOptions": [
                "trivia_ask_question",
                "trivia_inform_answer_2_ask_next",
                "hello"
            ],
            "Agent": "Wizard",
            "PrimaryItem": {
                "APIName": "trivia",
                "Answer": "wind",
                "Question": "A 'sirocco' refers to a type of ____"
            },
            "Text": "A 'sirocco' refers to a type of ____",
            "UnixTime": 1589605100
        },
        {
            "Action": "utter",
            "Agent": "User",
            "Text": "That is wind. I actually wanted to start from question 3. Is that possible?",
            "UnixTime": 1589605132,
            "PredictedBeliefState": {
                "QuestionNum": "3"
            },
            "ActionLabel": [
                "user_trivia_inform_question_number",
                "user_trivia_answer"
            ]
        },
        {
            "APIName": "trivia",
            "Action": "query",
            "Agent": "Wizard",
            "Constraints": [
                {
                    "QuestionNum": "3"
                }
            ],
            "PrimaryItem": {
                "APIName": "trivia",
                "Answer": "wind",
                "Question": "A 'sirocco' refers to a type of ____"
            },
            "UnixTime": 1589605143
        },
        {
            "APIName": "trivia",
            "Action": "return_item",
            "Agent": "KnowledgeBase",
            "Item": {
                "APIName": "trivia",
                "Answer": "snail",
                "Question": "A ____ takes 33 hours to crawl one mile"
            },
            "TotalItems": -1,
            "PredictedBeliefState": {
                "QuestionNum": "3"
            },
            "ActionLabel": [
                "result_bad_label"
            ]
        },
        {
            "Action": "request_suggestions",
            "Agent": "Wizard",
            "PrimaryItem": {
                "APIName": "trivia",
                "Answer": "snail",
                "Question": "A ____ takes 33 hours to crawl one mile"
            },
            "Text": "correct",
            "UnixTime": 1589605151
        },
        {
            "Action": "pick_suggestion",
            "ActionLabel": "trivia_inform_answer_correct_ask_next",
            "ActionLabelOptions": [
                "trivia_inform_answer_correct_ask_next",
                "out_of_scope",
                "trivia_inform_answer_incorrect_ask_next"
            ],
            "Agent": "Wizard",
            "PrimaryItem": {
                "APIName": "trivia",
                "Answer": "snail",
                "Question": "A ____ takes 33 hours to crawl one mile"
            },
            "Text": "Your answer was correct! Great job! Would you like to continue playing?",
            "UnixTime": 1589605154
        },
        {
            "Action": "utter",
            "Agent": "User",
            "Text": "Yes. I had a really hard day. It felt so much longer than usual.",
            "UnixTime": 1589605183,
            "PredictedBeliefState": {
                "QuestionNum": "3"
            },
            "ActionLabel": [
                "user_trivia_next_question"
            ]
        },
        {
            "Action": "instruct",
            "Agent": "UserGuide",
            "Text": "Say something about the questions. [instruction 3 of 4]",
            "UnixTime": 1589605183
        },
        {
            "Action": "request_suggestions",
            "Agent": "Wizard",
            "PrimaryItem": {
                "APIName": "trivia",
                "Answer": "snail",
                "Question": "A ____ takes 33 hours to crawl one mile"
            },
            "Text": "a takes",
            "UnixTime": 1589605194
        },
        {
            "Action": "pick_suggestion",
            "ActionLabel": "trivia_ask_question",
            "ActionLabelOptions": [
                "trivia_ask_question",
                "hello",
                "trivia_bye"
            ],
            "Agent": "Wizard",
            "PrimaryItem": {
                "APIName": "trivia",
                "Answer": "snail",
                "Question": "A ____ takes 33 hours to crawl one mile"
            },
            "Text": "A ____ takes 33 hours to crawl one mile",
            "UnixTime": 1589605197
        },
        {
            "Action": "utter",
            "Agent": "User",
            "Text": "Snail is the answer. These are pretty simple questions. My 6 year old niece might be able to answer them.",
            "UnixTime": 1589605246,
            "PredictedBeliefState": {
                "QuestionNum": "3"
            },
            "ActionLabel": [
                "user_trivia_answer"
            ]
        },
        {
            "Action": "instruct",
            "Agent": "UserGuide",
            "Text": "Ok, just keep going until you've completed your task (see left panel). [instruction 4 of 4]",
            "UnixTime": 1589605246
        },
        {
            "Action": "request_suggestions",
            "Agent": "Wizard",
            "PrimaryItem": {
                "APIName": "trivia",
                "Answer": "snail",
                "Question": "A ____ takes 33 hours to crawl one mile"
            },
            "Text": "correct ",
            "UnixTime": 1589605253
        },
        {
            "Action": "pick_suggestion",
            "ActionLabel": "trivia_inform_answer_correct_ask_next",
            "ActionLabelOptions": [
                "trivia_inform_answer_correct_ask_next",
                "out_of_scope",
                "trivia_inform_answer_incorrect_ask_next"
            ],
            "Agent": "Wizard",
            "PrimaryItem": {
                "APIName": "trivia",
                "Answer": "snail",
                "Question": "A ____ takes 33 hours to crawl one mile"
            },
            "Text": "Your answer was correct! Great job! Would you like to continue playing?",
            "UnixTime": 1589605255
        },
        {
            "Action": "utter",
            "Agent": "User",
            "Text": "Yes",
            "UnixTime": 1589605260,
            "PredictedBeliefState": {
                "QuestionNum": "3"
            },
            "ActionLabel": [
                "user_bad_label"
            ]
        },
        {
            "Action": "request_suggestions",
            "Agent": "Wizard",
            "PrimaryItem": {
                "APIName": "trivia",
                "Answer": "snail",
                "Question": "A ____ takes 33 hours to crawl one mile"
            },
            "Text": "question",
            "UnixTime": 1589605265
        },
        {
            "Action": "pick_suggestion",
            "ActionLabel": "trivia_ask_question_number",
            "ActionLabelOptions": [
                "trivia_inform_answer_2_ask_next",
                "trivia_ask_question_number",
                "trivia_inform_answer_incorrect_ask_next"
            ],
            "Agent": "Wizard",
            "PrimaryItem": {
                "APIName": "trivia",
                "Answer": "snail",
                "Question": "A ____ takes 33 hours to crawl one mile"
            },
            "Text": "At what question would you like to start?",
            "UnixTime": 1589605268
        },
        {
            "Action": "utter",
            "Agent": "User",
            "Text": "Did we do question 4?",
            "UnixTime": 1589605296,
            "PredictedBeliefState": {
                "QuestionNum": "4"
            },
            "ActionLabel": [
                "user_trivia_inform_question_number"
            ]
        },
        {
            "APIName": "trivia",
            "Action": "query",
            "Agent": "Wizard",
            "Constraints": [
                {
                    "QuestionNum": "4"
                }
            ],
            "PrimaryItem": {
                "APIName": "trivia",
                "Answer": "snail",
                "Question": "A ____ takes 33 hours to crawl one mile"
            },
            "UnixTime": 1589605302
        },
        {
            "APIName": "trivia",
            "Action": "return_item",
            "Agent": "KnowledgeBase",
            "Item": {
                "APIName": "trivia",
                "Answer": "poem",
                "Question": "A ____ written to celebrate a wedding is called a epithalamium"
            },
            "TotalItems": -1,
            "PredictedBeliefState": {
                "QuestionNum": "4"
            },
            "ActionLabel": [
                "db_inform_question"
            ]
        },
        {
            "Action": "request_suggestions",
            "Agent": "Wizard",
            "PrimaryItem": {
                "APIName": "trivia",
                "Answer": "poem",
                "Question": "A ____ written to celebrate a wedding is called a epithalamium"
            },
            "Text": "a written",
            "UnixTime": 1589605307
        },
        {
            "Action": "pick_suggestion",
            "ActionLabel": "trivia_ask_question",
            "ActionLabelOptions": [
                "trivia_ask_question",
                "trivia_inform_answer_2_ask_next",
                "out_of_scope"
            ],
            "Agent": "Wizard",
            "PrimaryItem": {
                "APIName": "trivia",
                "Answer": "poem",
                "Question": "A ____ written to celebrate a wedding is called a epithalamium"
            },
            "Text": "A ____ written to celebrate a wedding is called a epithalamium",
            "UnixTime": 1589605310
        },
        {
            "Action": "utter",
            "Agent": "User",
            "Text": "poem",
            "UnixTime": 1589605316,
            "PredictedBeliefState": {
                "QuestionNum": "4"
            },
            "ActionLabel": [
                "user_trivia_answer"
            ]
        },
        {
            "Action": "request_suggestions",
            "Agent": "Wizard",
            "PrimaryItem": {
                "APIName": "trivia",
                "Answer": "poem",
                "Question": "A ____ written to celebrate a wedding is called a epithalamium"
            },
            "Text": "correct",
            "UnixTime": 1589605320
        },
        {
            "Action": "pick_suggestion",
            "ActionLabel": "trivia_inform_answer_correct_ask_next",
            "ActionLabelOptions": [
                "trivia_inform_answer_correct_ask_next",
                "out_of_scope",
                "trivia_inform_answer_incorrect_ask_next"
            ],
            "Agent": "Wizard",
            "PrimaryItem": {
                "APIName": "trivia",
                "Answer": "poem",
                "Question": "A ____ written to celebrate a wedding is called a epithalamium"
            },
            "Text": "Your answer was correct! Great job! Would you like to continue playing?",
            "UnixTime": 1589605322
        },
        {
            "Action": "utter",
            "Agent": "User",
            "Text": "Yes, I think we already did 5, might have to skip to 6.",
            "UnixTime": 1589605343,
            "PredictedBeliefState": {
                "QuestionNum": "6"
            },
            "ActionLabel": [
                "user_trivia_inform_question_number",
                "user_trivia_next_question"
            ]
        },
        {
            "APIName": "trivia",
            "Action": "query",
            "Agent": "Wizard",
            "Constraints": [
                {
                    "QuestionNum": "6"
                }
            ],
            "PrimaryItem": {
                "APIName": "trivia",
                "Answer": "poem",
                "Question": "A ____ written to celebrate a wedding is called a epithalamium"
            },
            "UnixTime": 1589605352
        },
        {
            "APIName": "trivia",
            "Action": "return_item",
            "Agent": "KnowledgeBase",
            "Item": {
                "APIName": "trivia",
                "Answer": "three",
                "Question": "A 3 1/2' floppy disk measures ____ & 1/2 inches across"
            },
            "TotalItems": -1,
            "PredictedBeliefState": {
                "QuestionNum": "6"
            },
            "ActionLabel": [
                "db_inform_question"
            ]
        },
        {
            "Action": "request_suggestions",
            "Agent": "Wizard",
            "PrimaryItem": {
                "APIName": "trivia",
                "Answer": "three",
                "Question": "A 3 1/2' floppy disk measures ____ & 1/2 inches across"
            },
            "Text": "a 3 1/2 floppy disk",
            "UnixTime": 1589605361
        },
        {
            "Action": "pick_suggestion",
            "ActionLabel": "trivia_ask_question",
            "ActionLabelOptions": [
                "trivia_ask_question",
                "trivia_inform_answer_2_ask_next",
                "out_of_scope"
            ],
            "Agent": "Wizard",
            "PrimaryItem": {
                "APIName": "trivia",
                "Answer": "three",
                "Question": "A 3 1/2' floppy disk measures ____ & 1/2 inches across"
            },
            "Text": "A 3 1/2' floppy disk measures ____ & 1/2 inches across",
            "UnixTime": 1589605366
        },
        {
            "Action": "utter",
            "Agent": "User",
            "Text": "3",
            "UnixTime": 1589605370,
            "PredictedBeliefState": {
                "QuestionNum": "6"
            },
            "ActionLabel": [
                "user_trivia_answer"
            ]
        },
        {
            "Action": "request_suggestions",
            "Agent": "Wizard",
            "PrimaryItem": {
                "APIName": "trivia",
                "Answer": "three",
                "Question": "A 3 1/2' floppy disk measures ____ & 1/2 inches across"
            },
            "Text": "correct",
            "UnixTime": 1589605374
        },
        {
            "Action": "pick_suggestion",
            "ActionLabel": "trivia_inform_answer_correct_ask_next",
            "ActionLabelOptions": [
                "trivia_inform_answer_correct_ask_next",
                "out_of_scope",
                "trivia_inform_answer_incorrect_ask_next"
            ],
            "Agent": "Wizard",
            "PrimaryItem": {
                "APIName": "trivia",
                "Answer": "three",
                "Question": "A 3 1/2' floppy disk measures ____ & 1/2 inches across"
            },
            "Text": "Your answer was correct! Great job! Would you like to continue playing?",
            "UnixTime": 1589605376
        },
        {
            "Action": "utter",
            "Agent": "User",
            "Text": "Yes, one more.",
            "UnixTime": 1589605385,
            "PredictedBeliefState": {
                "QuestionNum": "6"
            },
            "ActionLabel": [
                "user_bad_label"
            ]
        },
        {
            "Action": "request_suggestions",
            "Agent": "Wizard",
            "PrimaryItem": {
                "APIName": "trivia",
                "Answer": "three",
                "Question": "A 3 1/2' floppy disk measures ____ & 1/2 inches across"
            },
            "Text": "what quesiton",
            "UnixTime": 1589605390
        },
        {
            "Action": "pick_suggestion",
            "ActionLabel": "trivia_ask_question_number",
            "ActionLabelOptions": [
                "out_of_scope",
                "trivia_inform_answer_2_ask_next",
                "trivia_ask_question_number"
            ],
            "Agent": "Wizard",
            "PrimaryItem": {
                "APIName": "trivia",
                "Answer": "three",
                "Question": "A 3 1/2' floppy disk measures ____ & 1/2 inches across"
            },
            "Text": "At what question would you like to start?",
            "UnixTime": 1589605392
        },
        {
            "Action": "utter",
            "Agent": "User",
            "Text": "The next one.",
            "UnixTime": 1589605399,
            "PredictedBeliefState": {
                "QuestionNum": "6"
            },
            "ActionLabel": []
        },
        {
            "APIName": "trivia",
            "Action": "query",
            "Agent": "Wizard",
            "Constraints": [
                {
                    "QuestionNum": "7"
                }
            ],
            "PrimaryItem": {
                "APIName": "trivia",
                "Answer": "three",
                "Question": "A 3 1/2' floppy disk measures ____ & 1/2 inches across"
            },
            "UnixTime": 1589605404
        },
        {
            "APIName": "trivia",
            "Action": "return_item",
            "Agent": "KnowledgeBase",
            "Item": {
                "APIName": "trivia",
                "Answer": "do not iron",
                "Question": "A 300,000 pound wedding dress made of platinum was once exhibited, and in the instructions from the designer was a warning. What was it"
            },
            "TotalItems": -1,
            "PredictedBeliefState": {
                "QuestionNum": "6"
            },
            "ActionLabel": [
                "db_inform_question"
            ]
        },
        {
            "APIName": "trivia",
            "Action": "query",
            "Agent": "Wizard",
            "Constraints": [
                {
                    "QuestionNum": "8"
                }
            ],
            "PrimaryItem": {
                "APIName": "trivia",
                "Answer": "do not iron",
                "Question": "A 300,000 pound wedding dress made of platinum was once exhibited, and in the instructions from the designer was a warning. What was it"
            },
            "UnixTime": 1589605413
        },
        {
            "APIName": "trivia",
            "Action": "return_item",
            "Agent": "KnowledgeBase",
            "Item": {
                "APIName": "trivia",
                "Answer": "two in the bush",
                "Question": "A bird in the hand is worth ____"
            },
            "TotalItems": -1,
            "PredictedBeliefState": {
                "QuestionNum": "6"
            },
            "ActionLabel": [
                "db_inform_question"
            ]
        },
        {
            "APIName": "trivia",
            "Action": "query",
            "Agent": "Wizard",
            "Constraints": [
                {
                    "QuestionNum": "9"
                }
            ],
            "PrimaryItem": {
                "APIName": "trivia",
                "Answer": "two in the bush",
                "Question": "A bird in the hand is worth ____"
            },
            "UnixTime": 1589605418
        },
        {
            "APIName": "trivia",
            "Action": "return_item",
            "Agent": "KnowledgeBase",
            "Item": {
                "APIName": "trivia",
                "Answer": "briquette",
                "Question": "A block of compressed coal dust used as fuel"
            },
            "TotalItems": -1,
            "PredictedBeliefState": {
                "QuestionNum": "6"
            },
            "ActionLabel": [
                "db_inform_question"
            ]
        },
        {
            "Action": "request_suggestions",
            "Agent": "Wizard",
            "PrimaryItem": {
                "APIName": "trivia",
                "Answer": "briquette",
                "Question": "A block of compressed coal dust used as fuel"
            },
            "Text": "a block of ",
            "UnixTime": 1589605422
        },
        {
            "Action": "pick_suggestion",
            "ActionLabel": "trivia_ask_question",
            "ActionLabelOptions": [
                "trivia_ask_question",
                "trivia_inform_answer_2_ask_next",
                "trivia_ask_question_number"
            ],
            "Agent": "Wizard",
            "PrimaryItem": {
                "APIName": "trivia",
                "Answer": "briquette",
                "Question": "A block of compressed coal dust used as fuel"
            },
            "Text": "A block of compressed coal dust used as fuel",
            "UnixTime": 1589605425
        },
        {
            "Action": "utter",
            "Agent": "User",
            "Text": "briquette",
            "UnixTime": 1589605434,
            "PredictedBeliefState": {
                "QuestionNum": "6"
            },
            "ActionLabel": [
                "user_trivia_answer"
            ]
        },
        {
            "Action": "request_suggestions",
            "Agent": "Wizard",
            "PrimaryItem": {
                "APIName": "trivia",
                "Answer": "briquette",
                "Question": "A block of compressed coal dust used as fuel"
            },
            "Text": "corret",
            "UnixTime": 1589605438
        },
        {
            "Action": "request_suggestions",
            "Agent": "Wizard",
            "PrimaryItem": {
                "APIName": "trivia",
                "Answer": "briquette",
                "Question": "A block of compressed coal dust used as fuel"
            },
            "Text": "correct",
            "UnixTime": 1589605445
        },
        {
            "Action": "pick_suggestion",
            "ActionLabel": "trivia_inform_answer_correct_ask_next",
            "ActionLabelOptions": [
                "trivia_inform_answer_correct_ask_next",
                "out_of_scope",
                "trivia_inform_answer_incorrect_ask_next"
            ],
            "Agent": "Wizard",
            "PrimaryItem": {
                "APIName": "trivia",
                "Answer": "briquette",
                "Question": "A block of compressed coal dust used as fuel"
            },
            "Text": "Your answer was correct! Great job! Would you like to continue playing?",
            "UnixTime": 1589605447
        },
        {
            "Action": "utter",
            "Agent": "User",
            "Text": "No, can you tell me my score?",
            "UnixTime": 1589605461,
            "PredictedBeliefState": {
                "QuestionNum": "6"
            },
            "ActionLabel": [
                "user_bad_label"
            ]
        },
        {
            "Action": "request_suggestions",
            "Agent": "Wizard",
            "PrimaryItem": {
                "APIName": "trivia",
                "Answer": "briquette",
                "Question": "A block of compressed coal dust used as fuel"
            },
            "Text": "You got 5 out of 5 correct!",
            "UnixTime": 1589605485
        },
        {
            "Action": "utter",
            "Agent": "Wizard",
            "PrimaryItem": {
                "APIName": "trivia",
                "Answer": "briquette",
                "Question": "A block of compressed coal dust used as fuel"
            },
            "Text": "You got 5 out of 5 correct! Amazing!",
            "UnixTime": 1589605498
        },
        {
            "Action": "utter",
            "Agent": "User",
            "Text": "I knew it. Thanks, I love the trivia!",
            "UnixTime": 1589605518,
            "PredictedBeliefState": {
                "QuestionNum": "6"
            },
            "ActionLabel": [
                "user_trivia_goodbye"
            ]
        },
        {
            "Action": "request_suggestions",
            "Agent": "Wizard",
            "PrimaryItem": {
                "APIName": "trivia",
                "Answer": "briquette",
                "Question": "A block of compressed coal dust used as fuel"
            },
            "Text": "nice job",
            "UnixTime": 1589605524
        },
        {
            "Action": "pick_suggestion",
            "ActionLabel": "trivia_bye",
            "ActionLabelOptions": [
                "trivia_bye",
                "trivia_inform_answer_correct_ask_next",
                "trivia_inform_nothing_found"
            ],
            "Agent": "Wizard",
            "PrimaryItem": {
                "APIName": "trivia",
                "Answer": "briquette",
                "Question": "A block of compressed coal dust used as fuel"
            },
            "Text": "Nice playing with you, bye!",
            "UnixTime": 1589605530
        },
        {
            "Action": "complete",
            "Agent": "User",
            "UnixTime": 1589605533
        }
    ],
    "FORMAT-VERSION": 7,
    "IntroducesConflicts": false,
    "Scenario": {
        "Domains": [
            null
        ],
        "Happy": false,
        "MultiTask": false,
        "UserTask": "You would like to play a game of trivia. You've already answered some of the questions, so you should start from question 3 and play 5 questions. You have answers for the following questions: (10) airlock, (11) bodkin, (9) briquette. For the rest, try your best!",
        "WizardCapabilities": [
            {
                "Domain": null,
                "SchemaImage": "trivia.jpg",
                "Task": "trivia"
            }
        ],
        "WizardTask": "Let the user play a trivia game. Query for and ask the questions until the user wants to stop."
    },
    "UserQuestionnaire": [
        {
            "Answer": true,
            "Question": "Did the AI Assistant succesfully run the trivia quiz?"
        },
        {
            "Answer": true,
            "Question": "Did the AI Assistant stay calm and helpful throughout the dialogue?"
        }
    ],
    "WizardQuestionnaire": [
        {
            "Answer": false,
            "Question": "Did the user change his/her mind about what he/she wants at any time?"
        },
        {
            "Answer": false,
            "Question": "Did the user become aggressive or annoyed during the dialogue? (Note: some users may be instructed to be annoying.)"
        },
        {
            "Answer": false,
            "Question": "Where you unsure about what to do at any time? (Feel free to send us an email with details.)"
        }
    ]
}