{
    "AnonymizedUserWorkerID": "6cb66f0b-1a8b-fec4-b481-96b6da01d513",
    "AnonymizedWizardWorkerID": "58be375a-caa2-7735-72af-2683a9d7dda2",
    "BatchID": "woz_1589554725",
    "CompletionLevel": "Complete",
    "DialogueID": 3898,
    "Events": [
        {
            "Action": "utter",
            "Agent": "User",
            "Text": "Hi, I am John and need a ride from 5th and Main to Forbes and Murray, please.",
            "UnixTime": 1589579887,
            "PredictedBeliefState": {
                "ArrivalLocation": "forbes and murray",
                "CustomerName": "john",
                "DepartureLocation": "5th and main"
            },
            "ActionLabel": [
                "user_ride_book_inform_destination",
                "user_ride_book_inform_name",
                "user_ride_book_inform_departure_location",
                "user_ride_book_ask_ride_book"
            ]
        },
        {
            "APIName": "ride_book",
            "Action": "query",
            "Agent": "Wizard",
            "Constraints": [
                {
                    "CustomerName": "\"John\""
                },
                {
                    "DepartureLocation": "\"5th and Main\""
                },
                {
                    "ArrivalLocation": "\"Forbes and Murray\""
                },
                {
                    "RequestType": "\"Check\""
                }
            ],
            "UnixTime": 1589579904
        },
        {
            "APIName": "ride_book",
            "Action": "return_item",
            "Agent": "KnowledgeBase",
            "Item": {
                "APIName": "ride_book",
                "AllowsChanges": true,
                "ArrivalLocation": "Forbes and Murray",
                "CarModel": "Toyota",
                "CustomerName": "John",
                "DepartureLocation": "5th and Main",
                "DriverName": "Ella",
                "LicensePlate": "313 EA9",
                "MinutesTillPickup": 16,
                "Price": 29,
                "ServiceProvider": "Lyft",
                "id": 725
            },
            "TotalItems": -1,
            "PredictedBeliefState": {
                "ArrivalLocation": "forbes and murray",
                "CustomerName": "john",
                "DepartureLocation": "5th and main"
            },
            "ActionLabel": [
                "db_ask_confirm_booking"
            ]
        },
        {
            "Action": "request_suggestions",
            "Agent": "Wizard",
            "PrimaryItem": {
                "APIName": "ride_book",
                "AllowsChanges": true,
                "ArrivalLocation": "Forbes and Murray",
                "CarModel": "Toyota",
                "CustomerName": "John",
                "DepartureLocation": "5th and Main",
                "DriverName": "Ella",
                "LicensePlate": "313 EA9",
                "MinutesTillPickup": 16,
                "Price": 29,
                "ServiceProvider": "Lyft",
                "id": 725
            },
            "Text": "i found this",
            "UnixTime": 1589579907
        },
        {
            "Action": "pick_suggestion",
            "ActionLabel": "ride_ask_confirm_booking",
            "ActionLabelOptions": [
                "ride_ask_confirm_booking",
                "hello",
                "anything_else"
            ],
            "Agent": "Wizard",
            "PrimaryItem": {
                "APIName": "ride_book",
                "AllowsChanges": true,
                "ArrivalLocation": "Forbes and Murray",
                "CarModel": "Toyota",
                "CustomerName": "John",
                "DepartureLocation": "5th and Main",
                "DriverName": "Ella",
                "LicensePlate": "313 EA9",
                "MinutesTillPickup": 16,
                "Price": 29,
                "ServiceProvider": "Lyft",
                "id": 725
            },
            "Text": "I found a Lyft ride for you from '5th and Main' to 'Forbes and Murray' for 29 credits\nthat could pick you up in 16 minutes. Should I book that for you?",
            "UnixTime": 1589579908
        },
        {
            "Action": "utter",
            "Agent": "User",
            "Text": "Yes that will be perfect!",
            "UnixTime": 1589579920,
            "PredictedBeliefState": {
                "CustomerName": "john",
                "ArrivalLocation": "forbes and murray",
                "DepartureLocation": "5th and main"
            },
            "ActionLabel": [
                "user_ride_book_confirm_booking"
            ]
        },
        {
            "Action": "instruct",
            "Agent": "UserGuide",
            "Text": "You remember, last time your driver was Connor and he got lost and you ended up missing an important appointment. Make sure you get another driver this time. [instruction 1 of 3]",
            "UnixTime": 1589579920
        },
        {
            "Action": "request_suggestions",
            "Agent": "Wizard",
            "PrimaryItem": {
                "APIName": "ride_book",
                "AllowsChanges": true,
                "ArrivalLocation": "Forbes and Murray",
                "CarModel": "Toyota",
                "CustomerName": "John",
                "DepartureLocation": "5th and Main",
                "DriverName": "Ella",
                "LicensePlate": "313 EA9",
                "MinutesTillPickup": 16,
                "Price": 29,
                "ServiceProvider": "Lyft",
                "id": 725
            },
            "Text": "great",
            "UnixTime": 1589579925
        },
        {
            "Action": "pick_suggestion",
            "ActionLabel": "ride_confirm_booking",
            "ActionLabelOptions": [
                "ride_bye",
                "ride_confirm_booking",
                "ride_ask_departure"
            ],
            "Agent": "Wizard",
            "PrimaryItem": {
                "APIName": "ride_book",
                "AllowsChanges": true,
                "ArrivalLocation": "Forbes and Murray",
                "CarModel": "Toyota",
                "CustomerName": "John",
                "DepartureLocation": "5th and Main",
                "DriverName": "Ella",
                "LicensePlate": "313 EA9",
                "MinutesTillPickup": 16,
                "Price": 29,
                "ServiceProvider": "Lyft",
                "id": 725
            },
            "Text": "Ok, I have booked you a ride with licence plate '313 EA9'. Your booking ID is '725'.",
            "UnixTime": 1589579927
        },
        {
            "Action": "utter",
            "Agent": "User",
            "Text": "Oh wait, make sure the name is not Connor. Last time I missed a Dr. appointment.",
            "UnixTime": 1589579955,
            "PredictedBeliefState": {
                "ArrivalLocation": "forbes and murray",
                "DepartureLocation": "5th and main",
                "CustomerName": "john"
            },
            "ActionLabel": [
                "user_bad_label"
            ]
        },
        {
            "Action": "instruct",
            "Agent": "UserGuide",
            "Text": "You forgot that your friend told you to meet at the BrewLab cafe at Craig and Center not Forbes and Murray. Tell the assistant you want a ride to Craig and Center. [instruction 2 of 3]",
            "UnixTime": 1589579955
        },
        {
            "Action": "request_suggestions",
            "Agent": "Wizard",
            "PrimaryItem": {
                "APIName": "ride_book",
                "AllowsChanges": true,
                "ArrivalLocation": "Forbes and Murray",
                "CarModel": "Toyota",
                "CustomerName": "John",
                "DepartureLocation": "5th and Main",
                "DriverName": "Ella",
                "LicensePlate": "313 EA9",
                "MinutesTillPickup": 16,
                "Price": 29,
                "ServiceProvider": "Lyft",
                "id": 725
            },
            "Text": "its ella",
            "UnixTime": 1589579966
        },
        {
            "Action": "pick_suggestion",
            "ActionLabel": "ride_provide_driver_details",
            "ActionLabelOptions": [
                "ride_provide_driver_details",
                "ask_name",
                "hello"
            ],
            "Agent": "Wizard",
            "PrimaryItem": {
                "APIName": "ride_book",
                "AllowsChanges": true,
                "ArrivalLocation": "Forbes and Murray",
                "CarModel": "Toyota",
                "CustomerName": "John",
                "DepartureLocation": "5th and Main",
                "DriverName": "Ella",
                "LicensePlate": "313 EA9",
                "MinutesTillPickup": 16,
                "Price": 29,
                "ServiceProvider": "Lyft",
                "id": 725
            },
            "Text": "Your driver will be Ella.",
            "UnixTime": 1589579968
        },
        {
            "Action": "utter",
            "Agent": "User",
            "Text": "Ok great, but my friend wants to meet at BrewLab cafe at Craig and Center now, can you change that.",
            "UnixTime": 1589580008,
            "PredictedBeliefState": {
                "CustomerName": "john",
                "DepartureLocation": "5th and main",
                "ArrivalLocation": "brewlab cafe"
            },
            "ActionLabel": [
                "user_ride_book_inform_destination"
            ]
        },
        {
            "Action": "instruct",
            "Agent": "UserGuide",
            "Text": "You are a big fan of classy European cars. Ask for the car to be a BMW. [instruction 3 of 3]",
            "UnixTime": 1589580008
        },
        {
            "APIName": "ride_book",
            "Action": "query",
            "Agent": "Wizard",
            "Constraints": [
                {
                    "CustomerName": "\"John\""
                },
                {
                    "DepartureLocation": "\"5th and Main\""
                },
                {
                    "ArrivalLocation": "\"Craig and Center\""
                },
                {
                    "RequestType": "\"Book\""
                }
            ],
            "PrimaryItem": {
                "APIName": "ride_book",
                "AllowsChanges": true,
                "ArrivalLocation": "Forbes and Murray",
                "CarModel": "Toyota",
                "CustomerName": "John",
                "DepartureLocation": "5th and Main",
                "DriverName": "Ella",
                "LicensePlate": "313 EA9",
                "MinutesTillPickup": 16,
                "Price": 29,
                "ServiceProvider": "Lyft",
                "id": 725
            },
            "UnixTime": 1589580017
        },
        {
            "APIName": "ride_book",
            "Action": "return_item",
            "Agent": "KnowledgeBase",
            "Item": {
                "APIName": "ride_book",
                "Message": "Ride booked."
            },
            "TotalItems": -1,
            "PredictedBeliefState": {
                "CustomerName": "john",
                "DepartureLocation": "5th and main",
                "ArrivalLocation": "brewlab cafe"
            },
            "ActionLabel": [
                "db_ask_confirm_booking"
            ]
        },
        {
            "APIName": "ride_book",
            "Action": "query",
            "Agent": "Wizard",
            "Constraints": [
                {
                    "CustomerName": "\"John\""
                },
                {
                    "DepartureLocation": "\"5th and Main\""
                },
                {
                    "ArrivalLocation": "\"Craig and Center\""
                },
                {
                    "RequestType": "\"Check\""
                }
            ],
            "PrimaryItem": {
                "APIName": "ride_book",
                "Message": "Ride booked."
            },
            "UnixTime": 1589580022
        },
        {
            "APIName": "ride_book",
            "Action": "return_item",
            "Agent": "KnowledgeBase",
            "Item": {
                "APIName": "ride_book",
                "AllowsChanges": true,
                "ArrivalLocation": "Craig and Center",
                "CarModel": "Corolla",
                "CustomerName": "John",
                "DepartureLocation": "5th and Main",
                "DriverName": "Dave",
                "LicensePlate": "019 EAS",
                "MinutesTillPickup": 17,
                "Price": 47,
                "ServiceProvider": "Uber",
                "id": 194
            },
            "TotalItems": -1,
            "PredictedBeliefState": {
                "CustomerName": "john",
                "DepartureLocation": "5th and main",
                "ArrivalLocation": "brewlab cafe"
            },
            "ActionLabel": [
                "db_ask_confirm_booking"
            ]
        },
        {
            "Action": "request_suggestions",
            "Agent": "Wizard",
            "PrimaryItem": {
                "APIName": "ride_book",
                "AllowsChanges": true,
                "ArrivalLocation": "Craig and Center",
                "CarModel": "Corolla",
                "CustomerName": "John",
                "DepartureLocation": "5th and Main",
                "DriverName": "Dave",
                "LicensePlate": "019 EAS",
                "MinutesTillPickup": 17,
                "Price": 47,
                "ServiceProvider": "Uber",
                "id": 194
            },
            "Text": " i found",
            "UnixTime": 1589580025
        },
        {
            "Action": "pick_suggestion",
            "ActionLabel": "ride_ask_confirm_booking",
            "ActionLabelOptions": [
                "ride_ask_confirm_booking",
                "hello",
                "anything_else"
            ],
            "Agent": "Wizard",
            "PrimaryItem": {
                "APIName": "ride_book",
                "AllowsChanges": true,
                "ArrivalLocation": "Craig and Center",
                "CarModel": "Corolla",
                "CustomerName": "John",
                "DepartureLocation": "5th and Main",
                "DriverName": "Dave",
                "LicensePlate": "019 EAS",
                "MinutesTillPickup": 17,
                "Price": 47,
                "ServiceProvider": "Uber",
                "id": 194
            },
            "Text": "I found a Uber ride for you from '5th and Main' to 'Craig and Center' for 47 credits\nthat could pick you up in 17 minutes. Should I book that for you?",
            "UnixTime": 1589580026
        },
        {
            "Action": "utter",
            "Agent": "User",
            "Text": "Do you think you could find a BMW as well, I love Euro cars.",
            "UnixTime": 1589580053,
            "PredictedBeliefState": {
                "CustomerName": "john",
                "DepartureLocation": "5th and main",
                "CarModel": "bmw",
                "ArrivalLocation": "craig and center"
            },
            "ActionLabel": [
                "user_ride_book_inform_destination"
            ]
        },
        {
            "APIName": "ride_book",
            "Action": "query",
            "Agent": "Wizard",
            "Constraints": [
                {
                    "CustomerName": "\"John\""
                },
                {
                    "DepartureLocation": "\"5th and Main\""
                },
                {
                    "ArrivalLocation": "\"Craig and Center\""
                },
                {
                    "RequestType": "\"Check\""
                },
                {
                    "CarModel": "\"BMW\""
                }
            ],
            "PrimaryItem": {
                "APIName": "ride_book",
                "AllowsChanges": true,
                "ArrivalLocation": "Craig and Center",
                "CarModel": "Corolla",
                "CustomerName": "John",
                "DepartureLocation": "5th and Main",
                "DriverName": "Dave",
                "LicensePlate": "019 EAS",
                "MinutesTillPickup": 17,
                "Price": 47,
                "ServiceProvider": "Uber",
                "id": 194
            },
            "UnixTime": 1589580065
        },
        {
            "APIName": "ride_book",
            "Action": "return_item",
            "Agent": "KnowledgeBase",
            "Item": {
                "APIName": "ride_book",
                "AllowsChanges": false,
                "ArrivalLocation": "Craig and Center",
                "CarModel": "BMW",
                "CustomerName": "John",
                "DepartureLocation": "5th and Main",
                "DriverName": "Alex",
                "LicensePlate": "031 NGA",
                "MinutesTillPickup": 12,
                "Price": 15,
                "ServiceProvider": "Uber",
                "id": 105
            },
            "TotalItems": -1,
            "PredictedBeliefState": {
                "CustomerName": "john",
                "DepartureLocation": "5th and main",
                "CarModel": "bmw",
                "ArrivalLocation": "craig and center"
            },
            "ActionLabel": [
                "db_ask_confirm_booking"
            ]
        },
        {
            "Action": "request_suggestions",
            "Agent": "Wizard",
            "PrimaryItem": {
                "APIName": "ride_book",
                "AllowsChanges": false,
                "ArrivalLocation": "Craig and Center",
                "CarModel": "BMW",
                "CustomerName": "John",
                "DepartureLocation": "5th and Main",
                "DriverName": "Alex",
                "LicensePlate": "031 NGA",
                "MinutesTillPickup": 12,
                "Price": 15,
                "ServiceProvider": "Uber",
                "id": 105
            },
            "Text": "i found",
            "UnixTime": 1589580067
        },
        {
            "Action": "pick_suggestion",
            "ActionLabel": "ride_ask_confirm_booking",
            "ActionLabelOptions": [
                "ride_ask_confirm_booking",
                "hello",
                "anything_else"
            ],
            "Agent": "Wizard",
            "PrimaryItem": {
                "APIName": "ride_book",
                "AllowsChanges": false,
                "ArrivalLocation": "Craig and Center",
                "CarModel": "BMW",
                "CustomerName": "John",
                "DepartureLocation": "5th and Main",
                "DriverName": "Alex",
                "LicensePlate": "031 NGA",
                "MinutesTillPickup": 12,
                "Price": 15,
                "ServiceProvider": "Uber",
                "id": 105
            },
            "Text": "I found a Uber ride for you from '5th and Main' to 'Craig and Center' for 15 credits\nthat could pick you up in 12 minutes. Should I book that for you?",
            "UnixTime": 1589580068
        },
        {
            "Action": "utter",
            "Agent": "User",
            "Text": "Great, please book it.",
            "UnixTime": 1589580078,
            "PredictedBeliefState": {
                "CustomerName": "john",
                "ArrivalLocation": "craig and center",
                "CarModel": "bmw",
                "DepartureLocation": "5th and main"
            },
            "ActionLabel": [
                "user_bad_label"
            ]
        },
        {
            "APIName": "ride_book",
            "Action": "query",
            "Agent": "Wizard",
            "Constraints": [
                {
                    "CustomerName": "\"John\""
                },
                {
                    "DepartureLocation": "\"5th and Main\""
                },
                {
                    "ArrivalLocation": "\"Craig and Center\""
                },
                {
                    "RequestType": "\"Book\""
                },
                {
                    "CarModel": "\"BMW\""
                }
            ],
            "PrimaryItem": {
                "APIName": "ride_book",
                "AllowsChanges": false,
                "ArrivalLocation": "Craig and Center",
                "CarModel": "BMW",
                "CustomerName": "John",
                "DepartureLocation": "5th and Main",
                "DriverName": "Alex",
                "LicensePlate": "031 NGA",
                "MinutesTillPickup": 12,
                "Price": 15,
                "ServiceProvider": "Uber",
                "id": 105
            },
            "UnixTime": 1589580083
        },
        {
            "APIName": "ride_book",
            "Action": "return_item",
            "Agent": "KnowledgeBase",
            "Item": {
                "APIName": "ride_book",
                "Message": "Ride booked."
            },
            "TotalItems": -1,
            "PredictedBeliefState": {
                "CustomerName": "john",
                "ArrivalLocation": "craig and center",
                "CarModel": "bmw",
                "DepartureLocation": "5th and main"
            },
            "ActionLabel": [
                "result_bad_label"
            ]
        },
        {
            "Action": "request_suggestions",
            "Agent": "Wizard",
            "PrimaryItem": {
                "APIName": "ride_book",
                "Message": "Ride booked."
            },
            "Text": "booked",
            "UnixTime": 1589580084
        },
        {
            "Action": "request_suggestions",
            "Agent": "Wizard",
            "PrimaryItem": {
                "APIName": "ride_book",
                "Message": "Ride booked."
            },
            "Text": "i booked the ride",
            "UnixTime": 1589580092
        },
        {
            "Action": "pick_suggestion",
            "ActionLabel": "custom",
            "ActionLabelOptions": [
                "custom"
            ],
            "Agent": "Wizard",
            "PrimaryItem": {
                "APIName": "ride_book",
                "Message": "Ride booked."
            },
            "Text": "i booked the ride",
            "UnixTime": 1589580094
        },
        {
            "Action": "utter",
            "Agent": "User",
            "Text": "Thanks again, have a great day.",
            "UnixTime": 1589580109,
            "PredictedBeliefState": {
                "DepartureLocation": "5th and main",
                "CarModel": "bmw",
                "ArrivalLocation": "craig and center",
                "CustomerName": "john"
            },
            "ActionLabel": [
                "user_ride_book_goodbye"
            ]
        },
        {
            "Action": "request_suggestions",
            "Agent": "Wizard",
            "PrimaryItem": {
                "APIName": "ride_book",
                "Message": "Ride booked."
            },
            "Text": "bye",
            "UnixTime": 1589580116
        },
        {
            "Action": "pick_suggestion",
            "ActionLabel": "ride_bye",
            "ActionLabelOptions": [
                "ride_bye",
                "ride_inform_search_criteria",
                "ride_ask_destination"
            ],
            "Agent": "Wizard",
            "PrimaryItem": {
                "APIName": "ride_book",
                "Message": "Ride booked."
            },
            "Text": "Goodbye. Enjoy your ride!",
            "UnixTime": 1589580117
        },
        {
            "Action": "complete",
            "Agent": "User",
            "UnixTime": 1589580120
        }
    ],
    "FORMAT-VERSION": 7,
    "IntroducesConflicts": false,
    "Scenario": {
        "Domains": [
            "ride"
        ],
        "Happy": false,
        "MultiTask": false,
        "UserTask": "You want a ride from '5th and Main' to 'Forbes and Murray'. Your name is John.",
        "WizardCapabilities": [
            {
                "Domain": "ride",
                "SchemaImage": "ride_book.jpg",
                "Task": "ride_book"
            }
        ],
        "WizardTask": "Help the user book a ride. (You can find the video tutorial under https://youtu.be/USrWF1ZyNWw, in case you want to watch it again.)"
    },
    "UserQuestionnaire": [
        {
            "Answer": true,
            "Question": "Did the assistant find you a suitable ride?"
        },
        {
            "Answer": true,
            "Question": "Did the assistant stay calm and helpful throughout the dialogue?"
        }
    ],
    "WizardQuestionnaire": [
        {
            "Answer": true,
            "Question": "Did the user change his/her mind about what he/she wants at any time?"
        },
        {
            "Answer": false,
            "Question": "Did the user become aggressive or annoyed during the dialogue? (Note: some users may be instructed to be annoying.)"
        },
        {
            "Answer": false,
            "Question": "Where you unsure about what to do at any time? (Feel free to send us an email with details.)"
        }
    ]
}