{
    "AnonymizedUserWorkerID": "750c3b94-faf8-5308-8f53-b3ede1581787",
    "AnonymizedWizardWorkerID": "8e6f72e5-259f-d0ee-89ea-aebab9197e85",
    "BatchID": "woz_1589554725",
    "CompletionLevel": "Complete",
    "DialogueID": 3907,
    "Events": [
        {
            "Action": "utter",
            "Agent": "User",
            "Text": "Hello",
            "UnixTime": 1589589998,
            "PredictedBeliefState": {},
            "ActionLabel": [
                "user_hello"
            ]
        },
        {
            "Action": "request_suggestions",
            "Agent": "Wizard",
            "Text": "hello can I help you",
            "UnixTime": 1589590007
        },
        {
            "Action": "pick_suggestion",
            "ActionLabel": "hello",
            "ActionLabelOptions": [
                "hello",
                "ask_name",
                "doctor_ask_symptoms"
            ],
            "Agent": "Wizard",
            "Text": "Hello, how can I help?",
            "UnixTime": 1589590010
        },
        {
            "Action": "utter",
            "Agent": "User",
            "Text": "My name is Angela and I would like to make an appointment with Dr. Alexis please.",
            "UnixTime": 1589590028,
            "PredictedBeliefState": {
                "PatientName": "angela",
                "Name": "dr. alexis"
            },
            "ActionLabel": [
                "user_doctor_schedule_inform_name",
                "user_doctor_schedule_inform_doctor_name",
                "user_bad_label"
            ]
        },
        {
            "Action": "request_suggestions",
            "Agent": "Wizard",
            "Text": "Can I get the day and time you would you like as well as your symptoms please?",
            "UnixTime": 1589590050
        },
        {
            "Action": "utter",
            "Agent": "Wizard",
            "Text": "Can I get the day and time you would like to schedule for as well as the symptoms you are experiencing please?",
            "UnixTime": 1589590081
        },
        {
            "Action": "utter",
            "Agent": "User",
            "Text": "I would prefer Saturday around 4pm please.  I have had a headache, dizziness and muscle weakness the last couple of days.",
            "UnixTime": 1589590128,
            "PredictedBeliefState": {
                "PatientName": "angela",
                "Symptoms": "headache, dizziness and muscle weakness the last couple of days",
                "StartTimeHour": "4 pm",
                "Name": "dr. alexis",
                "Day": "saturday"
            },
            "ActionLabel": [
                "user_doctor_schedule_inform_start_time",
                "user_doctor_schedule_inform_day",
                "user_doctor_schedule_inform_symptoms",
                "user_doctor_schedule_inform_book"
            ]
        },
        {
            "APIName": "doctor_schedule",
            "Action": "query",
            "Agent": "Wizard",
            "Constraints": [
                {
                    "Name": "\"Dr. Alexis\""
                },
                {
                    "PatientName": "\"Angela\""
                },
                {
                    "Day": "\"Saturday\""
                },
                {
                    "StartTimeHour": "\"4 pm\""
                },
                {
                    "Symptoms": "\"Headache, dizziness and muscle weakness\""
                },
                {
                    "RequestType": "\"Check\""
                }
            ],
            "UnixTime": 1589590165
        },
        {
            "APIName": "doctor_schedule",
            "Action": "return_item",
            "Agent": "KnowledgeBase",
            "Item": {
                "APIName": "doctor_schedule",
                "DoctorName": "Dr. Alexis",
                "Message": "The doctor has a conflicting appointment at that time. Try another time or another doctor.",
                "Time": "4 pm"
            },
            "TotalItems": -1,
            "PredictedBeliefState": {
                "PatientName": "angela",
                "Symptoms": "headache, dizziness and muscle weakness the last couple of days",
                "StartTimeHour": "4 pm",
                "Name": "dr. alexis",
                "Day": "saturday"
            },
            "ActionLabel": [
                "db_doctor_inform_booking_unavailable"
            ]
        },
        {
            "Action": "request_suggestions",
            "Agent": "Wizard",
            "PrimaryItem": {
                "APIName": "doctor_schedule",
                "DoctorName": "Dr. Alexis",
                "Message": "The doctor has a conflicting appointment at that time. Try another time or another doctor.",
                "Time": "4 pm"
            },
            "Text": "Doctor has a conflicting appointment would you care to book with another doctor?",
            "UnixTime": 1589590182
        },
        {
            "Action": "pick_suggestion",
            "ActionLabel": "doctor_inform_booking_unavailable",
            "ActionLabelOptions": [
                "doctor_ask_end_time",
                "doctor_inform_booking_available",
                "doctor_inform_booking_unavailable"
            ],
            "Agent": "Wizard",
            "PrimaryItem": {
                "APIName": "doctor_schedule",
                "DoctorName": "Dr. Alexis",
                "Message": "The doctor has a conflicting appointment at that time. Try another time or another doctor.",
                "Time": "4 pm"
            },
            "Text": "Unfortunately Dr. Alexis has no appointment available at 4 pm.",
            "UnixTime": 1589590188
        },
        {
            "Action": "utter",
            "Agent": "User",
            "Text": "Anything after that 5 or 6 pm?",
            "UnixTime": 1589590213,
            "PredictedBeliefState": {
                "StartTimeHour": "5 pm",
                "PatientName": "angela",
                "Symptoms": "headache, dizziness and muscle weakness the last couple of days",
                "Day": "saturday",
                "Name": "dr. alexis"
            },
            "ActionLabel": [
                "user_doctor_schedule_inform_start_time",
                "user_doctor_schedule_inform_book"
            ]
        },
        {
            "APIName": "doctor_schedule",
            "Action": "query",
            "Agent": "Wizard",
            "Constraints": [
                {
                    "Name": "\"Dr. Alexis\""
                },
                {
                    "PatientName": "\"Angela\""
                },
                {
                    "Day": "\"Saturday\""
                },
                {
                    "StartTimeHour": "\"5 pm\""
                },
                {
                    "Symptoms": "\"Headache, dizziness and muscle weakness\""
                },
                {
                    "RequestType": "\"Check\""
                }
            ],
            "PrimaryItem": {
                "APIName": "doctor_schedule",
                "DoctorName": "Dr. Alexis",
                "Message": "The doctor has a conflicting appointment at that time. Try another time or another doctor.",
                "Time": "4 pm"
            },
            "UnixTime": 1589590220
        },
        {
            "APIName": "doctor_schedule",
            "Action": "return_item",
            "Agent": "KnowledgeBase",
            "Item": {
                "APIName": "doctor_schedule",
                "DoctorName": "Dr. Alexis",
                "Message": "The time slot is available.",
                "Time": "5 pm"
            },
            "TotalItems": -1,
            "PredictedBeliefState": {
                "StartTimeHour": "5 pm",
                "PatientName": "angela",
                "Symptoms": "headache, dizziness and muscle weakness the last couple of days",
                "Day": "saturday",
                "Name": "dr. alexis"
            },
            "ActionLabel": [
                "db_doctor_inform_booking_available"
            ]
        },
        {
            "Action": "request_suggestions",
            "Agent": "Wizard",
            "PrimaryItem": {
                "APIName": "doctor_schedule",
                "DoctorName": "Dr. Alexis",
                "Message": "The time slot is available.",
                "Time": "5 pm"
            },
            "Text": "this time is available can I book it for you",
            "UnixTime": 1589590230
        },
        {
            "Action": "pick_suggestion",
            "ActionLabel": "doctor_inform_booking_available",
            "ActionLabelOptions": [
                "doctor_inform_booking_available",
                "doctor_ask_day",
                "doctor_inform_booking_unavailable"
            ],
            "Agent": "Wizard",
            "PrimaryItem": {
                "APIName": "doctor_schedule",
                "DoctorName": "Dr. Alexis",
                "Message": "The time slot is available.",
                "Time": "5 pm"
            },
            "Text": "Alright, Dr. Alexis is available at 5 pm. Can I book the appointment for you?",
            "UnixTime": 1589590238
        },
        {
            "Action": "utter",
            "Agent": "User",
            "Text": "Ok that would be great, thank you.",
            "UnixTime": 1589590254,
            "PredictedBeliefState": {
                "PatientName": "angela",
                "Name": "dr. alexis",
                "StartTimeHour": "5 pm",
                "Day": "saturday",
                "Symptoms": "headache, dizziness and muscle weakness the last couple of days"
            },
            "ActionLabel": [
                "user_doctor_schedule_inform_book"
            ]
        },
        {
            "APIName": "doctor_schedule",
            "Action": "query",
            "Agent": "Wizard",
            "Constraints": [
                {
                    "Name": "\"Dr. Alexis\""
                },
                {
                    "PatientName": "\"Angela\""
                },
                {
                    "Day": "\"Saturday\""
                },
                {
                    "StartTimeHour": "\"5 pm\""
                },
                {
                    "Symptoms": "\"Headache, dizziness and muscle weakness\""
                },
                {
                    "RequestType": "\"Book\""
                }
            ],
            "PrimaryItem": {
                "APIName": "doctor_schedule",
                "DoctorName": "Dr. Alexis",
                "Message": "The time slot is available.",
                "Time": "5 pm"
            },
            "UnixTime": 1589590262
        },
        {
            "APIName": "doctor_schedule",
            "Action": "return_item",
            "Agent": "KnowledgeBase",
            "Item": {
                "APIName": "doctor_schedule",
                "DoctorName": "Dr. Alexis",
                "Message": "Your appointment has been successfuly scheduled.",
                "Time": "5 pm"
            },
            "TotalItems": -1,
            "PredictedBeliefState": {
                "PatientName": "angela",
                "Name": "dr. alexis",
                "StartTimeHour": "5 pm",
                "Day": "saturday",
                "Symptoms": "headache, dizziness and muscle weakness the last couple of days"
            },
            "ActionLabel": [
                "db_doctor_inform_booking_successful"
            ]
        },
        {
            "Action": "request_suggestions",
            "Agent": "Wizard",
            "PrimaryItem": {
                "APIName": "doctor_schedule",
                "DoctorName": "Dr. Alexis",
                "Message": "Your appointment has been successfuly scheduled.",
                "Time": "5 pm"
            },
            "Text": "you have been booked",
            "UnixTime": 1589590269
        },
        {
            "Action": "pick_suggestion",
            "ActionLabel": "doctor_inform_booking_successful",
            "ActionLabelOptions": [
                "doctor_inform_booking_successful",
                "doctor_ask_doctor_name",
                "doctor_ask_start_time"
            ],
            "Agent": "Wizard",
            "PrimaryItem": {
                "APIName": "doctor_schedule",
                "DoctorName": "Dr. Alexis",
                "Message": "Your appointment has been successfuly scheduled.",
                "Time": "5 pm"
            },
            "Text": "Great, your appointment with Dr. Alexis is booked for you!",
            "UnixTime": 1589590273
        },
        {
            "Action": "utter",
            "Agent": "User",
            "Text": "Thank you so much, have a great day!",
            "UnixTime": 1589590284,
            "PredictedBeliefState": {
                "Day": "saturday",
                "Name": "dr. alexis",
                "StartTimeHour": "5 pm",
                "Symptoms": "headache, dizziness and muscle weakness",
                "PatientName": "angela"
            },
            "ActionLabel": [
                "user_doctor_schedule_goodbye"
            ]
        },
        {
            "Action": "request_suggestions",
            "Agent": "Wizard",
            "PrimaryItem": {
                "APIName": "doctor_schedule",
                "DoctorName": "Dr. Alexis",
                "Message": "Your appointment has been successfuly scheduled.",
                "Time": "5 pm"
            },
            "Text": "thank you",
            "UnixTime": 1589590292
        },
        {
            "Action": "pick_suggestion",
            "ActionLabel": "goodbye_1",
            "ActionLabelOptions": [
                "goodbye_1",
                "hello",
                "doctor_inform_nothing_found"
            ],
            "Agent": "Wizard",
            "PrimaryItem": {
                "APIName": "doctor_schedule",
                "DoctorName": "Dr. Alexis",
                "Message": "Your appointment has been successfuly scheduled.",
                "Time": "5 pm"
            },
            "Text": "Thank you and goodbye.",
            "UnixTime": 1589590294
        },
        {
            "Action": "complete",
            "Agent": "User",
            "UnixTime": 1589590297
        }
    ],
    "FORMAT-VERSION": 7,
    "IntroducesConflicts": false,
    "Scenario": {
        "Domains": [
            "doctor"
        ],
        "Happy": true,
        "MultiTask": false,
        "UserTask": "You are Angela and would like to make an appointment with Dr. Alexis for Saturday at 4 pm. Your symptoms are headache, dizziness and muscle weakness. If no appointment can be made, just say goodbye.",
        "WizardCapabilities": [
            {
                "Domain": "doctor",
                "SchemaImage": "doctor_schedule.jpg",
                "Task": "doctor_schedule"
            }
        ],
        "WizardTask": "Help the user book a doctor appointment!"
    },
    "UserQuestionnaire": [
        {
            "Answer": true,
            "Question": "Did the assistant stay calm and helpful throughout the dialogue?"
        }
    ],
    "WizardQuestionnaire": [
        {
            "Answer": false,
            "Question": "Did the user change his/her mind about what he/she wants at any time?"
        },
        {
            "Answer": false,
            "Question": "Did the user become aggressive or annoyed during the dialogue? (Note: some users may be instructed to be annoying.)"
        },
        {
            "Answer": false,
            "Question": "Where you unsure about what to do at any time? (Feel free to send us an email with details.)"
        }
    ]
}