{
    "AnonymizedUserWorkerID": "73bd63b7-5463-b221-d8f5-2611db2cf2a3",
    "AnonymizedWizardWorkerID": "62eeec70-6c47-578d-fd46-fef2b9b6d543",
    "BatchID": "woz_1589554725",
    "CompletionLevel": "Complete",
    "DialogueID": 3933,
    "Events": [
        {
            "Action": "instruct",
            "Agent": "UserGuide",
            "Text": "Your task is written on the left panel. [instruction 1 of 4]",
            "UnixTime": 1589604623
        },
        {
            "Action": "utter",
            "Agent": "User",
            "Text": "I'd like to play a trivia game.",
            "UnixTime": 1589604639,
            "PredictedBeliefState": {},
            "ActionLabel": [
                "user_trivia_ask_trivia"
            ]
        },
        {
            "Action": "request_suggestions",
            "Agent": "Wizard",
            "Text": "Sure what question ",
            "UnixTime": 1589604645
        },
        {
            "Action": "pick_suggestion",
            "ActionLabel": "trivia_ask_question_number",
            "ActionLabelOptions": [
                "trivia_ask_question_number",
                "trivia_inform_nothing_found",
                "out_of_scope"
            ],
            "Agent": "Wizard",
            "Text": "At what question would you like to start?",
            "UnixTime": 1589604648
        },
        {
            "Action": "utter",
            "Agent": "User",
            "Text": "4",
            "UnixTime": 1589604652,
            "PredictedBeliefState": {
                "QuestionNum": "4"
            },
            "ActionLabel": [
                "user_trivia_inform_question_number"
            ]
        },
        {
            "Action": "instruct",
            "Agent": "UserGuide",
            "Text": "Engage in some smalltalk. [instruction 2 of 4]",
            "UnixTime": 1589604652
        },
        {
            "APIName": "trivia",
            "Action": "query",
            "Agent": "Wizard",
            "Constraints": [
                {
                    "QuestionNum": "4"
                }
            ],
            "UnixTime": 1589604659
        },
        {
            "APIName": "trivia",
            "Action": "return_item",
            "Agent": "KnowledgeBase",
            "Item": {
                "APIName": "trivia",
                "Answer": "poem",
                "Question": "A ____ written to celebrate a wedding is called a epithalamium"
            },
            "TotalItems": -1,
            "PredictedBeliefState": {
                "QuestionNum": "4"
            },
            "ActionLabel": [
                "db_inform_question"
            ]
        },
        {
            "Action": "request_suggestions",
            "Agent": "Wizard",
            "PrimaryItem": {
                "APIName": "trivia",
                "Answer": "poem",
                "Question": "A ____ written to celebrate a wedding is called a epithalamium"
            },
            "Text": "a written to ",
            "UnixTime": 1589604664
        },
        {
            "Action": "pick_suggestion",
            "ActionLabel": "trivia_ask_question",
            "ActionLabelOptions": [
                "trivia_ask_question",
                "trivia_inform_answer_2_ask_next",
                "out_of_scope"
            ],
            "Agent": "Wizard",
            "PrimaryItem": {
                "APIName": "trivia",
                "Answer": "poem",
                "Question": "A ____ written to celebrate a wedding is called a epithalamium"
            },
            "Text": "A ____ written to celebrate a wedding is called a epithalamium",
            "UnixTime": 1589604666
        },
        {
            "Action": "utter",
            "Agent": "User",
            "Text": "poem",
            "UnixTime": 1589604674,
            "PredictedBeliefState": {
                "QuestionNum": "4"
            },
            "ActionLabel": [
                "user_trivia_answer"
            ]
        },
        {
            "Action": "request_suggestions",
            "Agent": "Wizard",
            "PrimaryItem": {
                "APIName": "trivia",
                "Answer": "poem",
                "Question": "A ____ written to celebrate a wedding is called a epithalamium"
            },
            "Text": "correct",
            "UnixTime": 1589604677
        },
        {
            "Action": "pick_suggestion",
            "ActionLabel": "trivia_inform_answer_correct_ask_next",
            "ActionLabelOptions": [
                "trivia_inform_answer_correct_ask_next",
                "out_of_scope",
                "trivia_inform_answer_incorrect_ask_next"
            ],
            "Agent": "Wizard",
            "PrimaryItem": {
                "APIName": "trivia",
                "Answer": "poem",
                "Question": "A ____ written to celebrate a wedding is called a epithalamium"
            },
            "Text": "Your answer was correct! Great job! Would you like to continue playing?",
            "UnixTime": 1589604679
        },
        {
            "Action": "utter",
            "Agent": "User",
            "Text": "I really enjoy these, lets keep going.",
            "UnixTime": 1589604692,
            "PredictedBeliefState": {
                "QuestionNum": "4"
            },
            "ActionLabel": [
                "user_bad_label"
            ]
        },
        {
            "Action": "instruct",
            "Agent": "UserGuide",
            "Text": "Say something about the questions. [instruction 3 of 4]",
            "UnixTime": 1589604692
        },
        {
            "Action": "request_suggestions",
            "Agent": "Wizard",
            "PrimaryItem": {
                "APIName": "trivia",
                "Answer": "poem",
                "Question": "A ____ written to celebrate a wedding is called a epithalamium"
            },
            "Text": "what question",
            "UnixTime": 1589604697
        },
        {
            "Action": "pick_suggestion",
            "ActionLabel": "trivia_ask_question_number",
            "ActionLabelOptions": [
                "trivia_ask_question_number",
                "trivia_inform_answer_2_ask_next",
                "trivia_inform_nothing_found"
            ],
            "Agent": "Wizard",
            "PrimaryItem": {
                "APIName": "trivia",
                "Answer": "poem",
                "Question": "A ____ written to celebrate a wedding is called a epithalamium"
            },
            "Text": "At what question would you like to start?",
            "UnixTime": 1589604698
        },
        {
            "Action": "utter",
            "Agent": "User",
            "Text": "5",
            "UnixTime": 1589604708,
            "PredictedBeliefState": {
                "QuestionNum": "5"
            },
            "ActionLabel": [
                "user_trivia_inform_question_number"
            ]
        },
        {
            "Action": "instruct",
            "Agent": "UserGuide",
            "Text": "Ok, just keep going until you've completed your task (see left panel). [instruction 4 of 4]",
            "UnixTime": 1589604708
        },
        {
            "APIName": "trivia",
            "Action": "query",
            "Agent": "Wizard",
            "Constraints": [
                {
                    "QuestionNum": "5"
                }
            ],
            "PrimaryItem": {
                "APIName": "trivia",
                "Answer": "poem",
                "Question": "A ____ written to celebrate a wedding is called a epithalamium"
            },
            "UnixTime": 1589604712
        },
        {
            "APIName": "trivia",
            "Action": "return_item",
            "Agent": "KnowledgeBase",
            "Item": {
                "APIName": "trivia",
                "Answer": "wind",
                "Question": "A 'sirocco' refers to a type of ____"
            },
            "TotalItems": -1,
            "PredictedBeliefState": {
                "QuestionNum": "5"
            },
            "ActionLabel": [
                "db_inform_question"
            ]
        },
        {
            "Action": "request_suggestions",
            "Agent": "Wizard",
            "PrimaryItem": {
                "APIName": "trivia",
                "Answer": "wind",
                "Question": "A 'sirocco' refers to a type of ____"
            },
            "Text": "a sirocco",
            "UnixTime": 1589604716
        },
        {
            "Action": "pick_suggestion",
            "ActionLabel": "trivia_ask_question",
            "ActionLabelOptions": [
                "trivia_ask_question",
                "trivia_inform_answer_2_ask_next",
                "hello"
            ],
            "Agent": "Wizard",
            "PrimaryItem": {
                "APIName": "trivia",
                "Answer": "wind",
                "Question": "A 'sirocco' refers to a type of ____"
            },
            "Text": "A 'sirocco' refers to a type of ____",
            "UnixTime": 1589604718
        },
        {
            "Action": "utter",
            "Agent": "User",
            "Text": "wind ",
            "UnixTime": 1589604730,
            "PredictedBeliefState": {
                "QuestionNum": "5"
            },
            "ActionLabel": [
                "user_trivia_answer"
            ]
        },
        {
            "Action": "request_suggestions",
            "Agent": "Wizard",
            "PrimaryItem": {
                "APIName": "trivia",
                "Answer": "wind",
                "Question": "A 'sirocco' refers to a type of ____"
            },
            "Text": "correct",
            "UnixTime": 1589604733
        },
        {
            "Action": "pick_suggestion",
            "ActionLabel": "trivia_inform_answer_correct_ask_next",
            "ActionLabelOptions": [
                "trivia_inform_answer_correct_ask_next",
                "out_of_scope",
                "trivia_inform_answer_incorrect_ask_next"
            ],
            "Agent": "Wizard",
            "PrimaryItem": {
                "APIName": "trivia",
                "Answer": "wind",
                "Question": "A 'sirocco' refers to a type of ____"
            },
            "Text": "Your answer was correct! Great job! Would you like to continue playing?",
            "UnixTime": 1589604735
        },
        {
            "Action": "utter",
            "Agent": "User",
            "Text": "that question was hard! Yes let's continue.",
            "UnixTime": 1589604756,
            "PredictedBeliefState": {
                "QuestionNum": "5"
            },
            "ActionLabel": [
                "user_bad_label"
            ]
        },
        {
            "Action": "request_suggestions",
            "Agent": "Wizard",
            "PrimaryItem": {
                "APIName": "trivia",
                "Answer": "wind",
                "Question": "A 'sirocco' refers to a type of ____"
            },
            "Text": "what question",
            "UnixTime": 1589604764
        },
        {
            "Action": "pick_suggestion",
            "ActionLabel": "trivia_ask_question_number",
            "ActionLabelOptions": [
                "trivia_ask_question_number",
                "trivia_inform_answer_2_ask_next",
                "trivia_inform_nothing_found"
            ],
            "Agent": "Wizard",
            "PrimaryItem": {
                "APIName": "trivia",
                "Answer": "wind",
                "Question": "A 'sirocco' refers to a type of ____"
            },
            "Text": "At what question would you like to start?",
            "UnixTime": 1589604766
        },
        {
            "Action": "utter",
            "Agent": "User",
            "Text": "6",
            "UnixTime": 1589604797,
            "PredictedBeliefState": {
                "QuestionNum": "6"
            },
            "ActionLabel": [
                "user_trivia_inform_question_number"
            ]
        },
        {
            "APIName": "trivia",
            "Action": "query",
            "Agent": "Wizard",
            "Constraints": [
                {
                    "QuestionNum": "6"
                }
            ],
            "PrimaryItem": {
                "APIName": "trivia",
                "Answer": "wind",
                "Question": "A 'sirocco' refers to a type of ____"
            },
            "UnixTime": 1589604801
        },
        {
            "APIName": "trivia",
            "Action": "return_item",
            "Agent": "KnowledgeBase",
            "Item": {
                "APIName": "trivia",
                "Answer": "three",
                "Question": "A 3 1/2' floppy disk measures ____ & 1/2 inches across"
            },
            "TotalItems": -1,
            "PredictedBeliefState": {
                "QuestionNum": "6"
            },
            "ActionLabel": [
                "db_inform_question"
            ]
        },
        {
            "Action": "request_suggestions",
            "Agent": "Wizard",
            "PrimaryItem": {
                "APIName": "trivia",
                "Answer": "three",
                "Question": "A 3 1/2' floppy disk measures ____ & 1/2 inches across"
            },
            "Text": "a 3 1/2",
            "UnixTime": 1589604806
        },
        {
            "Action": "pick_suggestion",
            "ActionLabel": "trivia_ask_question",
            "ActionLabelOptions": [
                "trivia_ask_question",
                "hello",
                "trivia_bye"
            ],
            "Agent": "Wizard",
            "PrimaryItem": {
                "APIName": "trivia",
                "Answer": "three",
                "Question": "A 3 1/2' floppy disk measures ____ & 1/2 inches across"
            },
            "Text": "A 3 1/2' floppy disk measures ____ & 1/2 inches across",
            "UnixTime": 1589604808
        },
        {
            "Action": "utter",
            "Agent": "User",
            "Text": "three",
            "UnixTime": 1589604824,
            "PredictedBeliefState": {
                "QuestionNum": "6"
            },
            "ActionLabel": [
                "user_trivia_answer"
            ]
        },
        {
            "Action": "request_suggestions",
            "Agent": "Wizard",
            "PrimaryItem": {
                "APIName": "trivia",
                "Answer": "three",
                "Question": "A 3 1/2' floppy disk measures ____ & 1/2 inches across"
            },
            "Text": "correct",
            "UnixTime": 1589604829
        },
        {
            "Action": "pick_suggestion",
            "ActionLabel": "trivia_inform_answer_correct_ask_next",
            "ActionLabelOptions": [
                "trivia_inform_answer_correct_ask_next",
                "out_of_scope",
                "trivia_inform_answer_incorrect_ask_next"
            ],
            "Agent": "Wizard",
            "PrimaryItem": {
                "APIName": "trivia",
                "Answer": "three",
                "Question": "A 3 1/2' floppy disk measures ____ & 1/2 inches across"
            },
            "Text": "Your answer was correct! Great job! Would you like to continue playing?",
            "UnixTime": 1589604830
        },
        {
            "Action": "utter",
            "Agent": "User",
            "Text": "yes one more",
            "UnixTime": 1589604839,
            "PredictedBeliefState": {
                "QuestionNum": "6"
            },
            "ActionLabel": [
                "user_bad_label"
            ]
        },
        {
            "Action": "request_suggestions",
            "Agent": "Wizard",
            "PrimaryItem": {
                "APIName": "trivia",
                "Answer": "three",
                "Question": "A 3 1/2' floppy disk measures ____ & 1/2 inches across"
            },
            "Text": "what question",
            "UnixTime": 1589604846
        },
        {
            "Action": "pick_suggestion",
            "ActionLabel": "trivia_ask_question_number",
            "ActionLabelOptions": [
                "trivia_ask_question_number",
                "trivia_inform_answer_2_ask_next",
                "trivia_inform_nothing_found"
            ],
            "Agent": "Wizard",
            "PrimaryItem": {
                "APIName": "trivia",
                "Answer": "three",
                "Question": "A 3 1/2' floppy disk measures ____ & 1/2 inches across"
            },
            "Text": "At what question would you like to start?",
            "UnixTime": 1589604849
        },
        {
            "Action": "utter",
            "Agent": "User",
            "Text": "7",
            "UnixTime": 1589604880,
            "PredictedBeliefState": {
                "QuestionNum": "7"
            },
            "ActionLabel": [
                "user_trivia_inform_question_number"
            ]
        },
        {
            "APIName": "trivia",
            "Action": "query",
            "Agent": "Wizard",
            "Constraints": [
                {
                    "QuestionNum": "7"
                }
            ],
            "PrimaryItem": {
                "APIName": "trivia",
                "Answer": "three",
                "Question": "A 3 1/2' floppy disk measures ____ & 1/2 inches across"
            },
            "UnixTime": 1589604885
        },
        {
            "APIName": "trivia",
            "Action": "return_item",
            "Agent": "KnowledgeBase",
            "Item": {
                "APIName": "trivia",
                "Answer": "do not iron",
                "Question": "A 300,000 pound wedding dress made of platinum was once exhibited, and in the instructions from the designer was a warning. What was it"
            },
            "TotalItems": -1,
            "PredictedBeliefState": {
                "QuestionNum": "7"
            },
            "ActionLabel": [
                "db_inform_question"
            ]
        },
        {
            "Action": "request_suggestions",
            "Agent": "Wizard",
            "PrimaryItem": {
                "APIName": "trivia",
                "Answer": "do not iron",
                "Question": "A 300,000 pound wedding dress made of platinum was once exhibited, and in the instructions from the designer was a warning. What was it"
            },
            "Text": "300000",
            "UnixTime": 1589604889
        },
        {
            "Action": "pick_suggestion",
            "ActionLabel": "trivia_ask_question",
            "ActionLabelOptions": [
                "trivia_ask_question",
                "trivia_bye",
                "out_of_scope"
            ],
            "Agent": "Wizard",
            "PrimaryItem": {
                "APIName": "trivia",
                "Answer": "do not iron",
                "Question": "A 300,000 pound wedding dress made of platinum was once exhibited, and in the instructions from the designer was a warning. What was it"
            },
            "Text": "A 300,000 pound wedding dress made of platinum was once exhibited, and in the instructions from the designer was a warning. What was it",
            "UnixTime": 1589604891
        },
        {
            "Action": "utter",
            "Agent": "User",
            "Text": "do not iron",
            "UnixTime": 1589604920,
            "PredictedBeliefState": {
                "QuestionNum": "7"
            },
            "ActionLabel": [
                "user_trivia_answer"
            ]
        },
        {
            "Action": "request_suggestions",
            "Agent": "Wizard",
            "PrimaryItem": {
                "APIName": "trivia",
                "Answer": "do not iron",
                "Question": "A 300,000 pound wedding dress made of platinum was once exhibited, and in the instructions from the designer was a warning. What was it"
            },
            "Text": "correct",
            "UnixTime": 1589604925
        },
        {
            "Action": "pick_suggestion",
            "ActionLabel": "trivia_inform_answer_correct_ask_next",
            "ActionLabelOptions": [
                "trivia_inform_answer_correct_ask_next",
                "out_of_scope",
                "trivia_inform_answer_incorrect_ask_next"
            ],
            "Agent": "Wizard",
            "PrimaryItem": {
                "APIName": "trivia",
                "Answer": "do not iron",
                "Question": "A 300,000 pound wedding dress made of platinum was once exhibited, and in the instructions from the designer was a warning. What was it"
            },
            "Text": "Your answer was correct! Great job! Would you like to continue playing?",
            "UnixTime": 1589604927
        },
        {
            "Action": "utter",
            "Agent": "User",
            "Text": "no that's all ",
            "UnixTime": 1589604979,
            "PredictedBeliefState": {
                "QuestionNum": "7"
            },
            "ActionLabel": [
                "user_bad_label"
            ]
        },
        {
            "Action": "request_suggestions",
            "Agent": "Wizard",
            "PrimaryItem": {
                "APIName": "trivia",
                "Answer": "do not iron",
                "Question": "A 300,000 pound wedding dress made of platinum was once exhibited, and in the instructions from the designer was a warning. What was it"
            },
            "Text": "You got all four questions right! Well done!",
            "UnixTime": 1589605005
        },
        {
            "Action": "utter",
            "Agent": "Wizard",
            "PrimaryItem": {
                "APIName": "trivia",
                "Answer": "do not iron",
                "Question": "A 300,000 pound wedding dress made of platinum was once exhibited, and in the instructions from the designer was a warning. What was it"
            },
            "Text": "You got all four questions right! Well done!",
            "UnixTime": 1589605017
        },
        {
            "Action": "complete",
            "Agent": "User",
            "UnixTime": 1589605027
        }
    ],
    "FORMAT-VERSION": 7,
    "IntroducesConflicts": false,
    "Scenario": {
        "Domains": [
            null
        ],
        "Happy": false,
        "MultiTask": false,
        "UserTask": "You would like to play a game of trivia. You've already answered some of the questions, so you should start from question 4 and play 4 questions. You have answers for the following questions: (7) do not iron, (6) three, (4) poem. For the rest, try your best!",
        "WizardCapabilities": [
            {
                "Domain": null,
                "SchemaImage": "trivia.jpg",
                "Task": "trivia"
            }
        ],
        "WizardTask": "Let the user play a trivia game. Query for and ask the questions until the user wants to stop."
    },
    "UserQuestionnaire": [
        {
            "Answer": true,
            "Question": "Did the AI Assistant succesfully run the trivia quiz?"
        },
        {
            "Answer": true,
            "Question": "Did the AI Assistant stay calm and helpful throughout the dialogue?"
        }
    ],
    "WizardQuestionnaire": [
        {
            "Answer": false,
            "Question": "Did the user change his/her mind about what he/she wants at any time?"
        },
        {
            "Answer": false,
            "Question": "Did the user become aggressive or annoyed during the dialogue? (Note: some users may be instructed to be annoying.)"
        },
        {
            "Answer": false,
            "Question": "Where you unsure about what to do at any time? (Feel free to send us an email with details.)"
        }
    ]
}