{
    "AnonymizedUserWorkerID": "73bd63b7-5463-b221-d8f5-2611db2cf2a3",
    "AnonymizedWizardWorkerID": "5279cf01-d151-44ce-b806-dd2536b8c8bd",
    "BatchID": "woz_1589554725",
    "CompletionLevel": "Complete",
    "DialogueID": 3935,
    "Events": [
        {
            "Action": "utter",
            "Agent": "User",
            "Text": "I need directions.",
            "UnixTime": 1589612609,
            "PredictedBeliefState": {},
            "ActionLabel": [
                "user_trip_directions_ask_directions"
            ]
        },
        {
            "Action": "request_suggestions",
            "Agent": "Wizard",
            "Text": "mode",
            "UnixTime": 1589612628
        },
        {
            "Action": "pick_suggestion",
            "ActionLabel": "trip_ask_travel_mode",
            "ActionLabelOptions": [
                "trip_ask_travel_mode",
                "trip_instructions_done",
                "out_of_scope"
            ],
            "Agent": "Wizard",
            "Text": "Do you want to drive, walk, or use public transit?",
            "UnixTime": 1589612630
        },
        {
            "Action": "utter",
            "Agent": "User",
            "Text": "driving",
            "UnixTime": 1589612650,
            "PredictedBeliefState": {
                "ArrivalLocation": "hospital",
                "TravelMode": "driving"
            },
            "ActionLabel": [
                "user_trip_directions_inform_arrival",
                "user_trip_directions_inform_mode"
            ]
        },
        {
            "Action": "request_suggestions",
            "Agent": "Wizard",
            "Text": "departure",
            "UnixTime": 1589612662
        },
        {
            "Action": "request_suggestions",
            "Agent": "Wizard",
            "Text": "depart",
            "UnixTime": 1589612666
        },
        {
            "Action": "request_suggestions",
            "Agent": "Wizard",
            "Text": "location",
            "UnixTime": 1589612670
        },
        {
            "Action": "pick_suggestion",
            "ActionLabel": "ask_departure_location",
            "ActionLabelOptions": [
                "ask_departure_location",
                "trip_ask_arrival_location",
                "goodbye_1"
            ],
            "Agent": "Wizard",
            "Text": "Where are you departing from?",
            "UnixTime": 1589612673
        },
        {
            "Action": "utter",
            "Agent": "User",
            "Text": "5th and main",
            "UnixTime": 1589612681,
            "PredictedBeliefState": {
                "DepartureLocation": "5th and main",
                "TravelMode": "driving",
                "ArrivalLocation": "hospital"
            },
            "ActionLabel": [
                "user_trip_directions_inform_departure"
            ]
        },
        {
            "Action": "request_suggestions",
            "Agent": "Wizard",
            "Text": "arrival",
            "UnixTime": 1589612694
        },
        {
            "Action": "request_suggestions",
            "Agent": "Wizard",
            "Text": "where are you going",
            "UnixTime": 1589612699
        },
        {
            "Action": "pick_suggestion",
            "ActionLabel": "trip_ask_arrival_location",
            "ActionLabelOptions": [
                "trip_ask_arrival_location",
                "trip_inform_simple_step_ask_proceed",
                "trip_ask_departure_time"
            ],
            "Agent": "Wizard",
            "Text": "Where do you need to go?",
            "UnixTime": 1589612702
        },
        {
            "Action": "utter",
            "Agent": "User",
            "Text": "craig and center",
            "UnixTime": 1589612719,
            "PredictedBeliefState": {
                "DepartureLocation": "5th and main",
                "TravelMode": "driving",
                "ArrivalLocation": "craig and center"
            },
            "ActionLabel": [
                "user_trip_directions_inform_arrival"
            ]
        },
        {
            "Action": "request_suggestions",
            "Agent": "Wizard",
            "Text": "time",
            "UnixTime": 1589612724
        },
        {
            "Action": "pick_suggestion",
            "ActionLabel": "trip_ask_departure_time",
            "ActionLabelOptions": [
                "trip_instructions_done",
                "trip_ask_departure_time",
                "goodbye_1"
            ],
            "Agent": "Wizard",
            "Text": "When are you going to start your trip?",
            "UnixTime": 1589612726
        },
        {
            "Action": "utter",
            "Agent": "User",
            "Text": "at 12pm",
            "UnixTime": 1589612740,
            "PredictedBeliefState": {
                "DepartureTime": "12 pm",
                "ArrivalLocation": "craig and center",
                "TravelMode": "driving",
                "DepartureLocation": "5th and main"
            },
            "ActionLabel": [
                "user_trip_directions_inform_time"
            ]
        },
        {
            "APIName": "trip_directions",
            "Action": "query",
            "Agent": "Wizard",
            "Constraints": [
                {
                    "DepartureLocation": "\"5th and Main\""
                },
                {
                    "ArrivalLocation": "\"Craig and Center\""
                },
                {
                    "TravelMode": "api.is_equal_to(\"Driving\")"
                },
                {
                    "DepartureTime": "\"12 pm\""
                }
            ],
            "UnixTime": 1589612751
        },
        {
            "APIName": "trip_directions",
            "Action": "return_item",
            "Agent": "KnowledgeBase",
            "Item": {
                "APIName": "trip_directions",
                "DetailedDrivingInstructions": [],
                "DrivingInstructions": [
                    "Drive south on Cassiar for 3 blocks and turn left on Broadway",
                    "After 3 kilometers, turn right on Commercial Drive",
                    "After 3 blocks, your destination will be on the left opposite the park."
                ],
                "TravelMode": "Driving",
                "TripLengthMinutes": 99,
                "id": 973
            },
            "TotalItems": -1,
            "PredictedBeliefState": {
                "DepartureTime": "12 pm",
                "ArrivalLocation": "craig and center",
                "TravelMode": "driving",
                "DepartureLocation": "5th and main"
            },
            "ActionLabel": [
                "db_inform_trip_directions"
            ]
        },
        {
            "Action": "request_suggestions",
            "Agent": "Wizard",
            "PrimaryItem": {
                "APIName": "trip_directions",
                "DetailedDrivingInstructions": [],
                "DrivingInstructions": [
                    "Drive south on Cassiar for 3 blocks and turn left on Broadway",
                    "After 3 kilometers, turn right on Commercial Drive",
                    "After 3 blocks, your destination will be on the left opposite the park."
                ],
                "TravelMode": "Driving",
                "TripLengthMinutes": 99,
                "id": 973
            },
            "Text": "drive south",
            "UnixTime": 1589612758
        },
        {
            "Action": "pick_suggestion",
            "ActionLabel": "trip_inform_simple_step_ask_proceed",
            "ActionLabelOptions": [
                "trip_inform_simple_step_ask_proceed",
                "trip_ask_arrival_location",
                "out_of_scope"
            ],
            "Agent": "Wizard",
            "PrimaryItem": {
                "APIName": "trip_directions",
                "DetailedDrivingInstructions": [],
                "DrivingInstructions": [
                    "Drive south on Cassiar for 3 blocks and turn left on Broadway",
                    "After 3 kilometers, turn right on Commercial Drive",
                    "After 3 blocks, your destination will be on the left opposite the park."
                ],
                "TravelMode": "Driving",
                "TripLengthMinutes": 99,
                "id": 973
            },
            "Text": "Drive south on Cassiar for 3 blocks and turn left on Broadway. Can I proceed or do you require more detailed instructions?",
            "UnixTime": 1589612761
        },
        {
            "Action": "utter",
            "Agent": "User",
            "Text": "i don't understand more details",
            "UnixTime": 1589612788,
            "PredictedBeliefState": {
                "DepartureLocation": "5th and main",
                "ArrivalLocation": "craig and center",
                "DepartureTime": "12 pm",
                "TravelMode": "driving"
            },
            "ActionLabel": [
                "user_trip_directions_continue"
            ]
        },
        {
            "Action": "request_suggestions",
            "Agent": "Wizard",
            "PrimaryItem": {
                "APIName": "trip_directions",
                "DetailedDrivingInstructions": [],
                "DrivingInstructions": [
                    "Drive south on Cassiar for 3 blocks and turn left on Broadway",
                    "After 3 kilometers, turn right on Commercial Drive",
                    "After 3 blocks, your destination will be on the left opposite the park."
                ],
                "TravelMode": "Driving",
                "TripLengthMinutes": 99,
                "id": 973
            },
            "Text": "cassiar school",
            "UnixTime": 1589612799
        },
        {
            "Action": "request_suggestions",
            "Agent": "Wizard",
            "PrimaryItem": {
                "APIName": "trip_directions",
                "DetailedDrivingInstructions": [],
                "DrivingInstructions": [
                    "Drive south on Cassiar for 3 blocks and turn left on Broadway",
                    "After 3 kilometers, turn right on Commercial Drive",
                    "After 3 blocks, your destination will be on the left opposite the park."
                ],
                "TravelMode": "Driving",
                "TripLengthMinutes": 99,
                "id": 973
            },
            "Text": "Drive south on Cassiar towards the school. After 3 blocks, turn left on Broadway.",
            "UnixTime": 1589612827
        },
        {
            "Action": "pick_suggestion",
            "ActionLabel": "trip_inform_simple_step_ask_proceed",
            "ActionLabelOptions": [
                "trip_inform_detailed_step",
                "trip_instructions_done",
                "trip_inform_simple_step_ask_proceed"
            ],
            "Agent": "Wizard",
            "PrimaryItem": {
                "APIName": "trip_directions",
                "DetailedDrivingInstructions": [],
                "DrivingInstructions": [
                    "Drive south on Cassiar for 3 blocks and turn left on Broadway",
                    "After 3 kilometers, turn right on Commercial Drive",
                    "After 3 blocks, your destination will be on the left opposite the park."
                ],
                "TravelMode": "Driving",
                "TripLengthMinutes": 99,
                "id": 973
            },
            "Text": "Drive south on Cassiar towards the school. After 3 blocks, turn left on Broadway. Can I proceed or do you require more detailed instructions?",
            "UnixTime": 1589612832
        },
        {
            "Action": "utter",
            "Agent": "User",
            "Text": "okay continue",
            "UnixTime": 1589612856,
            "PredictedBeliefState": {
                "DepartureLocation": "5th and main",
                "TravelMode": "driving",
                "DepartureTime": "12 pm",
                "ArrivalLocation": "craig and center"
            },
            "ActionLabel": [
                "user_trip_directions_continue"
            ]
        },
        {
            "Action": "request_suggestions",
            "Agent": "Wizard",
            "PrimaryItem": {
                "APIName": "trip_directions",
                "DetailedDrivingInstructions": [],
                "DrivingInstructions": [
                    "Drive south on Cassiar for 3 blocks and turn left on Broadway",
                    "After 3 kilometers, turn right on Commercial Drive",
                    "After 3 blocks, your destination will be on the left opposite the park."
                ],
                "TravelMode": "Driving",
                "TripLengthMinutes": 99,
                "id": 973
            },
            "Text": "commercial",
            "UnixTime": 1589612859
        },
        {
            "Action": "pick_suggestion",
            "ActionLabel": "trip_inform_last_step_and_done",
            "ActionLabelOptions": [
                "trip_inform_last_step_and_done",
                "trip_instructions_done",
                "trip_ask_travel_mode"
            ],
            "Agent": "Wizard",
            "PrimaryItem": {
                "APIName": "trip_directions",
                "DetailedDrivingInstructions": [],
                "DrivingInstructions": [
                    "Drive south on Cassiar for 3 blocks and turn left on Broadway",
                    "After 3 kilometers, turn right on Commercial Drive",
                    "After 3 blocks, your destination will be on the left opposite the park."
                ],
                "TravelMode": "Driving",
                "TripLengthMinutes": 99,
                "id": 973
            },
            "Text": "After 3 kilometers, turn right on Commercial Drive. Do you know how to reach your destination or would you require more detailed instructions?",
            "UnixTime": 1589612861
        },
        {
            "Action": "utter",
            "Agent": "User",
            "Text": "I turned right, proceed.",
            "UnixTime": 1589612881,
            "PredictedBeliefState": {
                "ArrivalLocation": "craig and center",
                "DepartureLocation": "5th and main",
                "DepartureTime": "12 pm",
                "TravelMode": "driving"
            },
            "ActionLabel": [
                "user_trip_directions_continue"
            ]
        },
        {
            "Action": "request_suggestions",
            "Agent": "Wizard",
            "PrimaryItem": {
                "APIName": "trip_directions",
                "DetailedDrivingInstructions": [],
                "DrivingInstructions": [
                    "Drive south on Cassiar for 3 blocks and turn left on Broadway",
                    "After 3 kilometers, turn right on Commercial Drive",
                    "After 3 blocks, your destination will be on the left opposite the park."
                ],
                "TravelMode": "Driving",
                "TripLengthMinutes": 99,
                "id": 973
            },
            "Text": "After 3 blocks, your destination will be on the left opposite the park.",
            "UnixTime": 1589612909
        },
        {
            "Action": "pick_suggestion",
            "ActionLabel": "trip_inform_last_step_and_done",
            "ActionLabelOptions": [
                "trip_inform_last_step_and_done",
                "trip_ask_travel_mode",
                "anything_else"
            ],
            "Agent": "Wizard",
            "PrimaryItem": {
                "APIName": "trip_directions",
                "DetailedDrivingInstructions": [],
                "DrivingInstructions": [
                    "Drive south on Cassiar for 3 blocks and turn left on Broadway",
                    "After 3 kilometers, turn right on Commercial Drive",
                    "After 3 blocks, your destination will be on the left opposite the park."
                ],
                "TravelMode": "Driving",
                "TripLengthMinutes": 99,
                "id": 973
            },
            "Text": "After 3 blocks, your destination will be on the left opposite the park. Do you know how to reach your destination or would you require more detailed instructions?",
            "UnixTime": 1589612913
        },
        {
            "Action": "utter",
            "Agent": "User",
            "Text": "i don't understand more details",
            "UnixTime": 1589612923,
            "PredictedBeliefState": {
                "ArrivalLocation": "craig and center",
                "DepartureLocation": "5th and main",
                "TravelMode": "driving",
                "DepartureTime": "12 pm"
            },
            "ActionLabel": [
                "user_trip_directions_continue"
            ]
        },
        {
            "Action": "request_suggestions",
            "Agent": "Wizard",
            "PrimaryItem": {
                "APIName": "trip_directions",
                "DetailedDrivingInstructions": [],
                "DrivingInstructions": [
                    "Drive south on Cassiar for 3 blocks and turn left on Broadway",
                    "After 3 kilometers, turn right on Commercial Drive",
                    "After 3 blocks, your destination will be on the left opposite the park."
                ],
                "TravelMode": "Driving",
                "TripLengthMinutes": 99,
                "id": 973
            },
            "Text": "You will pass a hospital on your right. Your destination will be on the left opposite the park.",
            "UnixTime": 1589612933
        },
        {
            "Action": "pick_suggestion",
            "ActionLabel": "trip_inform_last_step_and_done",
            "ActionLabelOptions": [
                "trip_inform_last_step_and_done",
                "anything_else",
                "trip_ask_travel_mode"
            ],
            "Agent": "Wizard",
            "PrimaryItem": {
                "APIName": "trip_directions",
                "DetailedDrivingInstructions": [],
                "DrivingInstructions": [
                    "Drive south on Cassiar for 3 blocks and turn left on Broadway",
                    "After 3 kilometers, turn right on Commercial Drive",
                    "After 3 blocks, your destination will be on the left opposite the park."
                ],
                "TravelMode": "Driving",
                "TripLengthMinutes": 99,
                "id": 973
            },
            "Text": "Drive for 3 blocks. You will pass a hospital on your right. Your destination will be on the left opposite the park. Do you know how to reach your destination or would you require more detailed instructions?",
            "UnixTime": 1589612936
        },
        {
            "Action": "utter",
            "Agent": "User",
            "Text": "i see it on the left of the park. thanks",
            "UnixTime": 1589612952,
            "PredictedBeliefState": {
                "DepartureTime": "12 pm",
                "DepartureLocation": "5th and main",
                "ArrivalLocation": "craig and center",
                "TravelMode": "driving"
            },
            "ActionLabel": [
                "user_trip_directions_continue"
            ]
        },
        {
            "Action": "request_suggestions",
            "Agent": "Wizard",
            "PrimaryItem": {
                "APIName": "trip_directions",
                "DetailedDrivingInstructions": [],
                "DrivingInstructions": [
                    "Drive south on Cassiar for 3 blocks and turn left on Broadway",
                    "After 3 kilometers, turn right on Commercial Drive",
                    "After 3 blocks, your destination will be on the left opposite the park."
                ],
                "TravelMode": "Driving",
                "TripLengthMinutes": 99,
                "id": 973
            },
            "Text": "done",
            "UnixTime": 1589612956
        },
        {
            "Action": "pick_suggestion",
            "ActionLabel": "trip_instructions_done",
            "ActionLabelOptions": [
                "trip_instructions_done",
                "trip_inform_nothing_found",
                "trip_ask_travel_mode"
            ],
            "Agent": "Wizard",
            "PrimaryItem": {
                "APIName": "trip_directions",
                "DetailedDrivingInstructions": [],
                "DrivingInstructions": [
                    "Drive south on Cassiar for 3 blocks and turn left on Broadway",
                    "After 3 kilometers, turn right on Commercial Drive",
                    "After 3 blocks, your destination will be on the left opposite the park."
                ],
                "TravelMode": "Driving",
                "TripLengthMinutes": 99,
                "id": 973
            },
            "Text": "There are no more directions - you have reached your destination.",
            "UnixTime": 1589612960
        },
        {
            "Action": "complete",
            "Agent": "User",
            "UnixTime": 1589612973
        }
    ],
    "FORMAT-VERSION": 7,
    "IntroducesConflicts": true,
    "Scenario": {
        "Domains": [
            "trip"
        ],
        "Happy": true,
        "MultiTask": false,
        "UserTask": "You want directions from '5th and Main' to 'Craig and Center' at 12 pm by Driving. When the wizard gives the 1st and 3rd step, indicate that you do not understand until you are given more detail. Keep going until you've reached your destination.",
        "WizardCapabilities": [
            {
                "Domain": "trip",
                "SchemaImage": "trip_directions.jpg",
                "Task": "trip_directions"
            }
        ],
        "WizardTask": "Tell the user the directions from their departure location to their arrival location"
    },
    "UserQuestionnaire": [
        {
            "Answer": true,
            "Question": "Did the AI Assistant give you suitable directions?"
        },
        {
            "Answer": true,
            "Question": "Did the AI Assistant stay calm and helpful throughout the dialogue?"
        }
    ],
    "WizardQuestionnaire": [
        {
            "Answer": false,
            "Question": "Did the user change his/her mind about what he/she wants at any time?"
        },
        {
            "Answer": false,
            "Question": "Did the user become aggressive or annoyed during the dialogue? (Note: some users may be instructed to be annoying.)"
        },
        {
            "Answer": false,
            "Question": "Where you unsure about what to do at any time? (Feel free to send us an email with details.)"
        }
    ]
}