{
    "AnonymizedUserWorkerID": "6cb66f0b-1a8b-fec4-b481-96b6da01d513",
    "AnonymizedWizardWorkerID": "06e6755f-be58-d1ca-998c-b87e3a0d8c19",
    "BatchID": "woz_1589554725",
    "CompletionLevel": "Complete",
    "DialogueID": 3937,
    "Events": [
        {
            "Action": "utter",
            "Agent": "User",
            "Text": "Hi, I need help reserving a room.",
            "UnixTime": 1589588419,
            "PredictedBeliefState": {},
            "ActionLabel": [
                "user_bad_label"
            ]
        },
        {
            "Action": "instruct",
            "Agent": "UserGuide",
            "Text": "You remember that your friend recommended the Hilton Hotel. Tell the assistant you've changed your mind and want to stay at Hilton Hotel. [instruction 1 of 5]",
            "UnixTime": 1589588419
        },
        {
            "Action": "request_suggestions",
            "Agent": "Wizard",
            "Text": "Hello,",
            "UnixTime": 1589588442
        },
        {
            "Action": "utter",
            "Agent": "Wizard",
            "Text": "Hello, What is your name?",
            "UnixTime": 1589588460
        },
        {
            "Action": "utter",
            "Agent": "User",
            "Text": "Mark",
            "UnixTime": 1589588464,
            "PredictedBeliefState": {
                "CustomerName": "mark"
            },
            "ActionLabel": [
                "user_hotel_book_inform_name",
                "user_bad_label"
            ]
        },
        {
            "Action": "request_suggestions",
            "Agent": "Wizard",
            "Text": "When",
            "UnixTime": 1589588496
        },
        {
            "Action": "utter",
            "Agent": "Wizard",
            "Text": "What are the dates of your stay?",
            "UnixTime": 1589588550
        },
        {
            "Action": "utter",
            "Agent": "User",
            "Text": "You are taking a really long time but anyways Shadyside Inn from May 9th to 21st.",
            "UnixTime": 1589588575,
            "PredictedBeliefState": {
                "Name": "shadyside inn",
                "EndDate": "21st",
                "CustomerName": "mark",
                "StartDate": "9th"
            },
            "ActionLabel": [
                "user_hotel_book_inform_hotel_name",
                "user_hotel_book_inform_end_date",
                "user_hotel_book_inform_start_date",
                "user_bad_label"
            ]
        },
        {
            "Action": "instruct",
            "Agent": "UserGuide",
            "Text": "Actually, you recall that your friend stayed at Hilton Hotel in another town. However you've read on a blog that the Hyatt Hotel is by long and far the most authentic one. Tell the assistant you've changed your mind and want to stay at Hyatt Hotel. [instruction 2 of 5]",
            "UnixTime": 1589588575
        },
        {
            "APIName": "hotel_book",
            "Action": "query",
            "Agent": "Wizard",
            "Constraints": [
                {
                    "Name": "api.is_equal_to(\"Shadyside Inn\")"
                },
                {
                    "StartDate": "\"9th\""
                },
                {
                    "EndDate": "\"21st\""
                },
                {
                    "CustomerName": "\"Mark\""
                },
                {
                    "RequestType": "\"Check\""
                }
            ],
            "UnixTime": 1589588593
        },
        {
            "APIName": "hotel_book",
            "Action": "return_item",
            "Agent": "KnowledgeBase",
            "Item": {
                "APIName": "hotel_book",
                "HotelName": "Shadyside Inn",
                "Message": "Unavailable"
            },
            "TotalItems": -1,
            "PredictedBeliefState": {
                "Name": "shadyside inn",
                "EndDate": "21st",
                "CustomerName": "mark",
                "StartDate": "9th"
            },
            "ActionLabel": [
                "result_bad_label"
            ]
        },
        {
            "Action": "request_suggestions",
            "Agent": "Wizard",
            "PrimaryItem": {
                "APIName": "hotel_book",
                "HotelName": "Shadyside Inn",
                "Message": "Unavailable"
            },
            "Text": "What are the dates of your stay?",
            "UnixTime": 1589588602
        },
        {
            "Action": "utter",
            "Agent": "Wizard",
            "PrimaryItem": {
                "APIName": "hotel_book",
                "HotelName": "Shadyside Inn",
                "Message": "Unavailable"
            },
            "Text": "I apologize for the delay and it seems there's no availability at that time.",
            "UnixTime": 1589588667
        },
        {
            "Action": "utter",
            "Agent": "User",
            "Text": "Actually my friend recommends the Hilton instead.",
            "UnixTime": 1589588682,
            "PredictedBeliefState": {
                "StartDate": "9th",
                "EndDate": "21st",
                "CustomerName": "mark",
                "Name": "hilton hotel"
            },
            "ActionLabel": [
                "user_hotel_book_inform_hotel_name",
                "user_hotel_book_ask_hotel_book"
            ]
        },
        {
            "Action": "instruct",
            "Agent": "UserGuide",
            "Text": "Talk to the assistant about this great travel blog that you rely on and that its never let you down on your journeys. Be creative! [instruction 3 of 5]",
            "UnixTime": 1589588682
        },
        {
            "APIName": "hotel_book",
            "Action": "query",
            "Agent": "Wizard",
            "Constraints": [
                {
                    "Name": "\"Hilton Hotel\""
                },
                {
                    "StartDate": "\"9th\""
                },
                {
                    "EndDate": "\"21st\""
                },
                {
                    "CustomerName": "\"Mark\""
                },
                {
                    "RequestType": "\"Check\""
                }
            ],
            "PrimaryItem": {
                "APIName": "hotel_book",
                "HotelName": "Shadyside Inn",
                "Message": "Unavailable"
            },
            "UnixTime": 1589588690
        },
        {
            "APIName": "hotel_book",
            "Action": "return_item",
            "Agent": "KnowledgeBase",
            "Item": {
                "APIName": "hotel_book",
                "HotelName": "Hilton Hotel",
                "Message": "Unavailable"
            },
            "TotalItems": -1,
            "PredictedBeliefState": {
                "StartDate": "9th",
                "EndDate": "21st",
                "CustomerName": "mark",
                "Name": "hilton hotel"
            },
            "ActionLabel": [
                "db_hotel_unavailable"
            ]
        },
        {
            "Action": "request_suggestions",
            "Agent": "Wizard",
            "PrimaryItem": {
                "APIName": "hotel_book",
                "HotelName": "Hilton Hotel",
                "Message": "Unavailable"
            },
            "Text": "That's also unavailable",
            "UnixTime": 1589588713
        },
        {
            "Action": "pick_suggestion",
            "ActionLabel": "hotel_unavailable",
            "ActionLabelOptions": [
                "hotel_unavailable",
                "out_of_scope",
                "hotel_ask_hotel"
            ],
            "Agent": "Wizard",
            "PrimaryItem": {
                "APIName": "hotel_book",
                "HotelName": "Hilton Hotel",
                "Message": "Unavailable"
            },
            "Text": "I'm very sorry, but there is no room available at the Hilton Hotel for your requested dates.",
            "UnixTime": 1589588718
        },
        {
            "Action": "utter",
            "Agent": "User",
            "Text": "Ok well after reading a few blogs on this amazing website I use, let's try the Hyatt.",
            "UnixTime": 1589588744,
            "PredictedBeliefState": {
                "CustomerName": "mark",
                "Name": "hyatt hotel",
                "StartDate": "9th",
                "EndDate": "21st"
            },
            "ActionLabel": [
                "user_hotel_book_inform_hotel_name",
                "user_bad_label"
            ]
        },
        {
            "Action": "instruct",
            "Agent": "UserGuide",
            "Text": "You just received a text from your partner saying: 'Hey, my brother invited us to his wedding in London on the 21st and I already booked us a flight for the 9th!' Tell the assistant you would like to change your reservation to 14th-31st the following month. [instruction 4 of 5]",
            "UnixTime": 1589588744
        },
        {
            "APIName": "hotel_book",
            "Action": "query",
            "Agent": "Wizard",
            "Constraints": [
                {
                    "Name": "\"Hyatt Hotel\""
                },
                {
                    "StartDate": "\"9th\""
                },
                {
                    "EndDate": "\"21st\""
                },
                {
                    "CustomerName": "\"Mark\""
                },
                {
                    "RequestType": "\"Check\""
                }
            ],
            "PrimaryItem": {
                "APIName": "hotel_book",
                "HotelName": "Hilton Hotel",
                "Message": "Unavailable"
            },
            "UnixTime": 1589588751
        },
        {
            "APIName": "hotel_book",
            "Action": "return_item",
            "Agent": "KnowledgeBase",
            "Item": {
                "APIName": "hotel_book",
                "HotelName": "Hyatt Hotel",
                "Message": "Unavailable"
            },
            "TotalItems": -1,
            "PredictedBeliefState": {
                "CustomerName": "mark",
                "Name": "hyatt hotel",
                "StartDate": "9th",
                "EndDate": "21st"
            },
            "ActionLabel": [
                "result_bad_label"
            ]
        },
        {
            "Action": "request_suggestions",
            "Agent": "Wizard",
            "PrimaryItem": {
                "APIName": "hotel_book",
                "HotelName": "Hyatt Hotel",
                "Message": "Unavailable"
            },
            "Text": "I",
            "UnixTime": 1589588770
        },
        {
            "Action": "utter",
            "Agent": "Wizard",
            "PrimaryItem": {
                "APIName": "hotel_book",
                "HotelName": "Hyatt Hotel",
                "Message": "Unavailable"
            },
            "Text": "That's also unavailable.",
            "UnixTime": 1589588790
        },
        {
            "Action": "utter",
            "Agent": "User",
            "Text": "Hmmm, that may not matter anyways because I have a wedding for my brother to go to. Can we try the 14th to 31st?",
            "UnixTime": 1589588831,
            "PredictedBeliefState": {
                "Name": "hyatt hotel",
                "CustomerName": "mark",
                "StartDate": "14th",
                "EndDate": "31st"
            },
            "ActionLabel": [
                "user_hotel_book_inform_start_date",
                "user_hotel_book_inform_end_date",
                "user_bad_label"
            ]
        },
        {
            "Action": "instruct",
            "Agent": "UserGuide",
            "Text": "Tell the assistant you don't really want to go to London because your partner's brother is a bit of a show-off, but obviously you'll be going to the wedding. Finish the booking and bring the conversation to an end. [instruction 5 of 5]",
            "UnixTime": 1589588831
        },
        {
            "APIName": "hotel_book",
            "Action": "query",
            "Agent": "Wizard",
            "Constraints": [
                {
                    "Name": "\"Hyatt Hotel\""
                },
                {
                    "StartDate": "\"14th\""
                },
                {
                    "EndDate": "\"31st\""
                },
                {
                    "CustomerName": "\"Mark\""
                },
                {
                    "RequestType": "\"Check\""
                }
            ],
            "PrimaryItem": {
                "APIName": "hotel_book",
                "HotelName": "Hyatt Hotel",
                "Message": "Unavailable"
            },
            "UnixTime": 1589588855
        },
        {
            "APIName": "hotel_book",
            "Action": "return_item",
            "Agent": "KnowledgeBase",
            "Item": {
                "APIName": "hotel_book",
                "HotelName": "Hyatt Hotel",
                "Message": "Available"
            },
            "TotalItems": -1,
            "PredictedBeliefState": {
                "Name": "hyatt hotel",
                "CustomerName": "mark",
                "StartDate": "14th",
                "EndDate": "31st"
            },
            "ActionLabel": [
                "result_bad_label"
            ]
        },
        {
            "Action": "request_suggestions",
            "Agent": "Wizard",
            "PrimaryItem": {
                "APIName": "hotel_book",
                "HotelName": "Hyatt Hotel",
                "Message": "Available"
            },
            "Text": "th",
            "UnixTime": 1589588861
        },
        {
            "Action": "request_suggestions",
            "Agent": "Wizard",
            "PrimaryItem": {
                "APIName": "hotel_book",
                "HotelName": "Hyatt Hotel",
                "Message": "Available"
            },
            "Text": "That",
            "UnixTime": 1589588871
        },
        {
            "Action": "utter",
            "Agent": "Wizard",
            "PrimaryItem": {
                "APIName": "hotel_book",
                "HotelName": "Hyatt Hotel",
                "Message": "Available"
            },
            "Text": "The Hyatt is available then.  Should I book it for you?",
            "UnixTime": 1589588906
        },
        {
            "Action": "utter",
            "Agent": "User",
            "Text": "Sure, even though my partner's brother is a bit of a show-off, I still need to go to the wedding.",
            "UnixTime": 1589588939,
            "PredictedBeliefState": {
                "Name": "hyatt hotel",
                "CustomerName": "mark",
                "EndDate": "31st",
                "StartDate": "14th"
            },
            "ActionLabel": [
                "user_bad_label"
            ]
        },
        {
            "APIName": "hotel_book",
            "Action": "query",
            "Agent": "Wizard",
            "Constraints": [
                {
                    "Name": "\"Hyatt Hotel\""
                },
                {
                    "StartDate": "\"14th\""
                },
                {
                    "EndDate": "\"31st\""
                },
                {
                    "CustomerName": "\"Mark\""
                },
                {
                    "RequestType": "\"Book\""
                }
            ],
            "PrimaryItem": {
                "APIName": "hotel_book",
                "HotelName": "Hyatt Hotel",
                "Message": "Available"
            },
            "UnixTime": 1589588953
        },
        {
            "APIName": "hotel_book",
            "Action": "return_item",
            "Agent": "KnowledgeBase",
            "Item": {
                "APIName": "hotel_book",
                "HotelName": "Hyatt Hotel",
                "Message": "Reservation Failed"
            },
            "TotalItems": -1,
            "PredictedBeliefState": {
                "Name": "hyatt hotel",
                "CustomerName": "mark",
                "EndDate": "31st",
                "StartDate": "14th"
            },
            "ActionLabel": [
                "db_hotel_reservation_succeeded"
            ]
        },
        {
            "APIName": "hotel_book",
            "Action": "query",
            "Agent": "Wizard",
            "Constraints": [
                {
                    "Name": "\"Hyatt Hotel\""
                },
                {
                    "StartDate": "\"14th\""
                },
                {
                    "EndDate": "\"31st\""
                },
                {
                    "CustomerName": "\"Mark\""
                },
                {
                    "RequestType": "\"Book\""
                }
            ],
            "PrimaryItem": {
                "APIName": "hotel_book",
                "HotelName": "Hyatt Hotel",
                "Message": "Reservation Failed"
            },
            "UnixTime": 1589588960
        },
        {
            "APIName": "hotel_book",
            "Action": "return_item",
            "Agent": "KnowledgeBase",
            "Item": {
                "APIName": "hotel_book",
                "HotelName": "Hyatt Hotel",
                "Message": "Reservation Confirmed"
            },
            "TotalItems": -1,
            "PredictedBeliefState": {
                "Name": "hyatt hotel",
                "CustomerName": "mark",
                "EndDate": "31st",
                "StartDate": "14th"
            },
            "ActionLabel": [
                "db_hotel_reservation_succeeded"
            ]
        },
        {
            "Action": "request_suggestions",
            "Agent": "Wizard",
            "PrimaryItem": {
                "APIName": "hotel_book",
                "HotelName": "Hyatt Hotel",
                "Message": "Reservation Confirmed"
            },
            "Text": "Your",
            "UnixTime": 1589588974
        },
        {
            "Action": "pick_suggestion",
            "ActionLabel": "hotel_reservation_succeeded",
            "ActionLabelOptions": [
                "hotel_reservation_succeeded",
                "hello",
                "hotel_ask_hotel"
            ],
            "Agent": "Wizard",
            "PrimaryItem": {
                "APIName": "hotel_book",
                "HotelName": "Hyatt Hotel",
                "Message": "Reservation Confirmed"
            },
            "Text": "OK, I've successfully completed this Hotel booking for you!",
            "UnixTime": 1589588977
        },
        {
            "Action": "complete",
            "Agent": "User",
            "UnixTime": 1589588979
        }
    ],
    "FORMAT-VERSION": 7,
    "IntroducesConflicts": false,
    "Scenario": {
        "Domains": [
            "hotel"
        ],
        "Happy": false,
        "MultiTask": false,
        "UserTask": "You want to reserve a room at the Shadyside Inn from May 9th to 21st. Your name is Mark. Please do not make a custom request, and it is ok if no room is available - just say goodbye in this case.",
        "WizardCapabilities": [
            {
                "Domain": "hotel",
                "SchemaImage": "hotel_book.jpg",
                "Task": "hotel_book"
            }
        ],
        "WizardTask": "Help the user reserve a hotel room. (You can find the video tutorial under https://youtu.be/USrWF1ZyNWw, in case you want to watch it again.)"
    },
    "UserQuestionnaire": [
        {
            "Answer": true,
            "Question": "Did the assistant reserve your hotel?"
        },
        {
            "Answer": true,
            "Question": "Did the assistant stay calm and helpful throughout the dialogue?"
        }
    ],
    "WizardQuestionnaire": [
        {
            "Answer": true,
            "Question": "Did the user change his/her mind about what he/she wants at any time?"
        },
        {
            "Answer": true,
            "Question": "Did the user become aggressive or annoyed during the dialogue? (Note: some users may be instructed to be annoying.)"
        },
        {
            "Answer": false,
            "Question": "Where you unsure about what to do at any time? (Feel free to send us an email with details.)"
        }
    ]
}