{
    "AnonymizedUserWorkerID": "29460cea-cd22-bb2d-8c7b-b206609fd10e",
    "AnonymizedWizardWorkerID": "91b16ed4-3c20-2cd4-e99c-ff1316c27cf2",
    "BatchID": "woz_1589554725",
    "CompletionLevel": "Complete",
    "DialogueID": 3958,
    "Events": [
        {
            "Action": "instruct",
            "Agent": "UserGuide",
            "Text": "Your task is written on the left panel. [instruction 1 of 4]",
            "UnixTime": 1589605056
        },
        {
            "Action": "utter",
            "Agent": "User",
            "Text": "Can I start off again on question 2?",
            "UnixTime": 1589605069,
            "PredictedBeliefState": {
                "QuestionNum": "2"
            },
            "ActionLabel": [
                "user_trivia_inform_question_number",
                "user_bad_label"
            ]
        },
        {
            "APIName": "trivia",
            "Action": "query",
            "Agent": "Wizard",
            "Constraints": [
                {
                    "QuestionNum": "2"
                }
            ],
            "UnixTime": 1589605080
        },
        {
            "APIName": "trivia",
            "Action": "return_item",
            "Agent": "KnowledgeBase",
            "Item": {
                "APIName": "trivia",
                "Answer": "canton",
                "Question": "A ____ is the blue field behind the stars"
            },
            "TotalItems": -1,
            "PredictedBeliefState": {
                "QuestionNum": "2"
            },
            "ActionLabel": [
                "db_inform_question"
            ]
        },
        {
            "Action": "request_suggestions",
            "Agent": "Wizard",
            "PrimaryItem": {
                "APIName": "trivia",
                "Answer": "canton",
                "Question": "A ____ is the blue field behind the stars"
            },
            "Text": "a ",
            "UnixTime": 1589605082
        },
        {
            "Action": "pick_suggestion",
            "ActionLabel": "trivia_ask_question",
            "ActionLabelOptions": [
                "trivia_ask_question",
                "trivia_inform_answer_2_ask_next",
                "trivia_bye"
            ],
            "Agent": "Wizard",
            "PrimaryItem": {
                "APIName": "trivia",
                "Answer": "canton",
                "Question": "A ____ is the blue field behind the stars"
            },
            "Text": "A ____ is the blue field behind the stars",
            "UnixTime": 1589605084
        },
        {
            "Action": "utter",
            "Agent": "User",
            "Text": "canton",
            "UnixTime": 1589605094,
            "PredictedBeliefState": {
                "QuestionNum": "2"
            },
            "ActionLabel": [
                "user_trivia_answer"
            ]
        },
        {
            "Action": "instruct",
            "Agent": "UserGuide",
            "Text": "Engage in some smalltalk. [instruction 2 of 4]",
            "UnixTime": 1589605094
        },
        {
            "Action": "request_suggestions",
            "Agent": "Wizard",
            "PrimaryItem": {
                "APIName": "trivia",
                "Answer": "canton",
                "Question": "A ____ is the blue field behind the stars"
            },
            "Text": "correct",
            "UnixTime": 1589605099
        },
        {
            "Action": "pick_suggestion",
            "ActionLabel": "trivia_inform_answer_correct_ask_next",
            "ActionLabelOptions": [
                "trivia_inform_answer_correct_ask_next",
                "out_of_scope",
                "trivia_inform_answer_incorrect_ask_next"
            ],
            "Agent": "Wizard",
            "PrimaryItem": {
                "APIName": "trivia",
                "Answer": "canton",
                "Question": "A ____ is the blue field behind the stars"
            },
            "Text": "Your answer was correct! Great job! Would you like to continue playing?",
            "UnixTime": 1589605101
        },
        {
            "Action": "utter",
            "Agent": "User",
            "Text": "yes lets do two more so far these are easy!",
            "UnixTime": 1589605119,
            "PredictedBeliefState": {
                "QuestionNum": "2"
            },
            "ActionLabel": [
                "user_trivia_next_question"
            ]
        },
        {
            "APIName": "trivia",
            "Action": "query",
            "Agent": "Wizard",
            "Constraints": [
                {
                    "QuestionNum": "3"
                }
            ],
            "PrimaryItem": {
                "APIName": "trivia",
                "Answer": "canton",
                "Question": "A ____ is the blue field behind the stars"
            },
            "UnixTime": 1589605126
        },
        {
            "APIName": "trivia",
            "Action": "return_item",
            "Agent": "KnowledgeBase",
            "Item": {
                "APIName": "trivia",
                "Answer": "snail",
                "Question": "A ____ takes 33 hours to crawl one mile"
            },
            "TotalItems": -1,
            "PredictedBeliefState": {
                "QuestionNum": "2"
            },
            "ActionLabel": [
                "db_inform_question"
            ]
        },
        {
            "Action": "request_suggestions",
            "Agent": "Wizard",
            "PrimaryItem": {
                "APIName": "trivia",
                "Answer": "snail",
                "Question": "A ____ takes 33 hours to crawl one mile"
            },
            "Text": "a ",
            "UnixTime": 1589605128
        },
        {
            "Action": "pick_suggestion",
            "ActionLabel": "trivia_ask_question",
            "ActionLabelOptions": [
                "trivia_ask_question",
                "trivia_inform_answer_2_ask_next",
                "trivia_bye"
            ],
            "Agent": "Wizard",
            "PrimaryItem": {
                "APIName": "trivia",
                "Answer": "snail",
                "Question": "A ____ takes 33 hours to crawl one mile"
            },
            "Text": "A ____ takes 33 hours to crawl one mile",
            "UnixTime": 1589605130
        },
        {
            "Action": "utter",
            "Agent": "User",
            "Text": "snail",
            "UnixTime": 1589605160,
            "PredictedBeliefState": {
                "QuestionNum": "2"
            },
            "ActionLabel": [
                "user_trivia_answer"
            ]
        },
        {
            "Action": "instruct",
            "Agent": "UserGuide",
            "Text": "Say something about the questions. [instruction 3 of 4]",
            "UnixTime": 1589605160
        },
        {
            "Action": "request_suggestions",
            "Agent": "Wizard",
            "PrimaryItem": {
                "APIName": "trivia",
                "Answer": "snail",
                "Question": "A ____ takes 33 hours to crawl one mile"
            },
            "Text": "correct",
            "UnixTime": 1589605166
        },
        {
            "Action": "pick_suggestion",
            "ActionLabel": "trivia_inform_answer_correct_ask_next",
            "ActionLabelOptions": [
                "trivia_inform_answer_correct_ask_next",
                "out_of_scope",
                "trivia_inform_answer_incorrect_ask_next"
            ],
            "Agent": "Wizard",
            "PrimaryItem": {
                "APIName": "trivia",
                "Answer": "snail",
                "Question": "A ____ takes 33 hours to crawl one mile"
            },
            "Text": "Your answer was correct! Great job! Would you like to continue playing?",
            "UnixTime": 1589605168
        },
        {
            "Action": "utter",
            "Agent": "User",
            "Text": "Yes one more! So far so good!",
            "UnixTime": 1589605195,
            "PredictedBeliefState": {
                "QuestionNum": "2"
            },
            "ActionLabel": [
                "user_trivia_next_question"
            ]
        },
        {
            "Action": "instruct",
            "Agent": "UserGuide",
            "Text": "Ok, just keep going until you've completed your task (see left panel). [instruction 4 of 4]",
            "UnixTime": 1589605195
        },
        {
            "APIName": "trivia",
            "Action": "query",
            "Agent": "Wizard",
            "Constraints": [
                {
                    "QuestionNum": "4"
                }
            ],
            "PrimaryItem": {
                "APIName": "trivia",
                "Answer": "snail",
                "Question": "A ____ takes 33 hours to crawl one mile"
            },
            "UnixTime": 1589605200
        },
        {
            "APIName": "trivia",
            "Action": "return_item",
            "Agent": "KnowledgeBase",
            "Item": {
                "APIName": "trivia",
                "Answer": "poem",
                "Question": "A ____ written to celebrate a wedding is called a epithalamium"
            },
            "TotalItems": -1,
            "PredictedBeliefState": {
                "QuestionNum": "2"
            },
            "ActionLabel": [
                "db_inform_question"
            ]
        },
        {
            "Action": "request_suggestions",
            "Agent": "Wizard",
            "PrimaryItem": {
                "APIName": "trivia",
                "Answer": "poem",
                "Question": "A ____ written to celebrate a wedding is called a epithalamium"
            },
            "Text": "a ",
            "UnixTime": 1589605203
        },
        {
            "Action": "pick_suggestion",
            "ActionLabel": "trivia_ask_question",
            "ActionLabelOptions": [
                "trivia_ask_question",
                "trivia_inform_answer_2_ask_next",
                "trivia_bye"
            ],
            "Agent": "Wizard",
            "PrimaryItem": {
                "APIName": "trivia",
                "Answer": "poem",
                "Question": "A ____ written to celebrate a wedding is called a epithalamium"
            },
            "Text": "A ____ written to celebrate a wedding is called a epithalamium",
            "UnixTime": 1589605204
        },
        {
            "Action": "utter",
            "Agent": "User",
            "Text": "poem",
            "UnixTime": 1589605209,
            "PredictedBeliefState": {
                "QuestionNum": "2"
            },
            "ActionLabel": [
                "user_trivia_answer"
            ]
        },
        {
            "Action": "request_suggestions",
            "Agent": "Wizard",
            "PrimaryItem": {
                "APIName": "trivia",
                "Answer": "poem",
                "Question": "A ____ written to celebrate a wedding is called a epithalamium"
            },
            "Text": "correct",
            "UnixTime": 1589605214
        },
        {
            "Action": "pick_suggestion",
            "ActionLabel": "trivia_inform_answer_correct_ask_next",
            "ActionLabelOptions": [
                "trivia_inform_answer_correct_ask_next",
                "out_of_scope",
                "trivia_inform_answer_incorrect_ask_next"
            ],
            "Agent": "Wizard",
            "PrimaryItem": {
                "APIName": "trivia",
                "Answer": "poem",
                "Question": "A ____ written to celebrate a wedding is called a epithalamium"
            },
            "Text": "Your answer was correct! Great job! Would you like to continue playing?",
            "UnixTime": 1589605216
        },
        {
            "Action": "utter",
            "Agent": "User",
            "Text": "Thats it for now, this was fun.",
            "UnixTime": 1589605239,
            "PredictedBeliefState": {
                "QuestionNum": "2"
            },
            "ActionLabel": [
                "user_bad_label"
            ]
        },
        {
            "Action": "request_suggestions",
            "Agent": "Wizard",
            "PrimaryItem": {
                "APIName": "trivia",
                "Answer": "poem",
                "Question": "A ____ written to celebrate a wedding is called a epithalamium"
            },
            "Text": "You",
            "UnixTime": 1589605247
        },
        {
            "Action": "utter",
            "Agent": "Wizard",
            "PrimaryItem": {
                "APIName": "trivia",
                "Answer": "poem",
                "Question": "A ____ written to celebrate a wedding is called a epithalamium"
            },
            "Text": "You got 3 out of 3 correct!  Great job!",
            "UnixTime": 1589605258
        },
        {
            "Action": "complete",
            "Agent": "User",
            "UnixTime": 1589605265
        }
    ],
    "FORMAT-VERSION": 7,
    "IntroducesConflicts": false,
    "Scenario": {
        "Domains": [
            null
        ],
        "Happy": false,
        "MultiTask": false,
        "UserTask": "You would like to play a game of trivia. You've already answered some of the questions, so you should start from question 2 and play 3 questions. You have answers for the following questions: (1) cesium, (7) do not iron, (8) two in the bush. For the rest, try your best!",
        "WizardCapabilities": [
            {
                "Domain": null,
                "SchemaImage": "trivia.jpg",
                "Task": "trivia"
            }
        ],
        "WizardTask": "Let the user play a trivia game. Query for and ask the questions until the user wants to stop."
    },
    "UserQuestionnaire": [
        {
            "Answer": true,
            "Question": "Did the AI Assistant succesfully run the trivia quiz?"
        },
        {
            "Answer": true,
            "Question": "Did the AI Assistant stay calm and helpful throughout the dialogue?"
        }
    ],
    "WizardQuestionnaire": [
        {
            "Answer": false,
            "Question": "Did the user change his/her mind about what he/she wants at any time?"
        },
        {
            "Answer": false,
            "Question": "Did the user become aggressive or annoyed during the dialogue? (Note: some users may be instructed to be annoying.)"
        },
        {
            "Answer": false,
            "Question": "Where you unsure about what to do at any time? (Feel free to send us an email with details.)"
        }
    ]
}