{
    "AnonymizedUserWorkerID": "73075136-b637-6ae1-2978-d0164a49549e",
    "AnonymizedWizardWorkerID": "66c768ec-c1a7-affc-8806-fa55a561e851",
    "BatchID": "woz_1589554725",
    "CompletionLevel": "EarlyDisconnectDuringDialogue",
    "DialogueID": 3972,
    "Events": [
        {
            "Action": "instruct",
            "Agent": "UserGuide",
            "Text": "Somebody has transferred $500 from your account. Quickly you contact the bank-system's AI assistant. Surely it can help? [instruction 1 of 5]",
            "UnixTime": 1589583444
        }
    ],
    "FORMAT-VERSION": 7,
    "IntroducesConflicts": false,
    "Scenario": {
        "Domains": [
            "bank"
        ],
        "Happy": false,
        "MultiTask": false,
        "UserTask": "Follow the instructions and comments of the MTurk System bot (darker yellow boxes in the dialogue). Do not end the dialogue before the MTurk System bot (not the assistant) has told you to do so. ",
        "WizardCapabilities": [
            {
                "Domain": "bank",
                "SchemaImage": "bank_fraud_report.jpg",
                "Task": "bank_fraud_report"
            }
        ],
        "WizardTask": "Follow the flow charts and help the user. Some facts you should be aware of: \n\n* You are the customer service AI of the international banking system"
    },
    "UserQuestionnaire": [],
    "WizardQuestionnaire": []
}