{
    "AnonymizedUserWorkerID": "5279cf01-d151-44ce-b806-dd2536b8c8bd",
    "AnonymizedWizardWorkerID": "9f21d8b6-df7e-edd4-ef00-9da97dbb279f",
    "BatchID": "woz_1589554725",
    "CompletionLevel": "Complete",
    "DialogueID": 3980,
    "Events": [
        {
            "Action": "utter",
            "Agent": "User",
            "Text": "Hi I'm Jane Doe and would like to check my bank balance",
            "UnixTime": 1589594354,
            "PredictedBeliefState": {
                "FullName": "jane doe"
            },
            "ActionLabel": [
                "user_bank_inform_name",
                "user_bank_ask_balance"
            ]
        },
        {
            "Action": "request_suggestions",
            "Agent": "Wizard",
            "Text": "account number?",
            "UnixTime": 1589594360
        },
        {
            "Action": "pick_suggestion",
            "ActionLabel": "bank_ask_account_number",
            "ActionLabelOptions": [
                "bank_ask_account_number",
                "goodbye_1",
                "bank_ask_mothers_maiden_name"
            ],
            "Agent": "Wizard",
            "Text": "Can you tell me your account number, please?",
            "UnixTime": 1589594374
        },
        {
            "Action": "utter",
            "Agent": "User",
            "Text": "351531510",
            "UnixTime": 1589594380,
            "PredictedBeliefState": {
                "FullName": "jane doe",
                "AccountNumber": "351531510"
            },
            "ActionLabel": [
                "user_bank_inform_account_number"
            ]
        },
        {
            "Action": "request_suggestions",
            "Agent": "Wizard",
            "Text": "PIN",
            "UnixTime": 1589594385
        },
        {
            "Action": "pick_suggestion",
            "ActionLabel": "bank_ask_pin",
            "ActionLabelOptions": [
                "bank_ask_pin",
                "out_of_scope",
                "bank_ask_childhood_pets_name"
            ],
            "Agent": "Wizard",
            "Text": "Right, and your PIN as well please.",
            "UnixTime": 1589594387
        },
        {
            "Action": "utter",
            "Agent": "User",
            "Text": "7402",
            "UnixTime": 1589594389,
            "PredictedBeliefState": {
                "FullName": "jane doe",
                "AccountNumber": "351531510",
                "PIN": "7402"
            },
            "ActionLabel": [
                "user_bank_inform_pin"
            ]
        },
        {
            "APIName": "bank_balance",
            "Action": "query",
            "Agent": "Wizard",
            "Constraints": [
                {
                    "FullName": "\"Jane Doe\""
                },
                {
                    "DateOfBirth": "null"
                },
                {
                    "SecurityAnswer1": "null"
                },
                {
                    "SecurityAnswer2": "null"
                },
                {
                    "AccountNumber": "351531510"
                },
                {
                    "PIN": "7402"
                }
            ],
            "UnixTime": 1589594397
        },
        {
            "APIName": "bank_balance",
            "Action": "return_item",
            "Agent": "KnowledgeBase",
            "Item": {
                "APIName": "bank_balance",
                "BankBalance": 8331,
                "BankName": "Bank of America",
                "id": 56
            },
            "TotalItems": -1,
            "PredictedBeliefState": {
                "FullName": "jane doe",
                "AccountNumber": "351531510",
                "PIN": "7402"
            },
            "ActionLabel": [
                "db_bank_inform_balance"
            ]
        },
        {
            "Action": "request_suggestions",
            "Agent": "Wizard",
            "PrimaryItem": {
                "APIName": "bank_balance",
                "BankBalance": 8331,
                "BankName": "Bank of America",
                "id": 56
            },
            "Text": "8331",
            "UnixTime": 1589594400
        },
        {
            "Action": "pick_suggestion",
            "ActionLabel": "bank_inform_balance",
            "ActionLabelOptions": [
                "bank_inform_balance",
                "hello",
                "out_of_scope"
            ],
            "Agent": "Wizard",
            "PrimaryItem": {
                "APIName": "bank_balance",
                "BankBalance": 8331,
                "BankName": "Bank of America",
                "id": 56
            },
            "Text": "Your current balance is 8331 in credit.",
            "UnixTime": 1589594401
        },
        {
            "Action": "complete",
            "Agent": "User",
            "UnixTime": 1589594407
        }
    ],
    "FORMAT-VERSION": 7,
    "IntroducesConflicts": false,
    "Scenario": {
        "Domains": [
            "bank"
        ],
        "Happy": true,
        "MultiTask": false,
        "UserTask": "You are Jane Doe and would like to check your bank balance. Your account number is 351531510 and your PIN is 7402.",
        "WizardCapabilities": [
            {
                "Domain": "bank",
                "SchemaImage": "bank_balance.jpg",
                "Task": "bank_balance"
            }
        ],
        "WizardTask": "Authenticate the user and tell them their bank balance"
    },
    "UserQuestionnaire": [
        {
            "Answer": true,
            "Question": "Did the AI Assistant authenticate your account and give you your bank balance?"
        },
        {
            "Answer": true,
            "Question": "Did the AI Assistant stay calm and helpful throughout the dialogue?"
        }
    ],
    "WizardQuestionnaire": [
        {
            "Answer": false,
            "Question": "Did the user change his/her mind about what he/she wants at any time?"
        },
        {
            "Answer": false,
            "Question": "Did the user become aggressive or annoyed during the dialogue?"
        }
    ]
}