{
    "AnonymizedUserWorkerID": "a4c9564b-06b9-37b4-27ca-fd6bf52c4154",
    "AnonymizedWizardWorkerID": "fffda099-4607-390e-af2a-aafdd3c1a8f5",
    "BatchID": "woz_1589554725",
    "CompletionLevel": "EarlyDisconnectDuringDialogue",
    "DialogueID": 3995,
    "Events": [
        {
            "Action": "instruct",
            "Agent": "UserGuide",
            "Text": "Not again! You took the wrong bus and got totally lost in the middle of the city. But you have to get to your hot date in time! Ask you personal AI assistant for help. [instruction 1 of 5]",
            "UnixTime": 1589575995
        },
        {
            "Action": "utter",
            "Agent": "User",
            "Text": "Oh no! I took the wrong bus and am lost in the middle of the city. I just need to get to my hot date on time. Please help!",
            "UnixTime": 1589576027,
            "PredictedBeliefState": {
                "DepartureLocation": "forbes and murray",
                "DepartureTime": "1 pm"
            },
            "ActionLabel": [
                "user_trip_directions_inform_departure",
                "user_trip_directions_inform_time",
                "user_bad_label"
            ]
        },
        {
            "Action": "instruct",
            "Agent": "UserGuide",
            "Text": "The hot date is somewhere near Craig and Center. If you can get there, you should know your way again. [instruction 2 of 5]",
            "UnixTime": 1589576027
        }
    ],
    "FORMAT-VERSION": 7,
    "IntroducesConflicts": false,
    "Scenario": {
        "Domains": [
            "trip"
        ],
        "Happy": false,
        "MultiTask": false,
        "UserTask": "Follow the instructions and comments of the MTurk System bot (darker yellow boxes in the dialogue). Do not end the dialogue before the MTurk System bot (not the assistant) has told you to do so. ",
        "WizardCapabilities": [
            {
                "Domain": "trip",
                "SchemaImage": "trip_directions.jpg",
                "Task": "trip_directions"
            }
        ],
        "WizardTask": "Follow the flow charts and help the user. Some facts you should be aware of: \n\n* At the beginning of the conversation, the user's location is Forbes and Murray\n* At the beginning of the conversation it is 1pm"
    },
    "UserQuestionnaire": [],
    "WizardQuestionnaire": []
}