{
    "AnonymizedUserWorkerID": "62eeec70-6c47-578d-fd46-fef2b9b6d543",
    "AnonymizedWizardWorkerID": "d34dc4ee-d0cc-e26c-c50e-d9729ef3d723",
    "BatchID": "woz_1589554725",
    "CompletionLevel": "Complete",
    "DialogueID": 4030,
    "Events": [
        {
            "Action": "utter",
            "Agent": "User",
            "Text": "Hiya, I need directions from the Hospital to Craig and Center.",
            "UnixTime": 1589614283,
            "PredictedBeliefState": {
                "DepartureLocation": "hospital",
                "ArrivalLocation": "craig and center"
            },
            "ActionLabel": [
                "user_trip_directions_inform_departure",
                "user_trip_directions_inform_arrival",
                "user_trip_directions_ask_directions"
            ]
        },
        {
            "Action": "request_suggestions",
            "Agent": "Wizard",
            "Text": "How will you be travelling?",
            "UnixTime": 1589614322
        },
        {
            "Action": "pick_suggestion",
            "ActionLabel": "trip_ask_travel_mode",
            "ActionLabelOptions": [
                "trip_ask_travel_mode",
                "trip_inform_last_step_and_done",
                "trip_ask_arrival_location"
            ],
            "Agent": "Wizard",
            "Text": "Do you want to drive, walk, or use public transit?",
            "UnixTime": 1589614325
        },
        {
            "Action": "utter",
            "Agent": "User",
            "Text": "I'll be walking so I can get some exercise. I'll leave around 1 pm. ",
            "UnixTime": 1589614350,
            "PredictedBeliefState": {
                "TravelMode": "walking",
                "ArrivalLocation": "craig and center",
                "DepartureTime": "1 pm",
                "DepartureLocation": "hospital"
            },
            "ActionLabel": [
                "user_trip_directions_inform_mode",
                "user_trip_directions_inform_time"
            ]
        },
        {
            "APIName": "trip_directions",
            "Action": "query",
            "Agent": "Wizard",
            "Constraints": [
                {
                    "DepartureLocation": "\"Hospital\""
                },
                {
                    "ArrivalLocation": "\"Craig and Center\""
                },
                {
                    "TravelMode": "\"Walking\""
                },
                {
                    "DepartureTime": "\"1 pm\""
                }
            ],
            "UnixTime": 1589614384
        },
        {
            "APIName": "trip_directions",
            "Action": "return_item",
            "Agent": "KnowledgeBase",
            "Item": {
                "APIName": "trip_directions",
                "DetailedWalkingInstructions": [
                    "Turn right on El Camino Real and walk towards the Target.",
                    "Walk for 5 blocks, turn right onto Castro St right after you pass a library",
                    "Walk for 3 blocks and turn left at the Irish pub. You will pass several restaurants.",
                    "Your destination will be on the left besides the ice cream store."
                ],
                "TravelMode": "Walking",
                "TripLengthMinutes": 43,
                "WalkingInstructions": [
                    "Turn right on El Camino Real",
                    "After 5 blocks, turn right on Castro St.",
                    "Walk for 3 blocks and turn left at the pub",
                    "Your destination will be on the left."
                ],
                "id": 453
            },
            "TotalItems": -1,
            "PredictedBeliefState": {
                "TravelMode": "walking",
                "ArrivalLocation": "craig and center",
                "DepartureTime": "1 pm",
                "DepartureLocation": "hospital"
            },
            "ActionLabel": [
                "db_inform_trip_directions"
            ]
        },
        {
            "Action": "request_suggestions",
            "Agent": "Wizard",
            "PrimaryItem": {
                "APIName": "trip_directions",
                "DetailedWalkingInstructions": [
                    "Turn right on El Camino Real and walk towards the Target.",
                    "Walk for 5 blocks, turn right onto Castro St right after you pass a library",
                    "Walk for 3 blocks and turn left at the Irish pub. You will pass several restaurants.",
                    "Your destination will be on the left besides the ice cream store."
                ],
                "TravelMode": "Walking",
                "TripLengthMinutes": 43,
                "WalkingInstructions": [
                    "Turn right on El Camino Real",
                    "After 5 blocks, turn right on Castro St.",
                    "Walk for 3 blocks and turn left at the pub",
                    "Your destination will be on the left."
                ],
                "id": 453
            },
            "Text": "Turn right on El Camino Real",
            "UnixTime": 1589614410
        },
        {
            "Action": "pick_suggestion",
            "ActionLabel": "trip_inform_simple_step_ask_proceed",
            "ActionLabelOptions": [
                "trip_inform_simple_step_ask_proceed",
                "out_of_scope",
                "trip_ask_travel_mode"
            ],
            "Agent": "Wizard",
            "PrimaryItem": {
                "APIName": "trip_directions",
                "DetailedWalkingInstructions": [
                    "Turn right on El Camino Real and walk towards the Target.",
                    "Walk for 5 blocks, turn right onto Castro St right after you pass a library",
                    "Walk for 3 blocks and turn left at the Irish pub. You will pass several restaurants.",
                    "Your destination will be on the left besides the ice cream store."
                ],
                "TravelMode": "Walking",
                "TripLengthMinutes": 43,
                "WalkingInstructions": [
                    "Turn right on El Camino Real",
                    "After 5 blocks, turn right on Castro St.",
                    "Walk for 3 blocks and turn left at the pub",
                    "Your destination will be on the left."
                ],
                "id": 453
            },
            "Text": "Turn right on El Camino Real. Can I proceed or do you require more detailed instructions?",
            "UnixTime": 1589614414
        },
        {
            "Action": "utter",
            "Agent": "User",
            "Text": "Please proceed. ",
            "UnixTime": 1589614424,
            "PredictedBeliefState": {
                "TravelMode": "walking",
                "ArrivalLocation": "craig and center",
                "DepartureLocation": "hospital",
                "DepartureTime": "1 pm"
            },
            "ActionLabel": [
                "user_trip_directions_continue"
            ]
        },
        {
            "Action": "request_suggestions",
            "Agent": "Wizard",
            "PrimaryItem": {
                "APIName": "trip_directions",
                "DetailedWalkingInstructions": [
                    "Turn right on El Camino Real and walk towards the Target.",
                    "Walk for 5 blocks, turn right onto Castro St right after you pass a library",
                    "Walk for 3 blocks and turn left at the Irish pub. You will pass several restaurants.",
                    "Your destination will be on the left besides the ice cream store."
                ],
                "TravelMode": "Walking",
                "TripLengthMinutes": 43,
                "WalkingInstructions": [
                    "Turn right on El Camino Real",
                    "After 5 blocks, turn right on Castro St.",
                    "Walk for 3 blocks and turn left at the pub",
                    "Your destination will be on the left."
                ],
                "id": 453
            },
            "Text": "After 5 blocks",
            "UnixTime": 1589614438
        },
        {
            "Action": "pick_suggestion",
            "ActionLabel": "trip_inform_simple_step_ask_proceed",
            "ActionLabelOptions": [
                "trip_inform_simple_step_ask_proceed",
                "trip_ask_arrival_location",
                "trip_ask_travel_mode"
            ],
            "Agent": "Wizard",
            "PrimaryItem": {
                "APIName": "trip_directions",
                "DetailedWalkingInstructions": [
                    "Turn right on El Camino Real and walk towards the Target.",
                    "Walk for 5 blocks, turn right onto Castro St right after you pass a library",
                    "Walk for 3 blocks and turn left at the Irish pub. You will pass several restaurants.",
                    "Your destination will be on the left besides the ice cream store."
                ],
                "TravelMode": "Walking",
                "TripLengthMinutes": 43,
                "WalkingInstructions": [
                    "Turn right on El Camino Real",
                    "After 5 blocks, turn right on Castro St.",
                    "Walk for 3 blocks and turn left at the pub",
                    "Your destination will be on the left."
                ],
                "id": 453
            },
            "Text": "After 5 blocks, turn right on Castro St. Can I proceed or do you require more detailed instructions?",
            "UnixTime": 1589614441
        },
        {
            "Action": "utter",
            "Agent": "User",
            "Text": "Hmm, I'm a little lost. Please give me more details. ",
            "UnixTime": 1589614456,
            "PredictedBeliefState": {
                "DepartureLocation": "hospital",
                "TravelMode": "walking",
                "ArrivalLocation": "craig and center",
                "DepartureTime": "1 pm"
            },
            "ActionLabel": [
                "user_trip_directions_continue"
            ]
        },
        {
            "Action": "request_suggestions",
            "Agent": "Wizard",
            "PrimaryItem": {
                "APIName": "trip_directions",
                "DetailedWalkingInstructions": [
                    "Turn right on El Camino Real and walk towards the Target.",
                    "Walk for 5 blocks, turn right onto Castro St right after you pass a library",
                    "Walk for 3 blocks and turn left at the Irish pub. You will pass several restaurants.",
                    "Your destination will be on the left besides the ice cream store."
                ],
                "TravelMode": "Walking",
                "TripLengthMinutes": 43,
                "WalkingInstructions": [
                    "Turn right on El Camino Real",
                    "After 5 blocks, turn right on Castro St.",
                    "Walk for 3 blocks and turn left at the pub",
                    "Your destination will be on the left."
                ],
                "id": 453
            },
            "Text": "Walk for 5 blocks",
            "UnixTime": 1589614471
        },
        {
            "Action": "pick_suggestion",
            "ActionLabel": "trip_inform_simple_step_ask_proceed",
            "ActionLabelOptions": [
                "trip_inform_simple_step_ask_proceed",
                "trip_ask_arrival_location",
                "trip_ask_travel_mode"
            ],
            "Agent": "Wizard",
            "PrimaryItem": {
                "APIName": "trip_directions",
                "DetailedWalkingInstructions": [
                    "Turn right on El Camino Real and walk towards the Target.",
                    "Walk for 5 blocks, turn right onto Castro St right after you pass a library",
                    "Walk for 3 blocks and turn left at the Irish pub. You will pass several restaurants.",
                    "Your destination will be on the left besides the ice cream store."
                ],
                "TravelMode": "Walking",
                "TripLengthMinutes": 43,
                "WalkingInstructions": [
                    "Turn right on El Camino Real",
                    "After 5 blocks, turn right on Castro St.",
                    "Walk for 3 blocks and turn left at the pub",
                    "Your destination will be on the left."
                ],
                "id": 453
            },
            "Text": "Walk for 5 blocks, turn right onto Castro St right after you pass a library. Can I proceed or do you require more detailed instructions?",
            "UnixTime": 1589614486
        },
        {
            "Action": "utter",
            "Agent": "User",
            "Text": "Yes, please keep going. ",
            "UnixTime": 1589614498,
            "PredictedBeliefState": {
                "DepartureLocation": "hospital",
                "ArrivalLocation": "craig and center",
                "TravelMode": "walking",
                "DepartureTime": "1 pm"
            },
            "ActionLabel": [
                "user_trip_directions_continue"
            ]
        },
        {
            "Action": "request_suggestions",
            "Agent": "Wizard",
            "PrimaryItem": {
                "APIName": "trip_directions",
                "DetailedWalkingInstructions": [
                    "Turn right on El Camino Real and walk towards the Target.",
                    "Walk for 5 blocks, turn right onto Castro St right after you pass a library",
                    "Walk for 3 blocks and turn left at the Irish pub. You will pass several restaurants.",
                    "Your destination will be on the left besides the ice cream store."
                ],
                "TravelMode": "Walking",
                "TripLengthMinutes": 43,
                "WalkingInstructions": [
                    "Turn right on El Camino Real",
                    "After 5 blocks, turn right on Castro St.",
                    "Walk for 3 blocks and turn left at the pub",
                    "Your destination will be on the left."
                ],
                "id": 453
            },
            "Text": "Walk for 3 blocks and turn left",
            "UnixTime": 1589614517
        },
        {
            "Action": "pick_suggestion",
            "ActionLabel": "trip_inform_simple_step_ask_proceed",
            "ActionLabelOptions": [
                "trip_inform_simple_step_ask_proceed",
                "trip_ask_arrival_location",
                "out_of_scope"
            ],
            "Agent": "Wizard",
            "PrimaryItem": {
                "APIName": "trip_directions",
                "DetailedWalkingInstructions": [
                    "Turn right on El Camino Real and walk towards the Target.",
                    "Walk for 5 blocks, turn right onto Castro St right after you pass a library",
                    "Walk for 3 blocks and turn left at the Irish pub. You will pass several restaurants.",
                    "Your destination will be on the left besides the ice cream store."
                ],
                "TravelMode": "Walking",
                "TripLengthMinutes": 43,
                "WalkingInstructions": [
                    "Turn right on El Camino Real",
                    "After 5 blocks, turn right on Castro St.",
                    "Walk for 3 blocks and turn left at the pub",
                    "Your destination will be on the left."
                ],
                "id": 453
            },
            "Text": "Walk for 3 blocks and turn left at the pub. Can I proceed or do you require more detailed instructions?",
            "UnixTime": 1589614524
        },
        {
            "Action": "utter",
            "Agent": "User",
            "Text": "Wait, I don't think I'm going the right way. Can you give me more details?",
            "UnixTime": 1589614545,
            "PredictedBeliefState": {
                "DepartureLocation": "hospital",
                "ArrivalLocation": "craig and center",
                "DepartureTime": "1 pm",
                "TravelMode": "walking"
            },
            "ActionLabel": [
                "user_trip_directions_continue"
            ]
        },
        {
            "Action": "request_suggestions",
            "Agent": "Wizard",
            "PrimaryItem": {
                "APIName": "trip_directions",
                "DetailedWalkingInstructions": [
                    "Turn right on El Camino Real and walk towards the Target.",
                    "Walk for 5 blocks, turn right onto Castro St right after you pass a library",
                    "Walk for 3 blocks and turn left at the Irish pub. You will pass several restaurants.",
                    "Your destination will be on the left besides the ice cream store."
                ],
                "TravelMode": "Walking",
                "TripLengthMinutes": 43,
                "WalkingInstructions": [
                    "Turn right on El Camino Real",
                    "After 5 blocks, turn right on Castro St.",
                    "Walk for 3 blocks and turn left at the pub",
                    "Your destination will be on the left."
                ],
                "id": 453
            },
            "Text": "Walk for 3 blocks and turn left at the Irish",
            "UnixTime": 1589614557
        },
        {
            "Action": "request_suggestions",
            "Agent": "Wizard",
            "PrimaryItem": {
                "APIName": "trip_directions",
                "DetailedWalkingInstructions": [
                    "Turn right on El Camino Real and walk towards the Target.",
                    "Walk for 5 blocks, turn right onto Castro St right after you pass a library",
                    "Walk for 3 blocks and turn left at the Irish pub. You will pass several restaurants.",
                    "Your destination will be on the left besides the ice cream store."
                ],
                "TravelMode": "Walking",
                "TripLengthMinutes": 43,
                "WalkingInstructions": [
                    "Turn right on El Camino Real",
                    "After 5 blocks, turn right on Castro St.",
                    "Walk for 3 blocks and turn left at the pub",
                    "Your destination will be on the left."
                ],
                "id": 453
            },
            "Text": "Walk for 3 blocks and turn left at the Irish pub. You will pass several restaurants.",
            "UnixTime": 1589614570
        },
        {
            "Action": "pick_suggestion",
            "ActionLabel": "trip_inform_simple_step_ask_proceed",
            "ActionLabelOptions": [
                "trip_inform_detailed_step",
                "trip_instructions_done",
                "trip_inform_simple_step_ask_proceed"
            ],
            "Agent": "Wizard",
            "PrimaryItem": {
                "APIName": "trip_directions",
                "DetailedWalkingInstructions": [
                    "Turn right on El Camino Real and walk towards the Target.",
                    "Walk for 5 blocks, turn right onto Castro St right after you pass a library",
                    "Walk for 3 blocks and turn left at the Irish pub. You will pass several restaurants.",
                    "Your destination will be on the left besides the ice cream store."
                ],
                "TravelMode": "Walking",
                "TripLengthMinutes": 43,
                "WalkingInstructions": [
                    "Turn right on El Camino Real",
                    "After 5 blocks, turn right on Castro St.",
                    "Walk for 3 blocks and turn left at the pub",
                    "Your destination will be on the left."
                ],
                "id": 453
            },
            "Text": "Walk for 3 blocks and turn left at the Irish pub. You will pass several restaurants. Can I proceed or do you require more detailed instructions?",
            "UnixTime": 1589614574
        },
        {
            "Action": "utter",
            "Agent": "User",
            "Text": "Please keep going. ",
            "UnixTime": 1589614589,
            "PredictedBeliefState": {
                "ArrivalLocation": "craig and center",
                "TravelMode": "walking",
                "DepartureLocation": "hospital",
                "DepartureTime": "1 pm"
            },
            "ActionLabel": [
                "user_trip_directions_continue"
            ]
        },
        {
            "Action": "request_suggestions",
            "Agent": "Wizard",
            "PrimaryItem": {
                "APIName": "trip_directions",
                "DetailedWalkingInstructions": [
                    "Turn right on El Camino Real and walk towards the Target.",
                    "Walk for 5 blocks, turn right onto Castro St right after you pass a library",
                    "Walk for 3 blocks and turn left at the Irish pub. You will pass several restaurants.",
                    "Your destination will be on the left besides the ice cream store."
                ],
                "TravelMode": "Walking",
                "TripLengthMinutes": 43,
                "WalkingInstructions": [
                    "Turn right on El Camino Real",
                    "After 5 blocks, turn right on Castro St.",
                    "Walk for 3 blocks and turn left at the pub",
                    "Your destination will be on the left."
                ],
                "id": 453
            },
            "Text": "Your destination will be on the left.",
            "UnixTime": 1589614604
        },
        {
            "Action": "pick_suggestion",
            "ActionLabel": "trip_inform_last_step_and_done",
            "ActionLabelOptions": [
                "trip_inform_last_step_and_done",
                "trip_ask_travel_mode",
                "anything_else"
            ],
            "Agent": "Wizard",
            "PrimaryItem": {
                "APIName": "trip_directions",
                "DetailedWalkingInstructions": [
                    "Turn right on El Camino Real and walk towards the Target.",
                    "Walk for 5 blocks, turn right onto Castro St right after you pass a library",
                    "Walk for 3 blocks and turn left at the Irish pub. You will pass several restaurants.",
                    "Your destination will be on the left besides the ice cream store."
                ],
                "TravelMode": "Walking",
                "TripLengthMinutes": 43,
                "WalkingInstructions": [
                    "Turn right on El Camino Real",
                    "After 5 blocks, turn right on Castro St.",
                    "Walk for 3 blocks and turn left at the pub",
                    "Your destination will be on the left."
                ],
                "id": 453
            },
            "Text": "Your destination will be on the left. Do you know how to reach your destination or would you require more detailed instructions?",
            "UnixTime": 1589614608
        },
        {
            "Action": "utter",
            "Agent": "User",
            "Text": "I think I know how to get there.",
            "UnixTime": 1589614635,
            "PredictedBeliefState": {
                "TravelMode": "walking",
                "DepartureTime": "1 pm",
                "ArrivalLocation": "craig and center",
                "DepartureLocation": "hospital"
            },
            "ActionLabel": [
                "user_trip_directions_continue"
            ]
        },
        {
            "Action": "request_suggestions",
            "Agent": "Wizard",
            "PrimaryItem": {
                "APIName": "trip_directions",
                "DetailedWalkingInstructions": [
                    "Turn right on El Camino Real and walk towards the Target.",
                    "Walk for 5 blocks, turn right onto Castro St right after you pass a library",
                    "Walk for 3 blocks and turn left at the Irish pub. You will pass several restaurants.",
                    "Your destination will be on the left besides the ice cream store."
                ],
                "TravelMode": "Walking",
                "TripLengthMinutes": 43,
                "WalkingInstructions": [
                    "Turn right on El Camino Real",
                    "After 5 blocks, turn right on Castro St.",
                    "Walk for 3 blocks and turn left at the pub",
                    "Your destination will be on the left."
                ],
                "id": 453
            },
            "Text": "Directions are done",
            "UnixTime": 1589614664
        },
        {
            "Action": "pick_suggestion",
            "ActionLabel": "trip_instructions_done",
            "ActionLabelOptions": [
                "trip_instructions_done",
                "trip_ask_travel_mode",
                "trip_inform_nothing_found"
            ],
            "Agent": "Wizard",
            "PrimaryItem": {
                "APIName": "trip_directions",
                "DetailedWalkingInstructions": [
                    "Turn right on El Camino Real and walk towards the Target.",
                    "Walk for 5 blocks, turn right onto Castro St right after you pass a library",
                    "Walk for 3 blocks and turn left at the Irish pub. You will pass several restaurants.",
                    "Your destination will be on the left besides the ice cream store."
                ],
                "TravelMode": "Walking",
                "TripLengthMinutes": 43,
                "WalkingInstructions": [
                    "Turn right on El Camino Real",
                    "After 5 blocks, turn right on Castro St.",
                    "Walk for 3 blocks and turn left at the pub",
                    "Your destination will be on the left."
                ],
                "id": 453
            },
            "Text": "There are no more directions - you have reached your destination.",
            "UnixTime": 1589614669
        },
        {
            "Action": "complete",
            "Agent": "User",
            "UnixTime": 1589614680
        }
    ],
    "FORMAT-VERSION": 7,
    "IntroducesConflicts": false,
    "Scenario": {
        "Domains": [
            "trip"
        ],
        "Happy": true,
        "MultiTask": false,
        "UserTask": "You want directions from 'Hospital' to 'Craig and Center' at 1 pm by Walking. When the wizard gives the 2nd and 3rd step, indicate that you do not understand until you are given more detail. Keep going until you've reached your destination.",
        "WizardCapabilities": [
            {
                "Domain": "trip",
                "SchemaImage": "trip_directions.jpg",
                "Task": "trip_directions"
            }
        ],
        "WizardTask": "Tell the user the directions from their departure location to their arrival location"
    },
    "UserQuestionnaire": [
        {
            "Answer": true,
            "Question": "Did the AI Assistant give you suitable directions?"
        },
        {
            "Answer": true,
            "Question": "Did the AI Assistant stay calm and helpful throughout the dialogue?"
        }
    ],
    "WizardQuestionnaire": [
        {
            "Answer": false,
            "Question": "Did the user change his/her mind about what he/she wants at any time?"
        },
        {
            "Answer": false,
            "Question": "Did the user become aggressive or annoyed during the dialogue? (Note: some users may be instructed to be annoying.)"
        },
        {
            "Answer": false,
            "Question": "Where you unsure about what to do at any time? (Feel free to send us an email with details.)"
        }
    ]
}