{
    "AnonymizedUserWorkerID": "73bd63b7-5463-b221-d8f5-2611db2cf2a3",
    "AnonymizedWizardWorkerID": "73cd3146-78b3-8662-261e-62d39ac21292",
    "BatchID": "woz_1589554725",
    "CompletionLevel": "Complete",
    "DialogueID": 4130,
    "Events": [
        {
            "Action": "instruct",
            "Agent": "UserGuide",
            "Text": "Say hello to the AI assistant and ask for help (see instructions on the left). [instruction 1 of 6]",
            "UnixTime": 1589568706
        },
        {
            "Action": "utter",
            "Agent": "User",
            "Text": "Hi, Is Dr. Johnson available today?",
            "UnixTime": 1589568722,
            "PredictedBeliefState": {
                "Name": "dr. johnson"
            },
            "ActionLabel": [
                "user_doctor_schedule_inform_doctor_name",
                "user_doctor_schedule_ask_schedule"
            ]
        },
        {
            "Action": "instruct",
            "Agent": "UserGuide",
            "Text": "Try to get an appointment as soon as possible (right now it is 11 am on Monday). [instruction 2 of 6]",
            "UnixTime": 1589568722
        },
        {
            "Action": "request_suggestions",
            "Agent": "Wizard",
            "Text": "what is your name?",
            "UnixTime": 1589568763
        },
        {
            "Action": "pick_suggestion",
            "ActionLabel": "ask_name",
            "ActionLabelOptions": [
                "ask_name",
                "goodbye_1",
                "anything_else"
            ],
            "Agent": "Wizard",
            "Text": "Could I have your name, please?",
            "UnixTime": 1589568766
        },
        {
            "Action": "utter",
            "Agent": "User",
            "Text": "Yes it's John.",
            "UnixTime": 1589568786,
            "PredictedBeliefState": {
                "PatientName": "john",
                "Name": "dr. johnson"
            },
            "ActionLabel": [
                "user_doctor_schedule_inform_name"
            ]
        },
        {
            "Action": "instruct",
            "Agent": "UserGuide",
            "Text": "Keep asking for other times until the assistant has found a slot for you. Engage in smalltalk once this is done. [instruction 3 of 6]",
            "UnixTime": 1589568786
        },
        {
            "Action": "request_suggestions",
            "Agent": "Wizard",
            "Text": "what day?",
            "UnixTime": 1589568869
        },
        {
            "Action": "pick_suggestion",
            "ActionLabel": "doctor_ask_day",
            "ActionLabelOptions": [
                "doctor_ask_day",
                "hello",
                "doctor_ask_start_time"
            ],
            "Agent": "Wizard",
            "Text": "What day of the week would you like to schedule the appointment for?",
            "UnixTime": 1589568871
        },
        {
            "Action": "utter",
            "Agent": "User",
            "Text": "Monday, today.",
            "UnixTime": 1589568883,
            "PredictedBeliefState": {
                "PatientName": "john",
                "Name": "dr. johnson",
                "Day": "monday"
            },
            "ActionLabel": [
                "user_doctor_schedule_inform_day"
            ]
        },
        {
            "Action": "instruct",
            "Agent": "UserGuide",
            "Text": "Say something about Dr. Johnson, the AI Assistant, or something that has happened to you today. Be creative! [instruction 4 of 6]",
            "UnixTime": 1589568883
        },
        {
            "Action": "request_suggestions",
            "Agent": "Wizard",
            "Text": "what time",
            "UnixTime": 1589568895
        },
        {
            "Action": "pick_suggestion",
            "ActionLabel": "doctor_ask_start_time",
            "ActionLabelOptions": [
                "doctor_ask_start_time",
                "doctor_ask_day",
                "doctor_ask_end_time"
            ],
            "Agent": "Wizard",
            "Text": "At what time can you be at the clinic?",
            "UnixTime": 1589568899
        },
        {
            "Action": "utter",
            "Agent": "User",
            "Text": "Any time today will be fine. ",
            "UnixTime": 1589568913,
            "PredictedBeliefState": {
                "Name": "dr. johnson",
                "PatientName": "john",
                "Day": "monday"
            },
            "ActionLabel": []
        },
        {
            "Action": "instruct",
            "Agent": "UserGuide",
            "Text": "It occurs to you that you also want to make an appointment to get your kid Ben vaccinated. Perhaps you can schedule a second appointment at the same time? [instruction 5 of 6]",
            "UnixTime": 1589568913
        },
        {
            "Action": "request_suggestions",
            "Agent": "Wizard",
            "Text": "what are your symptoms",
            "UnixTime": 1589568940
        },
        {
            "Action": "pick_suggestion",
            "ActionLabel": "doctor_ask_symptoms",
            "ActionLabelOptions": [
                "doctor_ask_symptoms",
                "hello",
                "doctor_ask_doctor_name"
            ],
            "Agent": "Wizard",
            "Text": "Could you describe your symptoms, please?",
            "UnixTime": 1589568943
        },
        {
            "Action": "utter",
            "Agent": "User",
            "Text": "I have a cough and sore throat for two days now. ",
            "UnixTime": 1589568970,
            "PredictedBeliefState": {
                "PatientName": "john",
                "Day": "monday",
                "Name": "dr. johnson",
                "StartTimeHour": "dontcare",
                "Symptoms": "cough and sore throat for two days now"
            },
            "ActionLabel": [
                "user_doctor_schedule_inform_start_time",
                "user_doctor_schedule_inform_symptoms"
            ]
        },
        {
            "APIName": "doctor_schedule",
            "Action": "query",
            "Agent": "Wizard",
            "Constraints": [
                {
                    "Name": "api.is_equal_to(\"Dr. Johnson\")"
                },
                {
                    "PatientName": "\"John\""
                },
                {
                    "Day": "\"Monday\""
                },
                {
                    "StartTimeHour": "\"5 am\""
                },
                {
                    "Symptoms": "\"a cough and sore throat \""
                },
                {
                    "RequestType": "\"Check\""
                }
            ],
            "UnixTime": 1589569004
        },
        {
            "APIName": "doctor_schedule",
            "Action": "return_item",
            "Agent": "KnowledgeBase",
            "Item": {
                "APIName": "doctor_schedule",
                "DoctorName": "Dr. Johnson",
                "Message": "The time slot is available.",
                "Time": "5 am"
            },
            "TotalItems": -1,
            "PredictedBeliefState": {
                "PatientName": "john",
                "Day": "monday",
                "Name": "dr. johnson",
                "StartTimeHour": "dontcare",
                "Symptoms": "cough and sore throat for two days now"
            },
            "ActionLabel": [
                "db_doctor_inform_booking_available"
            ]
        },
        {
            "Action": "request_suggestions",
            "Agent": "Wizard",
            "PrimaryItem": {
                "APIName": "doctor_schedule",
                "DoctorName": "Dr. Johnson",
                "Message": "The time slot is available.",
                "Time": "5 am"
            },
            "Text": "He will be availabe at 5 am today",
            "UnixTime": 1589569026
        },
        {
            "Action": "pick_suggestion",
            "ActionLabel": "doctor_inform_booking_available",
            "ActionLabelOptions": [
                "doctor_inform_booking_available",
                "doctor_inform_booking_unavailable",
                "doctor_ask_day"
            ],
            "Agent": "Wizard",
            "PrimaryItem": {
                "APIName": "doctor_schedule",
                "DoctorName": "Dr. Johnson",
                "Message": "The time slot is available.",
                "Time": "5 am"
            },
            "Text": "Alright, Dr. Johnson is available at 5 am. Can I book the appointment for you?",
            "UnixTime": 1589569029
        },
        {
            "Action": "utter",
            "Agent": "User",
            "Text": "Yes that works. If possible I would like to have my son Ben seen as well. He needs vaccinations.",
            "UnixTime": 1589569061,
            "PredictedBeliefState": {
                "Name": "dr. johnson",
                "StartTimeHour": "5 am",
                "Symptoms": "vaccination",
                "Day": "monday",
                "PatientName": "ben"
            },
            "ActionLabel": [
                "user_doctor_schedule_inform_start_time",
                "user_doctor_schedule_inform_name",
                "user_bad_label"
            ]
        },
        {
            "Action": "instruct",
            "Agent": "UserGuide",
            "Text": "Keep going until both yours and your kid's appointments are made (this should take a few more turns). Then say goodbye. [instruction 6 of 6]",
            "UnixTime": 1589569061
        },
        {
            "APIName": "doctor_schedule",
            "Action": "query",
            "Agent": "Wizard",
            "Constraints": [
                {
                    "Name": "api.is_equal_to(\"Dr. Johnson\")"
                },
                {
                    "PatientName": "\"Ben \""
                },
                {
                    "Day": "\"Monday\""
                },
                {
                    "StartTimeHour": "\"5 am\""
                },
                {
                    "Symptoms": "\"vaccinations\""
                },
                {
                    "RequestType": "\"Check\""
                }
            ],
            "PrimaryItem": {
                "APIName": "doctor_schedule",
                "DoctorName": "Dr. Johnson",
                "Message": "The time slot is available.",
                "Time": "5 am"
            },
            "UnixTime": 1589569101
        },
        {
            "APIName": "doctor_schedule",
            "Action": "return_item",
            "Agent": "KnowledgeBase",
            "Item": {
                "APIName": "doctor_schedule",
                "DoctorName": "Dr. Johnson",
                "Message": "The time slot is available.",
                "Time": "5 am"
            },
            "TotalItems": -1,
            "PredictedBeliefState": {
                "Name": "dr. johnson",
                "StartTimeHour": "5 am",
                "Symptoms": "vaccination",
                "Day": "monday",
                "PatientName": "ben"
            },
            "ActionLabel": [
                "result_bad_label"
            ]
        },
        {
            "Action": "request_suggestions",
            "Agent": "Wizard",
            "PrimaryItem": {
                "APIName": "doctor_schedule",
                "DoctorName": "Dr. Johnson",
                "Message": "The time slot is available.",
                "Time": "5 am"
            },
            "Text": "He is available for that too. Can I book an appointment?",
            "UnixTime": 1589569138
        },
        {
            "Action": "utter",
            "Agent": "Wizard",
            "PrimaryItem": {
                "APIName": "doctor_schedule",
                "DoctorName": "Dr. Johnson",
                "Message": "The time slot is available.",
                "Time": "5 am"
            },
            "Text": "He is available for that too. Can I book an appointment?",
            "UnixTime": 1589569146
        },
        {
            "Action": "utter",
            "Agent": "User",
            "Text": "Yes please, thanks!",
            "UnixTime": 1589569158,
            "PredictedBeliefState": {
                "Name": "dr. johnson",
                "PatientName": "ben",
                "Day": "monday",
                "Symptoms": "vaccination",
                "StartTimeHour": "5 am"
            },
            "ActionLabel": [
                "user_bad_label"
            ]
        },
        {
            "APIName": "doctor_schedule",
            "Action": "query",
            "Agent": "Wizard",
            "Constraints": [
                {
                    "Name": "api.is_equal_to(\"Dr. Johnson\")"
                },
                {
                    "PatientName": "\"Ben \""
                },
                {
                    "Day": "\"Monday\""
                },
                {
                    "StartTimeHour": "\"5 am\""
                },
                {
                    "Symptoms": "\"vaccinations\""
                },
                {
                    "RequestType": "\"Book\""
                }
            ],
            "PrimaryItem": {
                "APIName": "doctor_schedule",
                "DoctorName": "Dr. Johnson",
                "Message": "The time slot is available.",
                "Time": "5 am"
            },
            "UnixTime": 1589569164
        },
        {
            "APIName": "doctor_schedule",
            "Action": "return_item",
            "Agent": "KnowledgeBase",
            "Item": {
                "APIName": "doctor_schedule",
                "DoctorName": "Dr. Johnson",
                "Message": "Your appointment has been successfuly scheduled.",
                "Time": "5 am"
            },
            "TotalItems": -1,
            "PredictedBeliefState": {
                "Name": "dr. johnson",
                "PatientName": "ben",
                "Day": "monday",
                "Symptoms": "vaccination",
                "StartTimeHour": "5 am"
            },
            "ActionLabel": [
                "db_doctor_inform_booking_successful"
            ]
        },
        {
            "Action": "request_suggestions",
            "Agent": "Wizard",
            "PrimaryItem": {
                "APIName": "doctor_schedule",
                "DoctorName": "Dr. Johnson",
                "Message": "Your appointment has been successfuly scheduled.",
                "Time": "5 am"
            },
            "Text": "It is successful",
            "UnixTime": 1589569173
        },
        {
            "Action": "pick_suggestion",
            "ActionLabel": "doctor_inform_booking_successful",
            "ActionLabelOptions": [
                "doctor_inform_booking_successful",
                "out_of_scope",
                "doctor_inform_nothing_found"
            ],
            "Agent": "Wizard",
            "PrimaryItem": {
                "APIName": "doctor_schedule",
                "DoctorName": "Dr. Johnson",
                "Message": "Your appointment has been successfuly scheduled.",
                "Time": "5 am"
            },
            "Text": "Great, your appointment with Dr. Johnson is booked for you!",
            "UnixTime": 1589569176
        },
        {
            "Action": "complete",
            "Agent": "User",
            "UnixTime": 1589569183
        }
    ],
    "FORMAT-VERSION": 7,
    "IntroducesConflicts": false,
    "Scenario": {
        "Domains": [
            "doctor"
        ],
        "Happy": false,
        "MultiTask": false,
        "UserTask": "You are John and would like to make an appointment with Dr. Johnson for today (Monday). You have had a cough and a sore throat,  for two days now.",
        "WizardCapabilities": [
            {
                "Domain": "doctor",
                "SchemaImage": "doctor_schedule.jpg",
                "Task": "doctor_schedule"
            }
        ],
        "WizardTask": "Follow the flow charts and help the user. Some facts you should be aware of: \n\n* Right now it is Monday, 11 am"
    },
    "UserQuestionnaire": [
        {
            "Answer": true,
            "Question": "Did the assistant stay calm and helpful throughout the dialogue?"
        }
    ],
    "WizardQuestionnaire": [
        {
            "Answer": false,
            "Question": "Did the user change his/her mind about what he/she wants at any time?"
        },
        {
            "Answer": false,
            "Question": "Did the user become aggressive or annoyed during the dialogue? (Note: some users may be instructed to be annoying.)"
        },
        {
            "Answer": false,
            "Question": "Where you unsure about what to do at any time? (Feel free to send us an email with details.)"
        }
    ]
}