{
    "AnonymizedUserWorkerID": "eae96765-3d74-8647-cc03-fc417533d9b1",
    "AnonymizedWizardWorkerID": "29460cea-cd22-bb2d-8c7b-b206609fd10e",
    "BatchID": "woz_1589554725",
    "CompletionLevel": "Complete",
    "DialogueID": 4195,
    "Events": [
        {
            "Action": "instruct",
            "Agent": "UserGuide",
            "Text": "Say hallo to the AI Assistant. [instruction 1 of 6]",
            "UnixTime": 1589607872
        },
        {
            "Action": "utter",
            "Agent": "User",
            "Text": "Hi, I want to view an apartment at Shadyside Friday at 7PM, name's Ben",
            "UnixTime": 1589607896,
            "PredictedBeliefState": {
                "Name": "shadyside apartments",
                "RenterName": "ben",
                "Day": "friday",
                "StartTimeHour": "7 pm"
            },
            "ActionLabel": [
                "user_apartment_inform_apartment_name",
                "user_apartment_inform_name",
                "user_apartment_inform_day",
                "user_apartment_inform_start_time",
                "user_apartment_ask_apartment"
            ]
        },
        {
            "Action": "request_suggestions",
            "Agent": "Wizard",
            "Text": "application fee",
            "UnixTime": 1589607937
        },
        {
            "Action": "pick_suggestion",
            "ActionLabel": "apartment_ask_application_fee_paid",
            "ActionLabelOptions": [
                "apartment_ask_application_fee_paid",
                "apartment_inform_viewing_available",
                "out_of_scope"
            ],
            "Agent": "Wizard",
            "Text": "Have you already paid the application fee for the apartment?",
            "UnixTime": 1589607939
        },
        {
            "Action": "utter",
            "Agent": "User",
            "Text": "I don't remember, honestly.",
            "UnixTime": 1589607946,
            "PredictedBeliefState": {
                "ApplicationFeePaid": "no",
                "Day": "friday",
                "RenterName": "ben",
                "Name": "shadyside apartments",
                "StartTimeHour": "7 pm"
            },
            "ActionLabel": [
                "user_apartment_inform_fee_paid"
            ]
        },
        {
            "Action": "instruct",
            "Agent": "UserGuide",
            "Text": "You suddenly remember that you have a friend's wedding on Friday at 7 pm. [instruction 2 of 6]",
            "UnixTime": 1589607946
        },
        {
            "APIName": "apartment_schedule",
            "Action": "query",
            "Agent": "Wizard",
            "Constraints": [
                {
                    "Name": "\"Shadyside Apartments\""
                },
                {
                    "RenterName": "\"ben\""
                },
                {
                    "Day": "\"Friday\""
                },
                {
                    "StartTimeHour": "\"7 pm\""
                },
                {
                    "ApplicationFeePaid": "api.is_equal_to(\"Yes\")"
                },
                {
                    "RequestType": "\"Check\""
                }
            ],
            "UnixTime": 1589607952
        },
        {
            "APIName": "apartment_schedule",
            "Action": "return_item",
            "Agent": "KnowledgeBase",
            "Item": {
                "APIName": "apartment_schedule",
                "Message": "That time is unavailable. Please try another time."
            },
            "TotalItems": -1,
            "PredictedBeliefState": {
                "ApplicationFeePaid": "no",
                "Day": "friday",
                "RenterName": "ben",
                "Name": "shadyside apartments",
                "StartTimeHour": "7 pm"
            },
            "ActionLabel": [
                "db_apartment_inform_viewing_unavailable"
            ]
        },
        {
            "Action": "request_suggestions",
            "Agent": "Wizard",
            "PrimaryItem": {
                "APIName": "apartment_schedule",
                "Message": "That time is unavailable. Please try another time."
            },
            "Text": "unavail",
            "UnixTime": 1589607961
        },
        {
            "Action": "pick_suggestion",
            "ActionLabel": "apartment_inform_viewing_unavailable",
            "ActionLabelOptions": [
                "apartment_inform_viewing_unavailable",
                "goodbye_2",
                "apartment_inform_booking_successful"
            ],
            "Agent": "Wizard",
            "PrimaryItem": {
                "APIName": "apartment_schedule",
                "Message": "That time is unavailable. Please try another time."
            },
            "Text": "I am sorry, but there is no viewing available at your preferred time.",
            "UnixTime": 1589607963
        },
        {
            "Action": "utter",
            "Agent": "User",
            "Text": "Oh, I actually have my friend's wedding at that time. Can we do 5PM Friday instead?",
            "UnixTime": 1589607967,
            "PredictedBeliefState": {
                "Day": "friday",
                "StartTimeHour": "5 pm",
                "Name": "shadyside apartments",
                "ApplicationFeePaid": "no",
                "RenterName": "ben"
            },
            "ActionLabel": [
                "user_apartment_inform_start_time"
            ]
        },
        {
            "Action": "instruct",
            "Agent": "UserGuide",
            "Text": "Ask something about the apartment, or engage in smalltalk, or make a joke. [instruction 3 of 6]",
            "UnixTime": 1589607967
        },
        {
            "APIName": "apartment_schedule",
            "Action": "query",
            "Agent": "Wizard",
            "Constraints": [
                {
                    "Name": "\"Shadyside Apartments\""
                },
                {
                    "RenterName": "\"ben\""
                },
                {
                    "Day": "\"Friday\""
                },
                {
                    "StartTimeHour": "\"5 pm\""
                },
                {
                    "ApplicationFeePaid": "api.is_equal_to(\"Yes\")"
                },
                {
                    "RequestType": "\"Check\""
                }
            ],
            "PrimaryItem": {
                "APIName": "apartment_schedule",
                "Message": "That time is unavailable. Please try another time."
            },
            "UnixTime": 1589608013
        },
        {
            "APIName": "apartment_schedule",
            "Action": "return_item",
            "Agent": "KnowledgeBase",
            "Item": {
                "APIName": "apartment_schedule",
                "Message": "That time is unavailable. Please try another time."
            },
            "TotalItems": -1,
            "PredictedBeliefState": {
                "Day": "friday",
                "StartTimeHour": "5 pm",
                "Name": "shadyside apartments",
                "ApplicationFeePaid": "no",
                "RenterName": "ben"
            },
            "ActionLabel": [
                "db_apartment_inform_viewing_unavailable"
            ]
        },
        {
            "Action": "request_suggestions",
            "Agent": "Wizard",
            "PrimaryItem": {
                "APIName": "apartment_schedule",
                "Message": "That time is unavailable. Please try another time."
            },
            "Text": "unavailabl",
            "UnixTime": 1589608018
        },
        {
            "Action": "pick_suggestion",
            "ActionLabel": "apartment_inform_viewing_unavailable",
            "ActionLabelOptions": [
                "apartment_inform_viewing_unavailable",
                "goodbye_2",
                "apartment_ask_end_time"
            ],
            "Agent": "Wizard",
            "PrimaryItem": {
                "APIName": "apartment_schedule",
                "Message": "That time is unavailable. Please try another time."
            },
            "Text": "I am sorry, but there is no viewing available at your preferred time.",
            "UnixTime": 1589608020
        },
        {
            "Action": "utter",
            "Agent": "User",
            "Text": "Pretty crazy that I forgot about my friend's wedding when I'm in the wedding party, right?",
            "UnixTime": 1589608024,
            "PredictedBeliefState": {
                "StartTimeHour": "5 pm",
                "RenterName": "ben",
                "Day": "friday",
                "Name": "shadyside apartments",
                "ApplicationFeePaid": "no"
            },
            "ActionLabel": [
                "user_bad_label"
            ]
        },
        {
            "Action": "instruct",
            "Agent": "UserGuide",
            "Text": "You cannot remember if you had payed the application fee. Find a way to make an appointment anyway. If no date is available, change date and/or time until something works. If you already got the appointment, engage in smalltalk. [instruction 4 of 6]",
            "UnixTime": 1589608024
        },
        {
            "Action": "request_suggestions",
            "Agent": "Wizard",
            "PrimaryItem": {
                "APIName": "apartment_schedule",
                "Message": "That time is unavailable. Please try another time."
            },
            "Text": "Sometimes things happen, do you have another time in mind?",
            "UnixTime": 1589608084
        },
        {
            "Action": "utter",
            "Agent": "Wizard",
            "PrimaryItem": {
                "APIName": "apartment_schedule",
                "Message": "That time is unavailable. Please try another time."
            },
            "Text": "Sometimes things happen, do you have another time in mind?",
            "UnixTime": 1589608088
        },
        {
            "Action": "utter",
            "Agent": "User",
            "Text": "Well, what about 3PM Friday?",
            "UnixTime": 1589608093,
            "PredictedBeliefState": {
                "RenterName": "ben",
                "Name": "shadyside apartments",
                "ApplicationFeePaid": "no",
                "StartTimeHour": "3 pm",
                "Day": "friday"
            },
            "ActionLabel": [
                "user_apartment_inform_start_time"
            ]
        },
        {
            "Action": "instruct",
            "Agent": "UserGuide",
            "Text": "Once you've scheduled the viewing, say something about your friend's wedding. [instruction 5 of 6]",
            "UnixTime": 1589608093
        },
        {
            "APIName": "apartment_schedule",
            "Action": "query",
            "Agent": "Wizard",
            "Constraints": [
                {
                    "Name": "\"Shadyside Apartments\""
                },
                {
                    "RenterName": "\"ben\""
                },
                {
                    "Day": "\"Friday\""
                },
                {
                    "StartTimeHour": "\"3 pm\""
                },
                {
                    "ApplicationFeePaid": "api.is_equal_to(\"Yes\")"
                },
                {
                    "RequestType": "\"Check\""
                }
            ],
            "PrimaryItem": {
                "APIName": "apartment_schedule",
                "Message": "That time is unavailable. Please try another time."
            },
            "UnixTime": 1589608108
        },
        {
            "APIName": "apartment_schedule",
            "Action": "return_item",
            "Agent": "KnowledgeBase",
            "Item": {
                "APIName": "apartment_schedule",
                "Message": "The time slot is available."
            },
            "TotalItems": -1,
            "PredictedBeliefState": {
                "RenterName": "ben",
                "Name": "shadyside apartments",
                "ApplicationFeePaid": "no",
                "StartTimeHour": "3 pm",
                "Day": "friday"
            },
            "ActionLabel": [
                "db_apartment_inform_viewing_available"
            ]
        },
        {
            "Action": "request_suggestions",
            "Agent": "Wizard",
            "PrimaryItem": {
                "APIName": "apartment_schedule",
                "Message": "The time slot is available."
            },
            "Text": "avail",
            "UnixTime": 1589608112
        },
        {
            "Action": "pick_suggestion",
            "ActionLabel": "apartment_inform_viewing_available",
            "ActionLabelOptions": [
                "apartment_inform_viewing_available",
                "apartment_ask_custom_message",
                "ask_name"
            ],
            "Agent": "Wizard",
            "PrimaryItem": {
                "APIName": "apartment_schedule",
                "Message": "The time slot is available."
            },
            "Text": "Great, there is still a viewing available at that time. Would you like me to book it for you?",
            "UnixTime": 1589608113
        },
        {
            "Action": "utter",
            "Agent": "User",
            "Text": "Yes, please",
            "UnixTime": 1589608120,
            "PredictedBeliefState": {
                "StartTimeHour": "3 pm",
                "Day": "friday",
                "ApplicationFeePaid": "no",
                "Name": "shadyside apartments",
                "RenterName": "ben"
            },
            "ActionLabel": [
                "user_bad_label"
            ]
        },
        {
            "Action": "instruct",
            "Agent": "UserGuide",
            "Text": "When you are done with all the instructions, bring the conversation to a natural close.  [instruction 6 of 6]",
            "UnixTime": 1589608120
        },
        {
            "APIName": "apartment_schedule",
            "Action": "query",
            "Agent": "Wizard",
            "Constraints": [
                {
                    "Name": "\"Shadyside Apartments\""
                },
                {
                    "RenterName": "\"ben\""
                },
                {
                    "Day": "\"Friday\""
                },
                {
                    "StartTimeHour": "\"3 pm\""
                },
                {
                    "ApplicationFeePaid": "api.is_equal_to(\"Yes\")"
                },
                {
                    "RequestType": "\"Book\""
                }
            ],
            "PrimaryItem": {
                "APIName": "apartment_schedule",
                "Message": "The time slot is available."
            },
            "UnixTime": 1589608146
        },
        {
            "APIName": "apartment_schedule",
            "Action": "return_item",
            "Agent": "KnowledgeBase",
            "Item": {
                "APIName": "apartment_schedule",
                "Message": "Your apartment viewing has been successfuly scheduled. Please bring Proof of Income and Proof of Income with you."
            },
            "TotalItems": -1,
            "PredictedBeliefState": {
                "StartTimeHour": "3 pm",
                "Day": "friday",
                "ApplicationFeePaid": "no",
                "Name": "shadyside apartments",
                "RenterName": "ben"
            },
            "ActionLabel": [
                "result_bad_label"
            ]
        },
        {
            "Action": "request_suggestions",
            "Agent": "Wizard",
            "PrimaryItem": {
                "APIName": "apartment_schedule",
                "Message": "Your apartment viewing has been successfuly scheduled. Please bring Proof of Income and Proof of Income with you."
            },
            "Text": "That is booked, bring proof of income with you.",
            "UnixTime": 1589608161
        },
        {
            "Action": "utter",
            "Agent": "Wizard",
            "PrimaryItem": {
                "APIName": "apartment_schedule",
                "Message": "Your apartment viewing has been successfuly scheduled. Please bring Proof of Income and Proof of Income with you."
            },
            "Text": "That is booked, bring proof of income with you.",
            "UnixTime": 1589608164
        },
        {
            "Action": "utter",
            "Agent": "User",
            "Text": "That should give me plenty of time to get ready for the wedding.",
            "UnixTime": 1589608168,
            "PredictedBeliefState": {
                "Name": "shadyside apartments",
                "RenterName": "ben",
                "StartTimeHour": "3 pm",
                "ApplicationFeePaid": "no",
                "Day": "friday"
            },
            "ActionLabel": [
                "user_apartment_thanks"
            ]
        },
        {
            "Action": "request_suggestions",
            "Agent": "Wizard",
            "PrimaryItem": {
                "APIName": "apartment_schedule",
                "Message": "Your apartment viewing has been successfuly scheduled. Please bring Proof of Income and Proof of Income with you."
            },
            "Text": "anything else?",
            "UnixTime": 1589608183
        },
        {
            "Action": "pick_suggestion",
            "ActionLabel": "anything_else",
            "ActionLabelOptions": [
                "anything_else",
                "apartment_ask_application_fee_paid",
                "goodbye_2"
            ],
            "Agent": "Wizard",
            "PrimaryItem": {
                "APIName": "apartment_schedule",
                "Message": "Your apartment viewing has been successfuly scheduled. Please bring Proof of Income and Proof of Income with you."
            },
            "Text": "Is there anything else that I can do for you?",
            "UnixTime": 1589608184
        },
        {
            "Action": "utter",
            "Agent": "User",
            "Text": "That's all, thank you!",
            "UnixTime": 1589608191,
            "PredictedBeliefState": {
                "StartTimeHour": "3 pm",
                "Name": "shadyside apartments",
                "ApplicationFeePaid": "no",
                "RenterName": "ben",
                "Day": "friday"
            },
            "ActionLabel": [
                "user_apartment_thanks"
            ]
        },
        {
            "Action": "request_suggestions",
            "Agent": "Wizard",
            "PrimaryItem": {
                "APIName": "apartment_schedule",
                "Message": "Your apartment viewing has been successfuly scheduled. Please bring Proof of Income and Proof of Income with you."
            },
            "Text": "bye",
            "UnixTime": 1589608196
        },
        {
            "Action": "pick_suggestion",
            "ActionLabel": "goodbye_2",
            "ActionLabelOptions": [
                "goodbye_2",
                "apartment_inform_viewing_unavailable",
                "apartment_ask_end_time"
            ],
            "Agent": "Wizard",
            "PrimaryItem": {
                "APIName": "apartment_schedule",
                "Message": "Your apartment viewing has been successfuly scheduled. Please bring Proof of Income and Proof of Income with you."
            },
            "Text": "Thank you and goodbye.",
            "UnixTime": 1589608213
        },
        {
            "Action": "complete",
            "Agent": "User",
            "UnixTime": 1589608215
        }
    ],
    "FORMAT-VERSION": 7,
    "IntroducesConflicts": false,
    "Scenario": {
        "Domains": [
            "apartment"
        ],
        "Happy": false,
        "MultiTask": false,
        "UserTask": "You are interested in viewing an apartment. Please schedule a viewing at Shadyside Apartments for Friday at 7 pm. Your name is Ben. You cannot remember if you had payed the application fee. ",
        "WizardCapabilities": [
            {
                "Domain": "apartment",
                "SchemaImage": "apartment_schedule.jpg",
                "Task": "apartment_schedule"
            }
        ],
        "WizardTask": "Help the user schedule an apartment viewing."
    },
    "UserQuestionnaire": [
        {
            "Answer": true,
            "Question": "Did the assistant stay calm and helpful throughout the dialogue?"
        }
    ],
    "WizardQuestionnaire": [
        {
            "Answer": true,
            "Question": "Did the user change his/her mind about what he/she wants at any time?"
        },
        {
            "Answer": false,
            "Question": "Did the user become aggressive or annoyed during the dialogue? (Note: some users may be instructed to be annoying.)"
        },
        {
            "Answer": false,
            "Question": "Where you unsure about what to do at any time? (Feel free to send us an email with details.)"
        }
    ]
}