{
    "AnonymizedUserWorkerID": "1777b3e5-9e12-0a4d-288e-a8708b011a07",
    "AnonymizedWizardWorkerID": "160379fc-608a-a6f4-7980-303b8f2caa30",
    "BatchID": "woz_1589458635",
    "CompletionLevel": "Complete",
    "DialogueID": 421,
    "Events": [
        {
            "Action": "instruct",
            "Agent": "UserGuide",
            "Text": "Say hello to the AI assistant and ask for help (see instructions on the left). [instruction 1 of 6]",
            "UnixTime": 1589473446
        },
        {
            "Action": "utter",
            "Agent": "User",
            "Text": "Hello. I would like an appointment with Dr. Johnson for today.",
            "UnixTime": 1589473482,
            "PredictedBeliefState": {
                "Day": "tuesday",
                "Name": "dr. johnson"
            },
            "ActionLabel": [
                "user_doctor_schedule_inform_day",
                "user_doctor_schedule_inform_doctor_name",
                "user_doctor_schedule_ask_schedule"
            ]
        },
        {
            "Action": "instruct",
            "Agent": "UserGuide",
            "Text": "Try to get an appointment as soon as possible (right now it is 6 pm on Tuesday). [instruction 2 of 6]",
            "UnixTime": 1589473482
        },
        {
            "Action": "request_suggestions",
            "Agent": "Wizard",
            "Text": "hello. can I get your name please?",
            "UnixTime": 1589473493
        },
        {
            "Action": "pick_suggestion",
            "ActionLabel": "ask_name",
            "ActionLabelOptions": [
                "ask_name",
                "hello"
            ],
            "Agent": "Wizard",
            "Text": "Could I have your name, please?",
            "UnixTime": 1589473496
        },
        {
            "Action": "utter",
            "Agent": "User",
            "Text": "Alexis",
            "UnixTime": 1589473503,
            "PredictedBeliefState": {
                "PatientName": "alexis",
                "Day": "tuesday",
                "Name": "dr. johnson"
            },
            "ActionLabel": [
                "user_doctor_schedule_inform_name"
            ]
        },
        {
            "Action": "instruct",
            "Agent": "UserGuide",
            "Text": "Keep asking for other times until the assistant has found a slot for you. Engage in smalltalk once this is done. [instruction 3 of 6]",
            "UnixTime": 1589473503
        },
        {
            "Action": "request_suggestions",
            "Agent": "Wizard",
            "Text": "what time would you like?",
            "UnixTime": 1589473541
        },
        {
            "Action": "pick_suggestion",
            "ActionLabel": "doctor_ask_start_time",
            "ActionLabelOptions": [
                "doctor_ask_start_time",
                "doctor_ask_end_time"
            ],
            "Agent": "Wizard",
            "Text": "At what time can you be at the clinic?",
            "UnixTime": 1589473544
        },
        {
            "Action": "utter",
            "Agent": "User",
            "Text": "Can I see him now?",
            "UnixTime": 1589473564,
            "PredictedBeliefState": {
                "StartTimeHour": "6 pm",
                "Name": "dr. johnson",
                "PatientName": "alexis",
                "Day": "tuesday"
            },
            "ActionLabel": [
                "user_doctor_schedule_inform_start_time"
            ]
        },
        {
            "Action": "instruct",
            "Agent": "UserGuide",
            "Text": "Say something about Dr. Johnson, the AI Assistant, or something that has happened to you today. Be creative! [instruction 4 of 6]",
            "UnixTime": 1589473564
        },
        {
            "Action": "request_suggestions",
            "Agent": "Wizard",
            "Text": "what are your symptoms?",
            "UnixTime": 1589473599
        },
        {
            "Action": "pick_suggestion",
            "ActionLabel": "doctor_ask_symptoms",
            "ActionLabelOptions": [
                "doctor_ask_symptoms",
                "doctor_ask_doctor_name"
            ],
            "Agent": "Wizard",
            "Text": "Could you describe your symptoms, please?",
            "UnixTime": 1589473601
        },
        {
            "Action": "utter",
            "Agent": "User",
            "Text": "I have been dizzy and weak for two days. I had to leave work early today.",
            "UnixTime": 1589473630,
            "PredictedBeliefState": {
                "StartTimeHour": "6 pm",
                "Day": "tuesday",
                "Symptoms": "dizzy and weak for two days",
                "PatientName": "alexis",
                "Name": "dr. johnson"
            },
            "ActionLabel": [
                "user_doctor_schedule_inform_symptoms"
            ]
        },
        {
            "Action": "instruct",
            "Agent": "UserGuide",
            "Text": "It occurs to you that you also want to make an appointment to get your kid Angela vaccinated. Perhaps you can schedule a second appointment at the same time? [instruction 5 of 6]",
            "UnixTime": 1589473630
        },
        {
            "APIName": "doctor_schedule",
            "Action": "query",
            "Agent": "Wizard",
            "Constraints": [
                {
                    "Name": "api.is_equal_to(\"Dr. Johnson\")"
                },
                {
                    "PatientName": "\"Alexis\""
                },
                {
                    "Day": "\"Tuesday\""
                },
                {
                    "StartTimeHour": "\"6 pm\""
                },
                {
                    "Symptoms": "\"dizziness, weakness\""
                },
                {
                    "RequestType": "\"Check\""
                }
            ],
            "UnixTime": 1589473644
        },
        {
            "APIName": "doctor_schedule",
            "Action": "return_item",
            "Agent": "KnowledgeBase",
            "Item": {
                "APIName": "doctor_schedule",
                "DoctorName": "Dr. Johnson",
                "Message": "The time slot is available.",
                "Time": "6 pm"
            },
            "TotalItems": -1,
            "PredictedBeliefState": {
                "StartTimeHour": "6 pm",
                "Day": "tuesday",
                "Symptoms": "dizzy and weak for two days",
                "PatientName": "alexis",
                "Name": "dr. johnson"
            },
            "ActionLabel": [
                "db_doctor_inform_booking_available"
            ]
        },
        {
            "APIName": "doctor_schedule",
            "Action": "query",
            "Agent": "Wizard",
            "Constraints": [
                {
                    "Name": "api.is_equal_to(\"Dr. Johnson\")"
                },
                {
                    "PatientName": "\"Alexis\""
                },
                {
                    "Day": "\"Tuesday\""
                },
                {
                    "StartTimeHour": "\"7 pm\""
                },
                {
                    "Symptoms": "\"dizziness, weakness\""
                },
                {
                    "RequestType": "\"Check\""
                }
            ],
            "PrimaryItem": {
                "APIName": "doctor_schedule",
                "DoctorName": "Dr. Johnson",
                "Message": "The time slot is available.",
                "Time": "6 pm"
            },
            "UnixTime": 1589473658
        },
        {
            "APIName": "doctor_schedule",
            "Action": "return_item",
            "Agent": "KnowledgeBase",
            "Item": {
                "APIName": "doctor_schedule",
                "DoctorName": "Dr. Johnson",
                "Message": "The doctor has a conflicting appointment at that time. Try another time or another doctor.",
                "Time": "7 pm"
            },
            "TotalItems": -1,
            "PredictedBeliefState": {
                "StartTimeHour": "6 pm",
                "Day": "tuesday",
                "Symptoms": "dizzy and weak for two days",
                "PatientName": "alexis",
                "Name": "dr. johnson"
            },
            "ActionLabel": [
                "db_doctor_inform_booking_available"
            ]
        },
        {
            "APIName": "doctor_schedule",
            "Action": "query",
            "Agent": "Wizard",
            "Constraints": [
                {
                    "Name": "api.is_equal_to(\"Dr. Johnson\")"
                },
                {
                    "PatientName": "\"Alexis\""
                },
                {
                    "Day": "\"Tuesday\""
                },
                {
                    "StartTimeHour": "\"8 pm\""
                },
                {
                    "Symptoms": "\"dizziness, weakness\""
                },
                {
                    "RequestType": "\"Check\""
                }
            ],
            "PrimaryItem": {
                "APIName": "doctor_schedule",
                "DoctorName": "Dr. Johnson",
                "Message": "The doctor has a conflicting appointment at that time. Try another time or another doctor.",
                "Time": "7 pm"
            },
            "UnixTime": 1589473671
        },
        {
            "APIName": "doctor_schedule",
            "Action": "return_item",
            "Agent": "KnowledgeBase",
            "Item": {
                "APIName": "doctor_schedule",
                "DoctorName": "Dr. Johnson",
                "Message": "The doctor has a conflicting appointment at that time. Try another time or another doctor.",
                "Time": "8 pm"
            },
            "TotalItems": -1,
            "PredictedBeliefState": {
                "StartTimeHour": "6 pm",
                "Day": "tuesday",
                "Symptoms": "dizzy and weak for two days",
                "PatientName": "alexis",
                "Name": "dr. johnson"
            },
            "ActionLabel": [
                "db_doctor_inform_booking_available"
            ]
        },
        {
            "APIName": "doctor_schedule",
            "Action": "query",
            "Agent": "Wizard",
            "Constraints": [
                {
                    "Name": "\"Dr. Morgan\""
                },
                {
                    "PatientName": "\"Alexis\""
                },
                {
                    "Day": "\"Tuesday\""
                },
                {
                    "StartTimeHour": "\"6 pm\""
                },
                {
                    "Symptoms": "\"dizziness, weakness\""
                },
                {
                    "RequestType": "\"Check\""
                }
            ],
            "PrimaryItem": {
                "APIName": "doctor_schedule",
                "DoctorName": "Dr. Johnson",
                "Message": "The doctor has a conflicting appointment at that time. Try another time or another doctor.",
                "Time": "8 pm"
            },
            "UnixTime": 1589473696
        },
        {
            "APIName": "doctor_schedule",
            "Action": "return_item",
            "Agent": "KnowledgeBase",
            "Item": {
                "APIName": "doctor_schedule",
                "DoctorName": "Dr. Morgan",
                "Message": "The time slot is available.",
                "Time": "6 pm"
            },
            "TotalItems": -1,
            "PredictedBeliefState": {
                "StartTimeHour": "6 pm",
                "Day": "tuesday",
                "Symptoms": "dizzy and weak for two days",
                "PatientName": "alexis",
                "Name": "dr. johnson"
            },
            "ActionLabel": [
                "db_doctor_inform_booking_available"
            ]
        },
        {
            "Action": "request_suggestions",
            "Agent": "Wizard",
            "PrimaryItem": {
                "APIName": "doctor_schedule",
                "DoctorName": "Dr. Morgan",
                "Message": "The time slot is available.",
                "Time": "6 pm"
            },
            "Text": "I can get you in with dr. Morgan at 6pm",
            "UnixTime": 1589473710
        },
        {
            "Action": "pick_suggestion",
            "ActionLabel": "doctor_inform_booking_available",
            "ActionLabelOptions": [
                "doctor_inform_booking_successful",
                "doctor_inform_booking_available"
            ],
            "Agent": "Wizard",
            "PrimaryItem": {
                "APIName": "doctor_schedule",
                "DoctorName": "Dr. Morgan",
                "Message": "The time slot is available.",
                "Time": "6 pm"
            },
            "Text": "Alright, Dr. Morgan is available at 6 pm. Can I book the appointment for you?",
            "UnixTime": 1589473716
        },
        {
            "Action": "utter",
            "Agent": "User",
            "Text": "That's OK. I forgot that I also want my daughter Angela to get vaccinated. Could we do this at the same time?",
            "UnixTime": 1589473770,
            "PredictedBeliefState": {
                "Day": "tuesday",
                "PatientName": "alexis",
                "Name": "dr. morgan",
                "StartTimeHour": "6 pm",
                "Symptoms": "vaccination"
            },
            "ActionLabel": [
                "user_doctor_schedule_inform_doctor_name",
                "user_bad_label"
            ]
        },
        {
            "APIName": "doctor_schedule",
            "Action": "query",
            "Agent": "Wizard",
            "Constraints": [
                {
                    "Name": "\"Dr. Morgan\""
                },
                {
                    "PatientName": "\"Alexis\""
                },
                {
                    "Day": "\"Tuesday\""
                },
                {
                    "StartTimeHour": "\"6 pm\""
                },
                {
                    "Symptoms": "\"dizziness, weakness\""
                },
                {
                    "RequestType": "\"Check\""
                },
                {
                    "PatientName": "\"Angela\""
                }
            ],
            "PrimaryItem": {
                "APIName": "doctor_schedule",
                "DoctorName": "Dr. Morgan",
                "Message": "The time slot is available.",
                "Time": "6 pm"
            },
            "UnixTime": 1589473797
        },
        {
            "APIName": "doctor_schedule",
            "Action": "return_item",
            "Agent": "KnowledgeBase",
            "Item": {
                "APIName": "doctor_schedule",
                "DoctorName": "Dr. Morgan",
                "Message": "The doctor has a conflicting appointment at that time. Try another time or another doctor.",
                "Time": "6 pm"
            },
            "TotalItems": -1,
            "PredictedBeliefState": {
                "Day": "tuesday",
                "PatientName": "alexis",
                "Name": "dr. morgan",
                "StartTimeHour": "6 pm",
                "Symptoms": "vaccination"
            },
            "ActionLabel": [
                "result_bad_label"
            ]
        },
        {
            "APIName": "doctor_schedule",
            "Action": "query",
            "Agent": "Wizard",
            "Constraints": [
                {
                    "Name": "\"Dr. Alexis\""
                },
                {
                    "PatientName": "\"Alexis\""
                },
                {
                    "Day": "\"Tuesday\""
                },
                {
                    "StartTimeHour": "\"6 pm\""
                },
                {
                    "Symptoms": "\"dizziness, weakness\""
                },
                {
                    "RequestType": "\"Check\""
                },
                {
                    "PatientName": "\"Angela\""
                }
            ],
            "PrimaryItem": {
                "APIName": "doctor_schedule",
                "DoctorName": "Dr. Morgan",
                "Message": "The doctor has a conflicting appointment at that time. Try another time or another doctor.",
                "Time": "6 pm"
            },
            "UnixTime": 1589473810
        },
        {
            "APIName": "doctor_schedule",
            "Action": "return_item",
            "Agent": "KnowledgeBase",
            "Item": {
                "APIName": "doctor_schedule",
                "DoctorName": "Dr. Alexis",
                "Message": "The doctor has a conflicting appointment at that time. Try another time or another doctor.",
                "Time": "6 pm"
            },
            "TotalItems": -1,
            "PredictedBeliefState": {
                "Day": "tuesday",
                "PatientName": "alexis",
                "Name": "dr. morgan",
                "StartTimeHour": "6 pm",
                "Symptoms": "vaccination"
            },
            "ActionLabel": [
                "result_bad_label"
            ]
        },
        {
            "APIName": "doctor_schedule",
            "Action": "query",
            "Agent": "Wizard",
            "Constraints": [
                {
                    "Name": "\"Dr. Johnson\""
                },
                {
                    "PatientName": "\"Alexis\""
                },
                {
                    "Day": "\"Tuesday\""
                },
                {
                    "StartTimeHour": "\"6 pm\""
                },
                {
                    "Symptoms": "\"dizziness, weakness\""
                },
                {
                    "RequestType": "\"Check\""
                },
                {
                    "PatientName": "\"Angela\""
                }
            ],
            "PrimaryItem": {
                "APIName": "doctor_schedule",
                "DoctorName": "Dr. Alexis",
                "Message": "The doctor has a conflicting appointment at that time. Try another time or another doctor.",
                "Time": "6 pm"
            },
            "UnixTime": 1589473824
        },
        {
            "APIName": "doctor_schedule",
            "Action": "return_item",
            "Agent": "KnowledgeBase",
            "Item": {
                "APIName": "doctor_schedule",
                "DoctorName": "Dr. Johnson",
                "Message": "The doctor has a conflicting appointment at that time. Try another time or another doctor.",
                "Time": "6 pm"
            },
            "TotalItems": -1,
            "PredictedBeliefState": {
                "Day": "tuesday",
                "PatientName": "alexis",
                "Name": "dr. morgan",
                "StartTimeHour": "6 pm",
                "Symptoms": "vaccination"
            },
            "ActionLabel": [
                "result_bad_label"
            ]
        },
        {
            "APIName": "doctor_schedule",
            "Action": "query",
            "Agent": "Wizard",
            "Constraints": [
                {
                    "Name": "\"Dr. Morgan\""
                },
                {
                    "PatientName": "\"Alexis\""
                },
                {
                    "Day": "\"Tuesday\""
                },
                {
                    "StartTimeHour": "\"6 pm\""
                },
                {
                    "Symptoms": "\"dizziness, weakness\""
                },
                {
                    "RequestType": "\"Check\""
                }
            ],
            "PrimaryItem": {
                "APIName": "doctor_schedule",
                "DoctorName": "Dr. Johnson",
                "Message": "The doctor has a conflicting appointment at that time. Try another time or another doctor.",
                "Time": "6 pm"
            },
            "UnixTime": 1589473848
        },
        {
            "APIName": "doctor_schedule",
            "Action": "return_item",
            "Agent": "KnowledgeBase",
            "Item": {
                "APIName": "doctor_schedule",
                "DoctorName": "Dr. Morgan",
                "Message": "The doctor has a conflicting appointment at that time. Try another time or another doctor.",
                "Time": "6 pm"
            },
            "TotalItems": -1,
            "PredictedBeliefState": {
                "Day": "tuesday",
                "PatientName": "alexis",
                "Name": "dr. morgan",
                "StartTimeHour": "6 pm",
                "Symptoms": "vaccination"
            },
            "ActionLabel": [
                "result_bad_label"
            ]
        },
        {
            "APIName": "doctor_schedule",
            "Action": "query",
            "Agent": "Wizard",
            "Constraints": [
                {
                    "Name": "\"Dr. Morgan\""
                },
                {
                    "PatientName": "\"Alexis\""
                },
                {
                    "Day": "\"Tuesday\""
                },
                {
                    "StartTimeHour": "\"7 pm\""
                },
                {
                    "Symptoms": "\"dizziness, weakness\""
                },
                {
                    "RequestType": "\"Check\""
                }
            ],
            "PrimaryItem": {
                "APIName": "doctor_schedule",
                "DoctorName": "Dr. Morgan",
                "Message": "The doctor has a conflicting appointment at that time. Try another time or another doctor.",
                "Time": "6 pm"
            },
            "UnixTime": 1589473861
        },
        {
            "APIName": "doctor_schedule",
            "Action": "return_item",
            "Agent": "KnowledgeBase",
            "Item": {
                "APIName": "doctor_schedule",
                "DoctorName": "Dr. Morgan",
                "Message": "The time slot is available.",
                "Time": "7 pm"
            },
            "TotalItems": -1,
            "PredictedBeliefState": {
                "Day": "tuesday",
                "PatientName": "alexis",
                "Name": "dr. morgan",
                "StartTimeHour": "6 pm",
                "Symptoms": "vaccination"
            },
            "ActionLabel": [
                "result_bad_label"
            ]
        },
        {
            "APIName": "doctor_schedule",
            "Action": "query",
            "Agent": "Wizard",
            "Constraints": [
                {
                    "Name": "\"Dr. Morgan\""
                },
                {
                    "PatientName": "\"Alexis\""
                },
                {
                    "Day": "\"Tuesday\""
                },
                {
                    "StartTimeHour": "\"7 pm\""
                },
                {
                    "Symptoms": "\"dizziness, weakness\""
                },
                {
                    "RequestType": "\"Check\""
                },
                {
                    "Name": "api.is_equal_to(\"Dr. Johnson\")"
                },
                {
                    "PatientName": "\"Angela\""
                }
            ],
            "PrimaryItem": {
                "APIName": "doctor_schedule",
                "DoctorName": "Dr. Morgan",
                "Message": "The time slot is available.",
                "Time": "7 pm"
            },
            "UnixTime": 1589473881
        },
        {
            "APIName": "doctor_schedule",
            "Action": "return_item",
            "Agent": "KnowledgeBase",
            "TotalItems": 0,
            "PredictedBeliefState": {
                "Day": "tuesday",
                "PatientName": "alexis",
                "Name": "dr. morgan",
                "StartTimeHour": "6 pm",
                "Symptoms": "vaccination"
            },
            "ActionLabel": [
                "result_bad_label"
            ]
        },
        {
            "Action": "request_suggestions",
            "Agent": "Wizard",
            "Text": "I can get you both in with Dr. Morgan at 7pm",
            "UnixTime": 1589473904
        },
        {
            "Action": "pick_suggestion",
            "ActionLabel": "custom",
            "ActionLabelOptions": [
                "custom"
            ],
            "Agent": "Wizard",
            "Text": "I can get you both in with Dr. Morgan at 7pm",
            "UnixTime": 1589473908
        },
        {
            "Action": "utter",
            "Agent": "User",
            "Text": "That would be great. Go ahead and book it.",
            "UnixTime": 1589473927,
            "PredictedBeliefState": {
                "Name": "dr. morgan",
                "Symptoms": "vaccination",
                "StartTimeHour": "7 pm",
                "PatientName": "alexis",
                "Day": "tuesday"
            },
            "ActionLabel": [
                "user_doctor_schedule_inform_start_time",
                "user_doctor_schedule_inform_book"
            ]
        },
        {
            "Action": "instruct",
            "Agent": "UserGuide",
            "Text": "Keep going until both yours and your kid's appointments are made (this should take a few more turns). Then say goodbye. [instruction 6 of 6]",
            "UnixTime": 1589473927
        },
        {
            "Action": "select_primary",
            "Agent": "Wizard",
            "UnixTime": 1589473927
        },
        {
            "APIName": "doctor_schedule",
            "Action": "query",
            "Agent": "Wizard",
            "Constraints": [
                {
                    "Name": "\"Dr. Morgan\""
                },
                {
                    "PatientName": "\"Alexis\""
                },
                {
                    "Day": "\"Tuesday\""
                },
                {
                    "StartTimeHour": "\"7 pm\""
                },
                {
                    "Symptoms": "\"dizziness, weakness\""
                },
                {
                    "RequestType": "\"Book\""
                },
                {
                    "Name": "api.is_equal_to(\"Dr. Johnson\")"
                },
                {
                    "PatientName": "\"Angela\""
                }
            ],
            "PrimaryItem": {
                "APIName": "doctor_schedule",
                "DoctorName": "Dr. Morgan",
                "Message": "The time slot is available.",
                "Time": "7 pm"
            },
            "UnixTime": 1589473943
        },
        {
            "APIName": "doctor_schedule",
            "Action": "return_item",
            "Agent": "KnowledgeBase",
            "TotalItems": 0,
            "PredictedBeliefState": {
                "Name": "dr. morgan",
                "Symptoms": "vaccination",
                "StartTimeHour": "7 pm",
                "PatientName": "alexis",
                "Day": "tuesday"
            },
            "ActionLabel": [
                "db_doctor_inform_booking_available"
            ]
        },
        {
            "Action": "select_primary",
            "Agent": "Wizard",
            "UnixTime": 1589473947
        },
        {
            "APIName": "doctor_schedule",
            "Action": "query",
            "Agent": "Wizard",
            "Constraints": [
                {
                    "Name": "\"Dr. Morgan\""
                },
                {
                    "PatientName": "\"Alexis\""
                },
                {
                    "Day": "\"Tuesday\""
                },
                {
                    "StartTimeHour": "\"7 pm\""
                },
                {
                    "Symptoms": "\"dizziness, weakness\""
                },
                {
                    "RequestType": "\"Book\""
                },
                {
                    "Name": "api.is_equal_to(\"Dr. Johnson\")"
                },
                {
                    "PatientName": "\"Angela\""
                }
            ],
            "PrimaryItem": {
                "APIName": "doctor_schedule",
                "DoctorName": "Dr. Morgan",
                "Message": "The time slot is available.",
                "Time": "7 pm"
            },
            "UnixTime": 1589473967
        },
        {
            "APIName": "doctor_schedule",
            "Action": "return_item",
            "Agent": "KnowledgeBase",
            "TotalItems": 0,
            "PredictedBeliefState": {
                "Name": "dr. morgan",
                "Symptoms": "vaccination",
                "StartTimeHour": "7 pm",
                "PatientName": "alexis",
                "Day": "tuesday"
            },
            "ActionLabel": [
                "db_doctor_inform_booking_available"
            ]
        },
        {
            "APIName": "doctor_schedule",
            "Action": "query",
            "Agent": "Wizard",
            "Constraints": [
                {
                    "Name": "\"Dr. Morgan\""
                },
                {
                    "PatientName": "\"Alexis\""
                },
                {
                    "Day": "\"Tuesday\""
                },
                {
                    "StartTimeHour": "\"7 pm\""
                },
                {
                    "Symptoms": "\"dizziness, weakness\""
                },
                {
                    "RequestType": "\"Book\""
                },
                {
                    "Name": "\"Dr. Morgan\""
                },
                {
                    "PatientName": "\"Angela\""
                }
            ],
            "UnixTime": 1589473972
        },
        {
            "APIName": "doctor_schedule",
            "Action": "return_item",
            "Agent": "KnowledgeBase",
            "TotalItems": 0,
            "PredictedBeliefState": {
                "Name": "dr. morgan",
                "Symptoms": "vaccination",
                "StartTimeHour": "7 pm",
                "PatientName": "alexis",
                "Day": "tuesday"
            },
            "ActionLabel": [
                "db_doctor_inform_booking_available"
            ]
        },
        {
            "APIName": "doctor_schedule",
            "Action": "query",
            "Agent": "Wizard",
            "Constraints": [
                {
                    "Name": "\"Dr. Morgan\""
                },
                {
                    "PatientName": "\"Alexis\""
                },
                {
                    "Day": "\"Tuesday\""
                },
                {
                    "StartTimeHour": "\"7 pm\""
                },
                {
                    "Symptoms": "\"dizziness, weakness\""
                },
                {
                    "RequestType": "\"Check\""
                },
                {
                    "Name": "\"Dr. Morgan\""
                },
                {
                    "PatientName": "\"Angela\""
                }
            ],
            "UnixTime": 1589473983
        },
        {
            "APIName": "doctor_schedule",
            "Action": "return_item",
            "Agent": "KnowledgeBase",
            "TotalItems": 0,
            "PredictedBeliefState": {
                "Name": "dr. morgan",
                "Symptoms": "vaccination",
                "StartTimeHour": "7 pm",
                "PatientName": "alexis",
                "Day": "tuesday"
            },
            "ActionLabel": [
                "db_doctor_inform_booking_available"
            ]
        },
        {
            "APIName": "doctor_schedule",
            "Action": "query",
            "Agent": "Wizard",
            "Constraints": [
                {
                    "Name": "\"Dr. Morgan\""
                },
                {
                    "PatientName": "\"Alexis\""
                },
                {
                    "Day": "\"Tuesday\""
                },
                {
                    "StartTimeHour": "\"7 pm\""
                },
                {
                    "Symptoms": "\"dizziness, weakness\""
                },
                {
                    "RequestType": "\"Check\""
                },
                {
                    "Name": "\"Dr. Morgan\""
                }
            ],
            "UnixTime": 1589473990
        },
        {
            "APIName": "doctor_schedule",
            "Action": "return_item",
            "Agent": "KnowledgeBase",
            "TotalItems": 0,
            "PredictedBeliefState": {
                "Name": "dr. morgan",
                "Symptoms": "vaccination",
                "StartTimeHour": "7 pm",
                "PatientName": "alexis",
                "Day": "tuesday"
            },
            "ActionLabel": [
                "db_doctor_inform_booking_available"
            ]
        },
        {
            "Action": "select_primary",
            "Agent": "Wizard",
            "UnixTime": 1589473994
        },
        {
            "APIName": "doctor_schedule",
            "Action": "query",
            "Agent": "Wizard",
            "Constraints": [
                {
                    "Name": "\"Dr. Morgan\""
                },
                {
                    "PatientName": "\"Alexis\""
                },
                {
                    "Day": "\"Tuesday\""
                },
                {
                    "StartTimeHour": "\"7 pm\""
                },
                {
                    "Symptoms": "\"dizziness, weakness\""
                },
                {
                    "RequestType": "\"Check\""
                }
            ],
            "PrimaryItem": {
                "APIName": "doctor_schedule",
                "DoctorName": "Dr. Morgan",
                "Message": "The time slot is available.",
                "Time": "7 pm"
            },
            "UnixTime": 1589474019
        },
        {
            "APIName": "doctor_schedule",
            "Action": "return_item",
            "Agent": "KnowledgeBase",
            "Item": {
                "APIName": "doctor_schedule",
                "DoctorName": "Dr. Morgan",
                "Message": "The doctor has a conflicting appointment at that time. Try another time or another doctor.",
                "Time": "7 pm"
            },
            "TotalItems": -1,
            "PredictedBeliefState": {
                "Name": "dr. morgan",
                "Symptoms": "vaccination",
                "StartTimeHour": "7 pm",
                "PatientName": "alexis",
                "Day": "tuesday"
            },
            "ActionLabel": [
                "db_doctor_inform_booking_available"
            ]
        },
        {
            "APIName": "doctor_schedule",
            "Action": "query",
            "Agent": "Wizard",
            "Constraints": [
                {
                    "Name": "\"Dr. Morgan\""
                },
                {
                    "PatientName": "\"Alexis\""
                },
                {
                    "Day": "\"Tuesday\""
                },
                {
                    "StartTimeHour": "\"7 pm\""
                },
                {
                    "Symptoms": "\"dizziness, weakness\""
                },
                {
                    "RequestType": "\"Check\""
                },
                {
                    "PatientName": "\"Angela\""
                }
            ],
            "PrimaryItem": {
                "APIName": "doctor_schedule",
                "DoctorName": "Dr. Morgan",
                "Message": "The doctor has a conflicting appointment at that time. Try another time or another doctor.",
                "Time": "7 pm"
            },
            "UnixTime": 1589474039
        },
        {
            "APIName": "doctor_schedule",
            "Action": "return_item",
            "Agent": "KnowledgeBase",
            "Item": {
                "APIName": "doctor_schedule",
                "DoctorName": "Dr. Morgan",
                "Message": "The doctor has a conflicting appointment at that time. Try another time or another doctor.",
                "Time": "7 pm"
            },
            "TotalItems": -1,
            "PredictedBeliefState": {
                "Name": "dr. morgan",
                "Symptoms": "vaccination",
                "StartTimeHour": "7 pm",
                "PatientName": "alexis",
                "Day": "tuesday"
            },
            "ActionLabel": [
                "db_doctor_inform_booking_available"
            ]
        },
        {
            "APIName": "doctor_schedule",
            "Action": "query",
            "Agent": "Wizard",
            "Constraints": [
                {
                    "Name": "\"Dr. Morgan\""
                },
                {
                    "PatientName": "\"Alexis\""
                },
                {
                    "Day": "\"Tuesday\""
                },
                {
                    "StartTimeHour": "\"8 pm\""
                },
                {
                    "Symptoms": "\"dizziness, weakness\""
                },
                {
                    "RequestType": "\"Check\""
                },
                {
                    "PatientName": "\"Angela\""
                }
            ],
            "PrimaryItem": {
                "APIName": "doctor_schedule",
                "DoctorName": "Dr. Morgan",
                "Message": "The doctor has a conflicting appointment at that time. Try another time or another doctor.",
                "Time": "7 pm"
            },
            "UnixTime": 1589474047
        },
        {
            "APIName": "doctor_schedule",
            "Action": "return_item",
            "Agent": "KnowledgeBase",
            "Item": {
                "APIName": "doctor_schedule",
                "DoctorName": "Dr. Morgan",
                "Message": "The time slot is available.",
                "Time": "8 pm"
            },
            "TotalItems": -1,
            "PredictedBeliefState": {
                "Name": "dr. morgan",
                "Symptoms": "vaccination",
                "StartTimeHour": "7 pm",
                "PatientName": "alexis",
                "Day": "tuesday"
            },
            "ActionLabel": [
                "db_doctor_inform_booking_available"
            ]
        },
        {
            "Action": "request_suggestions",
            "Agent": "Wizard",
            "PrimaryItem": {
                "APIName": "doctor_schedule",
                "DoctorName": "Dr. Morgan",
                "Message": "The time slot is available.",
                "Time": "8 pm"
            },
            "Text": "Dr Morgan is available at 8pm for you both now",
            "UnixTime": 1589474060
        },
        {
            "Action": "pick_suggestion",
            "ActionLabel": "doctor_inform_booking_available",
            "ActionLabelOptions": [
                "doctor_inform_booking_successful",
                "doctor_inform_booking_available"
            ],
            "Agent": "Wizard",
            "PrimaryItem": {
                "APIName": "doctor_schedule",
                "DoctorName": "Dr. Morgan",
                "Message": "The time slot is available.",
                "Time": "8 pm"
            },
            "Text": "Alright, Dr. Morgan is available at 8 pm. Can I book the appointment for you?",
            "UnixTime": 1589474064
        },
        {
            "Action": "utter",
            "Agent": "User",
            "Text": "Yes",
            "UnixTime": 1589474076,
            "PredictedBeliefState": {
                "Day": "tuesday",
                "StartTimeHour": "8 pm",
                "Symptoms": "dizzy and weak for two days",
                "Name": "dr. morgan",
                "PatientName": "alexis"
            },
            "ActionLabel": [
                "user_doctor_schedule_inform_start_time",
                "user_doctor_schedule_inform_book"
            ]
        },
        {
            "APIName": "doctor_schedule",
            "Action": "query",
            "Agent": "Wizard",
            "Constraints": [
                {
                    "Name": "\"Dr. Morgan\""
                },
                {
                    "PatientName": "\"Alexis\""
                },
                {
                    "Day": "\"Tuesday\""
                },
                {
                    "StartTimeHour": "\"8 pm\""
                },
                {
                    "Symptoms": "\"dizziness, weakness\""
                },
                {
                    "RequestType": "\"Book\""
                },
                {
                    "PatientName": "\"Angela\""
                }
            ],
            "PrimaryItem": {
                "APIName": "doctor_schedule",
                "DoctorName": "Dr. Morgan",
                "Message": "The time slot is available.",
                "Time": "8 pm"
            },
            "UnixTime": 1589474082
        },
        {
            "APIName": "doctor_schedule",
            "Action": "return_item",
            "Agent": "KnowledgeBase",
            "Item": {
                "APIName": "doctor_schedule",
                "DoctorName": "Dr. Morgan",
                "Message": "Your appointment has been successfuly scheduled.",
                "Time": "8 pm"
            },
            "TotalItems": -1,
            "PredictedBeliefState": {
                "Day": "tuesday",
                "StartTimeHour": "8 pm",
                "Symptoms": "dizzy and weak for two days",
                "Name": "dr. morgan",
                "PatientName": "alexis"
            },
            "ActionLabel": [
                "db_doctor_inform_booking_successful"
            ]
        },
        {
            "Action": "request_suggestions",
            "Agent": "Wizard",
            "PrimaryItem": {
                "APIName": "doctor_schedule",
                "DoctorName": "Dr. Morgan",
                "Message": "Your appointment has been successfuly scheduled.",
                "Time": "8 pm"
            },
            "Text": "it is booked with Dr. Morgan",
            "UnixTime": 1589474093
        },
        {
            "Action": "pick_suggestion",
            "ActionLabel": "doctor_inform_booking_successful",
            "ActionLabelOptions": [
                "doctor_inform_booking_successful",
                "doctor_ask_doctor_name"
            ],
            "Agent": "Wizard",
            "PrimaryItem": {
                "APIName": "doctor_schedule",
                "DoctorName": "Dr. Morgan",
                "Message": "Your appointment has been successfuly scheduled.",
                "Time": "8 pm"
            },
            "Text": "Great, your appointment with Dr. Morgan is booked for you!",
            "UnixTime": 1589474095
        },
        {
            "Action": "utter",
            "Agent": "User",
            "Text": "Thanks so much. Goodbye",
            "UnixTime": 1589474115,
            "PredictedBeliefState": {
                "StartTimeHour": "8 pm",
                "Symptoms": "dizzy and weak for two days",
                "Name": "dr. morgan",
                "PatientName": "alexis",
                "Day": "tuesday"
            },
            "ActionLabel": [
                "user_doctor_schedule_goodbye"
            ]
        },
        {
            "Action": "request_suggestions",
            "Agent": "Wizard",
            "PrimaryItem": {
                "APIName": "doctor_schedule",
                "DoctorName": "Dr. Morgan",
                "Message": "Your appointment has been successfuly scheduled.",
                "Time": "8 pm"
            },
            "Text": "goodbye",
            "UnixTime": 1589474125
        },
        {
            "Action": "pick_suggestion",
            "ActionLabel": "goodbye_1",
            "ActionLabelOptions": [
                "goodbye_1",
                "doctor_ask_end_time"
            ],
            "Agent": "Wizard",
            "PrimaryItem": {
                "APIName": "doctor_schedule",
                "DoctorName": "Dr. Morgan",
                "Message": "Your appointment has been successfuly scheduled.",
                "Time": "8 pm"
            },
            "Text": "Thank you and goodbye.",
            "UnixTime": 1589474127
        },
        {
            "Action": "complete",
            "Agent": "User",
            "UnixTime": 1589474135
        }
    ],
    "FORMAT-VERSION": 7,
    "IntroducesConflicts": false,
    "Scenario": {
        "Domains": [
            "doctor"
        ],
        "Happy": false,
        "MultiTask": false,
        "UserTask": "You are Alexis and would like to make an appointment with Dr. Johnson for today (Tuesday). You have had a headache, dizziness and muscle weakness for two days now.",
        "WizardCapabilities": [
            {
                "Domain": "doctor",
                "SchemaImage": "doctor_schedule.jpg",
                "Task": "doctor_schedule"
            }
        ],
        "WizardTask": "Follow the flow charts and help the user. Some facts you should be aware of: \n\n* Right now it is Tuesday, 6 pm"
    },
    "UserQuestionnaire": [
        {
            "Answer": true,
            "Question": "Did the assistant stay calm and helpful throughout the dialogue?"
        }
    ],
    "WizardQuestionnaire": [
        {
            "Answer": false,
            "Question": "Did the user change his/her mind about what he/she wants at any time?"
        },
        {
            "Answer": false,
            "Question": "Did the user become aggressive or annoyed during the dialogue? (Note: some users may be instructed to be annoying.)"
        },
        {
            "Answer": true,
            "Question": "Where you unsure about what to do at any time? (Feel free to send us an email with details.)"
        }
    ]
}