{
    "AnonymizedUserWorkerID": "62eeec70-6c47-578d-fd46-fef2b9b6d543",
    "AnonymizedWizardWorkerID": "34240f9a-bd13-8ae1-c634-f07162c54b7c",
    "BatchID": "woz_1589554725",
    "CompletionLevel": "Complete",
    "DialogueID": 4236,
    "Events": [
        {
            "Action": "instruct",
            "Agent": "UserGuide",
            "Text": "You (Ben) want to organize a surprise party (see instructions on the left). Talk to the AI assistant. Maybe it can help? [instruction 1 of 6]",
            "UnixTime": 1589596782
        },
        {
            "Action": "utter",
            "Agent": "User",
            "Text": "Can you help me organize a promotion party for Angela?",
            "UnixTime": 1589596805,
            "PredictedBeliefState": {},
            "ActionLabel": [
                "user_party_plan_ask_party_plan"
            ]
        },
        {
            "Action": "instruct",
            "Agent": "UserGuide",
            "Text": "You'd expect about 67 people to show up. [instruction 2 of 6]",
            "UnixTime": 1589596805
        },
        {
            "Action": "request_suggestions",
            "Agent": "Wizard",
            "Text": "Sure, what is the venue name",
            "UnixTime": 1589596827
        },
        {
            "Action": "pick_suggestion",
            "ActionLabel": "party_ask_venue",
            "ActionLabelOptions": [
                "party_ask_venue",
                "ask_name",
                "party_booking_failed"
            ],
            "Agent": "Wizard",
            "Text": "At what venue would you like to have your party organised?",
            "UnixTime": 1589596830
        },
        {
            "Action": "utter",
            "Agent": "User",
            "Text": "Please reserve West Bay Venue for Thursday at 7 pm. ",
            "UnixTime": 1589596853,
            "PredictedBeliefState": {
                "StartTimeHour": "7 pm",
                "Day": "thursday",
                "Name": "west bay venue"
            },
            "ActionLabel": [
                "user_party_plan_inform_starting_time",
                "user_party_plan_inform_day",
                "user_party_plan_inform_venue"
            ]
        },
        {
            "Action": "instruct",
            "Agent": "UserGuide",
            "Text": "If nothing is available, change the day or reduce the number of guests until it works.  [instruction 3 of 6]",
            "UnixTime": 1589596853
        },
        {
            "Action": "request_suggestions",
            "Agent": "Wizard",
            "Text": "What is the host name",
            "UnixTime": 1589596875
        },
        {
            "Action": "pick_suggestion",
            "ActionLabel": "ask_name",
            "ActionLabelOptions": [
                "ask_name",
                "party_ask_venue",
                "party_ask_number_of_guests"
            ],
            "Agent": "Wizard",
            "Text": "May I have your name, please?",
            "UnixTime": 1589596880
        },
        {
            "Action": "utter",
            "Agent": "User",
            "Text": "My name is Ben. ",
            "UnixTime": 1589596889,
            "PredictedBeliefState": {
                "Name": "west bay venue",
                "StartTimeHour": "7 pm",
                "Day": "thursday",
                "HostName": "ben"
            },
            "ActionLabel": [
                "user_party_plan_inform_name"
            ]
        },
        {
            "Action": "request_suggestions",
            "Agent": "Wizard",
            "Text": "Last, how many guests",
            "UnixTime": 1589596914
        },
        {
            "Action": "pick_suggestion",
            "ActionLabel": "party_ask_number_of_guests",
            "ActionLabelOptions": [
                "party_ask_number_of_guests",
                "party_ask_end_time",
                "out_of_scope"
            ],
            "Agent": "Wizard",
            "Text": "How many people would you like to invite?",
            "UnixTime": 1589596919
        },
        {
            "Action": "utter",
            "Agent": "User",
            "Text": "I'm expecting around 67 people to attend",
            "UnixTime": 1589596939,
            "PredictedBeliefState": {
                "HostName": "ben",
                "StartTimeHour": "7 pm",
                "Day": "thursday",
                "Name": "west bay venue",
                "NumberGuests": "67"
            },
            "ActionLabel": [
                "user_party_plan_inform_number_of_guests"
            ]
        },
        {
            "Action": "instruct",
            "Agent": "UserGuide",
            "Text": "Interrupt the conversation with a little small talk (e.g. about Angela's promotion, the party, other colleagues, or something else). [instruction 4 of 6]",
            "UnixTime": 1589596939
        },
        {
            "APIName": "party_plan",
            "Action": "query",
            "Agent": "Wizard",
            "Constraints": [
                {
                    "Name": "\"West Bay Venue\""
                },
                {
                    "HostName": "\"Ben\""
                },
                {
                    "Day": "\"Thursday\""
                },
                {
                    "StartTimeHour": "\"7 pm\""
                },
                {
                    "NumberGuests": "67"
                },
                {
                    "RequestType": "\"Check\""
                }
            ],
            "UnixTime": 1589596945
        },
        {
            "APIName": "party_plan",
            "Action": "return_item",
            "Agent": "KnowledgeBase",
            "Item": {
                "APIName": "party_plan",
                "Day": "Thursday",
                "Message": "The venue is available.",
                "Time": "7 pm",
                "VenueName": "West Bay Venue"
            },
            "TotalItems": -1,
            "PredictedBeliefState": {
                "HostName": "ben",
                "StartTimeHour": "7 pm",
                "Day": "thursday",
                "Name": "west bay venue",
                "NumberGuests": "67"
            },
            "ActionLabel": [
                "db_party_venue_available"
            ]
        },
        {
            "Action": "request_suggestions",
            "Agent": "Wizard",
            "PrimaryItem": {
                "APIName": "party_plan",
                "Day": "Thursday",
                "Message": "The venue is available.",
                "Time": "7 pm",
                "VenueName": "West Bay Venue"
            },
            "Text": "That venue is available. should i book it",
            "UnixTime": 1589596961
        },
        {
            "Action": "pick_suggestion",
            "ActionLabel": "party_ask_confirm_booking",
            "ActionLabelOptions": [
                "party_ask_confirm_booking",
                "party_ask_venue",
                "party_ask_day"
            ],
            "Agent": "Wizard",
            "PrimaryItem": {
                "APIName": "party_plan",
                "Day": "Thursday",
                "Message": "The venue is available.",
                "Time": "7 pm",
                "VenueName": "West Bay Venue"
            },
            "Text": "OK, the West Bay Venue would be happy to accommodate you on Thursday @ 7 pm.\nCan I book it for you now?",
            "UnixTime": 1589596967
        },
        {
            "Action": "utter",
            "Agent": "User",
            "Text": "I invited our boss and her family as well, but they haven't responded. ",
            "UnixTime": 1589596986,
            "PredictedBeliefState": {
                "Day": "thursday",
                "NumberGuests": "67",
                "HostName": "ben",
                "Name": "west bay venue",
                "StartTimeHour": "7 pm"
            },
            "ActionLabel": [
                "user_bad_label"
            ]
        },
        {
            "Action": "request_suggestions",
            "Agent": "Wizard",
            "PrimaryItem": {
                "APIName": "party_plan",
                "Day": "Thursday",
                "Message": "The venue is available.",
                "Time": "7 pm",
                "VenueName": "West Bay Venue"
            },
            "Text": "Do you want me to increase the number of guests in case they come to?",
            "UnixTime": 1589597024
        },
        {
            "Action": "utter",
            "Agent": "Wizard",
            "PrimaryItem": {
                "APIName": "party_plan",
                "Day": "Thursday",
                "Message": "The venue is available.",
                "Time": "7 pm",
                "VenueName": "West Bay Venue"
            },
            "Text": "Do you want me to increase the number of guests in case they come to?",
            "UnixTime": 1589597031
        },
        {
            "Action": "utter",
            "Agent": "User",
            "Text": "I'm not sure yet. I'm hoping to hear from them soon, but keep the number the same for now since other people might cancel. We all love Angela though, so I'm hoping they come!",
            "UnixTime": 1589597094,
            "PredictedBeliefState": {
                "Day": "thursday",
                "HostName": "ben",
                "NumberGuests": "67",
                "Name": "west bay venue",
                "StartTimeHour": "7 pm"
            },
            "ActionLabel": [
                "user_bad_label"
            ]
        },
        {
            "Action": "instruct",
            "Agent": "UserGuide",
            "Text": "You get a text from Angela saying: 'Remember Jenny was always so fond of this Thai place? I just checked it out, but man... my stomach absolutely cannot handle Thai food. Never again!'. [instruction 5 of 6]",
            "UnixTime": 1589597094
        },
        {
            "Action": "request_suggestions",
            "Agent": "Wizard",
            "PrimaryItem": {
                "APIName": "party_plan",
                "Day": "Thursday",
                "Message": "The venue is available.",
                "Time": "7 pm",
                "VenueName": "West Bay Venue"
            },
            "Text": "Yes, that will be great if they can go. Should I book the venue for you now?",
            "UnixTime": 1589597127
        },
        {
            "Action": "utter",
            "Agent": "Wizard",
            "PrimaryItem": {
                "APIName": "party_plan",
                "Day": "Thursday",
                "Message": "The venue is available.",
                "Time": "7 pm",
                "VenueName": "West Bay Venue"
            },
            "Text": "Yes, that will be great if they can go. Should I book the venue for you now?",
            "UnixTime": 1589597135
        },
        {
            "Action": "utter",
            "Agent": "User",
            "Text": "Can you make sure they don't serve any Thai food? It's a bit too rich for Angela to handle. ",
            "UnixTime": 1589597175,
            "PredictedBeliefState": {
                "Day": "thursday",
                "Name": "west bay venue",
                "FoodRequest": "no thai",
                "NumberGuests": "67",
                "HostName": "ben",
                "StartTimeHour": "7 pm"
            },
            "ActionLabel": [
                "user_party_plan_inform_food",
                "user_bad_label"
            ]
        },
        {
            "APIName": "party_plan",
            "Action": "query",
            "Agent": "Wizard",
            "Constraints": [
                {
                    "Name": "\"West Bay Venue\""
                },
                {
                    "HostName": "\"Ben\""
                },
                {
                    "Day": "\"Thursday\""
                },
                {
                    "StartTimeHour": "\"7 pm\""
                },
                {
                    "NumberGuests": "67"
                },
                {
                    "RequestType": "\"Check\""
                },
                {
                    "FoodRequest": "\"No Thai food\""
                },
                {
                    "FoodRequest": "null"
                }
            ],
            "PrimaryItem": {
                "APIName": "party_plan",
                "Day": "Thursday",
                "Message": "The venue is available.",
                "Time": "7 pm",
                "VenueName": "West Bay Venue"
            },
            "UnixTime": 1589597203
        },
        {
            "APIName": "party_plan",
            "Action": "return_item",
            "Agent": "KnowledgeBase",
            "Item": {
                "APIName": "party_plan",
                "Day": "Thursday",
                "Message": "The venue is available.",
                "Time": "7 pm",
                "VenueName": "West Bay Venue"
            },
            "TotalItems": -1,
            "PredictedBeliefState": {
                "Day": "thursday",
                "Name": "west bay venue",
                "FoodRequest": "no thai",
                "NumberGuests": "67",
                "HostName": "ben",
                "StartTimeHour": "7 pm"
            },
            "ActionLabel": [
                "result_bad_label"
            ]
        },
        {
            "Action": "request_suggestions",
            "Agent": "Wizard",
            "PrimaryItem": {
                "APIName": "party_plan",
                "Day": "Thursday",
                "Message": "The venue is available.",
                "Time": "7 pm",
                "VenueName": "West Bay Venue"
            },
            "Text": "Ok the food restrain is added",
            "UnixTime": 1589597233
        },
        {
            "Action": "utter",
            "Agent": "Wizard",
            "PrimaryItem": {
                "APIName": "party_plan",
                "Day": "Thursday",
                "Message": "The venue is available.",
                "Time": "7 pm",
                "VenueName": "West Bay Venue"
            },
            "Text": "Ok, there won't be any Thai food at that venue. Would you like me to book it for you?",
            "UnixTime": 1589597279
        },
        {
            "Action": "utter",
            "Agent": "User",
            "Text": "Yes sounds good!",
            "UnixTime": 1589597293,
            "PredictedBeliefState": {
                "HostName": "ben",
                "Name": "west bay venue",
                "Day": "thursday",
                "FoodRequest": "thai",
                "NumberGuests": "67",
                "StartTimeHour": "7 pm"
            },
            "ActionLabel": [
                "user_bad_label"
            ]
        },
        {
            "Action": "instruct",
            "Agent": "UserGuide",
            "Text": "Make sure you have booked a venue. Then you can bring the conversation to a natural close. [instruction 6 of 6]",
            "UnixTime": 1589597293
        },
        {
            "APIName": "party_plan",
            "Action": "query",
            "Agent": "Wizard",
            "Constraints": [
                {
                    "Name": "\"West Bay Venue\""
                },
                {
                    "HostName": "\"Ben\""
                },
                {
                    "Day": "\"Thursday\""
                },
                {
                    "StartTimeHour": "\"7 pm\""
                },
                {
                    "NumberGuests": "67"
                },
                {
                    "RequestType": "\"Book\""
                },
                {
                    "FoodRequest": "\"No Thai food\""
                },
                {
                    "FoodRequest": "null"
                }
            ],
            "PrimaryItem": {
                "APIName": "party_plan",
                "Day": "Thursday",
                "Message": "The venue is available.",
                "Time": "7 pm",
                "VenueName": "West Bay Venue"
            },
            "UnixTime": 1589597303
        },
        {
            "APIName": "party_plan",
            "Action": "return_item",
            "Agent": "KnowledgeBase",
            "Item": {
                "APIName": "party_plan",
                "Day": "Thursday",
                "Message": "Your event has been successfully scheduled.",
                "Time": "7 pm",
                "VenueName": "West Bay Venue"
            },
            "TotalItems": -1,
            "PredictedBeliefState": {
                "HostName": "ben",
                "Name": "west bay venue",
                "Day": "thursday",
                "FoodRequest": "thai",
                "NumberGuests": "67",
                "StartTimeHour": "7 pm"
            },
            "ActionLabel": [
                "db_party_booking_successful"
            ]
        },
        {
            "Action": "request_suggestions",
            "Agent": "Wizard",
            "PrimaryItem": {
                "APIName": "party_plan",
                "Day": "Thursday",
                "Message": "Your event has been successfully scheduled.",
                "Time": "7 pm",
                "VenueName": "West Bay Venue"
            },
            "Text": "The venue has been booked",
            "UnixTime": 1589597324
        },
        {
            "Action": "pick_suggestion",
            "ActionLabel": "party_booking_successful",
            "ActionLabelOptions": [
                "party_booking_successful",
                "party_ask_confirm_booking",
                "party_venue_not_available"
            ],
            "Agent": "Wizard",
            "PrimaryItem": {
                "APIName": "party_plan",
                "Day": "Thursday",
                "Message": "Your event has been successfully scheduled.",
                "Time": "7 pm",
                "VenueName": "West Bay Venue"
            },
            "Text": "Great, your party has been successfully booked at the West Bay Venue on Thursday at 7 pm!",
            "UnixTime": 1589597329
        },
        {
            "Action": "utter",
            "Agent": "User",
            "Text": "Thanks for your help!",
            "UnixTime": 1589597343,
            "PredictedBeliefState": {
                "NumberGuests": "67",
                "HostName": "ben",
                "FoodRequest": "no thai",
                "StartTimeHour": "7 pm",
                "Name": "west bay venue",
                "Day": "thursday"
            },
            "ActionLabel": [
                "user_bad_label"
            ]
        },
        {
            "Action": "request_suggestions",
            "Agent": "Wizard",
            "PrimaryItem": {
                "APIName": "party_plan",
                "Day": "Thursday",
                "Message": "Your event has been successfully scheduled.",
                "Time": "7 pm",
                "VenueName": "West Bay Venue"
            },
            "Text": "You're welcome. Enjoy the party for Angela. Good bye",
            "UnixTime": 1589597371
        },
        {
            "Action": "utter",
            "Agent": "Wizard",
            "PrimaryItem": {
                "APIName": "party_plan",
                "Day": "Thursday",
                "Message": "Your event has been successfully scheduled.",
                "Time": "7 pm",
                "VenueName": "West Bay Venue"
            },
            "Text": "You're welcome. Enjoy the party for Angela. Good bye",
            "UnixTime": 1589597377
        },
        {
            "Action": "complete",
            "Agent": "User",
            "UnixTime": 1589597382
        }
    ],
    "FORMAT-VERSION": 7,
    "IntroducesConflicts": false,
    "Scenario": {
        "Domains": [
            "party"
        ],
        "Happy": false,
        "MultiTask": false,
        "UserTask": "You are Ben and would like to plan a surprise party for your colleague Angela, who just got promoted. For the venue, you'd like to reserve West Bay Venue for Thursday from 7 pm. ",
        "WizardCapabilities": [
            {
                "Domain": "party",
                "SchemaImage": "party_plan.jpg",
                "Task": "party_plan"
            }
        ],
        "WizardTask": "Follow the flow charts and help the user plan a party. "
    },
    "UserQuestionnaire": [
        {
            "Answer": true,
            "Question": "Did the assistant stay calm and helpful throughout the dialogue?"
        }
    ],
    "WizardQuestionnaire": [
        {
            "Answer": true,
            "Question": "Did the user change his/her mind about what he/she wants at any time?"
        },
        {
            "Answer": false,
            "Question": "Did the user become aggressive or annoyed during the dialogue? (Note: some users may be instructed to be annoying.)"
        },
        {
            "Answer": false,
            "Question": "Where you unsure about what to do at any time? (Feel free to send us an email with details.)"
        }
    ]
}