{
    "AnonymizedUserWorkerID": "a4c9564b-06b9-37b4-27ca-fd6bf52c4154",
    "AnonymizedWizardWorkerID": "73bd63b7-5463-b221-d8f5-2611db2cf2a3",
    "BatchID": "woz_1589554725",
    "CompletionLevel": "Complete",
    "DialogueID": 4279,
    "Events": [
        {
            "Action": "utter",
            "Agent": "User",
            "Text": "hello",
            "UnixTime": 1589586881,
            "PredictedBeliefState": {},
            "ActionLabel": [
                "user_hello"
            ]
        },
        {
            "Action": "request_suggestions",
            "Agent": "Wizard",
            "Text": "hell",
            "UnixTime": 1589586886
        },
        {
            "Action": "pick_suggestion",
            "ActionLabel": "hello",
            "ActionLabelOptions": [
                "spaceship_bye",
                "ask_name",
                "hello"
            ],
            "Agent": "Wizard",
            "Text": "Hello, how can I help?",
            "UnixTime": 1589586890
        },
        {
            "Action": "utter",
            "Agent": "User",
            "Text": "My spaceship is under attack. I need to get into the combat deck, but the door is locked. Can you help?",
            "UnixTime": 1589586923,
            "PredictedBeliefState": {},
            "ActionLabel": [
                "user_bad_label"
            ]
        },
        {
            "Action": "request_suggestions",
            "Agent": "Wizard",
            "Text": "Yes, what is your name and rank?",
            "UnixTime": 1589586938
        },
        {
            "Action": "utter",
            "Agent": "Wizard",
            "Text": "What is your name and rank?",
            "UnixTime": 1589586947
        },
        {
            "Action": "utter",
            "Agent": "User",
            "Text": "I am Rey, the first officer.",
            "UnixTime": 1589586956,
            "PredictedBeliefState": {
                "UserRank": "first officer",
                "UserName": "rey"
            },
            "ActionLabel": [
                "user_spaceshipcodes_inform_rank",
                "user_spaceshipcodes_inform_name",
                "user_bad_label"
            ]
        },
        {
            "Action": "request_suggestions",
            "Agent": "Wizard",
            "Text": "Thanks",
            "UnixTime": 1589586968
        },
        {
            "Action": "utter",
            "Agent": "Wizard",
            "Text": "Thanks, what is the code?",
            "UnixTime": 1589586975
        },
        {
            "Action": "utter",
            "Agent": "User",
            "Text": "The access code is 425931.",
            "UnixTime": 1589586985,
            "PredictedBeliefState": {
                "Code": "425931",
                "UserName": "rey",
                "UserRank": "first officer"
            },
            "ActionLabel": [
                "user_spaceshipcodes_inform_code",
                "user_spaceshipcodes_ask_access"
            ]
        },
        {
            "APIName": "spaceship_access_codes",
            "Action": "query",
            "Agent": "Wizard",
            "Constraints": [
                {
                    "UserName": "\"Rey\""
                },
                {
                    "UserRank": "\"First Officer\""
                },
                {
                    "Code": "425931"
                },
                {
                    "CodeType": "\"Access Code\""
                }
            ],
            "UnixTime": 1589586994
        },
        {
            "APIName": "spaceship_access_codes",
            "Action": "return_item",
            "Agent": "KnowledgeBase",
            "Item": {
                "APIName": "spaceship_access_codes",
                "Message": "The door is now unlocked."
            },
            "TotalItems": -1,
            "PredictedBeliefState": {
                "Code": "425931",
                "UserName": "rey",
                "UserRank": "first officer"
            },
            "ActionLabel": [
                "db_spaceshipcodes_inform_outcome_pos"
            ]
        },
        {
            "Action": "request_suggestions",
            "Agent": "Wizard",
            "PrimaryItem": {
                "APIName": "spaceship_access_codes",
                "Message": "The door is now unlocked."
            },
            "Text": "the door",
            "UnixTime": 1589586997
        },
        {
            "Action": "pick_suggestion",
            "ActionLabel": "spaceship_inform_outcome",
            "ActionLabelOptions": [
                "spaceship_inform_outcome",
                "anything_else",
                "hello"
            ],
            "Agent": "Wizard",
            "PrimaryItem": {
                "APIName": "spaceship_access_codes",
                "Message": "The door is now unlocked."
            },
            "Text": "The door is now unlocked.",
            "UnixTime": 1589586999
        },
        {
            "Action": "utter",
            "Agent": "User",
            "Text": "Thank you so much!",
            "UnixTime": 1589587004,
            "PredictedBeliefState": {
                "UserRank": "first officer",
                "CodeType": "access code",
                "UserName": "rey",
                "Code": "425931"
            },
            "ActionLabel": [
                "user_spaceshipcodes_inform_codetype",
                "user_bad_label"
            ]
        },
        {
            "Action": "request_suggestions",
            "Agent": "Wizard",
            "PrimaryItem": {
                "APIName": "spaceship_access_codes",
                "Message": "The door is now unlocked."
            },
            "Text": "You're welcome, Stay ",
            "UnixTime": 1589587011
        },
        {
            "Action": "utter",
            "Agent": "Wizard",
            "PrimaryItem": {
                "APIName": "spaceship_access_codes",
                "Message": "The door is now unlocked."
            },
            "Text": "You're welcome, Goodbye.",
            "UnixTime": 1589587022
        },
        {
            "Action": "complete",
            "Agent": "User",
            "UnixTime": 1589587025
        }
    ],
    "FORMAT-VERSION": 7,
    "IntroducesConflicts": false,
    "Scenario": {
        "Domains": [
            "spaceship"
        ],
        "Happy": true,
        "MultiTask": false,
        "UserTask": "Your spaceship is under attack! You must enter the combat deck to mount a counterattack. Unfortunately, you are locked out. Please work with the spaceship's onboard computer to unlock the door. You (Rey) are the ship's First Officer. You have been a given a Access Code: 425931.",
        "WizardCapabilities": [
            {
                "Domain": "spaceship",
                "SchemaImage": "spaceship_access_codes.jpg",
                "Task": "spaceship_access_codes"
            }
        ],
        "WizardTask": "Act as the spaceship's onboard computer and help the user unlock the combat deck."
    },
    "UserQuestionnaire": [
        {
            "Answer": true,
            "Question": "Did the ship's computer unlock the door to the combat deck?"
        },
        {
            "Answer": true,
            "Question": "Did the ship's computer stay calm and helpful throughout the dialogue?"
        },
        {
            "Answer": true,
            "Question": "Did you enjoy this task?"
        }
    ],
    "WizardQuestionnaire": [
        {
            "Answer": false,
            "Question": "Did the user change his/her mind about what he/she wants at any time?"
        },
        {
            "Answer": false,
            "Question": "Did the user become aggressive or annoyed during the dialogue? (Note: some users may be instructed to be annoying.)"
        },
        {
            "Answer": false,
            "Question": "Where you unsure about what to do at any time? (Feel free to send us an email with details.)"
        }
    ]
}