{
    "AnonymizedUserWorkerID": "a0362f23-a428-0712-805e-13fe4ea1da38",
    "AnonymizedWizardWorkerID": "cd16c4d4-79bc-8ba3-bf47-368689966c2c",
    "BatchID": "woz_1589458635",
    "CompletionLevel": "Complete",
    "DialogueID": 428,
    "Events": [
        {
            "Action": "utter",
            "Agent": "User",
            "Text": "Hello.",
            "UnixTime": 1589467143,
            "PredictedBeliefState": {},
            "ActionLabel": [
                "user_hello"
            ]
        },
        {
            "Action": "request_suggestions",
            "Agent": "Wizard",
            "Text": "hello",
            "UnixTime": 1589467147
        },
        {
            "Action": "pick_suggestion",
            "ActionLabel": "hello",
            "ActionLabelOptions": [
                "hello",
                "goodbye_2"
            ],
            "Agent": "Wizard",
            "Text": "Hello, how can I help?",
            "UnixTime": 1589467149
        },
        {
            "Action": "utter",
            "Agent": "User",
            "Text": "I would like to reserve the flight with id 623, and my name is Susan.",
            "UnixTime": 1589467165,
            "PredictedBeliefState": {
                "id": "623",
                "CustomerName": "susan"
            },
            "ActionLabel": [
                "user_plane_book_inform_flight_id",
                "user_plane_book_inform_name",
                "user_plane_book_ask_plane_book"
            ]
        },
        {
            "APIName": "plane_book",
            "Action": "query",
            "Agent": "Wizard",
            "Constraints": [
                {
                    "id": "623"
                },
                {
                    "CustomerName": "\"Susan\""
                },
                {
                    "RequestType": "\"Check\""
                }
            ],
            "UnixTime": 1589467175
        },
        {
            "APIName": "plane_book",
            "Action": "return_item",
            "Agent": "KnowledgeBase",
            "Item": {
                "APIName": "plane_book",
                "Message": "Available",
                "id": 623
            },
            "TotalItems": -1,
            "PredictedBeliefState": {
                "id": "623",
                "CustomerName": "susan"
            },
            "ActionLabel": [
                "db_plane_flight_available"
            ]
        },
        {
            "Action": "request_suggestions",
            "Agent": "Wizard",
            "PrimaryItem": {
                "APIName": "plane_book",
                "Message": "Available",
                "id": 623
            },
            "Text": "available",
            "UnixTime": 1589467181
        },
        {
            "Action": "pick_suggestion",
            "ActionLabel": "plane_flight_available",
            "ActionLabelOptions": [
                "plane_flight_available",
                "anything_else"
            ],
            "Agent": "Wizard",
            "PrimaryItem": {
                "APIName": "plane_book",
                "Message": "Available",
                "id": 623
            },
            "Text": "The flight is available. Should I reserve it for you?",
            "UnixTime": 1589467185
        },
        {
            "Action": "utter",
            "Agent": "User",
            "Text": "Yes, please!",
            "UnixTime": 1589467190,
            "PredictedBeliefState": {
                "CustomerName": "susan",
                "id": "623"
            },
            "ActionLabel": [
                "user_plane_book_inform_book"
            ]
        },
        {
            "APIName": "plane_book",
            "Action": "query",
            "Agent": "Wizard",
            "Constraints": [
                {
                    "id": "623"
                },
                {
                    "CustomerName": "\"Susan\""
                },
                {
                    "RequestType": "\"Book\""
                }
            ],
            "PrimaryItem": {
                "APIName": "plane_book",
                "Message": "Available",
                "id": 623
            },
            "UnixTime": 1589467195
        },
        {
            "APIName": "plane_book",
            "Action": "return_item",
            "Agent": "KnowledgeBase",
            "Item": {
                "APIName": "plane_book",
                "ReservationStatus": "Reservation Confirmed",
                "id": 623
            },
            "TotalItems": -1,
            "PredictedBeliefState": {
                "CustomerName": "susan",
                "id": "623"
            },
            "ActionLabel": [
                "db_plane_reservation_succeeded"
            ]
        },
        {
            "Action": "request_suggestions",
            "Agent": "Wizard",
            "PrimaryItem": {
                "APIName": "plane_book",
                "ReservationStatus": "Reservation Confirmed",
                "id": 623
            },
            "Text": "booked",
            "UnixTime": 1589467201
        },
        {
            "Action": "pick_suggestion",
            "ActionLabel": "plane_reservation_succeeded",
            "ActionLabelOptions": [
                "plane_reservation_succeeded",
                "plane_flight_available"
            ],
            "Agent": "Wizard",
            "PrimaryItem": {
                "APIName": "plane_book",
                "ReservationStatus": "Reservation Confirmed",
                "id": 623
            },
            "Text": "Right, your flight is now reserved!",
            "UnixTime": 1589467203
        },
        {
            "Action": "utter",
            "Agent": "User",
            "Text": "Great, thank you so much!",
            "UnixTime": 1589467209,
            "PredictedBeliefState": {
                "CustomerName": "susan",
                "id": "623"
            },
            "ActionLabel": [
                "user_plane_book_goodbye"
            ]
        },
        {
            "Action": "request_suggestions",
            "Agent": "Wizard",
            "PrimaryItem": {
                "APIName": "plane_book",
                "ReservationStatus": "Reservation Confirmed",
                "id": 623
            },
            "Text": "welcome",
            "UnixTime": 1589467217
        },
        {
            "Action": "pick_suggestion",
            "ActionLabel": "goodbye_2",
            "ActionLabelOptions": [
                "plane_reservation_succeeded",
                "goodbye_2"
            ],
            "Agent": "Wizard",
            "PrimaryItem": {
                "APIName": "plane_book",
                "ReservationStatus": "Reservation Confirmed",
                "id": 623
            },
            "Text": "Thank you and goodbye.",
            "UnixTime": 1589467219
        },
        {
            "Action": "complete",
            "Agent": "User",
            "UnixTime": 1589467223
        }
    ],
    "FORMAT-VERSION": 7,
    "IntroducesConflicts": false,
    "Scenario": {
        "Domains": [
            "plane"
        ],
        "Happy": true,
        "MultiTask": false,
        "UserTask": "Reserve flight with id 623. Your name is Susan",
        "WizardCapabilities": [
            {
                "Domain": "plane",
                "SchemaImage": "plane_book.jpg",
                "Task": "plane_book"
            }
        ],
        "WizardTask": "Help the user book their flight."
    },
    "UserQuestionnaire": [
        {
            "Answer": true,
            "Question": "Did the AI Assistant book your flight?"
        },
        {
            "Answer": true,
            "Question": "Did the AI Assistant stay calm and helpful throughout the dialogue?"
        }
    ],
    "WizardQuestionnaire": [
        {
            "Answer": false,
            "Question": "Did the user change his/her mind about what he/she wants at any time?"
        },
        {
            "Answer": false,
            "Question": "Did the user become aggressive or annoyed during the dialogue? (Note: some users may be instructed to be annoying.)"
        },
        {
            "Answer": false,
            "Question": "Where you unsure about what to do at any time? (Feel free to send us an email with details.)"
        }
    ]
}