{
    "AnonymizedUserWorkerID": "29460cea-cd22-bb2d-8c7b-b206609fd10e",
    "AnonymizedWizardWorkerID": "8fd82cbd-c563-20d6-55e1-f6598e35808c",
    "BatchID": "woz_1589554725",
    "CompletionLevel": "Complete",
    "DialogueID": 4294,
    "Events": [
        {
            "Action": "instruct",
            "Agent": "UserGuide",
            "Text": "Explain the general situation to the robot and ask some question. [instruction 1 of 3]",
            "UnixTime": 1589611133
        },
        {
            "Action": "utter",
            "Agent": "User",
            "Text": "The life support systems are failing, can you get to the lock with fortune brands on it?",
            "UnixTime": 1589611165,
            "PredictedBeliefState": {
                "LockManufacturer": "fortune brands"
            },
            "ActionLabel": [
                "user_spaceship_life_support_inform_manufacturer",
                "user_bad_label"
            ]
        },
        {
            "Action": "instruct",
            "Agent": "UserGuide",
            "Text": "Make lots of typos [instruction 2 of 3]",
            "UnixTime": 1589611165
        },
        {
            "Action": "request_suggestions",
            "Agent": "Wizard",
            "Text": "color cable?",
            "UnixTime": 1589611177
        },
        {
            "Action": "pick_suggestion",
            "ActionLabel": "spaceship_ask_colour_top_cable",
            "ActionLabelOptions": [
                "spaceship_ask_colour_second_cable",
                "out_of_scope",
                "spaceship_ask_colour_top_cable"
            ],
            "Agent": "Wizard",
            "Text": "Please provide the color of the first cable.",
            "UnixTime": 1589611181
        },
        {
            "Action": "utter",
            "Agent": "User",
            "Text": "The first cable is grean, swep it with blak",
            "UnixTime": 1589611224,
            "PredictedBeliefState": {
                "ColorOfTopCable": "grean",
                "ColorOfSecondCable": "blak",
                "LockManufacturer": "fortune brands"
            },
            "ActionLabel": [
                "user_spaceship_life_support_inform_top_colour",
                "user_spaceship_life_support_inform_second_colour",
                "user_spaceship_life_support_ask_help"
            ]
        },
        {
            "Action": "instruct",
            "Agent": "UserGuide",
            "Text": "Once the life support system is repaired (not earlier!), you can end the conversation.  [instruction 3 of 3]",
            "UnixTime": 1589611224
        },
        {
            "APIName": "spaceship_life_support",
            "Action": "query",
            "Agent": "Wizard",
            "Constraints": [
                {
                    "LockManufacturer": "\"fortune brands\""
                },
                {
                    "ColorOfTopCable": "\"green\""
                },
                {
                    "ColorOfSecondCable": "\"black\""
                }
            ],
            "UnixTime": 1589611245
        },
        {
            "APIName": "spaceship_life_support",
            "Action": "return_item",
            "Agent": "KnowledgeBase",
            "Item": {
                "APIName": "spaceship_life_support",
                "Message": "Successful! Life support was recovered."
            },
            "TotalItems": -1,
            "PredictedBeliefState": {
                "ColorOfTopCable": "grean",
                "ColorOfSecondCable": "blak",
                "LockManufacturer": "fortune brands"
            },
            "ActionLabel": [
                "db_spaceship_inform_outcome"
            ]
        },
        {
            "Action": "request_suggestions",
            "Agent": "Wizard",
            "PrimaryItem": {
                "APIName": "spaceship_life_support",
                "Message": "Successful! Life support was recovered."
            },
            "Text": "success",
            "UnixTime": 1589611251
        },
        {
            "Action": "pick_suggestion",
            "ActionLabel": "spaceship_inform_outcome",
            "ActionLabelOptions": [
                "spaceship_inform_outcome",
                "spaceship_bye",
                "hello"
            ],
            "Agent": "Wizard",
            "PrimaryItem": {
                "APIName": "spaceship_life_support",
                "Message": "Successful! Life support was recovered."
            },
            "Text": "Ok, I can reach the control panel now... Successful! Life support was recovered.",
            "UnixTime": 1589611254
        },
        {
            "Action": "utter",
            "Agent": "User",
            "Text": "Finally we can breath again!",
            "UnixTime": 1589611280,
            "PredictedBeliefState": {
                "ColorOfSecondCable": "blak",
                "LockManufacturer": "fortune",
                "ColorOfTopCable": "grean"
            },
            "ActionLabel": [
                "user_spaceship_life_support_inform_manufacturer",
                "user_spaceship_life_support_thanks"
            ]
        },
        {
            "Action": "request_suggestions",
            "Agent": "Wizard",
            "PrimaryItem": {
                "APIName": "spaceship_life_support",
                "Message": "Successful! Life support was recovered."
            },
            "Text": "bye",
            "UnixTime": 1589611285
        },
        {
            "Action": "pick_suggestion",
            "ActionLabel": "spaceship_bye",
            "ActionLabelOptions": [
                "spaceship_bye",
                "out_of_scope",
                "spaceship_inform_outcome"
            ],
            "Agent": "Wizard",
            "PrimaryItem": {
                "APIName": "spaceship_life_support",
                "Message": "Successful! Life support was recovered."
            },
            "Text": "Goodbye.",
            "UnixTime": 1589611286
        },
        {
            "Action": "complete",
            "Agent": "User",
            "UnixTime": 1589611288
        }
    ],
    "FORMAT-VERSION": 7,
    "IntroducesConflicts": false,
    "Scenario": {
        "Domains": [
            "spaceship"
        ],
        "Happy": false,
        "MultiTask": false,
        "UserTask": "The life support on your spaceship is failing! To save the lives of the crew, the ship's repair-robot has to get into the engineering deck, which is sealed due to a lack of air. Help the robot to enter the engineering deck! It has to temper with the lock (manufactured by 'Fortune Brands') and swap the positions of the Green cable and the Black cable. It already reached the door.",
        "WizardCapabilities": [
            {
                "Domain": "spaceship",
                "SchemaImage": "spaceship_life_support.jpg",
                "Task": "spaceship_life_support"
            }
        ],
        "WizardTask": "Act as the spaceship's onboard robot and help the user recover the life support."
    },
    "UserQuestionnaire": [
        {
            "Answer": true,
            "Question": "Did the robot help successfully recover the life support?"
        },
        {
            "Answer": true,
            "Question": "Did the robot stay calm and helpful throughout the dialogue?"
        }
    ],
    "WizardQuestionnaire": [
        {
            "Answer": false,
            "Question": "Did the user change his/her mind about what he/she wants at any time?"
        },
        {
            "Answer": false,
            "Question": "Did the user become aggressive or annoyed during the dialogue? (Note: some users may be instructed to be annoying.)"
        },
        {
            "Answer": false,
            "Question": "Where you unsure about what to do at any time? (Feel free to send us an email with details.)"
        }
    ]
}