{
    "AnonymizedUserWorkerID": "6f51e967-ce78-081f-da64-6595f6cdfeca",
    "AnonymizedWizardWorkerID": "4b56e0fa-e086-4b01-d3c6-840b91b26164",
    "BatchID": "woz_1589554725",
    "CompletionLevel": "Complete",
    "DialogueID": 4354,
    "Events": [
        {
            "Action": "instruct",
            "Agent": "UserGuide",
            "Text": "Explain the general situation to the robot and ask some question. [instruction 1 of 3]",
            "UnixTime": 1589610919
        },
        {
            "Action": "utter",
            "Agent": "User",
            "Text": "The life support on my spaceship is failing! To save the lives of the crew, the ship's repair-robot has to get into the engineering deck, which is sealed due to a lack of air. Please help the robot to enter the engineering deck! It has to temper with the lock (manufactured by 'ISS Alpha') and swap the positions of the Red cable and the Blue cable. ",
            "UnixTime": 1589611031,
            "PredictedBeliefState": {
                "ColorOfTopCable": "red",
                "LockManufacturer": "iss alpha",
                "ColorOfSecondCable": "blue"
            },
            "ActionLabel": [
                "user_spaceship_life_support_inform_top_colour",
                "user_spaceship_life_support_inform_manufacturer",
                "user_spaceship_life_support_inform_second_colour",
                "user_bad_label"
            ]
        },
        {
            "Action": "instruct",
            "Agent": "UserGuide",
            "Text": "Make lots of typos [instruction 2 of 3]",
            "UnixTime": 1589611031
        },
        {
            "Action": "request_suggestions",
            "Agent": "Wizard",
            "Text": "color of top",
            "UnixTime": 1589611056
        },
        {
            "Action": "utter",
            "Agent": "Wizard",
            "Text": "Provide the color of the top cable.",
            "UnixTime": 1589611067
        },
        {
            "Action": "utter",
            "Agent": "User",
            "Text": "the coloure of the tip cablr is read",
            "UnixTime": 1589611100,
            "PredictedBeliefState": {
                "LockManufacturer": "iss alpha",
                "ColorOfTopCable": "red",
                "ColorOfSecondCable": "blue"
            },
            "ActionLabel": [
                "user_bad_label"
            ]
        },
        {
            "Action": "instruct",
            "Agent": "UserGuide",
            "Text": "Once the life support system is repaired (not earlier!), you can end the conversation.  [instruction 3 of 3]",
            "UnixTime": 1589611100
        },
        {
            "Action": "request_suggestions",
            "Agent": "Wizard",
            "Text": "bottom cable",
            "UnixTime": 1589611111
        },
        {
            "Action": "utter",
            "Agent": "Wizard",
            "Text": "Provide the color of the bottom cable.",
            "UnixTime": 1589611119
        },
        {
            "Action": "utter",
            "Agent": "User",
            "Text": "blue",
            "UnixTime": 1589611127,
            "PredictedBeliefState": {
                "LockManufacturer": "iss alpha",
                "ColorOfTopCable": "red",
                "ColorOfSecondCable": "blue"
            },
            "ActionLabel": [
                "user_spaceship_life_support_ask_help"
            ]
        },
        {
            "APIName": "spaceship_life_support",
            "Action": "query",
            "Agent": "Wizard",
            "Constraints": [
                {
                    "LockManufacturer": "\"ISS Alpha\""
                },
                {
                    "ColorOfTopCable": "\"red\""
                },
                {
                    "ColorOfSecondCable": "\"blue\""
                }
            ],
            "UnixTime": 1589611133
        },
        {
            "APIName": "spaceship_life_support",
            "Action": "return_item",
            "Agent": "KnowledgeBase",
            "Item": {
                "APIName": "spaceship_life_support",
                "Message": "Successful! Life support was recovered."
            },
            "TotalItems": -1,
            "PredictedBeliefState": {
                "LockManufacturer": "iss alpha",
                "ColorOfTopCable": "red",
                "ColorOfSecondCable": "blue"
            },
            "ActionLabel": [
                "db_spaceship_inform_outcome"
            ]
        },
        {
            "Action": "request_suggestions",
            "Agent": "Wizard",
            "PrimaryItem": {
                "APIName": "spaceship_life_support",
                "Message": "Successful! Life support was recovered."
            },
            "Text": "SUCCESS",
            "UnixTime": 1589611138
        },
        {
            "Action": "pick_suggestion",
            "ActionLabel": "spaceship_inform_outcome",
            "ActionLabelOptions": [
                "spaceship_inform_outcome",
                "spaceship_bye",
                "hello"
            ],
            "Agent": "Wizard",
            "PrimaryItem": {
                "APIName": "spaceship_life_support",
                "Message": "Successful! Life support was recovered."
            },
            "Text": "Ok, I can reach the control panel now... Successful! Life support was recovered.",
            "UnixTime": 1589611141
        },
        {
            "Action": "complete",
            "Agent": "User",
            "UnixTime": 1589611147
        }
    ],
    "FORMAT-VERSION": 7,
    "IntroducesConflicts": false,
    "Scenario": {
        "Domains": [
            "spaceship"
        ],
        "Happy": false,
        "MultiTask": false,
        "UserTask": "The life support on your spaceship is failing! To save the lives of the crew, the ship's repair-robot has to get into the engineering deck, which is sealed due to a lack of air. Help the robot to enter the engineering deck! It has to temper with the lock (manufactured by 'ISS Alpha') and swap the positions of the Red cable and the Blue cable. It already reached the door.",
        "WizardCapabilities": [
            {
                "Domain": "spaceship",
                "SchemaImage": "spaceship_life_support.jpg",
                "Task": "spaceship_life_support"
            }
        ],
        "WizardTask": "Act as the spaceship's onboard robot and help the user recover the life support."
    },
    "UserQuestionnaire": [
        {
            "Answer": true,
            "Question": "Did the robot help successfully recover the life support?"
        },
        {
            "Answer": true,
            "Question": "Did the robot stay calm and helpful throughout the dialogue?"
        }
    ],
    "WizardQuestionnaire": [
        {
            "Answer": false,
            "Question": "Did the user change his/her mind about what he/she wants at any time?"
        },
        {
            "Answer": false,
            "Question": "Did the user become aggressive or annoyed during the dialogue? (Note: some users may be instructed to be annoying.)"
        },
        {
            "Answer": false,
            "Question": "Where you unsure about what to do at any time? (Feel free to send us an email with details.)"
        }
    ]
}