{
    "AnonymizedUserWorkerID": "348e8d2f-ab94-60d9-68e4-3b9a35a75d8b",
    "AnonymizedWizardWorkerID": "4b56e0fa-e086-4b01-d3c6-840b91b26164",
    "BatchID": "woz_1589554725",
    "CompletionLevel": "Complete",
    "DialogueID": 4404,
    "Events": [
        {
            "Action": "instruct",
            "Agent": "UserGuide",
            "Text": "You (Mark) want to organize a surprise party (see instructions on the left). Talk to the AI assistant. Maybe it can help? [instruction 1 of 6]",
            "UnixTime": 1589597366
        },
        {
            "Action": "utter",
            "Agent": "User",
            "Text": "hello",
            "UnixTime": 1589597375,
            "PredictedBeliefState": {},
            "ActionLabel": [
                "user_bad_label"
            ]
        },
        {
            "Action": "instruct",
            "Agent": "UserGuide",
            "Text": "You'd expect about 12 people to show up. [instruction 2 of 6]",
            "UnixTime": 1589597375
        },
        {
            "Action": "request_suggestions",
            "Agent": "Wizard",
            "Text": "what help",
            "UnixTime": 1589597383
        },
        {
            "Action": "utter",
            "Agent": "Wizard",
            "Text": "Hi. How may I help you?",
            "UnixTime": 1589597391
        },
        {
            "Action": "utter",
            "Agent": "User",
            "Text": "My friend Angela got promoted I would like to throw a surprise party!",
            "UnixTime": 1589597406,
            "PredictedBeliefState": {},
            "ActionLabel": [
                "user_bad_label"
            ]
        },
        {
            "Action": "instruct",
            "Agent": "UserGuide",
            "Text": "If nothing is available, change the day or reduce the number of guests until it works.  [instruction 3 of 6]",
            "UnixTime": 1589597406
        },
        {
            "Action": "request_suggestions",
            "Agent": "Wizard",
            "Text": "name",
            "UnixTime": 1589597414
        },
        {
            "Action": "pick_suggestion",
            "ActionLabel": "ask_name",
            "ActionLabelOptions": [
                "ask_name",
                "goodbye_1",
                "out_of_scope"
            ],
            "Agent": "Wizard",
            "Text": "May I have your name, please?",
            "UnixTime": 1589597415
        },
        {
            "Action": "utter",
            "Agent": "User",
            "Text": "Mark",
            "UnixTime": 1589597419,
            "PredictedBeliefState": {
                "HostName": "mark"
            },
            "ActionLabel": [
                "user_party_plan_inform_name",
                "user_party_plan_ask_party_plan"
            ]
        },
        {
            "Action": "request_suggestions",
            "Agent": "Wizard",
            "Text": "venue",
            "UnixTime": 1589597427
        },
        {
            "Action": "utter",
            "Agent": "Wizard",
            "Text": "What venue are you looking at?",
            "UnixTime": 1589597434
        },
        {
            "Action": "utter",
            "Agent": "User",
            "Text": "Southside ",
            "UnixTime": 1589597444,
            "PredictedBeliefState": {
                "HostName": "mark",
                "Name": "southside venue"
            },
            "ActionLabel": [
                "user_party_plan_inform_venue",
                "user_bad_label"
            ]
        },
        {
            "Action": "instruct",
            "Agent": "UserGuide",
            "Text": "Interrupt the conversation with a little small talk (e.g. about Angela's promotion, the party, other colleagues, or something else). [instruction 4 of 6]",
            "UnixTime": 1589597444
        },
        {
            "Action": "request_suggestions",
            "Agent": "Wizard",
            "Text": "What day",
            "UnixTime": 1589597452
        },
        {
            "Action": "pick_suggestion",
            "ActionLabel": "party_ask_day",
            "ActionLabelOptions": [
                "party_ask_day",
                "out_of_scope",
                "party_ask_number_of_guests"
            ],
            "Agent": "Wizard",
            "Text": "On what day would you like your party organised?",
            "UnixTime": 1589597453
        },
        {
            "Action": "utter",
            "Agent": "User",
            "Text": "Angela is going to be so excited for the party!  Only bad part is we have to invite everyone from the office and her and Dale just had a horrible date",
            "UnixTime": 1589597477,
            "PredictedBeliefState": {
                "HostName": "mark",
                "Name": "southside venue"
            },
            "ActionLabel": []
        },
        {
            "Action": "request_suggestions",
            "Agent": "Wizard",
            "Text": "What day",
            "UnixTime": 1589597494
        },
        {
            "Action": "pick_suggestion",
            "ActionLabel": "party_ask_day",
            "ActionLabelOptions": [
                "party_ask_day",
                "out_of_scope",
                "party_ask_number_of_guests"
            ],
            "Agent": "Wizard",
            "Text": "On what day would you like your party organised?",
            "UnixTime": 1589597495
        },
        {
            "Action": "utter",
            "Agent": "User",
            "Text": "Tuesday",
            "UnixTime": 1589597500,
            "PredictedBeliefState": {
                "Day": "tuesday",
                "Name": "southside venue",
                "HostName": "mark"
            },
            "ActionLabel": [
                "user_party_plan_inform_day"
            ]
        },
        {
            "Action": "instruct",
            "Agent": "UserGuide",
            "Text": "You get a text from Angela saying: 'Pedro and I just had the most delicious Indian food ever! Chicken Tikka Masala! (not sure if I spell this right) I want to eat nothing else for the rest of my days! :D'. [instruction 5 of 6]",
            "UnixTime": 1589597500
        },
        {
            "Action": "request_suggestions",
            "Agent": "Wizard",
            "Text": "what time",
            "UnixTime": 1589597510
        },
        {
            "Action": "utter",
            "Agent": "Wizard",
            "Text": "What time would you like the party to start?",
            "UnixTime": 1589597521
        },
        {
            "Action": "utter",
            "Agent": "User",
            "Text": "12",
            "UnixTime": 1589597526,
            "PredictedBeliefState": {
                "Day": "tuesday",
                "Name": "southside venue",
                "HostName": "mark",
                "StartTimeHour": "12 pm"
            },
            "ActionLabel": [
                "user_party_plan_inform_starting_time",
                "user_bad_label"
            ]
        },
        {
            "Action": "request_suggestions",
            "Agent": "Wizard",
            "Text": "AM or PM?",
            "UnixTime": 1589597533
        },
        {
            "Action": "utter",
            "Agent": "Wizard",
            "Text": "AM or PM?",
            "UnixTime": 1589597539
        },
        {
            "Action": "utter",
            "Agent": "User",
            "Text": "pm",
            "UnixTime": 1589597545,
            "PredictedBeliefState": {
                "Name": "southside venue",
                "HostName": "mark",
                "Day": "tuesday",
                "StartTimeHour": "12 pm"
            },
            "ActionLabel": [
                "user_bad_label"
            ]
        },
        {
            "Action": "instruct",
            "Agent": "UserGuide",
            "Text": "Make sure you have booked a venue. Then you can bring the conversation to a natural close. [instruction 6 of 6]",
            "UnixTime": 1589597545
        },
        {
            "Action": "request_suggestions",
            "Agent": "Wizard",
            "Text": "how many guests",
            "UnixTime": 1589597558
        },
        {
            "Action": "pick_suggestion",
            "ActionLabel": "party_ask_number_of_guests",
            "ActionLabelOptions": [
                "party_ask_number_of_guests",
                "out_of_scope",
                "party_ask_end_time"
            ],
            "Agent": "Wizard",
            "Text": "How many people would you like to invite?",
            "UnixTime": 1589597561
        },
        {
            "Action": "utter",
            "Agent": "User",
            "Text": "20",
            "UnixTime": 1589597565,
            "PredictedBeliefState": {
                "HostName": "mark",
                "Day": "tuesday",
                "Name": "southside venue",
                "StartTimeHour": "12 pm",
                "NumberGuests": "20"
            },
            "ActionLabel": [
                "user_party_plan_inform_number_of_guests"
            ]
        },
        {
            "APIName": "party_plan",
            "Action": "query",
            "Agent": "Wizard",
            "Constraints": [
                {
                    "Name": "api.is_equal_to(\"Southside Venue\")"
                },
                {
                    "HostName": "\"Mark\""
                },
                {
                    "Day": "\"Tuesday\""
                },
                {
                    "StartTimeHour": "\"12 pm\""
                },
                {
                    "NumberGuests": "20"
                },
                {
                    "RequestType": "\"Check\""
                }
            ],
            "UnixTime": 1589597579
        },
        {
            "APIName": "party_plan",
            "Action": "return_item",
            "Agent": "KnowledgeBase",
            "Item": {
                "APIName": "party_plan",
                "Day": "Tuesday",
                "Message": "The venue is booked at that time. Try another meeting time or another venue.",
                "Time": "12 pm",
                "VenueName": "Southside Venue"
            },
            "TotalItems": -1,
            "PredictedBeliefState": {
                "HostName": "mark",
                "Day": "tuesday",
                "Name": "southside venue",
                "StartTimeHour": "12 pm",
                "NumberGuests": "20"
            },
            "ActionLabel": [
                "result_bad_label"
            ]
        },
        {
            "Action": "request_suggestions",
            "Agent": "Wizard",
            "PrimaryItem": {
                "APIName": "party_plan",
                "Day": "Tuesday",
                "Message": "The venue is booked at that time. Try another meeting time or another venue.",
                "Time": "12 pm",
                "VenueName": "Southside Venue"
            },
            "Text": "unavailable",
            "UnixTime": 1589597583
        },
        {
            "Action": "pick_suggestion",
            "ActionLabel": "party_no_venue_available",
            "ActionLabelOptions": [
                "party_booking_successful",
                "party_no_venue_available",
                "party_ask_end_time"
            ],
            "Agent": "Wizard",
            "PrimaryItem": {
                "APIName": "party_plan",
                "Day": "Tuesday",
                "Message": "The venue is booked at that time. Try another meeting time or another venue.",
                "Time": "12 pm",
                "VenueName": "Southside Venue"
            },
            "Text": "I am very sorry, but it looks like all venues are booked out then.",
            "UnixTime": 1589597588
        },
        {
            "Action": "utter",
            "Agent": "User",
            "Text": "Can we do a different day?",
            "UnixTime": 1589597600,
            "PredictedBeliefState": {
                "Name": "southside venue",
                "Day": "tuesday",
                "StartTimeHour": "12 pm",
                "HostName": "mark",
                "NumberGuests": "20"
            },
            "ActionLabel": [
                "user_bad_label"
            ]
        },
        {
            "Action": "request_suggestions",
            "Agent": "Wizard",
            "PrimaryItem": {
                "APIName": "party_plan",
                "Day": "Tuesday",
                "Message": "The venue is booked at that time. Try another meeting time or another venue.",
                "Time": "12 pm",
                "VenueName": "Southside Venue"
            },
            "Text": "What day",
            "UnixTime": 1589597608
        },
        {
            "Action": "pick_suggestion",
            "ActionLabel": "party_ask_day",
            "ActionLabelOptions": [
                "party_ask_day",
                "out_of_scope",
                "party_venue_not_available"
            ],
            "Agent": "Wizard",
            "PrimaryItem": {
                "APIName": "party_plan",
                "Day": "Tuesday",
                "Message": "The venue is booked at that time. Try another meeting time or another venue.",
                "Time": "12 pm",
                "VenueName": "Southside Venue"
            },
            "Text": "On what day would you like your party organised?",
            "UnixTime": 1589597610
        },
        {
            "Action": "utter",
            "Agent": "User",
            "Text": "Wednesday",
            "UnixTime": 1589597615,
            "PredictedBeliefState": {
                "NumberGuests": "20",
                "Day": "wednesday",
                "StartTimeHour": "12 pm",
                "Name": "southside venue",
                "HostName": "mark"
            },
            "ActionLabel": [
                "user_party_plan_inform_day"
            ]
        },
        {
            "APIName": "party_plan",
            "Action": "query",
            "Agent": "Wizard",
            "Constraints": [
                {
                    "Name": "api.is_equal_to(\"Southside Venue\")"
                },
                {
                    "HostName": "\"Mark\""
                },
                {
                    "Day": "\"Wednesday\""
                },
                {
                    "StartTimeHour": "\"12 pm\""
                },
                {
                    "NumberGuests": "20"
                },
                {
                    "RequestType": "\"Check\""
                }
            ],
            "PrimaryItem": {
                "APIName": "party_plan",
                "Day": "Tuesday",
                "Message": "The venue is booked at that time. Try another meeting time or another venue.",
                "Time": "12 pm",
                "VenueName": "Southside Venue"
            },
            "UnixTime": 1589597620
        },
        {
            "APIName": "party_plan",
            "Action": "return_item",
            "Agent": "KnowledgeBase",
            "Item": {
                "APIName": "party_plan",
                "Day": "Wednesday",
                "Message": "The venue is available.",
                "Time": "12 pm",
                "VenueName": "Southside Venue"
            },
            "TotalItems": -1,
            "PredictedBeliefState": {
                "NumberGuests": "20",
                "Day": "wednesday",
                "StartTimeHour": "12 pm",
                "Name": "southside venue",
                "HostName": "mark"
            },
            "ActionLabel": [
                "db_party_venue_available"
            ]
        },
        {
            "Action": "request_suggestions",
            "Agent": "Wizard",
            "PrimaryItem": {
                "APIName": "party_plan",
                "Day": "Wednesday",
                "Message": "The venue is available.",
                "Time": "12 pm",
                "VenueName": "Southside Venue"
            },
            "Text": "available",
            "UnixTime": 1589597624
        },
        {
            "Action": "pick_suggestion",
            "ActionLabel": "party_ask_confirm_booking",
            "ActionLabelOptions": [
                "party_ask_confirm_booking",
                "party_ask_day",
                "party_booking_successful"
            ],
            "Agent": "Wizard",
            "PrimaryItem": {
                "APIName": "party_plan",
                "Day": "Wednesday",
                "Message": "The venue is available.",
                "Time": "12 pm",
                "VenueName": "Southside Venue"
            },
            "Text": "OK, the Southside Venue would be happy to accommodate you on Wednesday @ 12 pm.\nCan I book it for you now?",
            "UnixTime": 1589597627
        },
        {
            "Action": "utter",
            "Agent": "User",
            "Text": "Yes I would like to order some food also",
            "UnixTime": 1589597634,
            "PredictedBeliefState": {
                "StartTimeHour": "12 pm",
                "FoodRequest": "sandwich",
                "HostName": "mark",
                "NumberGuests": "20",
                "Day": "wednesday",
                "Name": "southside venue"
            },
            "ActionLabel": [
                "user_party_plan_inform_food",
                "user_bad_label"
            ]
        },
        {
            "Action": "request_suggestions",
            "Agent": "Wizard",
            "PrimaryItem": {
                "APIName": "party_plan",
                "Day": "Wednesday",
                "Message": "The venue is available.",
                "Time": "12 pm",
                "VenueName": "Southside Venue"
            },
            "Text": "What food",
            "UnixTime": 1589597649
        },
        {
            "Action": "pick_suggestion",
            "ActionLabel": "party_ask_food",
            "ActionLabelOptions": [
                "party_ask_food",
                "party_ask_starting_time",
                "anything_else"
            ],
            "Agent": "Wizard",
            "PrimaryItem": {
                "APIName": "party_plan",
                "Day": "Wednesday",
                "Message": "The venue is available.",
                "Time": "12 pm",
                "VenueName": "Southside Venue"
            },
            "Text": "Would you like to order any particular type of food?",
            "UnixTime": 1589597653
        },
        {
            "Action": "utter",
            "Agent": "User",
            "Text": "Yes",
            "UnixTime": 1589597656,
            "PredictedBeliefState": {
                "NumberGuests": "20",
                "FoodRequest": "sandwich",
                "StartTimeHour": "12 pm",
                "Day": "wednesday",
                "Name": "southside venue",
                "HostName": "mark"
            },
            "ActionLabel": []
        },
        {
            "Action": "request_suggestions",
            "Agent": "Wizard",
            "PrimaryItem": {
                "APIName": "party_plan",
                "Day": "Wednesday",
                "Message": "The venue is available.",
                "Time": "12 pm",
                "VenueName": "Southside Venue"
            },
            "Text": "What type of food",
            "UnixTime": 1589597665
        },
        {
            "Action": "utter",
            "Agent": "Wizard",
            "PrimaryItem": {
                "APIName": "party_plan",
                "Day": "Wednesday",
                "Message": "The venue is available.",
                "Time": "12 pm",
                "VenueName": "Southside Venue"
            },
            "Text": "What type of food would you like?",
            "UnixTime": 1589597673
        },
        {
            "Action": "utter",
            "Agent": "User",
            "Text": "I would like Indian food  Chicken Tikka Masala if possible ",
            "UnixTime": 1589597691,
            "PredictedBeliefState": {
                "StartTimeHour": "12 pm",
                "Day": "wednesday",
                "HostName": "mark",
                "NumberGuests": "20",
                "Name": "southside venue",
                "FoodRequest": "chicken tikka masala"
            },
            "ActionLabel": [
                "user_bad_label"
            ]
        },
        {
            "APIName": "party_plan",
            "Action": "query",
            "Agent": "Wizard",
            "Constraints": [
                {
                    "Name": "api.is_equal_to(\"Southside Venue\")"
                },
                {
                    "HostName": "\"Mark\""
                },
                {
                    "Day": "\"Wednesday\""
                },
                {
                    "StartTimeHour": "\"12 pm\""
                },
                {
                    "NumberGuests": "20"
                },
                {
                    "RequestType": "\"Book\""
                },
                {
                    "FoodRequest": "\"Chicken Tikka Masala\""
                }
            ],
            "PrimaryItem": {
                "APIName": "party_plan",
                "Day": "Wednesday",
                "Message": "The venue is available.",
                "Time": "12 pm",
                "VenueName": "Southside Venue"
            },
            "UnixTime": 1589597705
        },
        {
            "APIName": "party_plan",
            "Action": "return_item",
            "Agent": "KnowledgeBase",
            "Item": {
                "APIName": "party_plan",
                "Day": "Wednesday",
                "Message": "Your event has been successfully scheduled.",
                "Time": "12 pm",
                "VenueName": "Southside Venue"
            },
            "TotalItems": -1,
            "PredictedBeliefState": {
                "StartTimeHour": "12 pm",
                "Day": "wednesday",
                "HostName": "mark",
                "NumberGuests": "20",
                "Name": "southside venue",
                "FoodRequest": "chicken tikka masala"
            },
            "ActionLabel": [
                "db_party_booking_successful"
            ]
        },
        {
            "Action": "request_suggestions",
            "Agent": "Wizard",
            "PrimaryItem": {
                "APIName": "party_plan",
                "Day": "Wednesday",
                "Message": "Your event has been successfully scheduled.",
                "Time": "12 pm",
                "VenueName": "Southside Venue"
            },
            "Text": "successful",
            "UnixTime": 1589597711
        },
        {
            "Action": "pick_suggestion",
            "ActionLabel": "party_booking_successful",
            "ActionLabelOptions": [
                "party_booking_successful",
                "party_ask_confirm_booking",
                "hello"
            ],
            "Agent": "Wizard",
            "PrimaryItem": {
                "APIName": "party_plan",
                "Day": "Wednesday",
                "Message": "Your event has been successfully scheduled.",
                "Time": "12 pm",
                "VenueName": "Southside Venue"
            },
            "Text": "Great, your party has been successfully booked at the Southside Venue on Wednesday at 12 pm!",
            "UnixTime": 1589597713
        },
        {
            "Action": "utter",
            "Agent": "User",
            "Text": "awesome thank you",
            "UnixTime": 1589597738,
            "PredictedBeliefState": {
                "FoodRequest": "chicken tikka masala",
                "StartTimeHour": "12 pm",
                "Name": "southside venue",
                "HostName": "mark",
                "Day": "wednesday",
                "NumberGuests": "20"
            },
            "ActionLabel": [
                "user_party_plan_thanks"
            ]
        },
        {
            "Action": "request_suggestions",
            "Agent": "Wizard",
            "PrimaryItem": {
                "APIName": "party_plan",
                "Day": "Wednesday",
                "Message": "Your event has been successfully scheduled.",
                "Time": "12 pm",
                "VenueName": "Southside Venue"
            },
            "Text": "anything else",
            "UnixTime": 1589597750
        },
        {
            "Action": "pick_suggestion",
            "ActionLabel": "anything_else",
            "ActionLabelOptions": [
                "anything_else",
                "party_inform_food_drink_criteria",
                "goodbye_1"
            ],
            "Agent": "Wizard",
            "PrimaryItem": {
                "APIName": "party_plan",
                "Day": "Wednesday",
                "Message": "Your event has been successfully scheduled.",
                "Time": "12 pm",
                "VenueName": "Southside Venue"
            },
            "Text": "Is there anything else that I can do for you?",
            "UnixTime": 1589597751
        },
        {
            "Action": "complete",
            "Agent": "User",
            "UnixTime": 1589597761
        }
    ],
    "FORMAT-VERSION": 7,
    "IntroducesConflicts": true,
    "Scenario": {
        "Domains": [
            "party"
        ],
        "Happy": false,
        "MultiTask": false,
        "UserTask": "You are Mark and would like to plan a surprise party for your colleague Angela, who just got promoted. For the venue, you'd like to reserve Southside Venue for Tuesday from 12 pm. ",
        "WizardCapabilities": [
            {
                "Domain": "party",
                "SchemaImage": "party_plan.jpg",
                "Task": "party_plan"
            }
        ],
        "WizardTask": "Follow the flow charts and help the user plan a party. "
    },
    "UserQuestionnaire": [
        {
            "Answer": true,
            "Question": "Did the assistant stay calm and helpful throughout the dialogue?"
        }
    ],
    "WizardQuestionnaire": [
        {
            "Answer": true,
            "Question": "Did the user change his/her mind about what he/she wants at any time?"
        },
        {
            "Answer": false,
            "Question": "Did the user become aggressive or annoyed during the dialogue? (Note: some users may be instructed to be annoying.)"
        },
        {
            "Answer": false,
            "Question": "Where you unsure about what to do at any time? (Feel free to send us an email with details.)"
        }
    ]
}