{
    "AnonymizedUserWorkerID": "4b56e0fa-e086-4b01-d3c6-840b91b26164",
    "AnonymizedWizardWorkerID": "d063746c-0ca1-ad09-7159-11880a755cd0",
    "BatchID": "woz_1589554725",
    "CompletionLevel": "Complete",
    "DialogueID": 4412,
    "Events": [
        {
            "Action": "utter",
            "Agent": "User",
            "Text": "I want to know what's going on with my ride",
            "UnixTime": 1589590792,
            "PredictedBeliefState": {},
            "ActionLabel": [
                "user_ride_status_ask_ride_status"
            ]
        },
        {
            "Action": "request_suggestions",
            "Agent": "Wizard",
            "Text": "Can I have your ride ID",
            "UnixTime": 1589590808
        },
        {
            "Action": "pick_suggestion",
            "ActionLabel": "ride_ask_booking_number",
            "ActionLabelOptions": [
                "ride_ask_booking_number",
                "ride_inform_nothing_found",
                "hello"
            ],
            "Agent": "Wizard",
            "Text": "Could you provide your booking ID, please?",
            "UnixTime": 1589590817
        },
        {
            "Action": "utter",
            "Agent": "User",
            "Text": "316. It's a lucky number",
            "UnixTime": 1589590834,
            "PredictedBeliefState": {
                "id": "316"
            },
            "ActionLabel": [
                "user_ride_status_inform_id"
            ]
        },
        {
            "Action": "request_suggestions",
            "Agent": "Wizard",
            "Text": "what is your name",
            "UnixTime": 1589590850
        },
        {
            "Action": "pick_suggestion",
            "ActionLabel": "ask_name",
            "ActionLabelOptions": [
                "ask_name",
                "ride_bye",
                "ride_inform_nothing_found"
            ],
            "Agent": "Wizard",
            "Text": "May I have your name, please?",
            "UnixTime": 1589590853
        },
        {
            "Action": "utter",
            "Agent": "User",
            "Text": "Angela",
            "UnixTime": 1589590857,
            "PredictedBeliefState": {
                "id": "316",
                "CustomerName": "angela"
            },
            "ActionLabel": [
                "user_ride_status_inform_name"
            ]
        },
        {
            "APIName": "ride_status",
            "Action": "query",
            "Agent": "Wizard",
            "Constraints": [
                {
                    "id": "316"
                },
                {
                    "CustomerName": "\"Angela\""
                }
            ],
            "UnixTime": 1589590868
        },
        {
            "APIName": "ride_status",
            "Action": "return_item",
            "Agent": "KnowledgeBase",
            "Item": {
                "APIName": "ride_status",
                "RideStatus": "Your driver is dropping off another passenger.",
                "RideWait": "10 minutes away"
            },
            "TotalItems": -1,
            "PredictedBeliefState": {
                "id": "316",
                "CustomerName": "angela"
            },
            "ActionLabel": [
                "result_bad_label"
            ]
        },
        {
            "Action": "request_suggestions",
            "Agent": "Wizard",
            "PrimaryItem": {
                "APIName": "ride_status",
                "RideStatus": "Your driver is dropping off another passenger.",
                "RideWait": "10 minutes away"
            },
            "Text": "ride status",
            "UnixTime": 1589590878
        },
        {
            "Action": "request_suggestions",
            "Agent": "Wizard",
            "PrimaryItem": {
                "APIName": "ride_status",
                "RideStatus": "Your driver is dropping off another passenger.",
                "RideWait": "10 minutes away"
            },
            "Text": "your driver is",
            "UnixTime": 1589590894
        },
        {
            "Action": "pick_suggestion",
            "ActionLabel": "custom",
            "ActionLabelOptions": [
                "custom"
            ],
            "Agent": "Wizard",
            "PrimaryItem": {
                "APIName": "ride_status",
                "RideStatus": "Your driver is dropping off another passenger.",
                "RideWait": "10 minutes away"
            },
            "Text": "your driver is",
            "UnixTime": 1589590908
        },
        {
            "Action": "utter",
            "Agent": "User",
            "Text": "Huh?",
            "UnixTime": 1589590919,
            "PredictedBeliefState": {
                "id": "316",
                "CustomerName": "angela"
            },
            "ActionLabel": [
                "user_bad_label"
            ]
        },
        {
            "Action": "request_suggestions",
            "Agent": "Wizard",
            "PrimaryItem": {
                "APIName": "ride_status",
                "RideStatus": "Your driver is dropping off another passenger.",
                "RideWait": "10 minutes away"
            },
            "Text": "your driver is dropping off another passenger and is 10 minutes away",
            "UnixTime": 1589590948
        },
        {
            "Action": "pick_suggestion",
            "ActionLabel": "custom",
            "ActionLabelOptions": [
                "custom"
            ],
            "Agent": "Wizard",
            "PrimaryItem": {
                "APIName": "ride_status",
                "RideStatus": "Your driver is dropping off another passenger.",
                "RideWait": "10 minutes away"
            },
            "Text": "your driver is dropping off another passenger and is 10 minutes away",
            "UnixTime": 1589590954
        },
        {
            "Action": "utter",
            "Agent": "User",
            "Text": "Oh, okay. That's fine then",
            "UnixTime": 1589590988,
            "PredictedBeliefState": {
                "id": "316",
                "CustomerName": "angela"
            },
            "ActionLabel": [
                "user_bad_label"
            ]
        },
        {
            "Action": "request_suggestions",
            "Agent": "Wizard",
            "PrimaryItem": {
                "APIName": "ride_status",
                "RideStatus": "Your driver is dropping off another passenger.",
                "RideWait": "10 minutes away"
            },
            "Text": "is there anything else",
            "UnixTime": 1589591003
        },
        {
            "Action": "pick_suggestion",
            "ActionLabel": "anything_else",
            "ActionLabelOptions": [
                "anything_else",
                "ride_inform_nothing_found",
                "ask_name"
            ],
            "Agent": "Wizard",
            "PrimaryItem": {
                "APIName": "ride_status",
                "RideStatus": "Your driver is dropping off another passenger.",
                "RideWait": "10 minutes away"
            },
            "Text": "Is there anything else that I can do for you?",
            "UnixTime": 1589591006
        },
        {
            "Action": "utter",
            "Agent": "User",
            "Text": "No, that's all",
            "UnixTime": 1589591013,
            "PredictedBeliefState": {
                "id": "316",
                "CustomerName": "angela"
            },
            "ActionLabel": [
                "user_ride_status_goodbye"
            ]
        },
        {
            "Action": "request_suggestions",
            "Agent": "Wizard",
            "PrimaryItem": {
                "APIName": "ride_status",
                "RideStatus": "Your driver is dropping off another passenger.",
                "RideWait": "10 minutes away"
            },
            "Text": "thank you ",
            "UnixTime": 1589591022
        },
        {
            "Action": "pick_suggestion",
            "ActionLabel": "ride_bye",
            "ActionLabelOptions": [
                "ride_bye",
                "out_of_scope",
                "anything_else"
            ],
            "Agent": "Wizard",
            "PrimaryItem": {
                "APIName": "ride_status",
                "RideStatus": "Your driver is dropping off another passenger.",
                "RideWait": "10 minutes away"
            },
            "Text": "Goodbye. Enjoy your ride!",
            "UnixTime": 1589591025
        },
        {
            "Action": "complete",
            "Agent": "User",
            "UnixTime": 1589591032
        }
    ],
    "FORMAT-VERSION": 7,
    "IntroducesConflicts": false,
    "Scenario": {
        "Domains": [
            "ride"
        ],
        "Happy": true,
        "MultiTask": false,
        "UserTask": "You are Angela and your ride ID is 316. Check the status of your ride.",
        "WizardCapabilities": [
            {
                "Domain": "ride",
                "SchemaImage": "ride_status.jpg",
                "Task": "ride_status"
            }
        ],
        "WizardTask": "Help the user stay informed about the status of his/her ride. "
    },
    "UserQuestionnaire": [
        {
            "Answer": true,
            "Question": "Did the AI Assistant tell you the status of your ride?"
        },
        {
            "Answer": true,
            "Question": "Did the AI Assistant stay calm and helpful throughout the dialogue?"
        }
    ],
    "WizardQuestionnaire": [
        {
            "Answer": false,
            "Question": "Did the user change his/her mind about what he/she wants at any time?"
        },
        {
            "Answer": false,
            "Question": "Did the user become aggressive or annoyed during the dialogue? (Note: some users may be instructed to be annoying.)"
        },
        {
            "Answer": false,
            "Question": "Where you unsure about what to do at any time? (Feel free to send us an email with details.)"
        }
    ]
}