{
    "AnonymizedUserWorkerID": "239936e4-190b-4d6e-8038-57290b8802d4",
    "AnonymizedWizardWorkerID": "00f54eab-f813-a79e-fabe-cbdd3da9441d",
    "BatchID": "woz_1589554725",
    "CompletionLevel": "Complete",
    "DialogueID": 4459,
    "Events": [
        {
            "Action": "utter",
            "Agent": "User",
            "Text": "Hello, I would like to follow up with Dr. Alexis to make sure I understood everything. ",
            "UnixTime": 1589590685,
            "PredictedBeliefState": {
                "Name": "dr. alexis"
            },
            "ActionLabel": [
                "user_doctor_inform_doctor_name",
                "user_doctor_ask_followup"
            ]
        },
        {
            "Action": "request_suggestions",
            "Agent": "Wizard",
            "Text": "What is your name?",
            "UnixTime": 1589590692
        },
        {
            "Action": "pick_suggestion",
            "ActionLabel": "ask_name",
            "ActionLabelOptions": [
                "ask_name",
                "goodbye_1",
                "anything_else"
            ],
            "Agent": "Wizard",
            "Text": "Could I get your name, please?",
            "UnixTime": 1589590694
        },
        {
            "Action": "utter",
            "Agent": "User",
            "Text": "My name is Ben",
            "UnixTime": 1589590725,
            "PredictedBeliefState": {
                "Name": "dr. alexis",
                "PatientName": "ben"
            },
            "ActionLabel": [
                "user_doctor_inform_name"
            ]
        },
        {
            "APIName": "doctor_followup",
            "Action": "query",
            "Agent": "Wizard",
            "Constraints": [
                {
                    "Name": "\"Dr. Alexis\""
                },
                {
                    "PatientName": "\"Ben\""
                }
            ],
            "UnixTime": 1589590730
        },
        {
            "APIName": "doctor_followup",
            "Action": "return_item",
            "Agent": "KnowledgeBase",
            "Item": {
                "APIName": "doctor_followup",
                "Message": "Take your medicine before you go to sleep. If you experience nausea, please contact your doctor immediately."
            },
            "TotalItems": -1,
            "PredictedBeliefState": {
                "Name": "dr. alexis",
                "PatientName": "ben"
            },
            "ActionLabel": [
                "db_doctor_inform_doctors_instructions"
            ]
        },
        {
            "Action": "request_suggestions",
            "Agent": "Wizard",
            "PrimaryItem": {
                "APIName": "doctor_followup",
                "Message": "Take your medicine before you go to sleep. If you experience nausea, please contact your doctor immediately."
            },
            "Text": "\tTake your medicine before you go to sleep. If you experience nausea, please contact your doctor immediately.",
            "UnixTime": 1589590737
        },
        {
            "Action": "request_suggestions",
            "Agent": "Wizard",
            "PrimaryItem": {
                "APIName": "doctor_followup",
                "Message": "Take your medicine before you go to sleep. If you experience nausea, please contact your doctor immediately."
            },
            "Text": "The doctor's notes say: Take your medicine before you to go sleep. If you experience nausea, please contact your doctor immediately.",
            "UnixTime": 1589590772
        },
        {
            "Action": "pick_suggestion",
            "ActionLabel": "doctor_inform_doctors_instructions",
            "ActionLabelOptions": [
                "doctor_inform_doctors_instructions",
                "doctor_inform_nothing_found",
                "anything_else"
            ],
            "Agent": "Wizard",
            "PrimaryItem": {
                "APIName": "doctor_followup",
                "Message": "Take your medicine before you go to sleep. If you experience nausea, please contact your doctor immediately."
            },
            "Text": "Your instructions are: Take your medicine before you go to sleep. If you experience nausea, please contact your doctor immediately..",
            "UnixTime": 1589590774
        },
        {
            "Action": "complete",
            "Agent": "User",
            "UnixTime": 1589590791
        }
    ],
    "FORMAT-VERSION": 7,
    "IntroducesConflicts": false,
    "Scenario": {
        "Domains": [
            "doctor"
        ],
        "Happy": true,
        "MultiTask": false,
        "UserTask": "You (Ben) just finished your appointment with Dr. Alexis and would like to followup to ensure you understood everything.",
        "WizardCapabilities": [
            {
                "Domain": "doctor",
                "SchemaImage": "doctor_followup.jpg",
                "Task": "doctor_followup"
            }
        ],
        "WizardTask": "Inform the user of his/her doctor's orders."
    },
    "UserQuestionnaire": [
        {
            "Answer": true,
            "Question": "Did the assistant stay calm and helpful throughout the dialogue?"
        }
    ],
    "WizardQuestionnaire": [
        {
            "Answer": false,
            "Question": "Did the user change his/her mind about what he/she wants at any time?"
        },
        {
            "Answer": false,
            "Question": "Did the user become aggressive or annoyed during the dialogue? (Note: some users may be instructed to be annoying.)"
        },
        {
            "Answer": false,
            "Question": "Where you unsure about what to do at any time? (Feel free to send us an email with details.)"
        }
    ]
}