{
    "AnonymizedUserWorkerID": "4b56e0fa-e086-4b01-d3c6-840b91b26164",
    "AnonymizedWizardWorkerID": "91b16ed4-3c20-2cd4-e99c-ff1316c27cf2",
    "BatchID": "woz_1589554725",
    "CompletionLevel": "Complete",
    "DialogueID": 4524,
    "Events": [
        {
            "Action": "instruct",
            "Agent": "UserGuide",
            "Text": "In this dialogue, either act confused, like a person with memory problems, or act concerned about the effects of the medicine.  [instruction 1 of 3]",
            "UnixTime": 1589601891
        },
        {
            "Action": "utter",
            "Agent": "User",
            "Text": "I forgot what my doctor told me to do. Can you help me find out?",
            "UnixTime": 1589601905,
            "PredictedBeliefState": {},
            "ActionLabel": [
                "user_doctor_ask_followup"
            ]
        },
        {
            "Action": "instruct",
            "Agent": "UserGuide",
            "Text": "Oh, Dr. Johnson was actually your previous doctor. Your new doctor is Dr. Alexis now. That's the one you had the appointment with. [instruction 2 of 3]",
            "UnixTime": 1589601905
        },
        {
            "Action": "request_suggestions",
            "Agent": "Wizard",
            "Text": "can name",
            "UnixTime": 1589601910
        },
        {
            "Action": "pick_suggestion",
            "ActionLabel": "ask_name",
            "ActionLabelOptions": [
                "ask_name",
                "goodbye_1",
                "doctor_inform_nothing_found"
            ],
            "Agent": "Wizard",
            "Text": "Could I get your name, please?",
            "UnixTime": 1589601911
        },
        {
            "Action": "utter",
            "Agent": "User",
            "Text": "Alexis",
            "UnixTime": 1589601921,
            "PredictedBeliefState": {
                "PatientName": "alexis"
            },
            "ActionLabel": [
                "user_doctor_inform_name"
            ]
        },
        {
            "Action": "instruct",
            "Agent": "UserGuide",
            "Text": "Say something random about your doctors, your condition, or about something (imagined) that happened to you today. Then bring the conversation to a natural close. [instruction 3 of 3]",
            "UnixTime": 1589601921
        },
        {
            "Action": "request_suggestions",
            "Agent": "Wizard",
            "Text": "doctor",
            "UnixTime": 1589601932
        },
        {
            "Action": "pick_suggestion",
            "ActionLabel": "doctor_ask_doctor_name",
            "ActionLabelOptions": [
                "doctor_ask_doctor_name",
                "hello",
                "ask_name"
            ],
            "Agent": "Wizard",
            "Text": "Who is your doctor?",
            "UnixTime": 1589601933
        },
        {
            "Action": "utter",
            "Agent": "User",
            "Text": "Dr. Johnson. He's great",
            "UnixTime": 1589601945,
            "PredictedBeliefState": {
                "PatientName": "alexis",
                "Name": "dr. johnson"
            },
            "ActionLabel": [
                "user_doctor_inform_doctor_name"
            ]
        },
        {
            "APIName": "doctor_followup",
            "Action": "query",
            "Agent": "Wizard",
            "Constraints": [
                {
                    "Name": "api.is_equal_to(\"Dr. Johnson\")"
                },
                {
                    "PatientName": "\"Alexis\""
                }
            ],
            "UnixTime": 1589601960
        },
        {
            "APIName": "doctor_followup",
            "Action": "return_item",
            "Agent": "KnowledgeBase",
            "Item": {
                "APIName": "doctor_followup",
                "Message": "Take your medicine before you go to sleep. If you experience nausea, please contact your doctor immediately."
            },
            "TotalItems": -1,
            "PredictedBeliefState": {
                "PatientName": "alexis",
                "Name": "dr. johnson"
            },
            "ActionLabel": [
                "db_doctor_inform_doctors_instructions"
            ]
        },
        {
            "Action": "request_suggestions",
            "Agent": "Wizard",
            "PrimaryItem": {
                "APIName": "doctor_followup",
                "Message": "Take your medicine before you go to sleep. If you experience nausea, please contact your doctor immediately."
            },
            "Text": "Take your medicine",
            "UnixTime": 1589601964
        },
        {
            "Action": "pick_suggestion",
            "ActionLabel": "doctor_inform_doctors_instructions",
            "ActionLabelOptions": [
                "doctor_inform_doctors_instructions",
                "hello",
                "goodbye_1"
            ],
            "Agent": "Wizard",
            "PrimaryItem": {
                "APIName": "doctor_followup",
                "Message": "Take your medicine before you go to sleep. If you experience nausea, please contact your doctor immediately."
            },
            "Text": "Your instructions are: Take your medicine before you go to sleep. If you experience nausea, please contact your doctor immediately..",
            "UnixTime": 1589601966
        },
        {
            "Action": "utter",
            "Agent": "User",
            "Text": "How often should I be taking the meds?",
            "UnixTime": 1589601990,
            "PredictedBeliefState": {
                "PatientName": "alexis",
                "Name": "dr. johnson"
            },
            "ActionLabel": [
                "user_bad_label"
            ]
        },
        {
            "Action": "request_suggestions",
            "Agent": "Wizard",
            "PrimaryItem": {
                "APIName": "doctor_followup",
                "Message": "Take your medicine before you go to sleep. If you experience nausea, please contact your doctor immediately."
            },
            "Text": "That is all the information",
            "UnixTime": 1589602016
        },
        {
            "Action": "utter",
            "Agent": "Wizard",
            "PrimaryItem": {
                "APIName": "doctor_followup",
                "Message": "Take your medicine before you go to sleep. If you experience nausea, please contact your doctor immediately."
            },
            "Text": "That is all the information I have available to me.",
            "UnixTime": 1589602045
        },
        {
            "Action": "utter",
            "Agent": "User",
            "Text": "Actually, my doctor is Dr. Alexis. Dr. Johnson was my old doc.",
            "UnixTime": 1589602062,
            "PredictedBeliefState": {
                "PatientName": "alexis",
                "Name": "dr. alexis"
            },
            "ActionLabel": [
                "user_doctor_inform_doctor_name"
            ]
        },
        {
            "APIName": "doctor_followup",
            "Action": "query",
            "Agent": "Wizard",
            "Constraints": [
                {
                    "Name": "\"Dr. Alexis\""
                },
                {
                    "PatientName": "\"Alexis\""
                }
            ],
            "PrimaryItem": {
                "APIName": "doctor_followup",
                "Message": "Take your medicine before you go to sleep. If you experience nausea, please contact your doctor immediately."
            },
            "UnixTime": 1589602073
        },
        {
            "APIName": "doctor_followup",
            "Action": "return_item",
            "Agent": "KnowledgeBase",
            "Item": {
                "APIName": "doctor_followup",
                "Message": "Take your medicine before you go to sleep. If you experience nausea, please contact your doctor immediately."
            },
            "TotalItems": -1,
            "PredictedBeliefState": {
                "PatientName": "alexis",
                "Name": "dr. alexis"
            },
            "ActionLabel": [
                "db_doctor_inform_doctors_instructions"
            ]
        },
        {
            "Action": "request_suggestions",
            "Agent": "Wizard",
            "PrimaryItem": {
                "APIName": "doctor_followup",
                "Message": "Take your medicine before you go to sleep. If you experience nausea, please contact your doctor immediately."
            },
            "Text": "Take your medicine",
            "UnixTime": 1589602088
        },
        {
            "Action": "pick_suggestion",
            "ActionLabel": "doctor_inform_doctors_instructions",
            "ActionLabelOptions": [
                "doctor_inform_doctors_instructions",
                "hello",
                "goodbye_1"
            ],
            "Agent": "Wizard",
            "PrimaryItem": {
                "APIName": "doctor_followup",
                "Message": "Take your medicine before you go to sleep. If you experience nausea, please contact your doctor immediately."
            },
            "Text": "Your instructions are: Take your medicine before you go to sleep. If you experience nausea, please contact your doctor immediately..",
            "UnixTime": 1589602090
        },
        {
            "Action": "utter",
            "Agent": "User",
            "Text": "Dr. Alexis seems very wealthy",
            "UnixTime": 1589602125,
            "PredictedBeliefState": {
                "Name": "dr. alexis",
                "PatientName": "alexis"
            },
            "ActionLabel": [
                "user_doctor_thanks"
            ]
        },
        {
            "Action": "request_suggestions",
            "Agent": "Wizard",
            "PrimaryItem": {
                "APIName": "doctor_followup",
                "Message": "Take your medicine before you go to sleep. If you experience nausea, please contact your doctor immediately."
            },
            "Text": "Is the",
            "UnixTime": 1589602135
        },
        {
            "Action": "request_suggestions",
            "Agent": "Wizard",
            "PrimaryItem": {
                "APIName": "doctor_followup",
                "Message": "Take your medicine before you go to sleep. If you experience nausea, please contact your doctor immediately."
            },
            "Text": "anything else",
            "UnixTime": 1589602141
        },
        {
            "Action": "pick_suggestion",
            "ActionLabel": "anything_else",
            "ActionLabelOptions": [
                "anything_else",
                "doctor_inform_doctors_instructions",
                "doctor_inform_nothing_found"
            ],
            "Agent": "Wizard",
            "PrimaryItem": {
                "APIName": "doctor_followup",
                "Message": "Take your medicine before you go to sleep. If you experience nausea, please contact your doctor immediately."
            },
            "Text": "Is there anything else that I can do for you?",
            "UnixTime": 1589602143
        },
        {
            "Action": "utter",
            "Agent": "User",
            "Text": "No, I'm good now",
            "UnixTime": 1589602158,
            "PredictedBeliefState": {
                "PatientName": "alexis",
                "Name": "dr. alexis"
            },
            "ActionLabel": [
                "user_doctor_nothing_else"
            ]
        },
        {
            "Action": "request_suggestions",
            "Agent": "Wizard",
            "PrimaryItem": {
                "APIName": "doctor_followup",
                "Message": "Take your medicine before you go to sleep. If you experience nausea, please contact your doctor immediately."
            },
            "Text": "Thank you",
            "UnixTime": 1589602164
        },
        {
            "Action": "pick_suggestion",
            "ActionLabel": "goodbye_1",
            "ActionLabelOptions": [
                "goodbye_1",
                "ask_name",
                "out_of_scope"
            ],
            "Agent": "Wizard",
            "PrimaryItem": {
                "APIName": "doctor_followup",
                "Message": "Take your medicine before you go to sleep. If you experience nausea, please contact your doctor immediately."
            },
            "Text": "Thank you and goodbye.",
            "UnixTime": 1589602165
        },
        {
            "Action": "complete",
            "Agent": "User",
            "UnixTime": 1589602184
        }
    ],
    "FORMAT-VERSION": 7,
    "IntroducesConflicts": false,
    "Scenario": {
        "Domains": [
            "doctor"
        ],
        "Happy": false,
        "MultiTask": false,
        "UserTask": "You (Alexis) had an appointment with Dr. Johnson the other day. Unfortunately, you forgot to write down the instructions the doctor gave you. Please followup and find out how often to take your medicine.",
        "WizardCapabilities": [
            {
                "Domain": "doctor",
                "SchemaImage": "doctor_followup.jpg",
                "Task": "doctor_followup"
            }
        ],
        "WizardTask": "Inform the user of his/her doctor's orders."
    },
    "UserQuestionnaire": [
        {
            "Answer": true,
            "Question": "Did the assistant stay calm and helpful throughout the dialogue?"
        }
    ],
    "WizardQuestionnaire": [
        {
            "Answer": true,
            "Question": "Did the user change his/her mind about what he/she wants at any time?"
        },
        {
            "Answer": false,
            "Question": "Did the user become aggressive or annoyed during the dialogue? (Note: some users may be instructed to be annoying.)"
        },
        {
            "Answer": false,
            "Question": "Where you unsure about what to do at any time? (Feel free to send us an email with details.)"
        }
    ]
}