{
    "AnonymizedUserWorkerID": "9cfed8ec-54a9-f0f7-8327-15f6470d4a6c",
    "AnonymizedWizardWorkerID": "3a5ea463-ded5-1b72-cab6-2e2ea04d6cf7",
    "BatchID": "woz_1589554725",
    "CompletionLevel": "EarlyDisconnectDuringDialogue",
    "DialogueID": 4545,
    "Events": [
        {
            "Action": "instruct",
            "Agent": "UserGuide",
            "Text": "You have lost your debit card and before you could cancel it, somebody withdrew $300 at an ATM. Quickly you contact the bank-system's AI assistant. Perhaps it can help? [instruction 1 of 5]",
            "UnixTime": 1589577268
        }
    ],
    "FORMAT-VERSION": 7,
    "IntroducesConflicts": false,
    "Scenario": {
        "Domains": [
            "bank"
        ],
        "Happy": false,
        "MultiTask": false,
        "UserTask": "Follow the instructions and comments of the MTurk System bot (darker yellow boxes in the dialogue). Do not end the dialogue before the MTurk System bot (not the assistant) has told you to do so. ",
        "WizardCapabilities": [
            {
                "Domain": "bank",
                "SchemaImage": "bank_fraud_report.jpg",
                "Task": "bank_fraud_report"
            }
        ],
        "WizardTask": "Follow the flow charts and help the user. Some facts you should be aware of: \n\n* You are the customer service AI of the international banking system"
    },
    "UserQuestionnaire": [],
    "WizardQuestionnaire": []
}