{
    "AnonymizedUserWorkerID": "f76f8d4d-5223-f6a7-71bb-8abf87118490",
    "AnonymizedWizardWorkerID": "73bd63b7-5463-b221-d8f5-2611db2cf2a3",
    "BatchID": "woz_1589554725",
    "CompletionLevel": "Complete",
    "DialogueID": 4621,
    "Events": [
        {
            "Action": "instruct",
            "Agent": "UserGuide",
            "Text": "Say hallo to the AI Assistant. [instruction 1 of 6]",
            "UnixTime": 1589606514
        },
        {
            "Action": "utter",
            "Agent": "User",
            "Text": "I want to see an apartment I saw advertised. Can you schedule that for me?",
            "UnixTime": 1589606552,
            "PredictedBeliefState": {},
            "ActionLabel": [
                "user_apartment_ask_apartment"
            ]
        },
        {
            "Action": "request_suggestions",
            "Agent": "Wizard",
            "Text": "yes your name",
            "UnixTime": 1589606560
        },
        {
            "Action": "pick_suggestion",
            "ActionLabel": "ask_name",
            "ActionLabelOptions": [
                "ask_name",
                "apartment_ask_custom_message",
                "goodbye_2"
            ],
            "Agent": "Wizard",
            "Text": "Could you give me your name, please?",
            "UnixTime": 1589606562
        },
        {
            "Action": "utter",
            "Agent": "User",
            "Text": "Angela",
            "UnixTime": 1589606570,
            "PredictedBeliefState": {
                "RenterName": "angela"
            },
            "ActionLabel": [
                "user_apartment_inform_name"
            ]
        },
        {
            "Action": "instruct",
            "Agent": "UserGuide",
            "Text": "You suddenly remember that you have a friend's wedding on Monday at 8 pm. [instruction 2 of 6]",
            "UnixTime": 1589606570
        },
        {
            "Action": "request_suggestions",
            "Agent": "Wizard",
            "Text": "day",
            "UnixTime": 1589606580
        },
        {
            "Action": "pick_suggestion",
            "ActionLabel": "apartment_ask_day",
            "ActionLabelOptions": [
                "apartment_ask_day",
                "hello",
                "out_of_scope"
            ],
            "Agent": "Wizard",
            "Text": "What day would you like to make the booking for?",
            "UnixTime": 1589606582
        },
        {
            "Action": "utter",
            "Agent": "User",
            "Text": "Monday",
            "UnixTime": 1589606590,
            "PredictedBeliefState": {
                "RenterName": "angela",
                "Day": "monday"
            },
            "ActionLabel": [
                "user_apartment_inform_day"
            ]
        },
        {
            "Action": "instruct",
            "Agent": "UserGuide",
            "Text": "Ask something about the apartment, or engage in smalltalk, or make a joke. [instruction 3 of 6]",
            "UnixTime": 1589606590
        },
        {
            "Action": "request_suggestions",
            "Agent": "Wizard",
            "Text": "time",
            "UnixTime": 1589606603
        },
        {
            "Action": "pick_suggestion",
            "ActionLabel": "apartment_ask_end_time",
            "ActionLabelOptions": [
                "apartment_ask_end_time",
                "hello",
                "goodbye_2"
            ],
            "Agent": "Wizard",
            "Text": "For how long would you like to see the apartment?",
            "UnixTime": 1589606605
        },
        {
            "Action": "utter",
            "Agent": "User",
            "Text": "No, not Monday, I have a wedding to attend then. Maybe Tuesday.",
            "UnixTime": 1589606652,
            "PredictedBeliefState": {
                "Day": "tuesday",
                "RenterName": "angela"
            },
            "ActionLabel": [
                "user_apartment_inform_day",
                "user_bad_label"
            ]
        },
        {
            "Action": "instruct",
            "Agent": "UserGuide",
            "Text": "You cannot remember if you had payed the application fee. Find a way to make an appointment anyway. If no date is available, change date and/or time until something works. If you already got the appointment, engage in smalltalk. [instruction 4 of 6]",
            "UnixTime": 1589606652
        },
        {
            "Action": "request_suggestions",
            "Agent": "Wizard",
            "Text": "have you paid the application",
            "UnixTime": 1589606666
        },
        {
            "Action": "pick_suggestion",
            "ActionLabel": "apartment_ask_application_fee_paid",
            "ActionLabelOptions": [
                "apartment_ask_application_fee_paid",
                "apartment_ask_custom_message",
                "apartment_inform_viewing_available"
            ],
            "Agent": "Wizard",
            "Text": "Have you already paid the application fee for the apartment?",
            "UnixTime": 1589606668
        },
        {
            "Action": "utter",
            "Agent": "User",
            "Text": "Do you know the square footage on the apartment?",
            "UnixTime": 1589606692,
            "PredictedBeliefState": {
                "RenterName": "angela",
                "Day": "tuesday"
            },
            "ActionLabel": []
        },
        {
            "Action": "instruct",
            "Agent": "UserGuide",
            "Text": "Once you've scheduled the viewing, say something about your friend's wedding. [instruction 5 of 6]",
            "UnixTime": 1589606692
        },
        {
            "Action": "request_suggestions",
            "Agent": "Wizard",
            "Text": "no",
            "UnixTime": 1589606755
        },
        {
            "Action": "utter",
            "Agent": "Wizard",
            "Text": "No I don't. What time do you want to see the apartment",
            "UnixTime": 1589606769
        },
        {
            "Action": "utter",
            "Agent": "User",
            "Text": "I don't remember if I paid that fee. I know I pay a lot of fees, Teenager fees. That's enough. Is Tuesday at 6pm available?",
            "UnixTime": 1589606845,
            "PredictedBeliefState": {
                "Day": "tuesday",
                "ApplicationFeePaid": "no",
                "RenterName": "angela",
                "StartTimeHour": "6 pm"
            },
            "ActionLabel": [
                "user_apartment_inform_fee_paid",
                "user_apartment_inform_start_time"
            ]
        },
        {
            "Action": "instruct",
            "Agent": "UserGuide",
            "Text": "When you are done with all the instructions, bring the conversation to a natural close.  [instruction 6 of 6]",
            "UnixTime": 1589606845
        },
        {
            "APIName": "apartment_schedule",
            "Action": "query",
            "Agent": "Wizard",
            "Constraints": [
                {
                    "Name": "api.is_equal_to(\"One on Center Apartments\")"
                },
                {
                    "RenterName": "\"Angela\""
                },
                {
                    "Day": "\"Tuesday\""
                },
                {
                    "StartTimeHour": "\"6 pm\""
                },
                {
                    "ApplicationFeePaid": "\"No\""
                },
                {
                    "RequestType": "\"Check\""
                }
            ],
            "UnixTime": 1589606887
        },
        {
            "APIName": "apartment_schedule",
            "Action": "return_item",
            "Agent": "KnowledgeBase",
            "Item": {
                "APIName": "apartment_schedule",
                "Message": "That time is unavailable. Please try another time."
            },
            "TotalItems": -1,
            "PredictedBeliefState": {
                "Day": "tuesday",
                "ApplicationFeePaid": "no",
                "RenterName": "angela",
                "StartTimeHour": "6 pm"
            },
            "ActionLabel": [
                "db_apartment_inform_viewing_available"
            ]
        },
        {
            "APIName": "apartment_schedule",
            "Action": "query",
            "Agent": "Wizard",
            "Constraints": [
                {
                    "Name": "api.is_equal_to(\"One on Center Apartments\")"
                },
                {
                    "RenterName": "\"Angela\""
                },
                {
                    "Day": "\"Tuesday\""
                },
                {
                    "StartTimeHour": "\"6 pm\""
                },
                {
                    "ApplicationFeePaid": "\"No\""
                },
                {
                    "RequestType": "\"Check\""
                }
            ],
            "PrimaryItem": {
                "APIName": "apartment_schedule",
                "Message": "That time is unavailable. Please try another time."
            },
            "UnixTime": 1589606892
        },
        {
            "APIName": "apartment_schedule",
            "Action": "return_item",
            "Agent": "KnowledgeBase",
            "Item": {
                "APIName": "apartment_schedule",
                "Message": "The time slot is available."
            },
            "TotalItems": -1,
            "PredictedBeliefState": {
                "Day": "tuesday",
                "ApplicationFeePaid": "no",
                "RenterName": "angela",
                "StartTimeHour": "6 pm"
            },
            "ActionLabel": [
                "db_apartment_inform_viewing_available"
            ]
        },
        {
            "Action": "request_suggestions",
            "Agent": "Wizard",
            "PrimaryItem": {
                "APIName": "apartment_schedule",
                "Message": "The time slot is available."
            },
            "Text": "Available",
            "UnixTime": 1589606896
        },
        {
            "Action": "pick_suggestion",
            "ActionLabel": "apartment_inform_viewing_available",
            "ActionLabelOptions": [
                "apartment_inform_viewing_available",
                "apartment_ask_custom_message",
                "out_of_scope"
            ],
            "Agent": "Wizard",
            "PrimaryItem": {
                "APIName": "apartment_schedule",
                "Message": "The time slot is available."
            },
            "Text": "Great, there is still a viewing available at that time. Would you like me to book it for you?",
            "UnixTime": 1589606897
        },
        {
            "Action": "utter",
            "Agent": "User",
            "Text": "Yes",
            "UnixTime": 1589606906,
            "PredictedBeliefState": {
                "RenterName": "angela",
                "StartTimeHour": "6 pm",
                "Day": "tuesday",
                "ApplicationFeePaid": "no"
            },
            "ActionLabel": [
                "user_apartment_confirm_booking"
            ]
        },
        {
            "APIName": "apartment_schedule",
            "Action": "query",
            "Agent": "Wizard",
            "Constraints": [
                {
                    "Name": "api.is_equal_to(\"One on Center Apartments\")"
                },
                {
                    "RenterName": "\"Angela\""
                },
                {
                    "Day": "\"Tuesday\""
                },
                {
                    "StartTimeHour": "\"6 pm\""
                },
                {
                    "ApplicationFeePaid": "\"No\""
                },
                {
                    "RequestType": "\"Book\""
                }
            ],
            "PrimaryItem": {
                "APIName": "apartment_schedule",
                "Message": "The time slot is available."
            },
            "UnixTime": 1589606941
        },
        {
            "APIName": "apartment_schedule",
            "Action": "return_item",
            "Agent": "KnowledgeBase",
            "Item": {
                "APIName": "apartment_schedule",
                "Message": "Your apartment viewing has been successfuly scheduled. Please bring Passport and SCHUFA certificate with you."
            },
            "TotalItems": -1,
            "PredictedBeliefState": {
                "RenterName": "angela",
                "StartTimeHour": "6 pm",
                "Day": "tuesday",
                "ApplicationFeePaid": "no"
            },
            "ActionLabel": [
                "db_apartment_inform_booking_successful"
            ]
        },
        {
            "Action": "request_suggestions",
            "Agent": "Wizard",
            "PrimaryItem": {
                "APIName": "apartment_schedule",
                "Message": "Your apartment viewing has been successfuly scheduled. Please bring Passport and SCHUFA certificate with you."
            },
            "Text": "successful",
            "UnixTime": 1589606962
        },
        {
            "Action": "pick_suggestion",
            "ActionLabel": "apartment_inform_booking_successful",
            "ActionLabelOptions": [
                "apartment_inform_booking_successful",
                "anything_else",
                "apartment_inform_nothing_found"
            ],
            "Agent": "Wizard",
            "PrimaryItem": {
                "APIName": "apartment_schedule",
                "Message": "Your apartment viewing has been successfuly scheduled. Please bring Passport and SCHUFA certificate with you."
            },
            "Text": "Excellent, the viewing is scheduled now!",
            "UnixTime": 1589606965
        },
        {
            "Action": "utter",
            "Agent": "User",
            "Text": "I can't believe I almost forgot about this wedding. My mind is gone, I am over 50 now.",
            "UnixTime": 1589607000,
            "PredictedBeliefState": {
                "StartTimeHour": "6 pm",
                "RenterName": "angela",
                "ApplicationFeePaid": "no",
                "Day": "tuesday"
            },
            "ActionLabel": [
                "user_bad_label"
            ]
        },
        {
            "Action": "request_suggestions",
            "Agent": "Wizard",
            "PrimaryItem": {
                "APIName": "apartment_schedule",
                "Message": "Your apartment viewing has been successfuly scheduled. Please bring Passport and SCHUFA certificate with you."
            },
            "Text": "Have fun",
            "UnixTime": 1589607024
        },
        {
            "Action": "utter",
            "Agent": "Wizard",
            "PrimaryItem": {
                "APIName": "apartment_schedule",
                "Message": "Your apartment viewing has been successfuly scheduled. Please bring Passport and SCHUFA certificate with you."
            },
            "Text": "Have fun, goodbye",
            "UnixTime": 1589607032
        },
        {
            "Action": "complete",
            "Agent": "User",
            "UnixTime": 1589607039
        }
    ],
    "FORMAT-VERSION": 7,
    "IntroducesConflicts": false,
    "Scenario": {
        "Domains": [
            "apartment"
        ],
        "Happy": false,
        "MultiTask": false,
        "UserTask": "You are interested in viewing an apartment. Please schedule a viewing at One on Center Apartments for Monday at 8 pm. Your name is Angela. You cannot remember if you had payed the application fee. ",
        "WizardCapabilities": [
            {
                "Domain": "apartment",
                "SchemaImage": "apartment_schedule.jpg",
                "Task": "apartment_schedule"
            }
        ],
        "WizardTask": "Help the user schedule an apartment viewing."
    },
    "UserQuestionnaire": [
        {
            "Answer": true,
            "Question": "Did the assistant stay calm and helpful throughout the dialogue?"
        }
    ],
    "WizardQuestionnaire": [
        {
            "Answer": false,
            "Question": "Did the user change his/her mind about what he/she wants at any time?"
        },
        {
            "Answer": false,
            "Question": "Did the user become aggressive or annoyed during the dialogue? (Note: some users may be instructed to be annoying.)"
        },
        {
            "Answer": false,
            "Question": "Where you unsure about what to do at any time? (Feel free to send us an email with details.)"
        }
    ]
}