{
    "AnonymizedUserWorkerID": "e93abc6d-54fb-1791-f6ce-c0d7732abc64",
    "AnonymizedWizardWorkerID": "c06538fc-4352-5d92-9ced-53d9fa54e376",
    "BatchID": "woz_1589458635",
    "CompletionLevel": "Complete",
    "DialogueID": 464,
    "Events": [
        {
            "Action": "instruct",
            "Agent": "UserGuide",
            "Text": "Say hello to the AI assistant and ask for help (see instructions on the left). [instruction 1 of 6]",
            "UnixTime": 1589473431
        },
        {
            "Action": "utter",
            "Agent": "User",
            "Text": "Hello I need to make an appointment to see Dr. Morgan today.",
            "UnixTime": 1589473476,
            "PredictedBeliefState": {
                "Name": "dr. morgan"
            },
            "ActionLabel": [
                "user_doctor_schedule_inform_doctor_name",
                "user_doctor_schedule_ask_schedule"
            ]
        },
        {
            "Action": "instruct",
            "Agent": "UserGuide",
            "Text": "Try to get an appointment as soon as possible (right now it is 2 pm on Thursday). [instruction 2 of 6]",
            "UnixTime": 1589473476
        },
        {
            "Action": "request_suggestions",
            "Agent": "Wizard",
            "Text": "Can I have your name",
            "UnixTime": 1589473493
        },
        {
            "Action": "pick_suggestion",
            "ActionLabel": "ask_name",
            "ActionLabelOptions": [
                "ask_name",
                "hello"
            ],
            "Agent": "Wizard",
            "Text": "Could I have your name, please?",
            "UnixTime": 1589473495
        },
        {
            "Action": "utter",
            "Agent": "User",
            "Text": "Alexis",
            "UnixTime": 1589473507,
            "PredictedBeliefState": {
                "PatientName": "alexis",
                "Name": "dr. morgan",
                "Day": "thursday"
            },
            "ActionLabel": [
                "user_doctor_schedule_inform_name",
                "user_doctor_schedule_inform_day"
            ]
        },
        {
            "Action": "instruct",
            "Agent": "UserGuide",
            "Text": "Keep asking for other times until the assistant has found a slot for you. Engage in smalltalk once this is done. [instruction 3 of 6]",
            "UnixTime": 1589473507
        },
        {
            "Action": "request_suggestions",
            "Agent": "Wizard",
            "Text": "What day",
            "UnixTime": 1589473517
        },
        {
            "Action": "pick_suggestion",
            "ActionLabel": "doctor_ask_day",
            "ActionLabelOptions": [
                "doctor_ask_day",
                "hello"
            ],
            "Agent": "Wizard",
            "Text": "What day of the week would you like to schedule the appointment for?",
            "UnixTime": 1589473519
        },
        {
            "Action": "utter",
            "Agent": "User",
            "Text": "Today; as soon as possible.",
            "UnixTime": 1589473540,
            "PredictedBeliefState": {
                "Day": "thursday",
                "Name": "dr. morgan",
                "StartTimeHour": "2 pm",
                "PatientName": "alexis"
            },
            "ActionLabel": [
                "user_doctor_schedule_inform_start_time"
            ]
        },
        {
            "Action": "instruct",
            "Agent": "UserGuide",
            "Text": "Say something about Dr. Morgan, the AI Assistant, or something that has happened to you today. Be creative! [instruction 4 of 6]",
            "UnixTime": 1589473540
        },
        {
            "Action": "request_suggestions",
            "Agent": "Wizard",
            "Text": "Okay, Thursday at 6pm",
            "UnixTime": 1589473577
        },
        {
            "Action": "pick_suggestion",
            "ActionLabel": "custom",
            "ActionLabelOptions": [
                "custom"
            ],
            "Agent": "Wizard",
            "Text": "Okay, Thursday at 6pm",
            "UnixTime": 1589473579
        },
        {
            "Action": "utter",
            "Agent": "User",
            "Text": "Is it possible to get in any earlier?",
            "UnixTime": 1589473597,
            "PredictedBeliefState": {
                "PatientName": "alexis",
                "Name": "dr. morgan",
                "Day": "thursday",
                "StartTimeHour": "2 pm"
            },
            "ActionLabel": [
                "user_bad_label"
            ]
        },
        {
            "Action": "instruct",
            "Agent": "UserGuide",
            "Text": "It occurs to you that you also want to make an appointment to get your kid Angela vaccinated. Perhaps you can schedule a second appointment at the same time? [instruction 5 of 6]",
            "UnixTime": 1589473597
        },
        {
            "Action": "request_suggestions",
            "Agent": "Wizard",
            "Text": "4pm, symptoms",
            "UnixTime": 1589473612
        },
        {
            "Action": "utter",
            "Agent": "Wizard",
            "Text": "4pm is possible, would you like that appointment",
            "UnixTime": 1589473631
        },
        {
            "Action": "utter",
            "Agent": "User",
            "Text": "I just remembered that I need to get my kid, Angela vaccinated. Is there anyway I could make a second appointment for the same time?",
            "UnixTime": 1589473681,
            "PredictedBeliefState": {
                "Name": "dr. morgan",
                "Day": "thursday",
                "PatientName": "alexis",
                "StartTimeHour": "4 pm"
            },
            "ActionLabel": [
                "user_doctor_schedule_inform_start_time",
                "user_bad_label"
            ]
        },
        {
            "Action": "request_suggestions",
            "Agent": "Wizard",
            "Text": "That is fine, yes. Are you having any symptoms today?",
            "UnixTime": 1589473705
        },
        {
            "Action": "utter",
            "Agent": "Wizard",
            "Text": "That is fine, Could you describe your current symptoms?",
            "UnixTime": 1589473718
        },
        {
            "Action": "utter",
            "Agent": "User",
            "Text": "runny nose, sneezing, and a general lack of energy for about two days",
            "UnixTime": 1589473740,
            "PredictedBeliefState": {
                "Name": "dr. morgan",
                "StartTimeHour": "4 pm",
                "Day": "thursday",
                "Symptoms": "runny nose, sneezing, and a general lack of energy for about two days",
                "PatientName": "alexis"
            },
            "ActionLabel": [
                "user_doctor_schedule_inform_symptoms",
                "user_bad_label"
            ]
        },
        {
            "Action": "instruct",
            "Agent": "UserGuide",
            "Text": "Keep going until both yours and your kid's appointments are made (this should take a few more turns). Then say goodbye. [instruction 6 of 6]",
            "UnixTime": 1589473740
        },
        {
            "Action": "request_suggestions",
            "Agent": "Wizard",
            "Text": "Thank you, you are all booked.",
            "UnixTime": 1589473768
        },
        {
            "Action": "pick_suggestion",
            "ActionLabel": "custom",
            "ActionLabelOptions": [
                "custom"
            ],
            "Agent": "Wizard",
            "Text": "Thank you, you are all booked.",
            "UnixTime": 1589473770
        },
        {
            "Action": "utter",
            "Agent": "User",
            "Text": "Thank you and goodbye.",
            "UnixTime": 1589473798,
            "PredictedBeliefState": {
                "StartTimeHour": "4 pm",
                "Name": "dr. morgan",
                "Symptoms": "vaccination",
                "Day": "thursday",
                "PatientName": "alexis"
            },
            "ActionLabel": [
                "user_doctor_schedule_goodbye"
            ]
        },
        {
            "Action": "request_suggestions",
            "Agent": "Wizard",
            "Text": "Thank you too, see you soon.",
            "UnixTime": 1589473812
        },
        {
            "Action": "pick_suggestion",
            "ActionLabel": "goodbye_1",
            "ActionLabelOptions": [
                "goodbye_1",
                "doctor_inform_nothing_found"
            ],
            "Agent": "Wizard",
            "Text": "Thank you and goodbye.",
            "UnixTime": 1589473815
        },
        {
            "Action": "complete",
            "Agent": "User",
            "UnixTime": 1589473823
        }
    ],
    "FORMAT-VERSION": 7,
    "IntroducesConflicts": false,
    "Scenario": {
        "Domains": [
            "doctor"
        ],
        "Happy": false,
        "MultiTask": false,
        "UserTask": "You are Alexis and would like to make an appointment with Dr. Morgan for today (Thursday). You have had a runny nose, sneezing, and a general lack of energy for two days now.",
        "WizardCapabilities": [
            {
                "Domain": "doctor",
                "SchemaImage": "doctor_schedule.jpg",
                "Task": "doctor_schedule"
            }
        ],
        "WizardTask": "Follow the flow charts and help the user. Some facts you should be aware of: \n\n* Right now it is Thursday, 2 pm"
    },
    "UserQuestionnaire": [
        {
            "Answer": true,
            "Question": "Did the assistant stay calm and helpful throughout the dialogue?"
        }
    ],
    "WizardQuestionnaire": [
        {
            "Answer": false,
            "Question": "Did the user change his/her mind about what he/she wants at any time?"
        },
        {
            "Answer": false,
            "Question": "Did the user become aggressive or annoyed during the dialogue? (Note: some users may be instructed to be annoying.)"
        },
        {
            "Answer": false,
            "Question": "Where you unsure about what to do at any time? (Feel free to send us an email with details.)"
        }
    ]
}