{
    "AnonymizedUserWorkerID": "6e385cf7-9271-d0c6-3927-e0888894cc2d",
    "AnonymizedWizardWorkerID": "f3ed81ee-a891-cfa3-646a-a022f402d3a5",
    "BatchID": "woz_1589554725",
    "CompletionLevel": "Complete",
    "DialogueID": 4647,
    "Events": [
        {
            "Action": "instruct",
            "Agent": "UserGuide",
            "Text": "Contact your ship's onboard computer (AI Assistant) and ask for help or explain the situation. (See instructions on the left panel.) [instruction 1 of 5]",
            "UnixTime": 1589599484
        },
        {
            "Action": "utter",
            "Agent": "User",
            "Text": "OH GOD WE'RE UNDER ATTACK AGAIN FOR THE LOVE OF GOD IT'S THE 3RD TIME THIS WEEK",
            "UnixTime": 1589599503,
            "PredictedBeliefState": {},
            "ActionLabel": [
                "user_spaceshipcodes_ask_access"
            ]
        },
        {
            "Action": "request_suggestions",
            "Agent": "Wizard",
            "Text": "user name and rank?",
            "UnixTime": 1589599528
        },
        {
            "Action": "pick_suggestion",
            "ActionLabel": "ask_name",
            "ActionLabelOptions": [
                "spaceship_ask_rank",
                "ask_name",
                "spaceship_bye"
            ],
            "Agent": "Wizard",
            "Text": "Please provide your name.",
            "UnixTime": 1589599530
        },
        {
            "Action": "utter",
            "Agent": "User",
            "Text": "I'm Rey!",
            "UnixTime": 1589599536,
            "PredictedBeliefState": {
                "UserName": "rey"
            },
            "ActionLabel": [
                "user_spaceshipcodes_inform_name"
            ]
        },
        {
            "Action": "instruct",
            "Agent": "UserGuide",
            "Text": "Boom! You hear explosions all around you. [instruction 2 of 5]",
            "UnixTime": 1589599536
        },
        {
            "Action": "request_suggestions",
            "Agent": "Wizard",
            "Text": "rank",
            "UnixTime": 1589599545
        },
        {
            "Action": "pick_suggestion",
            "ActionLabel": "spaceship_ask_rank",
            "ActionLabelOptions": [
                "spaceship_ask_rank",
                "spaceship_bye",
                "spaceship_ask_code_type"
            ],
            "Agent": "Wizard",
            "Text": "Please provide your rank.",
            "UnixTime": 1589599547
        },
        {
            "Action": "utter",
            "Agent": "User",
            "Text": "Oh my god things are exploding all around me please move quickly! I'm the Chief Engineer",
            "UnixTime": 1589599569,
            "PredictedBeliefState": {
                "UserName": "rey",
                "UserRank": "chief engineer"
            },
            "ActionLabel": [
                "user_spaceshipcodes_inform_rank"
            ]
        },
        {
            "Action": "instruct",
            "Agent": "UserGuide",
            "Text": "You get a message on your communicator. Apparently you just got promoted to acting captain. [instruction 3 of 5]",
            "UnixTime": 1589599569
        },
        {
            "Action": "request_suggestions",
            "Agent": "Wizard",
            "Text": "code?",
            "UnixTime": 1589599584
        },
        {
            "Action": "pick_suggestion",
            "ActionLabel": "spaceship_ask_code",
            "ActionLabelOptions": [
                "spaceship_ask_code",
                "spaceship_ask_rank",
                "hello"
            ],
            "Agent": "Wizard",
            "Text": "Please enter the code.",
            "UnixTime": 1589599587
        },
        {
            "Action": "utter",
            "Agent": "User",
            "Text": "I DON'T KNOW WHAT CODE YOU'RE TALKING ABOUT LET ME ONTO THE DECK ... oh god... Luke is dead. It looks like I've been promoted to captain",
            "UnixTime": 1589599618,
            "PredictedBeliefState": {
                "UserRank": "chief engineer",
                "UserName": "rey"
            },
            "ActionLabel": []
        },
        {
            "Action": "instruct",
            "Agent": "UserGuide",
            "Text": "For some reason (imagine something) you now know that the Access Code is 031431. [instruction 4 of 5]",
            "UnixTime": 1589599618
        },
        {
            "Action": "request_suggestions",
            "Agent": "Wizard",
            "Text": "code",
            "UnixTime": 1589599637
        },
        {
            "Action": "pick_suggestion",
            "ActionLabel": "spaceship_ask_code",
            "ActionLabelOptions": [
                "spaceship_ask_code",
                "hello",
                "ask_name"
            ],
            "Agent": "Wizard",
            "Text": "Please enter the code.",
            "UnixTime": 1589599639
        },
        {
            "Action": "utter",
            "Agent": "User",
            "Text": "The only code I know is C3PO's shutoff code. It's 031431",
            "UnixTime": 1589599669,
            "PredictedBeliefState": {
                "UserRank": "captain",
                "UserName": "rey",
                "Code": "031431"
            },
            "ActionLabel": [
                "user_spaceshipcodes_inform_rank",
                "user_spaceshipcodes_inform_code"
            ]
        },
        {
            "Action": "instruct",
            "Agent": "UserGuide",
            "Text": "Once the door is open (not before!), you can enter the combat deck and save the ship by ending the conversation. [instruction 5 of 5]",
            "UnixTime": 1589599669
        },
        {
            "APIName": "spaceship_access_codes",
            "Action": "query",
            "Agent": "Wizard",
            "Constraints": [
                {
                    "UserName": "\"Rey\""
                },
                {
                    "UserRank": "\"Captain\""
                },
                {
                    "Code": "031431"
                },
                {
                    "CodeType": "api.is_equal_to(\"Clearance\")"
                }
            ],
            "UnixTime": 1589599684
        },
        {
            "APIName": "spaceship_access_codes",
            "Action": "return_item",
            "Agent": "KnowledgeBase",
            "Item": {
                "APIName": "spaceship_access_codes",
                "Message": "The door is now unlocked."
            },
            "TotalItems": -1,
            "PredictedBeliefState": {
                "UserRank": "captain",
                "UserName": "rey",
                "Code": "031431"
            },
            "ActionLabel": [
                "db_spaceshipcodes_inform_outcome_pos"
            ]
        },
        {
            "Action": "request_suggestions",
            "Agent": "Wizard",
            "PrimaryItem": {
                "APIName": "spaceship_access_codes",
                "Message": "The door is now unlocked."
            },
            "Text": "unlocked",
            "UnixTime": 1589599697
        },
        {
            "Action": "pick_suggestion",
            "ActionLabel": "spaceship_inform_outcome",
            "ActionLabelOptions": [
                "spaceship_inform_outcome",
                "anything_else",
                "hello"
            ],
            "Agent": "Wizard",
            "PrimaryItem": {
                "APIName": "spaceship_access_codes",
                "Message": "The door is now unlocked."
            },
            "Text": "The door is now unlocked.",
            "UnixTime": 1589599699
        },
        {
            "Action": "utter",
            "Agent": "User",
            "Text": "You've saved the ship, AI! I can now enter the combat deck and mount a counterattack. Thank you!",
            "UnixTime": 1589599748,
            "PredictedBeliefState": {
                "Code": "031431",
                "UserName": "rey",
                "UserRank": "captain"
            },
            "ActionLabel": [
                "user_spaceshipcodes_thanks"
            ]
        },
        {
            "Action": "request_suggestions",
            "Agent": "Wizard",
            "PrimaryItem": {
                "APIName": "spaceship_access_codes",
                "Message": "The door is now unlocked."
            },
            "Text": "goodbye",
            "UnixTime": 1589599763
        },
        {
            "Action": "pick_suggestion",
            "ActionLabel": "spaceship_bye",
            "ActionLabelOptions": [
                "spaceship_bye",
                "ask_name",
                "hello"
            ],
            "Agent": "Wizard",
            "PrimaryItem": {
                "APIName": "spaceship_access_codes",
                "Message": "The door is now unlocked."
            },
            "Text": "Goodbye.",
            "UnixTime": 1589599766
        },
        {
            "Action": "complete",
            "Agent": "User",
            "UnixTime": 1589599767
        }
    ],
    "FORMAT-VERSION": 7,
    "IntroducesConflicts": false,
    "Scenario": {
        "Domains": [
            "spaceship"
        ],
        "Happy": false,
        "MultiTask": false,
        "UserTask": "Your spaceship is under attack! You must enter the combat deck to mount a counterattack. Unfortunately, you are locked out. Please work with the spaceship's onboard computer to unlock the door. You (Rey) are the ship's Chief Engineer. But you don't know the Access Code (yet).",
        "WizardCapabilities": [
            {
                "Domain": "spaceship",
                "SchemaImage": "spaceship_access_codes.jpg",
                "Task": "spaceship_access_codes"
            }
        ],
        "WizardTask": "Act as the spaceship's onboard computer and help the user unlock the combat deck."
    },
    "UserQuestionnaire": [
        {
            "Answer": true,
            "Question": "Did the ship's computer unlock the door to the combat deck?"
        },
        {
            "Answer": true,
            "Question": "Did the ship's computer stay calm and helpful throughout the dialogue?"
        },
        {
            "Answer": true,
            "Question": "Did you enjoy this task?"
        }
    ],
    "WizardQuestionnaire": [
        {
            "Answer": false,
            "Question": "Did the user change his/her mind about what he/she wants at any time?"
        },
        {
            "Answer": false,
            "Question": "Did the user become aggressive or annoyed during the dialogue? (Note: some users may be instructed to be annoying.)"
        },
        {
            "Answer": false,
            "Question": "Where you unsure about what to do at any time? (Feel free to send us an email with details.)"
        }
    ]
}