{
    "AnonymizedUserWorkerID": "58be375a-caa2-7735-72af-2683a9d7dda2",
    "AnonymizedWizardWorkerID": "c06538fc-4352-5d92-9ced-53d9fa54e376",
    "BatchID": "woz_1589554725",
    "CompletionLevel": "Complete",
    "DialogueID": 4673,
    "Events": [
        {
            "Action": "instruct",
            "Agent": "UserGuide",
            "Text": "Not again! You took the wrong bus and got totally lost in the middle of the city. But you have to get to your hot date in time! Ask you personal AI assistant for help. [instruction 1 of 5]",
            "UnixTime": 1589574871
        },
        {
            "Action": "utter",
            "Agent": "User",
            "Text": "I'm lost in the middle of the city",
            "UnixTime": 1589574882,
            "PredictedBeliefState": {
                "DepartureTime": "1 pm",
                "DepartureLocation": "craig and center"
            },
            "ActionLabel": [
                "user_trip_directions_inform_time",
                "user_trip_directions_inform_departure",
                "user_trip_directions_ask_directions"
            ]
        },
        {
            "Action": "instruct",
            "Agent": "UserGuide",
            "Text": "The hot date is somewhere near University. If you can get there, you should know your way again. [instruction 2 of 5]",
            "UnixTime": 1589574882
        },
        {
            "Action": "request_suggestions",
            "Agent": "Wizard",
            "Text": "Travel mode?",
            "UnixTime": 1589574901
        },
        {
            "Action": "pick_suggestion",
            "ActionLabel": "trip_ask_travel_mode",
            "ActionLabelOptions": [
                "trip_ask_travel_mode",
                "trip_ask_arrival_location",
                "trip_inform_last_step_and_done"
            ],
            "Agent": "Wizard",
            "Text": "Do you want to drive, walk, or use public transit?",
            "UnixTime": 1589574903
        },
        {
            "Action": "utter",
            "Agent": "User",
            "Text": "i dont care. I just have to get to University",
            "UnixTime": 1589574913,
            "PredictedBeliefState": {
                "ArrivalLocation": "university",
                "DepartureTime": "1 pm",
                "TravelMode": "dontcare",
                "DepartureLocation": "craig and center"
            },
            "ActionLabel": [
                "user_trip_directions_inform_arrival",
                "user_trip_directions_inform_mode"
            ]
        },
        {
            "Action": "instruct",
            "Agent": "UserGuide",
            "Text": "Follow the way-instructions of the assistant and imagine you do what it says. But your sense of orientation is pretty bad and you cannot deal with instructions involving 'North', 'West', 'South', 'East'. So if that comes up, ask for more details. [instruction 3 of 5]",
            "UnixTime": 1589574913
        },
        {
            "Action": "request_suggestions",
            "Agent": "Wizard",
            "Text": "time",
            "UnixTime": 1589574945
        },
        {
            "Action": "pick_suggestion",
            "ActionLabel": "trip_ask_departure_time",
            "ActionLabelOptions": [
                "trip_instructions_done",
                "trip_ask_departure_time",
                "goodbye_1"
            ],
            "Agent": "Wizard",
            "Text": "When are you going to start your trip?",
            "UnixTime": 1589574949
        },
        {
            "Action": "utter",
            "Agent": "User",
            "Text": "Now",
            "UnixTime": 1589574959,
            "PredictedBeliefState": {
                "DepartureLocation": "craig and center",
                "DepartureTime": "1 pm",
                "TravelMode": "dontcare",
                "ArrivalLocation": "university"
            },
            "ActionLabel": []
        },
        {
            "APIName": "trip_directions",
            "Action": "query",
            "Agent": "Wizard",
            "Constraints": [
                {
                    "DepartureLocation": "\"City\""
                },
                {
                    "ArrivalLocation": "\"University\""
                },
                {
                    "TravelMode": "\"Walking\""
                },
                {
                    "DepartureTime": "\"3 pm\""
                }
            ],
            "UnixTime": 1589574971
        },
        {
            "APIName": "trip_directions",
            "Action": "return_item",
            "Agent": "KnowledgeBase",
            "Item": {
                "APIName": "trip_directions",
                "DetailedWalkingInstructions": [
                    "Walk 2 blocks east on Forbes Avenue towards Murray. You will pass a fire station on your left.",
                    "Turn right and walk for 3 blocks until you arrive at the tall brown church. Cross the street after arriving at the church.",
                    "Turn left and walk for 5 minutes. You will pass a school on your right. Keep going until you see the park on your left.",
                    "Your destination will be on the right besides the Starbucks."
                ],
                "TravelMode": "Walking",
                "TripLengthMinutes": 77,
                "WalkingInstructions": [
                    "Walk 2 blocks east on Forbes Avenue, towards Murray",
                    "Turn right and walk for 3 blocks until you arrive at the church",
                    "Turn left and walk for 5 minutes until you see the park on your left.",
                    "Your destination will be on the right"
                ],
                "id": 664
            },
            "TotalItems": -1,
            "PredictedBeliefState": {
                "DepartureLocation": "craig and center",
                "DepartureTime": "1 pm",
                "TravelMode": "dontcare",
                "ArrivalLocation": "university"
            },
            "ActionLabel": [
                "db_inform_trip_directions"
            ]
        },
        {
            "Action": "request_suggestions",
            "Agent": "Wizard",
            "PrimaryItem": {
                "APIName": "trip_directions",
                "DetailedWalkingInstructions": [
                    "Walk 2 blocks east on Forbes Avenue towards Murray. You will pass a fire station on your left.",
                    "Turn right and walk for 3 blocks until you arrive at the tall brown church. Cross the street after arriving at the church.",
                    "Turn left and walk for 5 minutes. You will pass a school on your right. Keep going until you see the park on your left.",
                    "Your destination will be on the right besides the Starbucks."
                ],
                "TravelMode": "Walking",
                "TripLengthMinutes": 77,
                "WalkingInstructions": [
                    "Walk 2 blocks east on Forbes Avenue, towards Murray",
                    "Turn right and walk for 3 blocks until you arrive at the church",
                    "Turn left and walk for 5 minutes until you see the park on your left.",
                    "Your destination will be on the right"
                ],
                "id": 664
            },
            "Text": "walk 2 blocks",
            "UnixTime": 1589574977
        },
        {
            "Action": "pick_suggestion",
            "ActionLabel": "trip_inform_simple_step_ask_proceed",
            "ActionLabelOptions": [
                "trip_inform_simple_step_ask_proceed",
                "trip_ask_arrival_location",
                "out_of_scope"
            ],
            "Agent": "Wizard",
            "PrimaryItem": {
                "APIName": "trip_directions",
                "DetailedWalkingInstructions": [
                    "Walk 2 blocks east on Forbes Avenue towards Murray. You will pass a fire station on your left.",
                    "Turn right and walk for 3 blocks until you arrive at the tall brown church. Cross the street after arriving at the church.",
                    "Turn left and walk for 5 minutes. You will pass a school on your right. Keep going until you see the park on your left.",
                    "Your destination will be on the right besides the Starbucks."
                ],
                "TravelMode": "Walking",
                "TripLengthMinutes": 77,
                "WalkingInstructions": [
                    "Walk 2 blocks east on Forbes Avenue, towards Murray",
                    "Turn right and walk for 3 blocks until you arrive at the church",
                    "Turn left and walk for 5 minutes until you see the park on your left.",
                    "Your destination will be on the right"
                ],
                "id": 664
            },
            "Text": "Walk 2 blocks east on Forbes Avenue, towards Murray. Can I proceed or do you require more detailed instructions?",
            "UnixTime": 1589574979
        },
        {
            "Action": "utter",
            "Agent": "User",
            "Text": "can i have more details?",
            "UnixTime": 1589574992,
            "PredictedBeliefState": {
                "ArrivalLocation": "university",
                "DepartureLocation": "craig and center",
                "DepartureTime": "1 pm",
                "TravelMode": "dontcare"
            },
            "ActionLabel": [
                "user_trip_directions_continue"
            ]
        },
        {
            "Action": "request_suggestions",
            "Agent": "Wizard",
            "PrimaryItem": {
                "APIName": "trip_directions",
                "DetailedWalkingInstructions": [
                    "Walk 2 blocks east on Forbes Avenue towards Murray. You will pass a fire station on your left.",
                    "Turn right and walk for 3 blocks until you arrive at the tall brown church. Cross the street after arriving at the church.",
                    "Turn left and walk for 5 minutes. You will pass a school on your right. Keep going until you see the park on your left.",
                    "Your destination will be on the right besides the Starbucks."
                ],
                "TravelMode": "Walking",
                "TripLengthMinutes": 77,
                "WalkingInstructions": [
                    "Walk 2 blocks east on Forbes Avenue, towards Murray",
                    "Turn right and walk for 3 blocks until you arrive at the church",
                    "Turn left and walk for 5 minutes until you see the park on your left.",
                    "Your destination will be on the right"
                ],
                "id": 664
            },
            "Text": "turn right",
            "UnixTime": 1589575000
        },
        {
            "Action": "pick_suggestion",
            "ActionLabel": "trip_inform_last_step_and_done",
            "ActionLabelOptions": [
                "trip_inform_simple_step_ask_proceed",
                "trip_ask_arrival_location",
                "trip_inform_last_step_and_done"
            ],
            "Agent": "Wizard",
            "PrimaryItem": {
                "APIName": "trip_directions",
                "DetailedWalkingInstructions": [
                    "Walk 2 blocks east on Forbes Avenue towards Murray. You will pass a fire station on your left.",
                    "Turn right and walk for 3 blocks until you arrive at the tall brown church. Cross the street after arriving at the church.",
                    "Turn left and walk for 5 minutes. You will pass a school on your right. Keep going until you see the park on your left.",
                    "Your destination will be on the right besides the Starbucks."
                ],
                "TravelMode": "Walking",
                "TripLengthMinutes": 77,
                "WalkingInstructions": [
                    "Walk 2 blocks east on Forbes Avenue, towards Murray",
                    "Turn right and walk for 3 blocks until you arrive at the church",
                    "Turn left and walk for 5 minutes until you see the park on your left.",
                    "Your destination will be on the right"
                ],
                "id": 664
            },
            "Text": "Walk for 1 more block and turn right at the Starbucks. Do you know how to reach your destination or would you require more detailed instructions?",
            "UnixTime": 1589575002
        },
        {
            "Action": "utter",
            "Agent": "User",
            "Text": "that's good",
            "UnixTime": 1589575013,
            "PredictedBeliefState": {
                "DepartureTime": "1 pm",
                "DepartureLocation": "craig and center",
                "ArrivalLocation": "university",
                "TravelMode": "dontcare"
            },
            "ActionLabel": [
                "user_trip_directions_goodbye"
            ]
        },
        {
            "Action": "instruct",
            "Agent": "UserGuide",
            "Text": "Complain about the general situation, make a joke, or say something about the environment you imagine yourself in right now. [instruction 4 of 5]",
            "UnixTime": 1589575013
        },
        {
            "Action": "request_suggestions",
            "Agent": "Wizard",
            "PrimaryItem": {
                "APIName": "trip_directions",
                "DetailedWalkingInstructions": [
                    "Walk 2 blocks east on Forbes Avenue towards Murray. You will pass a fire station on your left.",
                    "Turn right and walk for 3 blocks until you arrive at the tall brown church. Cross the street after arriving at the church.",
                    "Turn left and walk for 5 minutes. You will pass a school on your right. Keep going until you see the park on your left.",
                    "Your destination will be on the right besides the Starbucks."
                ],
                "TravelMode": "Walking",
                "TripLengthMinutes": 77,
                "WalkingInstructions": [
                    "Walk 2 blocks east on Forbes Avenue, towards Murray",
                    "Turn right and walk for 3 blocks until you arrive at the church",
                    "Turn left and walk for 5 minutes until you see the park on your left.",
                    "Your destination will be on the right"
                ],
                "id": 664
            },
            "Text": "thank you",
            "UnixTime": 1589575023
        },
        {
            "Action": "pick_suggestion",
            "ActionLabel": "goodbye_1",
            "ActionLabelOptions": [
                "goodbye_1",
                "trip_ask_departure_time",
                "anything_else"
            ],
            "Agent": "Wizard",
            "PrimaryItem": {
                "APIName": "trip_directions",
                "DetailedWalkingInstructions": [
                    "Walk 2 blocks east on Forbes Avenue towards Murray. You will pass a fire station on your left.",
                    "Turn right and walk for 3 blocks until you arrive at the tall brown church. Cross the street after arriving at the church.",
                    "Turn left and walk for 5 minutes. You will pass a school on your right. Keep going until you see the park on your left.",
                    "Your destination will be on the right besides the Starbucks."
                ],
                "TravelMode": "Walking",
                "TripLengthMinutes": 77,
                "WalkingInstructions": [
                    "Walk 2 blocks east on Forbes Avenue, towards Murray",
                    "Turn right and walk for 3 blocks until you arrive at the church",
                    "Turn left and walk for 5 minutes until you see the park on your left.",
                    "Your destination will be on the right"
                ],
                "id": 664
            },
            "Text": "Thank you and goodbye.",
            "UnixTime": 1589575025
        },
        {
            "Action": "utter",
            "Agent": "User",
            "Text": "ugh i can't believe i might be late for my date",
            "UnixTime": 1589575034,
            "PredictedBeliefState": {
                "DepartureTime": "1 pm",
                "ArrivalLocation": "university",
                "TravelMode": "walking",
                "DepartureLocation": "craig and center"
            },
            "ActionLabel": [
                "user_trip_directions_inform_mode",
                "user_bad_label"
            ]
        },
        {
            "Action": "request_suggestions",
            "Agent": "Wizard",
            "PrimaryItem": {
                "APIName": "trip_directions",
                "DetailedWalkingInstructions": [
                    "Walk 2 blocks east on Forbes Avenue towards Murray. You will pass a fire station on your left.",
                    "Turn right and walk for 3 blocks until you arrive at the tall brown church. Cross the street after arriving at the church.",
                    "Turn left and walk for 5 minutes. You will pass a school on your right. Keep going until you see the park on your left.",
                    "Your destination will be on the right besides the Starbucks."
                ],
                "TravelMode": "Walking",
                "TripLengthMinutes": 77,
                "WalkingInstructions": [
                    "Walk 2 blocks east on Forbes Avenue, towards Murray",
                    "Turn right and walk for 3 blocks until you arrive at the church",
                    "Turn left and walk for 5 minutes until you see the park on your left.",
                    "Your destination will be on the right"
                ],
                "id": 664
            },
            "Text": "What street",
            "UnixTime": 1589575049
        },
        {
            "Action": "pick_suggestion",
            "ActionLabel": "trip_inform_simple_step_ask_proceed",
            "ActionLabelOptions": [
                "trip_inform_simple_step_ask_proceed",
                "ask_departure_location",
                "trip_ask_departure_time"
            ],
            "Agent": "Wizard",
            "PrimaryItem": {
                "APIName": "trip_directions",
                "DetailedWalkingInstructions": [
                    "Walk 2 blocks east on Forbes Avenue towards Murray. You will pass a fire station on your left.",
                    "Turn right and walk for 3 blocks until you arrive at the tall brown church. Cross the street after arriving at the church.",
                    "Turn left and walk for 5 minutes. You will pass a school on your right. Keep going until you see the park on your left.",
                    "Your destination will be on the right besides the Starbucks."
                ],
                "TravelMode": "Walking",
                "TripLengthMinutes": 77,
                "WalkingInstructions": [
                    "Walk 2 blocks east on Forbes Avenue, towards Murray",
                    "Turn right and walk for 3 blocks until you arrive at the church",
                    "Turn left and walk for 5 minutes until you see the park on your left.",
                    "Your destination will be on the right"
                ],
                "id": 664
            },
            "Text": "Cross the street at the football field and immediately turn left. Can I proceed or do you require more detailed instructions?",
            "UnixTime": 1589575052
        },
        {
            "Action": "utter",
            "Agent": "User",
            "Text": "you can proceed",
            "UnixTime": 1589575061,
            "PredictedBeliefState": {
                "DepartureTime": "1 pm",
                "ArrivalLocation": "university",
                "DepartureLocation": "craig and center",
                "TravelMode": "walking"
            },
            "ActionLabel": [
                "user_trip_directions_continue"
            ]
        },
        {
            "Action": "instruct",
            "Agent": "UserGuide",
            "Text": "Keep going until you've reached University. Then you can end the conversation. [instruction 5 of 5]",
            "UnixTime": 1589575061
        },
        {
            "Action": "request_suggestions",
            "Agent": "Wizard",
            "PrimaryItem": {
                "APIName": "trip_directions",
                "DetailedWalkingInstructions": [
                    "Walk 2 blocks east on Forbes Avenue towards Murray. You will pass a fire station on your left.",
                    "Turn right and walk for 3 blocks until you arrive at the tall brown church. Cross the street after arriving at the church.",
                    "Turn left and walk for 5 minutes. You will pass a school on your right. Keep going until you see the park on your left.",
                    "Your destination will be on the right besides the Starbucks."
                ],
                "TravelMode": "Walking",
                "TripLengthMinutes": 77,
                "WalkingInstructions": [
                    "Walk 2 blocks east on Forbes Avenue, towards Murray",
                    "Turn right and walk for 3 blocks until you arrive at the church",
                    "Turn left and walk for 5 minutes until you see the park on your left.",
                    "Your destination will be on the right"
                ],
                "id": 664
            },
            "Text": "destination",
            "UnixTime": 1589575077
        },
        {
            "Action": "pick_suggestion",
            "ActionLabel": "trip_inform_simple_step_ask_proceed",
            "ActionLabelOptions": [
                "trip_ask_arrival_location",
                "trip_instructions_done",
                "trip_inform_simple_step_ask_proceed"
            ],
            "Agent": "Wizard",
            "PrimaryItem": {
                "APIName": "trip_directions",
                "DetailedWalkingInstructions": [
                    "Walk 2 blocks east on Forbes Avenue towards Murray. You will pass a fire station on your left.",
                    "Turn right and walk for 3 blocks until you arrive at the tall brown church. Cross the street after arriving at the church.",
                    "Turn left and walk for 5 minutes. You will pass a school on your right. Keep going until you see the park on your left.",
                    "Your destination will be on the right besides the Starbucks."
                ],
                "TravelMode": "Walking",
                "TripLengthMinutes": 77,
                "WalkingInstructions": [
                    "Walk 2 blocks east on Forbes Avenue, towards Murray",
                    "Turn right and walk for 3 blocks until you arrive at the church",
                    "Turn left and walk for 5 minutes until you see the park on your left.",
                    "Your destination will be on the right"
                ],
                "id": 664
            },
            "Text": "Your destination will be on the right just after the fire station. Can I proceed or do you require more detailed instructions?",
            "UnixTime": 1589575080
        },
        {
            "Action": "utter",
            "Agent": "User",
            "Text": "i found it. thank you",
            "UnixTime": 1589575087,
            "PredictedBeliefState": {
                "TravelMode": "dontcare",
                "DepartureTime": "1 pm",
                "ArrivalLocation": "university",
                "DepartureLocation": "craig and center"
            },
            "ActionLabel": [
                "user_trip_directions_inform_mode",
                "user_trip_directions_goodbye"
            ]
        },
        {
            "Action": "request_suggestions",
            "Agent": "Wizard",
            "PrimaryItem": {
                "APIName": "trip_directions",
                "DetailedWalkingInstructions": [
                    "Walk 2 blocks east on Forbes Avenue towards Murray. You will pass a fire station on your left.",
                    "Turn right and walk for 3 blocks until you arrive at the tall brown church. Cross the street after arriving at the church.",
                    "Turn left and walk for 5 minutes. You will pass a school on your right. Keep going until you see the park on your left.",
                    "Your destination will be on the right besides the Starbucks."
                ],
                "TravelMode": "Walking",
                "TripLengthMinutes": 77,
                "WalkingInstructions": [
                    "Walk 2 blocks east on Forbes Avenue, towards Murray",
                    "Turn right and walk for 3 blocks until you arrive at the church",
                    "Turn left and walk for 5 minutes until you see the park on your left.",
                    "Your destination will be on the right"
                ],
                "id": 664
            },
            "Text": "thank you",
            "UnixTime": 1589575092
        },
        {
            "Action": "pick_suggestion",
            "ActionLabel": "goodbye_1",
            "ActionLabelOptions": [
                "goodbye_1",
                "trip_ask_departure_time",
                "anything_else"
            ],
            "Agent": "Wizard",
            "PrimaryItem": {
                "APIName": "trip_directions",
                "DetailedWalkingInstructions": [
                    "Walk 2 blocks east on Forbes Avenue towards Murray. You will pass a fire station on your left.",
                    "Turn right and walk for 3 blocks until you arrive at the tall brown church. Cross the street after arriving at the church.",
                    "Turn left and walk for 5 minutes. You will pass a school on your right. Keep going until you see the park on your left.",
                    "Your destination will be on the right besides the Starbucks."
                ],
                "TravelMode": "Walking",
                "TripLengthMinutes": 77,
                "WalkingInstructions": [
                    "Walk 2 blocks east on Forbes Avenue, towards Murray",
                    "Turn right and walk for 3 blocks until you arrive at the church",
                    "Turn left and walk for 5 minutes until you see the park on your left.",
                    "Your destination will be on the right"
                ],
                "id": 664
            },
            "Text": "Thank you and goodbye.",
            "UnixTime": 1589575094
        },
        {
            "Action": "complete",
            "Agent": "User",
            "UnixTime": 1589575096
        }
    ],
    "FORMAT-VERSION": 7,
    "IntroducesConflicts": false,
    "Scenario": {
        "Domains": [
            "trip"
        ],
        "Happy": false,
        "MultiTask": false,
        "UserTask": "Follow the instructions and comments of the MTurk System bot (darker yellow boxes in the dialogue). Do not end the dialogue before the MTurk System bot (not the assistant) has told you to do so. ",
        "WizardCapabilities": [
            {
                "Domain": "trip",
                "SchemaImage": "trip_directions.jpg",
                "Task": "trip_directions"
            }
        ],
        "WizardTask": "Follow the flow charts and help the user. Some facts you should be aware of: \n\n* At the beginning of the conversation, the user's location is Craig and Center\n* At the beginning of the conversation it is 1pm"
    },
    "UserQuestionnaire": [
        {
            "Answer": true,
            "Question": "Did the assistant stay calm and helpful throughout the dialogue?"
        }
    ],
    "WizardQuestionnaire": [
        {
            "Answer": true,
            "Question": "Did the user change his/her mind about what he/she wants at any time?"
        },
        {
            "Answer": false,
            "Question": "Did the user become aggressive or annoyed during the dialogue? (Note: some users may be instructed to be annoying.)"
        },
        {
            "Answer": false,
            "Question": "Where you unsure about what to do at any time? (Feel free to send us an email with details.)"
        }
    ]
}