{
    "AnonymizedUserWorkerID": "348e8d2f-ab94-60d9-68e4-3b9a35a75d8b",
    "AnonymizedWizardWorkerID": "f76f8d4d-5223-f6a7-71bb-8abf87118490",
    "BatchID": "woz_1589554725",
    "CompletionLevel": "Complete",
    "DialogueID": 4775,
    "Events": [
        {
            "Action": "instruct",
            "Agent": "UserGuide",
            "Text": "Contact your ship's onboard computer (AI Assistant) and ask for help or explain the situation. (See instructions on the left panel.) [instruction 1 of 5]",
            "UnixTime": 1589599338
        },
        {
            "Action": "utter",
            "Agent": "User",
            "Text": "I need help!",
            "UnixTime": 1589599356,
            "PredictedBeliefState": {},
            "ActionLabel": [
                "user_hello"
            ]
        },
        {
            "Action": "request_suggestions",
            "Agent": "Wizard",
            "Text": "help",
            "UnixTime": 1589599361
        },
        {
            "Action": "pick_suggestion",
            "ActionLabel": "hello",
            "ActionLabelOptions": [
                "hello",
                "spaceship_ask_code",
                "ask_name"
            ],
            "Agent": "Wizard",
            "Text": "Hello, how can I help?",
            "UnixTime": 1589599363
        },
        {
            "Action": "utter",
            "Agent": "User",
            "Text": "My spaceship is under attack",
            "UnixTime": 1589599374,
            "PredictedBeliefState": {},
            "ActionLabel": [
                "user_spaceshipcodes_ask_access"
            ]
        },
        {
            "Action": "instruct",
            "Agent": "UserGuide",
            "Text": "Boom! You hear explosions all around you. [instruction 2 of 5]",
            "UnixTime": 1589599374
        },
        {
            "Action": "request_suggestions",
            "Agent": "Wizard",
            "Text": "May I have na,e",
            "UnixTime": 1589599385
        },
        {
            "Action": "pick_suggestion",
            "ActionLabel": "ask_name",
            "ActionLabelOptions": [
                "spaceship_ask_code",
                "spaceship_ask_rank",
                "ask_name"
            ],
            "Agent": "Wizard",
            "Text": "Please provide your name.",
            "UnixTime": 1589599388
        },
        {
            "Action": "utter",
            "Agent": "User",
            "Text": "There are explosions everywhere!",
            "UnixTime": 1589599395,
            "PredictedBeliefState": {},
            "ActionLabel": []
        },
        {
            "Action": "instruct",
            "Agent": "UserGuide",
            "Text": "You get a message on your communicator. Apparently you just got promoted to acting captain. [instruction 3 of 5]",
            "UnixTime": 1589599395
        },
        {
            "Action": "request_suggestions",
            "Agent": "Wizard",
            "Text": "Please name",
            "UnixTime": 1589599405
        },
        {
            "Action": "pick_suggestion",
            "ActionLabel": "ask_name",
            "ActionLabelOptions": [
                "ask_name",
                "spaceship_inform_nothing_found",
                "spaceship_bye"
            ],
            "Agent": "Wizard",
            "Text": "Please provide your name.",
            "UnixTime": 1589599408
        },
        {
            "Action": "utter",
            "Agent": "User",
            "Text": "Yoda",
            "UnixTime": 1589599413,
            "PredictedBeliefState": {
                "UserName": "yoda"
            },
            "ActionLabel": [
                "user_spaceshipcodes_inform_name"
            ]
        },
        {
            "Action": "instruct",
            "Agent": "UserGuide",
            "Text": "For some reason (imagine something) you now know that the Clearance Code is 639431. [instruction 4 of 5]",
            "UnixTime": 1589599413
        },
        {
            "Action": "request_suggestions",
            "Agent": "Wizard",
            "Text": "rank",
            "UnixTime": 1589599426
        },
        {
            "Action": "pick_suggestion",
            "ActionLabel": "spaceship_ask_rank",
            "ActionLabelOptions": [
                "spaceship_ask_rank",
                "spaceship_bye",
                "spaceship_ask_code_type"
            ],
            "Agent": "Wizard",
            "Text": "Please provide your rank.",
            "UnixTime": 1589599427
        },
        {
            "Action": "utter",
            "Agent": "User",
            "Text": "First Officer",
            "UnixTime": 1589599438,
            "PredictedBeliefState": {
                "UserRank": "first officer",
                "UserName": "yoda"
            },
            "ActionLabel": [
                "user_spaceshipcodes_inform_rank"
            ]
        },
        {
            "Action": "instruct",
            "Agent": "UserGuide",
            "Text": "Once the door is open (not before!), you can enter the combat deck and save the ship by ending the conversation. [instruction 5 of 5]",
            "UnixTime": 1589599438
        },
        {
            "Action": "request_suggestions",
            "Agent": "Wizard",
            "Text": "code",
            "UnixTime": 1589599444
        },
        {
            "Action": "pick_suggestion",
            "ActionLabel": "spaceship_ask_code",
            "ActionLabelOptions": [
                "spaceship_ask_code",
                "hello",
                "ask_name"
            ],
            "Agent": "Wizard",
            "Text": "Please enter the code.",
            "UnixTime": 1589599447
        },
        {
            "Action": "utter",
            "Agent": "User",
            "Text": "I do not have a code",
            "UnixTime": 1589599452,
            "PredictedBeliefState": {
                "UserRank": "first officer",
                "UserName": "yoda"
            },
            "ActionLabel": []
        },
        {
            "Action": "request_suggestions",
            "Agent": "Wizard",
            "Text": "I need a code to help with your request.",
            "UnixTime": 1589599488
        },
        {
            "Action": "utter",
            "Agent": "Wizard",
            "Text": "I need a code to help with your request.",
            "UnixTime": 1589599495
        },
        {
            "Action": "utter",
            "Agent": "User",
            "Text": "I just got information on my communicator I am now acting captain",
            "UnixTime": 1589599513,
            "PredictedBeliefState": {
                "UserRank": "captain",
                "UserName": "yoda"
            },
            "ActionLabel": [
                "user_spaceshipcodes_inform_rank",
                "user_bad_label"
            ]
        },
        {
            "Action": "request_suggestions",
            "Agent": "Wizard",
            "Text": "Great! Can you provide a code now?",
            "UnixTime": 1589599537
        },
        {
            "Action": "utter",
            "Agent": "Wizard",
            "Text": "Great! Can you provide a code now?",
            "UnixTime": 1589599542
        },
        {
            "Action": "utter",
            "Agent": "User",
            "Text": "I was given these numbers over the communicator maybe it is what you need 639431",
            "UnixTime": 1589599562,
            "PredictedBeliefState": {
                "UserName": "yoda",
                "Code": "639431",
                "UserRank": "captain"
            },
            "ActionLabel": [
                "user_spaceshipcodes_inform_code",
                "user_bad_label"
            ]
        },
        {
            "Action": "request_suggestions",
            "Agent": "Wizard",
            "Text": "type",
            "UnixTime": 1589599576
        },
        {
            "Action": "pick_suggestion",
            "ActionLabel": "spaceship_ask_code_type",
            "ActionLabelOptions": [
                "spaceship_ask_code_type",
                "spaceship_inform_nothing_found",
                "spaceship_bye"
            ],
            "Agent": "Wizard",
            "Text": "Please specify the code type.",
            "UnixTime": 1589599579
        },
        {
            "Action": "utter",
            "Agent": "User",
            "Text": "clearance ",
            "UnixTime": 1589599590,
            "PredictedBeliefState": {
                "Code": "639431",
                "UserName": "yoda",
                "UserRank": "captain",
                "CodeType": "clearance"
            },
            "ActionLabel": [
                "user_spaceshipcodes_inform_codetype"
            ]
        },
        {
            "APIName": "spaceship_access_codes",
            "Action": "query",
            "Agent": "Wizard",
            "Constraints": [
                {
                    "UserName": "\"Yoda\""
                },
                {
                    "UserRank": "\"Captain\""
                },
                {
                    "Code": "639431"
                },
                {
                    "CodeType": "api.is_equal_to(\"Clearance\")"
                }
            ],
            "UnixTime": 1589599597
        },
        {
            "APIName": "spaceship_access_codes",
            "Action": "return_item",
            "Agent": "KnowledgeBase",
            "Item": {
                "APIName": "spaceship_access_codes",
                "Message": "The door is now unlocked."
            },
            "TotalItems": -1,
            "PredictedBeliefState": {
                "Code": "639431",
                "UserName": "yoda",
                "UserRank": "captain",
                "CodeType": "clearance"
            },
            "ActionLabel": [
                "db_spaceshipcodes_inform_outcome_pos"
            ]
        },
        {
            "Action": "request_suggestions",
            "Agent": "Wizard",
            "PrimaryItem": {
                "APIName": "spaceship_access_codes",
                "Message": "The door is now unlocked."
            },
            "Text": "unlocked",
            "UnixTime": 1589599605
        },
        {
            "Action": "pick_suggestion",
            "ActionLabel": "spaceship_inform_outcome",
            "ActionLabelOptions": [
                "spaceship_inform_outcome",
                "anything_else",
                "hello"
            ],
            "Agent": "Wizard",
            "PrimaryItem": {
                "APIName": "spaceship_access_codes",
                "Message": "The door is now unlocked."
            },
            "Text": "The door is now unlocked.",
            "UnixTime": 1589599607
        },
        {
            "Action": "utter",
            "Agent": "User",
            "Text": "Awesome! I just saved the ship",
            "UnixTime": 1589599630,
            "PredictedBeliefState": {
                "Code": "639431",
                "UserName": "yoda",
                "UserRank": "captain",
                "CodeType": "clearance"
            },
            "ActionLabel": [
                "user_spaceshipcodes_thanks"
            ]
        },
        {
            "Action": "request_suggestions",
            "Agent": "Wizard",
            "PrimaryItem": {
                "APIName": "spaceship_access_codes",
                "Message": "The door is now unlocked."
            },
            "Text": "Is there anything else",
            "UnixTime": 1589599639
        },
        {
            "Action": "pick_suggestion",
            "ActionLabel": "anything_else",
            "ActionLabelOptions": [
                "anything_else",
                "spaceship_inform_nothing_found",
                "spaceship_bye"
            ],
            "Agent": "Wizard",
            "PrimaryItem": {
                "APIName": "spaceship_access_codes",
                "Message": "The door is now unlocked."
            },
            "Text": "Is there anything else that I can do for you?",
            "UnixTime": 1589599641
        },
        {
            "Action": "utter",
            "Agent": "User",
            "Text": "no",
            "UnixTime": 1589599644,
            "PredictedBeliefState": {
                "Code": "639431",
                "UserName": "yoda",
                "CodeType": "clearance",
                "UserRank": "captain"
            },
            "ActionLabel": [
                "user_spaceshipcodes_goodbye"
            ]
        },
        {
            "Action": "request_suggestions",
            "Agent": "Wizard",
            "PrimaryItem": {
                "APIName": "spaceship_access_codes",
                "Message": "The door is now unlocked."
            },
            "Text": "THanks",
            "UnixTime": 1589599649
        },
        {
            "Action": "pick_suggestion",
            "ActionLabel": "spaceship_bye",
            "ActionLabelOptions": [
                "spaceship_bye",
                "ask_name",
                "hello"
            ],
            "Agent": "Wizard",
            "PrimaryItem": {
                "APIName": "spaceship_access_codes",
                "Message": "The door is now unlocked."
            },
            "Text": "Goodbye.",
            "UnixTime": 1589599651
        },
        {
            "Action": "complete",
            "Agent": "User",
            "UnixTime": 1589599653
        }
    ],
    "FORMAT-VERSION": 7,
    "IntroducesConflicts": false,
    "Scenario": {
        "Domains": [
            "spaceship"
        ],
        "Happy": false,
        "MultiTask": false,
        "UserTask": "Your spaceship is under attack! You must enter the combat deck to mount a counterattack. Unfortunately, you are locked out. Please work with the spaceship's onboard computer to unlock the door. You (Yoda) are the ship's First Officer. But you don't know the Clearance Code (yet).",
        "WizardCapabilities": [
            {
                "Domain": "spaceship",
                "SchemaImage": "spaceship_access_codes.jpg",
                "Task": "spaceship_access_codes"
            }
        ],
        "WizardTask": "Act as the spaceship's onboard computer and help the user unlock the combat deck."
    },
    "UserQuestionnaire": [
        {
            "Answer": true,
            "Question": "Did the ship's computer unlock the door to the combat deck?"
        },
        {
            "Answer": true,
            "Question": "Did the ship's computer stay calm and helpful throughout the dialogue?"
        },
        {
            "Answer": true,
            "Question": "Did you enjoy this task?"
        }
    ],
    "WizardQuestionnaire": [
        {
            "Answer": false,
            "Question": "Did the user change his/her mind about what he/she wants at any time?"
        },
        {
            "Answer": false,
            "Question": "Did the user become aggressive or annoyed during the dialogue? (Note: some users may be instructed to be annoying.)"
        },
        {
            "Answer": false,
            "Question": "Where you unsure about what to do at any time? (Feel free to send us an email with details.)"
        }
    ]
}