{
    "AnonymizedUserWorkerID": "3edcce52-bbdf-48d8-3d95-d45dad2e0182",
    "AnonymizedWizardWorkerID": "1777b3e5-9e12-0a4d-288e-a8708b011a07",
    "BatchID": "woz_1589305371",
    "CompletionLevel": "Complete",
    "DialogueID": 4847,
    "Events": [
        {
            "Action": "utter",
            "Agent": "User",
            "Text": "Hi! I need some help planning a party",
            "UnixTime": 1589312663,
            "PredictedBeliefState": {},
            "ActionLabel": [
                "user_party_plan_ask_party_plan"
            ]
        },
        {
            "Action": "request_suggestions",
            "Agent": "Wizard",
            "Text": "Where would you like to hold the party?",
            "UnixTime": 1589312687
        },
        {
            "Action": "pick_suggestion",
            "ActionLabel": "party_ask_venue",
            "ActionLabelOptions": [
                "party_ask_venue",
                "party_ask_drinks"
            ],
            "Agent": "Wizard",
            "Text": "At what venue would you like to have your party organised?",
            "UnixTime": 1589312692
        },
        {
            "Action": "utter",
            "Agent": "User",
            "Text": "North Heights Venue for Monday from 9 pm",
            "UnixTime": 1589312715,
            "PredictedBeliefState": {
                "Day": "monday",
                "StartTimeHour": "9 pm",
                "Name": "north heights venue"
            },
            "ActionLabel": [
                "user_party_plan_inform_day",
                "user_party_plan_inform_starting_time",
                "user_party_plan_inform_venue"
            ]
        },
        {
            "Action": "request_suggestions",
            "Agent": "Wizard",
            "Text": "What is your name please.",
            "UnixTime": 1589312764
        },
        {
            "Action": "pick_suggestion",
            "ActionLabel": "ask_name",
            "ActionLabelOptions": [
                "ask_name",
                "party_ask_starting_time"
            ],
            "Agent": "Wizard",
            "Text": "May I have your name, please?",
            "UnixTime": 1589312767
        },
        {
            "Action": "utter",
            "Agent": "User",
            "Text": "John",
            "UnixTime": 1589312803,
            "PredictedBeliefState": {
                "HostName": "john",
                "Day": "monday",
                "Name": "north heights venue",
                "StartTimeHour": "9 pm"
            },
            "ActionLabel": [
                "user_party_plan_inform_name"
            ]
        },
        {
            "Action": "request_suggestions",
            "Agent": "Wizard",
            "Text": "food drink",
            "UnixTime": 1589312817
        },
        {
            "Action": "pick_suggestion",
            "ActionLabel": "party_ask_food",
            "ActionLabelOptions": [
                "party_ask_food",
                "party_ask_drinks"
            ],
            "Agent": "Wizard",
            "Text": "Would you like to order any particular type of food?",
            "UnixTime": 1589312821
        },
        {
            "Action": "utter",
            "Agent": "User",
            "Text": "Nothing specific",
            "UnixTime": 1589312873,
            "PredictedBeliefState": {
                "FoodRequest": "dontcare",
                "StartTimeHour": "9 pm",
                "Day": "monday",
                "Name": "north heights venue",
                "HostName": "john"
            },
            "ActionLabel": [
                "user_party_plan_inform_food"
            ]
        },
        {
            "Action": "request_suggestions",
            "Agent": "Wizard",
            "Text": "How many guests will you have",
            "UnixTime": 1589312900
        },
        {
            "Action": "pick_suggestion",
            "ActionLabel": "party_ask_number_of_guests",
            "ActionLabelOptions": [
                "party_ask_number_of_guests",
                "party_ask_end_time"
            ],
            "Agent": "Wizard",
            "Text": "How many people would you like to invite?",
            "UnixTime": 1589312904
        },
        {
            "Action": "utter",
            "Agent": "User",
            "Text": "41",
            "UnixTime": 1589312913,
            "PredictedBeliefState": {
                "Name": "north heights venue",
                "HostName": "john",
                "StartTimeHour": "9 pm",
                "FoodRequest": "dontcare",
                "NumberGuests": "41",
                "Day": "monday"
            },
            "ActionLabel": [
                "user_party_plan_inform_number_of_guests"
            ]
        },
        {
            "APIName": "party_plan",
            "Action": "query",
            "Agent": "Wizard",
            "Constraints": [
                {
                    "Name": "\"North Heights Venue\""
                },
                {
                    "HostName": "\"John\""
                },
                {
                    "Day": "\"Monday\""
                },
                {
                    "StartTimeHour": "\"9 pm\""
                },
                {
                    "NumberGuests": "41"
                },
                {
                    "RequestType": "\"Check\""
                }
            ],
            "UnixTime": 1589312923
        },
        {
            "APIName": "party_plan",
            "Action": "return_item",
            "Agent": "KnowledgeBase",
            "Item": {
                "APIName": "party_plan",
                "Day": "Monday",
                "Message": "The venue is available.",
                "Time": "9 pm",
                "VenueName": "North Heights Venue"
            },
            "TotalItems": -1,
            "PredictedBeliefState": {
                "Name": "north heights venue",
                "HostName": "john",
                "StartTimeHour": "9 pm",
                "FoodRequest": "dontcare",
                "NumberGuests": "41",
                "Day": "monday"
            },
            "ActionLabel": [
                "db_party_venue_available"
            ]
        },
        {
            "Action": "request_suggestions",
            "Agent": "Wizard",
            "PrimaryItem": {
                "APIName": "party_plan",
                "Day": "Monday",
                "Message": "The venue is available.",
                "Time": "9 pm",
                "VenueName": "North Heights Venue"
            },
            "Text": "venue",
            "UnixTime": 1589312936
        },
        {
            "Action": "pick_suggestion",
            "ActionLabel": "party_ask_confirm_booking",
            "ActionLabelOptions": [
                "party_ask_confirm_booking",
                "party_ask_venue"
            ],
            "Agent": "Wizard",
            "PrimaryItem": {
                "APIName": "party_plan",
                "Day": "Monday",
                "Message": "The venue is available.",
                "Time": "9 pm",
                "VenueName": "North Heights Venue"
            },
            "Text": "OK, the North Heights Venue would be happy to accommodate you on Monday @ 9 pm.\nCan I book it for you now?",
            "UnixTime": 1589312941
        },
        {
            "Action": "utter",
            "Agent": "User",
            "Text": "yes pleae!!",
            "UnixTime": 1589313043,
            "PredictedBeliefState": {
                "Name": "north heights venue",
                "FoodRequest": "dontcare",
                "StartTimeHour": "9 pm",
                "NumberGuests": "41",
                "HostName": "john",
                "Day": "monday"
            },
            "ActionLabel": [
                "user_bad_label"
            ]
        },
        {
            "Action": "request_suggestions",
            "Agent": "Wizard",
            "PrimaryItem": {
                "APIName": "party_plan",
                "Day": "Monday",
                "Message": "The venue is available.",
                "Time": "9 pm",
                "VenueName": "North Heights Venue"
            },
            "Text": "ok",
            "UnixTime": 1589313052
        },
        {
            "Action": "pick_suggestion",
            "ActionLabel": "goodbye_1",
            "ActionLabelOptions": [
                "goodbye_1",
                "out_of_scope"
            ],
            "Agent": "Wizard",
            "PrimaryItem": {
                "APIName": "party_plan",
                "Day": "Monday",
                "Message": "The venue is available.",
                "Time": "9 pm",
                "VenueName": "North Heights Venue"
            },
            "Text": "Thank you and goodbye.",
            "UnixTime": 1589313066
        },
        {
            "Action": "complete",
            "Agent": "User",
            "UnixTime": 1589313084
        }
    ],
    "FORMAT-VERSION": 7,
    "IntroducesConflicts": false,
    "Scenario": {
        "Domains": [
            "party"
        ],
        "Happy": true,
        "MultiTask": false,
        "UserTask": "You are John and would like to plan a party. For the venue, you'd like to reserve North Heights Venue for Monday from 9 pm. You are anticipating 41 guests.",
        "WizardCapabilities": [
            {
                "Domain": "party",
                "SchemaImage": "party_plan.jpg",
                "Task": "party_plan"
            }
        ],
        "WizardTask": "Help the user plan a party!"
    },
    "UserQuestionnaire": [
        {
            "Answer": true,
            "Question": "Did the AI Assistant reserve your venue for the party?"
        },
        {
            "Answer": true,
            "Question": "Did the AI Assistant stay calm and helpful throughout the dialogue?"
        }
    ],
    "WizardQuestionnaire": [
        {
            "Answer": false,
            "Question": "Did the user change his/her mind about what he/she wants at any time?"
        },
        {
            "Answer": false,
            "Question": "Did the user become aggressive or annoyed during the dialogue? (Note: some users may be instructed to be annoying.)"
        },
        {
            "Answer": false,
            "Question": "Where you unsure about what to do at any time? (Feel free to send us an email with details.)"
        }
    ]
}