{
    "AnonymizedUserWorkerID": "2c7d35f2-199d-86d6-e70c-f2467c2456fa",
    "AnonymizedWizardWorkerID": "bdb1200a-cacd-8d8d-107d-932e4bffd026",
    "BatchID": "woz_1589320803",
    "CompletionLevel": "Complete",
    "DialogueID": 4869,
    "Events": [
        {
            "Action": "utter",
            "Agent": "User",
            "Text": "Hello",
            "UnixTime": 1589328704,
            "PredictedBeliefState": {},
            "ActionLabel": [
                "user_bad_label"
            ]
        },
        {
            "Action": "request_suggestions",
            "Agent": "Wizard",
            "Text": "n",
            "UnixTime": 1589328717
        },
        {
            "Action": "utter",
            "Agent": "Wizard",
            "Text": "Hello, how can I help you today?",
            "UnixTime": 1589328734
        },
        {
            "Action": "utter",
            "Agent": "User",
            "Text": "Hi, I'm looking for a moderate hotel here in town.",
            "UnixTime": 1589328780,
            "PredictedBeliefState": {
                "Cost": "moderate"
            },
            "ActionLabel": [
                "user_hotel_search_inform_price",
                "user_bad_label"
            ]
        },
        {
            "Action": "request_suggestions",
            "Agent": "Wizard",
            "Text": "Okay",
            "UnixTime": 1589328796
        },
        {
            "APIName": "hotel_search",
            "Action": "query",
            "Agent": "Wizard",
            "Constraints": [],
            "UnixTime": 1589328836
        },
        {
            "APIName": "hotel_search",
            "Action": "return_item",
            "Agent": "KnowledgeBase",
            "Item": {
                "APIName": "hotel_search",
                "AverageRating": 1,
                "Cost": "Moderate",
                "Location": "Center",
                "Name": "Hilton Hotel",
                "Service": false,
                "TakesReservations": false,
                "id": 664
            },
            "TotalItems": 1000,
            "PredictedBeliefState": {
                "Cost": "moderate"
            },
            "ActionLabel": [
                "result_bad_label"
            ]
        },
        {
            "Action": "request_suggestions",
            "Agent": "Wizard",
            "PrimaryItem": {
                "APIName": "hotel_search",
                "AverageRating": 1,
                "Cost": "Moderate",
                "Location": "Center",
                "Name": "Hilton Hotel",
                "Service": false,
                "TakesReservations": false,
                "id": 664
            },
            "Text": "Th",
            "UnixTime": 1589328852
        },
        {
            "Action": "utter",
            "Agent": "Wizard",
            "PrimaryItem": {
                "APIName": "hotel_search",
                "AverageRating": 1,
                "Cost": "Moderate",
                "Location": "Center",
                "Name": "Hilton Hotel",
                "Service": false,
                "TakesReservations": false,
                "id": 664
            },
            "Text": "Ddi you have a particular location in mind?",
            "UnixTime": 1589328909
        },
        {
            "Action": "utter",
            "Agent": "User",
            "Text": "yes, the east part of town",
            "UnixTime": 1589328920,
            "PredictedBeliefState": {
                "Location": "east",
                "Cost": "moderate"
            },
            "ActionLabel": [
                "user_hotel_search_inform_location",
                "user_hotel_search_ask_hotel_search"
            ]
        },
        {
            "Action": "request_suggestions",
            "Agent": "Wizard",
            "PrimaryItem": {
                "APIName": "hotel_search",
                "AverageRating": 1,
                "Cost": "Moderate",
                "Location": "Center",
                "Name": "Hilton Hotel",
                "Service": false,
                "TakesReservations": false,
                "id": 664
            },
            "Text": "Okay no problem. Now, did you have a particular chain in mind?",
            "UnixTime": 1589329004
        },
        {
            "Action": "pick_suggestion",
            "ActionLabel": "hotel_ask_name",
            "ActionLabelOptions": [
                "hotel_ask_name",
                "hotel_ask_location"
            ],
            "Agent": "Wizard",
            "PrimaryItem": {
                "APIName": "hotel_search",
                "AverageRating": 1,
                "Cost": "Moderate",
                "Location": "Center",
                "Name": "Hilton Hotel",
                "Service": false,
                "TakesReservations": false,
                "id": 664
            },
            "Text": "What Hotel would you like to stay at?",
            "UnixTime": 1589329016
        },
        {
            "Action": "utter",
            "Agent": "User",
            "Text": "Find one for me please.",
            "UnixTime": 1589329032,
            "PredictedBeliefState": {
                "Cost": "moderate",
                "Location": "east"
            },
            "ActionLabel": []
        },
        {
            "Action": "request_suggestions",
            "Agent": "Wizard",
            "PrimaryItem": {
                "APIName": "hotel_search",
                "AverageRating": 1,
                "Cost": "Moderate",
                "Location": "Center",
                "Name": "Hilton Hotel",
                "Service": false,
                "TakesReservations": false,
                "id": 664
            },
            "Text": "I can do that. Do you have a rating preference?",
            "UnixTime": 1589329055
        },
        {
            "Action": "pick_suggestion",
            "ActionLabel": "hotel_ask_rating",
            "ActionLabelOptions": [
                "hotel_ask_rating",
                "hotel_ask_location"
            ],
            "Agent": "Wizard",
            "PrimaryItem": {
                "APIName": "hotel_search",
                "AverageRating": 1,
                "Cost": "Moderate",
                "Location": "Center",
                "Name": "Hilton Hotel",
                "Service": false,
                "TakesReservations": false,
                "id": 664
            },
            "Text": "Do you have any preferences ratingwise?",
            "UnixTime": 1589329058
        },
        {
            "Action": "utter",
            "Agent": "User",
            "Text": "moderate rating",
            "UnixTime": 1589329066,
            "PredictedBeliefState": {
                "Cost": "moderate",
                "Location": "east"
            },
            "ActionLabel": [
                "user_bad_label"
            ]
        },
        {
            "APIName": "hotel_search",
            "Action": "query",
            "Agent": "Wizard",
            "Constraints": [
                {
                    "Location": "\"East\""
                },
                {
                    "Cost": "\"Moderate\""
                },
                {
                    "AverageRating": "3"
                }
            ],
            "PrimaryItem": {
                "APIName": "hotel_search",
                "AverageRating": 1,
                "Cost": "Moderate",
                "Location": "Center",
                "Name": "Hilton Hotel",
                "Service": false,
                "TakesReservations": false,
                "id": 664
            },
            "UnixTime": 1589329104
        },
        {
            "APIName": "hotel_search",
            "Action": "return_item",
            "Agent": "KnowledgeBase",
            "Item": {
                "APIName": "hotel_search",
                "AverageRating": 3,
                "Cost": "Moderate",
                "Location": "East",
                "Name": "Hyatt Hotel",
                "Service": false,
                "TakesReservations": false,
                "id": 672
            },
            "TotalItems": 13,
            "PredictedBeliefState": {
                "Cost": "moderate",
                "Location": "east"
            },
            "ActionLabel": [
                "db_hotel_provide_search_result"
            ]
        },
        {
            "Action": "request_suggestions",
            "Agent": "Wizard",
            "PrimaryItem": {
                "APIName": "hotel_search",
                "AverageRating": 3,
                "Cost": "Moderate",
                "Location": "East",
                "Name": "Hyatt Hotel",
                "Service": false,
                "TakesReservations": false,
                "id": 672
            },
            "Text": "Okay, my first match is Hyatt Hotel. It's in the East part of town and has a moderate average rating. Is that acceptable?",
            "UnixTime": 1589329162
        },
        {
            "Action": "pick_suggestion",
            "ActionLabel": "hotel_provide_search_result",
            "ActionLabelOptions": [
                "hotel_provide_search_result",
                "hotel_inform_name"
            ],
            "Agent": "Wizard",
            "PrimaryItem": {
                "APIName": "hotel_search",
                "AverageRating": 3,
                "Cost": "Moderate",
                "Location": "East",
                "Name": "Hyatt Hotel",
                "Service": false,
                "TakesReservations": false,
                "id": 672
            },
            "Text": "OK, I have found the 'Hyatt Hotel', located East. It is in the Moderate price category and has an average rating of 3.",
            "UnixTime": 1589329167
        },
        {
            "Action": "utter",
            "Agent": "User",
            "Text": "That sounds good.",
            "UnixTime": 1589329180,
            "PredictedBeliefState": {
                "Name": "hyatt hotel",
                "Location": "east",
                "Cost": "moderate"
            },
            "ActionLabel": [
                "user_hotel_search_inform_name",
                "user_bad_label"
            ]
        },
        {
            "Action": "request_suggestions",
            "Agent": "Wizard",
            "PrimaryItem": {
                "APIName": "hotel_search",
                "AverageRating": 3,
                "Cost": "Moderate",
                "Location": "East",
                "Name": "Hyatt Hotel",
                "Service": false,
                "TakesReservations": false,
                "id": 672
            },
            "Text": "Great",
            "UnixTime": 1589329215
        },
        {
            "Action": "utter",
            "Agent": "Wizard",
            "PrimaryItem": {
                "APIName": "hotel_search",
                "AverageRating": 3,
                "Cost": "Moderate",
                "Location": "East",
                "Name": "Hyatt Hotel",
                "Service": false,
                "TakesReservations": false,
                "id": 672
            },
            "Text": "Great! Is there anything else I can do for you?",
            "UnixTime": 1589329246
        },
        {
            "Action": "utter",
            "Agent": "User",
            "Text": "No. Goodbye",
            "UnixTime": 1589329254,
            "PredictedBeliefState": {
                "Name": "hyatt hotel",
                "Cost": "moderate",
                "Location": "east"
            },
            "ActionLabel": [
                "user_bad_label"
            ]
        },
        {
            "Action": "request_suggestions",
            "Agent": "Wizard",
            "PrimaryItem": {
                "APIName": "hotel_search",
                "AverageRating": 3,
                "Cost": "Moderate",
                "Location": "East",
                "Name": "Hyatt Hotel",
                "Service": false,
                "TakesReservations": false,
                "id": 672
            },
            "Text": "th",
            "UnixTime": 1589329259
        },
        {
            "Action": "utter",
            "Agent": "Wizard",
            "PrimaryItem": {
                "APIName": "hotel_search",
                "AverageRating": 3,
                "Cost": "Moderate",
                "Location": "East",
                "Name": "Hyatt Hotel",
                "Service": false,
                "TakesReservations": false,
                "id": 672
            },
            "Text": "Thank you. Goodbye.",
            "UnixTime": 1589329277
        },
        {
            "Action": "complete",
            "Agent": "User",
            "UnixTime": 1589329282
        }
    ],
    "FORMAT-VERSION": 7,
    "IntroducesConflicts": true,
    "Scenario": {
        "Domains": [
            "hotel"
        ],
        "Happy": true,
        "MultiTask": false,
        "UserTask": "Search for a Moderate hotel that is not in the East part of town and note its name.",
        "WizardCapabilities": [
            {
                "Domain": "hotel",
                "SchemaImage": "hotel_search.jpg",
                "Task": "hotel_search"
            }
        ],
        "WizardTask": "Help the user find a specific hotel. "
    },
    "UserQuestionnaire": [
        {
            "Answer": true,
            "Question": "Did the AI Assistant find you a suitable hotel?"
        },
        {
            "Answer": true,
            "Question": "Did the AI Assistant stay calm and helpful throughout the dialogue?"
        }
    ],
    "WizardQuestionnaire": [
        {
            "Answer": false,
            "Question": "Did the user change his/her mind about what he/she wants at any time?"
        },
        {
            "Answer": false,
            "Question": "Did the user become aggressive or annoyed during the dialogue? (Note: some users may be instructed to be annoying.)"
        },
        {
            "Answer": false,
            "Question": "Where you unsure about what to do at any time? (Feel free to send us an email with details.)"
        }
    ]
}