{
  "AnonymizedUserWorkerID": "cb97a040-7b86-f38b-609b-d02e964a24ba",
  "AnonymizedWizardWorkerID": "dc410db6-99a7-fbc2-7a24-3166850dd658",
  "BatchID": "woz_1590253362",
  "CompletionLevel": "EarlyDisconnectDuringDialogue",
  "DialogueID": 4886,
  "Events": [
    {
      "Action": "instruct",
      "Agent": "UserGuide",
      "Text": "Use your imagination to generate a conversation about the topics 'Reserving a table at a restaurant', 'Bank balance checking' and 'Filing a bank fraud report' (in any order), as shown on the left. You may also play up to two rounds of trivia with the assistant.  [instruction 1 of 9]",
      "UnixTime": 1590277317
    },
    {
      "Action": "utter",
      "Agent": "User",
      "Text": "Hey I need to file a bank fraud report.",
      "UnixTime": 1590277338
    },
    {
      "Action": "select_task",
      "Agent": "Wizard",
      "Task": "bank_fraud_report",
      "UnixTime": 1590277396
    }
  ],
  "FORMAT-VERSION": 7,
  "IntroducesConflicts": false,
  "Scenario": {
    "Domains": [
      "bank",
      "restaurant",
      "trivia"
    ],
    "Happy": false,
    "MultiTask": true,
    "UserTask": "Come up with your own scenario!\n\nAbout you:\n- Your name: John Smith\n- Your bank account: 93418043810 at PNC, but you don't know your PIN\n- Your date of birth is 08/06/1963\n- Your mother's maiden name is Wong\n- Your childhood pet is Poppy\n- Today is Thursday the 8th of June, 5 pm\n\n The AI Assistant can handle:\n- Checking bank balance\n- Filing a bank fraud report\n- Reserving a table at a restaurant (e.g. Tamarind or Cactus Club) for today\n- A game of trivia",
    "WizardCapabilities": [
      {
        "Domain": "restaurant",
        "SchemaImage": "restaurant_book.jpg",
        "Task": "restaurant_book"
      },
      {
        "Domain": "bank",
        "SchemaImage": "bank_balance.jpg",
        "Task": "bank_balance"
      },
      {
        "Domain": "bank",
        "SchemaImage": "bank_fraud_report.jpg",
        "Task": "bank_fraud_report"
      },
      {
        "Domain": "trivia",
        "SchemaImage": "trivia.jpg",
        "Task": "trivia"
      }
    ],
    "WizardTask": "Follow the flow charts and help the user. Assume:\n\n- Today is Thursday the 8th of June, 5 pm"
  },
  "UserQuestionnaire": [],
  "WizardQuestionnaire": []
}