{
  "AnonymizedUserWorkerID": "58be375a-caa2-7735-72af-2683a9d7dda2",
  "AnonymizedWizardWorkerID": "06e6755f-be58-d1ca-998c-b87e3a0d8c19",
  "BatchID": "woz_1590253362",
  "CompletionLevel": "Complete",
  "DialogueID": 4953,
  "Events": [
    {
      "Action": "instruct",
      "Agent": "UserGuide",
      "Text": "Use your imagination to generate a conversation about the topics 'Find apartment', 'Schedule apartment viewing' and 'Calling a ride' (in any order), as shown on the left. You may also ask the assistant to check the weather.  [instruction 1 of 8]",
      "UnixTime": 1590288887
    },
    {
      "Action": "utter",
      "Agent": "User",
      "Text": "hi, i'd like to find an aparmtnet",
      "UnixTime": 1590288900
    },
    {
      "Action": "request_suggestions",
      "Agent": "Wizard",
      "Text": "I can filter",
      "UnixTime": 1590288930
    },
    {
      "Action": "pick_suggestion",
      "ActionLabel": "apartment_inform_search_criteria",
      "ActionLabelOptions": [
        "apartment_inform_search_criteria",
        "apartment_ask_balcony",
        "apartment_ask_search_more"
      ],
      "Agent": "Wizard",
      "Text": "I can apply the following filters: number of bedrooms, price, floor, balcony, elevator and nearby POIs.",
      "UnixTime": 1590288933
    },
    {
      "Action": "utter",
      "Agent": "User",
      "Text": "i'd rather it not go above 2000 credits. anything else goes",
      "UnixTime": 1590288963
    },
    {
      "Action": "instruct",
      "Agent": "UserGuide",
      "Text": "You may attempt to do some smalltalk with the AI Assistant at any time. [instruction 2 of 8]",
      "UnixTime": 1590288963
    },
    {
      "Action": "select_task",
      "Agent": "Wizard",
      "Task": "apartment_search",
      "UnixTime": 1590288963
    },
    {
      "APIName": "apartment_search",
      "Action": "query",
      "Agent": "Wizard",
      "Constraints": [
        {
          "Price": "api.is_at_most(2000)"
        }
      ],
      "UnixTime": 1590288990
    },
    {
      "APIName": "apartment_search",
      "Action": "return_item",
      "Agent": "KnowledgeBase",
      "Item": {
        "APIName": "apartment_search",
        "FloorSquareMeters": 103,
        "HasBalcony": false,
        "HasElevator": true,
        "Level": 0,
        "MaxLevel": 5,
        "Name": "North Hill Apartments",
        "NearbyPOIs": [
          "Club",
          "User's gym"
        ],
        "NumRooms": 3,
        "Price": 1870,
        "id": 959
      },
      "TotalItems": 484
    },
    {
      "Action": "request_suggestions",
      "Agent": "Wizard",
      "PrimaryItem": {
        "APIName": "apartment_search",
        "FloorSquareMeters": 103,
        "HasBalcony": false,
        "HasElevator": true,
        "Level": 0,
        "MaxLevel": 5,
        "Name": "North Hill Apartments",
        "NearbyPOIs": [
          "Club",
          "User's gym"
        ],
        "NumRooms": 3,
        "Price": 1870,
        "id": 959
      },
      "Text": "North Hills",
      "UnixTime": 1590289002
    },
    {
      "Action": "pick_suggestion",
      "ActionLabel": "apartment_inform_search_result",
      "ActionLabelOptions": [
        "apartment_inform_search_result",
        "apartment_ask_nearby_pois",
        "hello"
      ],
      "Agent": "Wizard",
      "PrimaryItem": {
        "APIName": "apartment_search",
        "FloorSquareMeters": 103,
        "HasBalcony": false,
        "HasElevator": true,
        "Level": 0,
        "MaxLevel": 5,
        "Name": "North Hill Apartments",
        "NearbyPOIs": [
          "Club",
          "User's gym"
        ],
        "NumRooms": 3,
        "Price": 1870,
        "id": 959
      },
      "Text": "OK, I found a free flat in North Hill Apartments, located near a Club and a User's gym, that is matching your search criteria.\nIt is on level 0, has 103 square meters and 3 bedrooms.\nIt does not have a balcony and has an elevator, and comes at the price of 1870 per month.",
      "UnixTime": 1590289014
    },
    {
      "Action": "utter",
      "Agent": "User",
      "Text": "awesome. can you schedule a viewing for me for today as early as possible?",
      "UnixTime": 1590289037
    },
    {
      "Action": "select_task",
      "Agent": "Wizard",
      "PrimaryItem": {
        "APIName": "apartment_search",
        "FloorSquareMeters": 103,
        "HasBalcony": false,
        "HasElevator": true,
        "Level": 0,
        "MaxLevel": 5,
        "Name": "North Hill Apartments",
        "NearbyPOIs": [
          "Club",
          "User's gym"
        ],
        "NumRooms": 3,
        "Price": 1870,
        "id": 959
      },
      "Task": "apartment_schedule",
      "UnixTime": 1590289044
    },
    {
      "Action": "request_suggestions",
      "Agent": "Wizard",
      "PrimaryItem": {
        "APIName": "apartment_search",
        "FloorSquareMeters": 103,
        "HasBalcony": false,
        "HasElevator": true,
        "Level": 0,
        "MaxLevel": 5,
        "Name": "North Hill Apartments",
        "NearbyPOIs": [
          "Club",
          "User's gym"
        ],
        "NumRooms": 3,
        "Price": 1870,
        "id": 959
      },
      "Text": "What is your",
      "UnixTime": 1590289068
    },
    {
      "Action": "pick_suggestion",
      "ActionLabel": "ask_name",
      "ActionLabelOptions": [
        "ask_name",
        "out_of_scope",
        "apartment_inform_nothing_found",
        "anything_else",
        "apartment_ask_apartment_name",
        "apartment_ask_start_time"
      ],
      "Agent": "Wizard",
      "PrimaryItem": {
        "APIName": "apartment_search",
        "FloorSquareMeters": 103,
        "HasBalcony": false,
        "HasElevator": true,
        "Level": 0,
        "MaxLevel": 5,
        "Name": "North Hill Apartments",
        "NearbyPOIs": [
          "Club",
          "User's gym"
        ],
        "NumRooms": 3,
        "Price": 1870,
        "id": 959
      },
      "Text": "Could you give me your name, please?",
      "UnixTime": 1590289070
    },
    {
      "Action": "utter",
      "Agent": "User",
      "Text": "Ben",
      "UnixTime": 1590289085
    },
    {
      "Action": "request_suggestions",
      "Agent": "Wizard",
      "PrimaryItem": {
        "APIName": "apartment_search",
        "FloorSquareMeters": 103,
        "HasBalcony": false,
        "HasElevator": true,
        "Level": 0,
        "MaxLevel": 5,
        "Name": "North Hill Apartments",
        "NearbyPOIs": [
          "Club",
          "User's gym"
        ],
        "NumRooms": 3,
        "Price": 1870,
        "id": 959
      },
      "Text": "When",
      "UnixTime": 1590289104
    },
    {
      "Action": "pick_suggestion",
      "ActionLabel": "apartment_ask_start_time",
      "ActionLabelOptions": [
        "apartment_inform_search_criteria",
        "goodbye_2",
        "ask_name",
        "apartment_ask_start_time",
        "apartment_inform_booking_successful",
        "apartment_ask_nearby_pois"
      ],
      "Agent": "Wizard",
      "PrimaryItem": {
        "APIName": "apartment_search",
        "FloorSquareMeters": 103,
        "HasBalcony": false,
        "HasElevator": true,
        "Level": 0,
        "MaxLevel": 5,
        "Name": "North Hill Apartments",
        "NearbyPOIs": [
          "Club",
          "User's gym"
        ],
        "NumRooms": 3,
        "Price": 1870,
        "id": 959
      },
      "Text": "When would you like the viewing to start?",
      "UnixTime": 1590289109
    },
    {
      "Action": "utter",
      "Agent": "User",
      "Text": "12 pm",
      "UnixTime": 1590289116
    },
    {
      "Action": "instruct",
      "Agent": "UserGuide",
      "Text": "If you haven't yet, it's time to change topic. You can also go back and forth between topics. [instruction 3 of 8]",
      "UnixTime": 1590289116
    },
    {
      "Action": "request_suggestions",
      "Agent": "Wizard",
      "PrimaryItem": {
        "APIName": "apartment_search",
        "FloorSquareMeters": 103,
        "HasBalcony": false,
        "HasElevator": true,
        "Level": 0,
        "MaxLevel": 5,
        "Name": "North Hill Apartments",
        "NearbyPOIs": [
          "Club",
          "User's gym"
        ],
        "NumRooms": 3,
        "Price": 1870,
        "id": 959
      },
      "Text": "What day",
      "UnixTime": 1590289126
    },
    {
      "Action": "pick_suggestion",
      "ActionLabel": "apartment_ask_day",
      "ActionLabelOptions": [
        "apartment_ask_day",
        "apartment_ask_nearby_pois",
        "apartment_ask_price",
        "goodbye_2",
        "out_of_scope",
        "hello"
      ],
      "Agent": "Wizard",
      "PrimaryItem": {
        "APIName": "apartment_search",
        "FloorSquareMeters": 103,
        "HasBalcony": false,
        "HasElevator": true,
        "Level": 0,
        "MaxLevel": 5,
        "Name": "North Hill Apartments",
        "NearbyPOIs": [
          "Club",
          "User's gym"
        ],
        "NumRooms": 3,
        "Price": 1870,
        "id": 959
      },
      "Text": "What day would you like to make the booking for?",
      "UnixTime": 1590289134
    },
    {
      "Action": "utter",
      "Agent": "User",
      "Text": "today. saturday",
      "UnixTime": 1590289178
    },
    {
      "Action": "request_suggestions",
      "Agent": "Wizard",
      "PrimaryItem": {
        "APIName": "apartment_search",
        "FloorSquareMeters": 103,
        "HasBalcony": false,
        "HasElevator": true,
        "Level": 0,
        "MaxLevel": 5,
        "Name": "North Hill Apartments",
        "NearbyPOIs": [
          "Club",
          "User's gym"
        ],
        "NumRooms": 3,
        "Price": 1870,
        "id": 959
      },
      "Text": "Did you",
      "UnixTime": 1590289190
    },
    {
      "Action": "request_suggestions",
      "Agent": "Wizard",
      "PrimaryItem": {
        "APIName": "apartment_search",
        "FloorSquareMeters": 103,
        "HasBalcony": false,
        "HasElevator": true,
        "Level": 0,
        "MaxLevel": 5,
        "Name": "North Hill Apartments",
        "NearbyPOIs": [
          "Club",
          "User's gym"
        ],
        "NumRooms": 3,
        "Price": 1870,
        "id": 959
      },
      "Text": "Application",
      "UnixTime": 1590289203
    },
    {
      "Action": "pick_suggestion",
      "ActionLabel": "apartment_inform_viewing_available",
      "ActionLabelOptions": [
        "apartment_inform_viewing_available",
        "goodbye_2",
        "apartment_inform_search_result",
        "apartment_ask_custom_message",
        "apartment_inform_nothing_found",
        "ask_name"
      ],
      "Agent": "Wizard",
      "PrimaryItem": {
        "APIName": "apartment_search",
        "FloorSquareMeters": 103,
        "HasBalcony": false,
        "HasElevator": true,
        "Level": 0,
        "MaxLevel": 5,
        "Name": "North Hill Apartments",
        "NearbyPOIs": [
          "Club",
          "User's gym"
        ],
        "NumRooms": 3,
        "Price": 1870,
        "id": 959
      },
      "Text": "Great, there is still a viewing available at that time. Would you like me to book it for you?",
      "UnixTime": 1590289209
    },
    {
      "Action": "utter",
      "Agent": "User",
      "Text": "yes please",
      "UnixTime": 1590289240
    },
    {
      "Action": "request_suggestions",
      "Agent": "Wizard",
      "PrimaryItem": {
        "APIName": "apartment_search",
        "FloorSquareMeters": 103,
        "HasBalcony": false,
        "HasElevator": true,
        "Level": 0,
        "MaxLevel": 5,
        "Name": "North Hill Apartments",
        "NearbyPOIs": [
          "Club",
          "User's gym"
        ],
        "NumRooms": 3,
        "Price": 1870,
        "id": 959
      },
      "Text": "Did you pay your application",
      "UnixTime": 1590289258
    },
    {
      "Action": "pick_suggestion",
      "ActionLabel": "apartment_ask_application_fee_paid",
      "ActionLabelOptions": [
        "apartment_ask_application_fee_paid",
        "apartment_ask_price",
        "goodbye_2",
        "apartment_ask_nearby_pois",
        "apartment_ask_end_time",
        "ask_name"
      ],
      "Agent": "Wizard",
      "PrimaryItem": {
        "APIName": "apartment_search",
        "FloorSquareMeters": 103,
        "HasBalcony": false,
        "HasElevator": true,
        "Level": 0,
        "MaxLevel": 5,
        "Name": "North Hill Apartments",
        "NearbyPOIs": [
          "Club",
          "User's gym"
        ],
        "NumRooms": 3,
        "Price": 1870,
        "id": 959
      },
      "Text": "Have you already paid the application fee for the apartment?",
      "UnixTime": 1590289260
    },
    {
      "Action": "utter",
      "Agent": "User",
      "Text": "yes",
      "UnixTime": 1590289298
    },
    {
      "APIName": "apartment_schedule",
      "Action": "query",
      "Agent": "Wizard",
      "Constraints": [
        {
          "Name": "\"North Hill Apartments\""
        },
        {
          "RenterName": "\"Ben\""
        },
        {
          "Day": "\"Saturday\""
        },
        {
          "StartTimeHour": "\"12 pm\""
        },
        {
          "ApplicationFeePaid": "api.is_equal_to(\"Yes\")"
        },
        {
          "RequestType": "\"Book\""
        }
      ],
      "PrimaryItem": {
        "APIName": "apartment_search",
        "FloorSquareMeters": 103,
        "HasBalcony": false,
        "HasElevator": true,
        "Level": 0,
        "MaxLevel": 5,
        "Name": "North Hill Apartments",
        "NearbyPOIs": [
          "Club",
          "User's gym"
        ],
        "NumRooms": 3,
        "Price": 1870,
        "id": 959
      },
      "UnixTime": 1590289301
    },
    {
      "APIName": "apartment_schedule",
      "Action": "return_item",
      "Agent": "KnowledgeBase",
      "Item": {
        "APIName": "apartment_schedule",
        "Message": "Your apartment viewing has been successfuly scheduled. Please bring Proof of Income and Proof of Income with you."
      },
      "TotalItems": -1
    },
    {
      "Action": "request_suggestions",
      "Agent": "Wizard",
      "PrimaryItem": {
        "APIName": "apartment_schedule",
        "Message": "Your apartment viewing has been successfuly scheduled. Please bring Proof of Income and Proof of Income with you."
      },
      "Text": "Your apartment viewing has been successfuly scheduled. Please bring Proof of Income and Proof of Income with you.",
      "UnixTime": 1590289316
    },
    {
      "Action": "pick_suggestion",
      "ActionLabel": "apartment_inform_booking_successful",
      "ActionLabelOptions": [
        "apartment_inform_booking_successful",
        "apartment_ask_application_fee_paid",
        "apartment_inform_nothing_found"
      ],
      "Agent": "Wizard",
      "PrimaryItem": {
        "APIName": "apartment_schedule",
        "Message": "Your apartment viewing has been successfuly scheduled. Please bring Proof of Income and Proof of Income with you."
      },
      "Text": "Excellent, the viewing is scheduled now!",
      "UnixTime": 1590289332
    },
    {
      "Action": "utter",
      "Agent": "User",
      "Text": "thank you. what's the weather in detroit tomorrow?",
      "UnixTime": 1590289372
    },
    {
      "Action": "instruct",
      "Agent": "UserGuide",
      "Text": "If it makes sense, use some negations ('I don't want', or 'anything but ...', etc.) [instruction 4 of 8]",
      "UnixTime": 1590289372
    },
    {
      "Action": "select_task",
      "Agent": "Wizard",
      "PrimaryItem": {
        "APIName": "apartment_schedule",
        "Message": "Your apartment viewing has been successfuly scheduled. Please bring Proof of Income and Proof of Income with you."
      },
      "Task": "weather",
      "UnixTime": 1590289379
    },
    {
      "APIName": "weather",
      "Action": "query",
      "Agent": "Wizard",
      "Constraints": [
        {
          "Day": "api.is_equal_to(\"Sunday\")"
        },
        {
          "City": "\"Detroit\""
        }
      ],
      "PrimaryItem": {
        "APIName": "apartment_schedule",
        "Message": "Your apartment viewing has been successfuly scheduled. Please bring Proof of Income and Proof of Income with you."
      },
      "UnixTime": 1590289401
    },
    {
      "APIName": "weather",
      "Action": "return_item",
      "Agent": "KnowledgeBase",
      "Item": {
        "APIName": "weather",
        "City": "Detroit",
        "Day": "Sunday",
        "TemperatureCelsius": 17,
        "Weather": "Cloudy",
        "id": 658
      },
      "TotalItems": -1
    },
    {
      "Action": "request_suggestions",
      "Agent": "Wizard",
      "PrimaryItem": {
        "APIName": "weather",
        "City": "Detroit",
        "Day": "Sunday",
        "TemperatureCelsius": 17,
        "Weather": "Cloudy",
        "id": 658
      },
      "Text": "Detroit",
      "UnixTime": 1590289410
    },
    {
      "Action": "pick_suggestion",
      "ActionLabel": "weather_inform_forecast",
      "ActionLabelOptions": [
        "weather_ask_location",
        "weather_inform_forecast",
        "weather_inform_nothing_found"
      ],
      "Agent": "Wizard",
      "PrimaryItem": {
        "APIName": "weather",
        "City": "Detroit",
        "Day": "Sunday",
        "TemperatureCelsius": 17,
        "Weather": "Cloudy",
        "id": 658
      },
      "Text": "It will be Cloudy all day on Sunday in Detroit, with temperatures of around 17 degrees celsius.",
      "UnixTime": 1590289415
    },
    {
      "Action": "utter",
      "Agent": "User",
      "Text": "ok interesting",
      "UnixTime": 1590289436
    },
    {
      "Action": "request_suggestions",
      "Agent": "Wizard",
      "PrimaryItem": {
        "APIName": "weather",
        "City": "Detroit",
        "Day": "Sunday",
        "TemperatureCelsius": 17,
        "Weather": "Cloudy",
        "id": 658
      },
      "Text": "Is there",
      "UnixTime": 1590289444
    },
    {
      "Action": "pick_suggestion",
      "ActionLabel": "anything_else",
      "ActionLabelOptions": [
        "weather_ask_location",
        "weather_inform_forecast",
        "anything_else"
      ],
      "Agent": "Wizard",
      "PrimaryItem": {
        "APIName": "weather",
        "City": "Detroit",
        "Day": "Sunday",
        "TemperatureCelsius": 17,
        "Weather": "Cloudy",
        "id": 658
      },
      "Text": "Is there anything else that I can do for you?",
      "UnixTime": 1590289450
    },
    {
      "Action": "utter",
      "Agent": "User",
      "Text": "yeah can i call a taxi to my apartment",
      "UnixTime": 1590289485
    },
    {
      "Action": "instruct",
      "Agent": "UserGuide",
      "Text": "Keep going :) - don't forget some smalltalk. Perhaps say something related to the first topic you talked about. [instruction 5 of 8]",
      "UnixTime": 1590289485
    },
    {
      "Action": "select_task",
      "Agent": "Wizard",
      "PrimaryItem": {
        "APIName": "weather",
        "City": "Detroit",
        "Day": "Sunday",
        "TemperatureCelsius": 17,
        "Weather": "Cloudy",
        "id": 658
      },
      "Task": "ride_book",
      "UnixTime": 1590289491
    },
    {
      "Action": "request_suggestions",
      "Agent": "Wizard",
      "PrimaryItem": {
        "APIName": "weather",
        "City": "Detroit",
        "Day": "Sunday",
        "TemperatureCelsius": 17,
        "Weather": "Cloudy",
        "id": 658
      },
      "Text": "Where are you departing",
      "UnixTime": 1590289522
    },
    {
      "Action": "pick_suggestion",
      "ActionLabel": "ride_ask_departure",
      "ActionLabelOptions": [
        "ride_ask_departure",
        "weather_ask_location",
        "ride_ask_destination",
        "out_of_scope",
        "anything_else",
        "ride_inform_search_criteria"
      ],
      "Agent": "Wizard",
      "PrimaryItem": {
        "APIName": "weather",
        "City": "Detroit",
        "Day": "Sunday",
        "TemperatureCelsius": 17,
        "Weather": "Cloudy",
        "id": 658
      },
      "Text": "OK, and where are you departing from?",
      "UnixTime": 1590289530
    },
    {
      "Action": "utter",
      "Agent": "User",
      "Text": "airport",
      "UnixTime": 1590289583
    },
    {
      "Action": "request_suggestions",
      "Agent": "Wizard",
      "PrimaryItem": {
        "APIName": "weather",
        "City": "Detroit",
        "Day": "Sunday",
        "TemperatureCelsius": 17,
        "Weather": "Cloudy",
        "id": 658
      },
      "Text": "Where are you going",
      "UnixTime": 1590289604
    },
    {
      "Action": "pick_suggestion",
      "ActionLabel": "ride_ask_destination",
      "ActionLabelOptions": [
        "ride_ask_destination",
        "weather_ask_location",
        "anything_else",
        "weather_inform_nothing_found",
        "ride_inform_search_criteria",
        "ask_name"
      ],
      "Agent": "Wizard",
      "PrimaryItem": {
        "APIName": "weather",
        "City": "Detroit",
        "Day": "Sunday",
        "TemperatureCelsius": 17,
        "Weather": "Cloudy",
        "id": 658
      },
      "Text": "Alright, where do you want to go?",
      "UnixTime": 1590289610
    },
    {
      "Action": "utter",
      "Agent": "User",
      "Text": "apartment",
      "UnixTime": 1590289627
    },
    {
      "Action": "instruct",
      "Agent": "UserGuide",
      "Text": "Keep going until you've covered all the topics ('Find apartment', 'Schedule apartment viewing' and 'Calling a ride'). The conversation should continue at least until the last instruction is given. [instruction 6 of 8]",
      "UnixTime": 1590289627
    },
    {
      "APIName": "ride_book",
      "Action": "query",
      "Agent": "Wizard",
      "Constraints": [
        {
          "CustomerName": "\"Ben\""
        },
        {
          "DepartureLocation": "\"Airport\""
        },
        {
          "ArrivalLocation": "\"Apartment\""
        },
        {
          "RequestType": "\"Check\""
        }
      ],
      "PrimaryItem": {
        "APIName": "weather",
        "City": "Detroit",
        "Day": "Sunday",
        "TemperatureCelsius": 17,
        "Weather": "Cloudy",
        "id": 658
      },
      "UnixTime": 1590289637
    },
    {
      "APIName": "ride_book",
      "Action": "return_item",
      "Agent": "KnowledgeBase",
      "Item": {
        "APIName": "ride_book",
        "AllowsChanges": false,
        "ArrivalLocation": "Apartment",
        "CarModel": "Ford",
        "CustomerName": "Ben",
        "DepartureLocation": "Airport",
        "DriverName": "Ella",
        "LicensePlate": "019 EAS",
        "MinutesTillPickup": 25,
        "Price": 45,
        "ServiceProvider": "Lyft",
        "id": 849
      },
      "TotalItems": -1
    },
    {
      "APIName": "ride_book",
      "Action": "query",
      "Agent": "Wizard",
      "Constraints": [
        {
          "CustomerName": "\"Ben\""
        },
        {
          "DepartureLocation": "\"Airport\""
        },
        {
          "ArrivalLocation": "\"Apartment\""
        },
        {
          "RequestType": "\"Check\""
        },
        {
          "RequestType": "\"Check\""
        },
        {
          "ServiceProvider": "\"Taxi\""
        }
      ],
      "PrimaryItem": {
        "APIName": "ride_book",
        "AllowsChanges": false,
        "ArrivalLocation": "Apartment",
        "CarModel": "Ford",
        "CustomerName": "Ben",
        "DepartureLocation": "Airport",
        "DriverName": "Ella",
        "LicensePlate": "019 EAS",
        "MinutesTillPickup": 25,
        "Price": 45,
        "ServiceProvider": "Lyft",
        "id": 849
      },
      "UnixTime": 1590289689
    },
    {
      "APIName": "ride_book",
      "Action": "return_item",
      "Agent": "KnowledgeBase",
      "Item": {
        "APIName": "ride_book",
        "AllowsChanges": true,
        "ArrivalLocation": "Apartment",
        "CarModel": "Honda",
        "CustomerName": "Ben",
        "DepartureLocation": "Airport",
        "DriverName": "Ella",
        "LicensePlate": "313 EA9",
        "MinutesTillPickup": 16,
        "Price": 21,
        "ServiceProvider": "Taxi",
        "id": 599
      },
      "TotalItems": -1
    },
    {
      "Action": "request_suggestions",
      "Agent": "Wizard",
      "PrimaryItem": {
        "APIName": "ride_book",
        "AllowsChanges": true,
        "ArrivalLocation": "Apartment",
        "CarModel": "Honda",
        "CustomerName": "Ben",
        "DepartureLocation": "Airport",
        "DriverName": "Ella",
        "LicensePlate": "313 EA9",
        "MinutesTillPickup": 16,
        "Price": 21,
        "ServiceProvider": "Taxi",
        "id": 599
      },
      "Text": "A taxi",
      "UnixTime": 1590289699
    },
    {
      "Action": "request_suggestions",
      "Agent": "Wizard",
      "PrimaryItem": {
        "APIName": "ride_book",
        "AllowsChanges": true,
        "ArrivalLocation": "Apartment",
        "CarModel": "Honda",
        "CustomerName": "Ben",
        "DepartureLocation": "Airport",
        "DriverName": "Ella",
        "LicensePlate": "313 EA9",
        "MinutesTillPickup": 16,
        "Price": 21,
        "ServiceProvider": "Taxi",
        "id": 599
      },
      "Text": "There is a taxi",
      "UnixTime": 1590289727
    },
    {
      "Action": "pick_suggestion",
      "ActionLabel": "ride_ask_confirm_booking",
      "ActionLabelOptions": [
        "ride_ask_confirm_booking",
        "out_of_scope",
        "hello"
      ],
      "Agent": "Wizard",
      "PrimaryItem": {
        "APIName": "ride_book",
        "AllowsChanges": true,
        "ArrivalLocation": "Apartment",
        "CarModel": "Honda",
        "CustomerName": "Ben",
        "DepartureLocation": "Airport",
        "DriverName": "Ella",
        "LicensePlate": "313 EA9",
        "MinutesTillPickup": 16,
        "Price": 21,
        "ServiceProvider": "Taxi",
        "id": 599
      },
      "Text": "I found a Taxi ride for you from 'Airport' to 'Apartment' for 21 credits\nthat could pick you up in 16 minutes. Should I book that for you?",
      "UnixTime": 1590289731
    },
    {
      "Action": "utter",
      "Agent": "User",
      "Text": "yeah please",
      "UnixTime": 1590289742
    },
    {
      "APIName": "ride_book",
      "Action": "query",
      "Agent": "Wizard",
      "Constraints": [
        {
          "CustomerName": "\"Ben\""
        },
        {
          "DepartureLocation": "\"Airport\""
        },
        {
          "ArrivalLocation": "\"Apartment\""
        },
        {
          "RequestType": "\"Book\""
        },
        {
          "RequestType": "\"Book\""
        },
        {
          "ServiceProvider": "\"Taxi\""
        }
      ],
      "PrimaryItem": {
        "APIName": "ride_book",
        "AllowsChanges": true,
        "ArrivalLocation": "Apartment",
        "CarModel": "Honda",
        "CustomerName": "Ben",
        "DepartureLocation": "Airport",
        "DriverName": "Ella",
        "LicensePlate": "313 EA9",
        "MinutesTillPickup": 16,
        "Price": 21,
        "ServiceProvider": "Taxi",
        "id": 599
      },
      "UnixTime": 1590289757
    },
    {
      "APIName": "ride_book",
      "Action": "return_item",
      "Agent": "KnowledgeBase",
      "Item": {
        "APIName": "ride_book",
        "AllowsChanges": true,
        "ArrivalLocation": "Apartment",
        "CarModel": "Corolla",
        "CustomerName": "Ben",
        "DepartureLocation": "Airport",
        "DriverName": "Zoe",
        "LicensePlate": "031 NGA",
        "MinutesTillPickup": 10,
        "Price": 44,
        "ServiceProvider": "Taxi",
        "id": 790
      },
      "TotalItems": -1
    },
    {
      "APIName": "ride_book",
      "Action": "query",
      "Agent": "Wizard",
      "Constraints": [
        {
          "CustomerName": "\"Ben\""
        },
        {
          "DepartureLocation": "\"Airport\""
        },
        {
          "ArrivalLocation": "\"Apartment\""
        },
        {
          "RequestType": "\"Book\""
        },
        {
          "ServiceProvider": "\"Taxi\""
        }
      ],
      "PrimaryItem": {
        "APIName": "ride_book",
        "AllowsChanges": true,
        "ArrivalLocation": "Apartment",
        "CarModel": "Corolla",
        "CustomerName": "Ben",
        "DepartureLocation": "Airport",
        "DriverName": "Zoe",
        "LicensePlate": "031 NGA",
        "MinutesTillPickup": 10,
        "Price": 44,
        "ServiceProvider": "Taxi",
        "id": 790
      },
      "UnixTime": 1590289787
    },
    {
      "APIName": "ride_book",
      "Action": "return_item",
      "Agent": "KnowledgeBase",
      "Item": {
        "APIName": "ride_book",
        "Message": "Ride booked."
      },
      "TotalItems": -1
    },
    {
      "Action": "request_suggestions",
      "Agent": "Wizard",
      "PrimaryItem": {
        "APIName": "ride_book",
        "Message": "Ride booked."
      },
      "Text": "Your ride",
      "UnixTime": 1590289804
    },
    {
      "APIName": "ride_book",
      "Action": "query",
      "Agent": "Wizard",
      "Constraints": [
        {
          "CustomerName": "\"Ben\""
        },
        {
          "DepartureLocation": "\"Airport\""
        },
        {
          "ArrivalLocation": "\"Apartment\""
        },
        {
          "RequestType": "\"Check\""
        },
        {
          "ServiceProvider": "\"Taxi\""
        }
      ],
      "PrimaryItem": {
        "APIName": "ride_book",
        "Message": "Ride booked."
      },
      "UnixTime": 1590289835
    },
    {
      "APIName": "ride_book",
      "Action": "return_item",
      "Agent": "KnowledgeBase",
      "Item": {
        "APIName": "ride_book",
        "AllowsChanges": false,
        "ArrivalLocation": "Apartment",
        "CarModel": "BMW",
        "CustomerName": "Ben",
        "DepartureLocation": "Airport",
        "DriverName": "Alex",
        "LicensePlate": "901 FSA",
        "MinutesTillPickup": 8,
        "Price": 17,
        "ServiceProvider": "Taxi",
        "id": 986
      },
      "TotalItems": -1
    },
    {
      "Action": "request_suggestions",
      "Agent": "Wizard",
      "PrimaryItem": {
        "APIName": "ride_book",
        "AllowsChanges": false,
        "ArrivalLocation": "Apartment",
        "CarModel": "BMW",
        "CustomerName": "Ben",
        "DepartureLocation": "Airport",
        "DriverName": "Alex",
        "LicensePlate": "901 FSA",
        "MinutesTillPickup": 8,
        "Price": 17,
        "ServiceProvider": "Taxi",
        "id": 986
      },
      "Text": "There",
      "UnixTime": 1590289887
    },
    {
      "APIName": "ride_book",
      "Action": "query",
      "Agent": "Wizard",
      "Constraints": [
        {
          "CustomerName": "\"Ben\""
        },
        {
          "DepartureLocation": "\"Airport\""
        },
        {
          "ArrivalLocation": "\"Apartment\""
        },
        {
          "RequestType": "\"Book\""
        },
        {
          "ServiceProvider": "\"Taxi\""
        }
      ],
      "PrimaryItem": {
        "APIName": "ride_book",
        "AllowsChanges": false,
        "ArrivalLocation": "Apartment",
        "CarModel": "BMW",
        "CustomerName": "Ben",
        "DepartureLocation": "Airport",
        "DriverName": "Alex",
        "LicensePlate": "901 FSA",
        "MinutesTillPickup": 8,
        "Price": 17,
        "ServiceProvider": "Taxi",
        "id": 986
      },
      "UnixTime": 1590289911
    },
    {
      "APIName": "ride_book",
      "Action": "return_item",
      "Agent": "KnowledgeBase",
      "Item": {
        "APIName": "ride_book",
        "Message": "Ride booked."
      },
      "TotalItems": -1
    },
    {
      "Action": "request_suggestions",
      "Agent": "Wizard",
      "PrimaryItem": {
        "APIName": "ride_book",
        "Message": "Ride booked."
      },
      "Text": "Your ride is booked",
      "UnixTime": 1590289928
    },
    {
      "Action": "pick_suggestion",
      "ActionLabel": "custom",
      "ActionLabelOptions": [
        "custom"
      ],
      "Agent": "Wizard",
      "PrimaryItem": {
        "APIName": "ride_book",
        "Message": "Ride booked."
      },
      "Text": "Your ride is booked",
      "UnixTime": 1590289931
    },
    {
      "Action": "utter",
      "Agent": "User",
      "Text": "great",
      "UnixTime": 1590289998
    },
    {
      "Action": "instruct",
      "Agent": "UserGuide",
      "Text": "Almost there. A few more turns. [instruction 7 of 8]",
      "UnixTime": 1590289998
    },
    {
      "Action": "request_suggestions",
      "Agent": "Wizard",
      "PrimaryItem": {
        "APIName": "ride_book",
        "Message": "Ride booked."
      },
      "Text": "Is there anything else",
      "UnixTime": 1590290012
    },
    {
      "Action": "pick_suggestion",
      "ActionLabel": "anything_else",
      "ActionLabelOptions": [
        "anything_else",
        "ask_name",
        "out_of_scope"
      ],
      "Agent": "Wizard",
      "PrimaryItem": {
        "APIName": "ride_book",
        "Message": "Ride booked."
      },
      "Text": "Is there anything else that I can do for you?",
      "UnixTime": 1590290014
    },
    {
      "Action": "utter",
      "Agent": "User",
      "Text": "can i get the weather in detroit for tomrrow",
      "UnixTime": 1590290194
    },
    {
      "Action": "select_task",
      "Agent": "Wizard",
      "PrimaryItem": {
        "APIName": "ride_book",
        "Message": "Ride booked."
      },
      "Task": "weather",
      "UnixTime": 1590290202
    },
    {
      "APIName": "weather",
      "Action": "query",
      "Agent": "Wizard",
      "Constraints": [
        {
          "Day": "api.is_equal_to(\"Sunday\")"
        },
        {
          "City": "\"Detroit\""
        }
      ],
      "PrimaryItem": {
        "APIName": "ride_book",
        "Message": "Ride booked."
      },
      "UnixTime": 1590290208
    },
    {
      "APIName": "weather",
      "Action": "return_item",
      "Agent": "KnowledgeBase",
      "Item": {
        "APIName": "weather",
        "City": "Detroit",
        "Day": "Sunday",
        "TemperatureCelsius": 24,
        "Weather": "Snowing",
        "id": 802
      },
      "TotalItems": -1
    },
    {
      "Action": "request_suggestions",
      "Agent": "Wizard",
      "PrimaryItem": {
        "APIName": "weather",
        "City": "Detroit",
        "Day": "Sunday",
        "TemperatureCelsius": 24,
        "Weather": "Snowing",
        "id": 802
      },
      "Text": "It ",
      "UnixTime": 1590290219
    },
    {
      "Action": "request_suggestions",
      "Agent": "Wizard",
      "PrimaryItem": {
        "APIName": "weather",
        "City": "Detroit",
        "Day": "Sunday",
        "TemperatureCelsius": 24,
        "Weather": "Snowing",
        "id": 802
      },
      "Text": "Detroit",
      "UnixTime": 1590290230
    },
    {
      "Action": "pick_suggestion",
      "ActionLabel": "weather_inform_forecast",
      "ActionLabelOptions": [
        "weather_ask_location",
        "weather_inform_forecast",
        "weather_inform_nothing_found"
      ],
      "Agent": "Wizard",
      "PrimaryItem": {
        "APIName": "weather",
        "City": "Detroit",
        "Day": "Sunday",
        "TemperatureCelsius": 24,
        "Weather": "Snowing",
        "id": 802
      },
      "Text": "It will be Snowing all day on Sunday in Detroit, with temperatures of around 24 degrees celsius.",
      "UnixTime": 1590290233
    },
    {
      "Action": "utter",
      "Agent": "User",
      "Text": "ew interesting",
      "UnixTime": 1590290264
    },
    {
      "Action": "request_suggestions",
      "Agent": "Wizard",
      "PrimaryItem": {
        "APIName": "weather",
        "City": "Detroit",
        "Day": "Sunday",
        "TemperatureCelsius": 24,
        "Weather": "Snowing",
        "id": 802
      },
      "Text": "Is there ",
      "UnixTime": 1590290273
    },
    {
      "Action": "pick_suggestion",
      "ActionLabel": "anything_else",
      "ActionLabelOptions": [
        "weather_ask_location",
        "weather_inform_forecast",
        "anything_else"
      ],
      "Agent": "Wizard",
      "PrimaryItem": {
        "APIName": "weather",
        "City": "Detroit",
        "Day": "Sunday",
        "TemperatureCelsius": 24,
        "Weather": "Snowing",
        "id": 802
      },
      "Text": "Is there anything else that I can do for you?",
      "UnixTime": 1590290276
    },
    {
      "Action": "utter",
      "Agent": "User",
      "Text": "what is my taxis name",
      "UnixTime": 1590290310
    },
    {
      "Action": "instruct",
      "Agent": "UserGuide",
      "Text": "Ok, once you've touched on all the topics ('Find apartment', 'Schedule apartment viewing' and 'Calling a ride') and engaged in some smalltalk, you can bring the conversation to a natural close. [instruction 8 of 8]",
      "UnixTime": 1590290310
    },
    {
      "Action": "request_suggestions",
      "Agent": "Wizard",
      "PrimaryItem": {
        "APIName": "weather",
        "City": "Detroit",
        "Day": "Sunday",
        "TemperatureCelsius": 24,
        "Weather": "Snowing",
        "id": 802
      },
      "Text": "Your driver's name is Alex.",
      "UnixTime": 1590290349
    },
    {
      "Action": "utter",
      "Agent": "Wizard",
      "PrimaryItem": {
        "APIName": "weather",
        "City": "Detroit",
        "Day": "Sunday",
        "TemperatureCelsius": 24,
        "Weather": "Snowing",
        "id": 802
      },
      "Text": "Your driver's name is Alex.",
      "UnixTime": 1590290366
    },
    {
      "Action": "utter",
      "Agent": "User",
      "Text": "ok cool. thanks for all your help",
      "UnixTime": 1590290389
    },
    {
      "Action": "request_suggestions",
      "Agent": "Wizard",
      "PrimaryItem": {
        "APIName": "weather",
        "City": "Detroit",
        "Day": "Sunday",
        "TemperatureCelsius": 24,
        "Weather": "Snowing",
        "id": 802
      },
      "Text": "Is there",
      "UnixTime": 1590290397
    },
    {
      "Action": "pick_suggestion",
      "ActionLabel": "anything_else",
      "ActionLabelOptions": [
        "weather_ask_location",
        "weather_inform_forecast",
        "anything_else"
      ],
      "Agent": "Wizard",
      "PrimaryItem": {
        "APIName": "weather",
        "City": "Detroit",
        "Day": "Sunday",
        "TemperatureCelsius": 24,
        "Weather": "Snowing",
        "id": 802
      },
      "Text": "Is there anything else that I can do for you?",
      "UnixTime": 1590290399
    },
    {
      "Action": "complete",
      "Agent": "User",
      "UnixTime": 1590290404
    }
  ],
  "FORMAT-VERSION": 7,
  "IntroducesConflicts": false,
  "Scenario": {
    "Domains": [
      "apartment",
      "ride",
      "weather"
    ],
    "Happy": false,
    "MultiTask": true,
    "UserTask": "Come up with your own scenario!\n\nAbout you:\n- Your name: Ben\n- Today is Saturday\n\n The AI Assistant can handle:\n- Find an apartment (prices are in 'credits')\n- Schedule an apartment viewing \n- Calling a Taxi/Uber/Lyft ride \n- Checking the weather forecast in different Cities (e.g. Pittsburgh or Detroit)",
    "WizardCapabilities": [
      {
        "Domain": "apartment",
        "SchemaImage": "apartment_search.jpg",
        "Task": "apartment_search"
      },
      {
        "Domain": "apartment",
        "SchemaImage": "apartment_schedule.jpg",
        "Task": "apartment_schedule"
      },
      {
        "Domain": "ride",
        "SchemaImage": "ride_book.jpg",
        "Task": "ride_book"
      },
      {
        "Domain": "weather",
        "SchemaImage": "weather.jpg",
        "Task": "weather"
      }
    ],
    "WizardTask": "Follow the flow charts and help the user. NOTE: When users give PRICE limits, you usually have to use the 'is at most' comparator, not 'is equal to'. Assume:\n\n- Today is Saturday"
  },
  "UserQuestionnaire": [
    {
      "Answer": true,
      "Question": "Did the assistant stay calm and helpful throughout the dialogue?"
    }
  ],
  "WizardQuestionnaire": [
    {
      "Answer": false,
      "Question": "Did the user change his/her mind about what he/she wants at any time?"
    },
    {
      "Answer": false,
      "Question": "Did the user become aggressive or annoyed during the dialogue? (Note: some users may be instructed to be annoying.)"
    },
    {
      "Answer": false,
      "Question": "Where you unsure about what to do at any time? (Feel free to send us an email with details.)"
    }
  ]
}