{
  "AnonymizedUserWorkerID": "ac9c2dc2-a643-8ec0-d96c-1bc923b2777f",
  "AnonymizedWizardWorkerID": "73bd63b7-5463-b221-d8f5-2611db2cf2a3",
  "BatchID": "woz_1590253362",
  "CompletionLevel": "Complete",
  "DialogueID": 4963,
  "Events": [
    {
      "Action": "instruct",
      "Agent": "UserGuide",
      "Text": "Use your imagination to generate a conversation about the topics 'looking for a flight', 'schedule a meeting', 'RSVP to a party' and 'book a table at a restaurant' (in any order), as shown on the left. You may also make a request to your hotel's room service.  [instruction 1 of 9]",
      "UnixTime": 1590271477
    },
    {
      "Action": "utter",
      "Agent": "User",
      "Text": "Hi I'm John Smith ",
      "UnixTime": 1590271490
    },
    {
      "Action": "request_suggestions",
      "Agent": "Wizard",
      "Text": "hello",
      "UnixTime": 1590271497
    },
    {
      "Action": "pick_suggestion",
      "ActionLabel": "hello",
      "ActionLabelOptions": [
        "hello",
        "goodbye_2",
        "ask_departure_location"
      ],
      "Agent": "Wizard",
      "Text": "Hello, how can I help?",
      "UnixTime": 1590271499
    },
    {
      "Action": "utter",
      "Agent": "User",
      "Text": "I want to request a room service ",
      "UnixTime": 1590271543
    },
    {
      "Action": "select_task",
      "Agent": "Wizard",
      "Task": "hotel_service_request",
      "UnixTime": 1590271637
    },
    {
      "Action": "request_suggestions",
      "Agent": "Wizard",
      "Text": "where",
      "UnixTime": 1590271641
    },
    {
      "Action": "pick_suggestion",
      "ActionLabel": "hotel_ask_hotel",
      "ActionLabelOptions": [
        "hotel_ask_hotel",
        "hotel_inform_nothing_found",
        "goodbye_1"
      ],
      "Agent": "Wizard",
      "Text": "At what hotel are you currently staying?",
      "UnixTime": 1590271642
    },
    {
      "Action": "utter",
      "Agent": "User",
      "Text": "Search for from Chicago to New York ",
      "UnixTime": 1590271698
    },
    {
      "Action": "instruct",
      "Agent": "UserGuide",
      "Text": "You may attempt to do some smalltalk with the AI Assistant at any time. [instruction 2 of 9]",
      "UnixTime": 1590271698
    },
    {
      "Action": "select_task",
      "Agent": "Wizard",
      "Task": "plane_search",
      "UnixTime": 1590271756
    },
    {
      "Action": "request_suggestions",
      "Agent": "Wizard",
      "Text": "what date",
      "UnixTime": 1590271767
    },
    {
      "Action": "pick_suggestion",
      "ActionLabel": "plane_ask_date",
      "ActionLabelOptions": [
        "plane_ask_date",
        "plane_request_optional",
        "plane_ask_arrival_city"
      ],
      "Agent": "Wizard",
      "Text": "On what day do you want the plane to arrive?",
      "UnixTime": 1590271769
    },
    {
      "Action": "utter",
      "Agent": "User",
      "Text": "Friday ",
      "UnixTime": 1590271780
    },
    {
      "APIName": "plane_search",
      "Action": "query",
      "Agent": "Wizard",
      "Constraints": [
        {
          "DepartureCity": "\"Chicago\""
        },
        {
          "ArrivalCity": "\"New York City\""
        },
        {
          "Date": "\"10th\""
        }
      ],
      "UnixTime": 1590271794
    },
    {
      "APIName": "plane_search",
      "Action": "return_item",
      "Agent": "KnowledgeBase",
      "TotalItems": 0
    },
    {
      "APIName": "plane_search",
      "Action": "query",
      "Agent": "Wizard",
      "Constraints": [
        {
          "DepartureCity": "\"Chicago\""
        },
        {
          "ArrivalCity": "\"New York City\""
        },
        {
          "Date": "\"3rd\""
        }
      ],
      "UnixTime": 1590271800
    },
    {
      "APIName": "plane_search",
      "Action": "return_item",
      "Agent": "KnowledgeBase",
      "Item": {
        "APIName": "plane_search",
        "Airline": "Virgin",
        "ArrivalCity": "New York City",
        "ArrivalTime": "4 am",
        "Class": "Business",
        "Date": "3rd",
        "DepartureCity": "Chicago",
        "DurationHours": 4,
        "Price": 223,
        "id": 8
      },
      "TotalItems": 1
    },
    {
      "Action": "request_suggestions",
      "Agent": "Wizard",
      "PrimaryItem": {
        "APIName": "plane_search",
        "Airline": "Virgin",
        "ArrivalCity": "New York City",
        "ArrivalTime": "4 am",
        "Class": "Business",
        "Date": "3rd",
        "DepartureCity": "Chicago",
        "DurationHours": 4,
        "Price": 223,
        "id": 8
      },
      "Text": "business",
      "UnixTime": 1590271806
    },
    {
      "Action": "request_suggestions",
      "Agent": "Wizard",
      "PrimaryItem": {
        "APIName": "plane_search",
        "Airline": "Virgin",
        "ArrivalCity": "New York City",
        "ArrivalTime": "4 am",
        "Class": "Business",
        "Date": "3rd",
        "DepartureCity": "Chicago",
        "DurationHours": 4,
        "Price": 223,
        "id": 8
      },
      "Text": "virgin",
      "UnixTime": 1590271853
    },
    {
      "Action": "request_suggestions",
      "Agent": "Wizard",
      "PrimaryItem": {
        "APIName": "plane_search",
        "Airline": "Virgin",
        "ArrivalCity": "New York City",
        "ArrivalTime": "4 am",
        "Class": "Business",
        "Date": "3rd",
        "DepartureCity": "Chicago",
        "DurationHours": 4,
        "Price": 223,
        "id": 8
      },
      "Text": "flight from",
      "UnixTime": 1590271861
    },
    {
      "Action": "utter",
      "Agent": "Wizard",
      "PrimaryItem": {
        "APIName": "plane_search",
        "Airline": "Virgin",
        "ArrivalCity": "New York City",
        "ArrivalTime": "4 am",
        "Class": "Business",
        "Date": "3rd",
        "DepartureCity": "Chicago",
        "DurationHours": 4,
        "Price": 223,
        "id": 8
      },
      "Text": "I have found a business flight from Chicago to New York City. Should I reserve it now?",
      "UnixTime": 1590271923
    },
    {
      "Action": "utter",
      "Agent": "User",
      "Text": "Yes please ",
      "UnixTime": 1590271977
    },
    {
      "Action": "request_suggestions",
      "Agent": "Wizard",
      "PrimaryItem": {
        "APIName": "plane_search",
        "Airline": "Virgin",
        "ArrivalCity": "New York City",
        "ArrivalTime": "4 am",
        "Class": "Business",
        "Date": "3rd",
        "DepartureCity": "Chicago",
        "DurationHours": 4,
        "Price": 223,
        "id": 8
      },
      "Text": "okay your flight is reserved",
      "UnixTime": 1590272090
    },
    {
      "Action": "utter",
      "Agent": "Wizard",
      "PrimaryItem": {
        "APIName": "plane_search",
        "Airline": "Virgin",
        "ArrivalCity": "New York City",
        "ArrivalTime": "4 am",
        "Class": "Business",
        "Date": "3rd",
        "DepartureCity": "Chicago",
        "DurationHours": 4,
        "Price": 223,
        "id": 8
      },
      "Text": "Your flight has been reserved.",
      "UnixTime": 1590272101
    },
    {
      "Action": "utter",
      "Agent": "User",
      "Text": "Schedule a meeting",
      "UnixTime": 1590272114
    },
    {
      "Action": "instruct",
      "Agent": "UserGuide",
      "Text": "If you haven't yet, it's time to change topic. You can also go back and forth between topics. [instruction 3 of 9]",
      "UnixTime": 1590272114
    },
    {
      "Action": "select_task",
      "Agent": "Wizard",
      "PrimaryItem": {
        "APIName": "plane_search",
        "Airline": "Virgin",
        "ArrivalCity": "New York City",
        "ArrivalTime": "4 am",
        "Class": "Business",
        "Date": "3rd",
        "DepartureCity": "Chicago",
        "DurationHours": 4,
        "Price": 223,
        "id": 8
      },
      "Task": "meeting_schedule",
      "UnixTime": 1590272126
    },
    {
      "Action": "request_suggestions",
      "Agent": "Wizard",
      "PrimaryItem": {
        "APIName": "plane_search",
        "Airline": "Virgin",
        "ArrivalCity": "New York City",
        "ArrivalTime": "4 am",
        "Class": "Business",
        "Date": "3rd",
        "DepartureCity": "Chicago",
        "DurationHours": 4,
        "Price": 223,
        "id": 8
      },
      "Text": "who",
      "UnixTime": 1590272130
    },
    {
      "Action": "pick_suggestion",
      "ActionLabel": "meeting_ask_guest_name",
      "ActionLabelOptions": [
        "meeting_ask_guest_name",
        "ask_departure_location",
        "hello",
        "out_of_scope",
        "hello",
        "meeting_ask_day"
      ],
      "Agent": "Wizard",
      "PrimaryItem": {
        "APIName": "plane_search",
        "Airline": "Virgin",
        "ArrivalCity": "New York City",
        "ArrivalTime": "4 am",
        "Class": "Business",
        "Date": "3rd",
        "DepartureCity": "Chicago",
        "DurationHours": 4,
        "Price": 223,
        "id": 8
      },
      "Text": "With whom would you like to schedule the meeting?",
      "UnixTime": 1590272132
    },
    {
      "Action": "utter",
      "Agent": "User",
      "Text": "Sandra",
      "UnixTime": 1590272140
    },
    {
      "Action": "instruct",
      "Agent": "UserGuide",
      "Text": "If it makes sense, use some negations ('I don't want', or 'anything but ...', etc.) [instruction 4 of 9]",
      "UnixTime": 1590272140
    },
    {
      "Action": "request_suggestions",
      "Agent": "Wizard",
      "PrimaryItem": {
        "APIName": "plane_search",
        "Airline": "Virgin",
        "ArrivalCity": "New York City",
        "ArrivalTime": "4 am",
        "Class": "Business",
        "Date": "3rd",
        "DepartureCity": "Chicago",
        "DurationHours": 4,
        "Price": 223,
        "id": 8
      },
      "Text": "I'm sorry there",
      "UnixTime": 1590272156
    },
    {
      "Action": "utter",
      "Agent": "Wizard",
      "PrimaryItem": {
        "APIName": "plane_search",
        "Airline": "Virgin",
        "ArrivalCity": "New York City",
        "ArrivalTime": "4 am",
        "Class": "Business",
        "Date": "3rd",
        "DepartureCity": "Chicago",
        "DurationHours": 4,
        "Price": 223,
        "id": 8
      },
      "Text": "I'm sorry Sandra is not available would you like to meet with, John, Michael, George or Fred?",
      "UnixTime": 1590272197
    },
    {
      "Action": "utter",
      "Agent": "User",
      "Text": "John",
      "UnixTime": 1590272205
    },
    {
      "Action": "request_suggestions",
      "Agent": "Wizard",
      "PrimaryItem": {
        "APIName": "plane_search",
        "Airline": "Virgin",
        "ArrivalCity": "New York City",
        "ArrivalTime": "4 am",
        "Class": "Business",
        "Date": "3rd",
        "DepartureCity": "Chicago",
        "DurationHours": 4,
        "Price": 223,
        "id": 8
      },
      "Text": "day",
      "UnixTime": 1590272343
    },
    {
      "Action": "pick_suggestion",
      "ActionLabel": "meeting_ask_day",
      "ActionLabelOptions": [
        "meeting_ask_day",
        "plane_request_optional",
        "plane_ask_arrival_city",
        "hello",
        "plane_inform_nothing_found",
        "goodbye_1"
      ],
      "Agent": "Wizard",
      "PrimaryItem": {
        "APIName": "plane_search",
        "Airline": "Virgin",
        "ArrivalCity": "New York City",
        "ArrivalTime": "4 am",
        "Class": "Business",
        "Date": "3rd",
        "DepartureCity": "Chicago",
        "DurationHours": 4,
        "Price": 223,
        "id": 8
      },
      "Text": "What day did you have in mind for the meeting?",
      "UnixTime": 1590272346
    },
    {
      "Action": "utter",
      "Agent": "User",
      "Text": "Friday",
      "UnixTime": 1590272356
    },
    {
      "Action": "instruct",
      "Agent": "UserGuide",
      "Text": "If you like, you can ask for room service at any point. This is not necessary, however. [instruction 5 of 9]",
      "UnixTime": 1590272356
    },
    {
      "Action": "request_suggestions",
      "Agent": "Wizard",
      "PrimaryItem": {
        "APIName": "plane_search",
        "Airline": "Virgin",
        "ArrivalCity": "New York City",
        "ArrivalTime": "4 am",
        "Class": "Business",
        "Date": "3rd",
        "DepartureCity": "Chicago",
        "DurationHours": 4,
        "Price": 223,
        "id": 8
      },
      "Text": "start",
      "UnixTime": 1590272374
    },
    {
      "Action": "utter",
      "Agent": "Wizard",
      "PrimaryItem": {
        "APIName": "plane_search",
        "Airline": "Virgin",
        "ArrivalCity": "New York City",
        "ArrivalTime": "4 am",
        "Class": "Business",
        "Date": "3rd",
        "DepartureCity": "Chicago",
        "DurationHours": 4,
        "Price": 223,
        "id": 8
      },
      "Text": "Start time and end time?",
      "UnixTime": 1590272381
    },
    {
      "Action": "utter",
      "Agent": "User",
      "Text": "4-5pm",
      "UnixTime": 1590272395
    },
    {
      "APIName": "meeting_schedule",
      "Action": "query",
      "Agent": "Wizard",
      "Constraints": [
        {
          "Name": "api.is_equal_to(\"John\")"
        },
        {
          "UserName": "\"John\""
        },
        {
          "Day": "\"Friday\""
        },
        {
          "StartTimeHour": "\"4 pm\""
        },
        {
          "EndTimeHour": "\"5 pm\""
        }
      ],
      "PrimaryItem": {
        "APIName": "plane_search",
        "Airline": "Virgin",
        "ArrivalCity": "New York City",
        "ArrivalTime": "4 am",
        "Class": "Business",
        "Date": "3rd",
        "DepartureCity": "Chicago",
        "DurationHours": 4,
        "Price": 223,
        "id": 8
      },
      "UnixTime": 1590272411
    },
    {
      "APIName": "meeting_schedule",
      "Action": "return_item",
      "Agent": "KnowledgeBase",
      "Item": {
        "APIName": "meeting_schedule",
        "Day": "Friday",
        "EndTime": "5 pm",
        "GuestName": "John",
        "Message": "That person has a conflicting meeting at that time. Try another meeting time.",
        "StartTime": "4 pm"
      },
      "TotalItems": -1
    },
    {
      "APIName": "meeting_schedule",
      "Action": "query",
      "Agent": "Wizard",
      "Constraints": [
        {
          "Name": "api.is_equal_to(\"John\")"
        },
        {
          "UserName": "\"John\""
        },
        {
          "Day": "\"Friday\""
        },
        {
          "StartTimeHour": "\"5 pm\""
        },
        {
          "EndTimeHour": "\"6 pm\""
        }
      ],
      "PrimaryItem": {
        "APIName": "meeting_schedule",
        "Day": "Friday",
        "EndTime": "5 pm",
        "GuestName": "John",
        "Message": "That person has a conflicting meeting at that time. Try another meeting time.",
        "StartTime": "4 pm"
      },
      "UnixTime": 1590272419
    },
    {
      "APIName": "meeting_schedule",
      "Action": "return_item",
      "Agent": "KnowledgeBase",
      "Item": {
        "APIName": "meeting_schedule",
        "Day": "Friday",
        "EndTime": "6 pm",
        "GuestName": "John",
        "Message": "That person has a conflicting meeting at that time. Try another meeting time.",
        "StartTime": "5 pm"
      },
      "TotalItems": -1
    },
    {
      "APIName": "meeting_schedule",
      "Action": "query",
      "Agent": "Wizard",
      "Constraints": [
        {
          "Name": "api.is_equal_to(\"John\")"
        },
        {
          "UserName": "\"John\""
        },
        {
          "Day": "\"Friday\""
        },
        {
          "StartTimeHour": "\"9 am\""
        },
        {
          "EndTimeHour": "\"11 am\""
        }
      ],
      "PrimaryItem": {
        "APIName": "meeting_schedule",
        "Day": "Friday",
        "EndTime": "6 pm",
        "GuestName": "John",
        "Message": "That person has a conflicting meeting at that time. Try another meeting time.",
        "StartTime": "5 pm"
      },
      "UnixTime": 1590272427
    },
    {
      "APIName": "meeting_schedule",
      "Action": "return_item",
      "Agent": "KnowledgeBase",
      "Item": {
        "APIName": "meeting_schedule",
        "Day": "Friday",
        "EndTime": "11 am",
        "GuestName": "John",
        "Message": "That person has a conflicting meeting at that time. Try another meeting time.",
        "StartTime": "9 am"
      },
      "TotalItems": -1
    },
    {
      "APIName": "meeting_schedule",
      "Action": "query",
      "Agent": "Wizard",
      "Constraints": [
        {
          "Name": "api.is_equal_to(\"John\")"
        },
        {
          "UserName": "\"John\""
        },
        {
          "Day": "\"Friday\""
        },
        {
          "StartTimeHour": "\"11 am\""
        },
        {
          "EndTimeHour": "\"12 pm\""
        }
      ],
      "PrimaryItem": {
        "APIName": "meeting_schedule",
        "Day": "Friday",
        "EndTime": "11 am",
        "GuestName": "John",
        "Message": "That person has a conflicting meeting at that time. Try another meeting time.",
        "StartTime": "9 am"
      },
      "UnixTime": 1590272434
    },
    {
      "APIName": "meeting_schedule",
      "Action": "return_item",
      "Agent": "KnowledgeBase",
      "Item": {
        "APIName": "meeting_schedule",
        "Day": "Friday",
        "EndTime": "12 pm",
        "GuestName": "John",
        "Message": "Your meeting has been successfuly scheduled.",
        "StartTime": "11 am"
      },
      "TotalItems": -1
    },
    {
      "Action": "request_suggestions",
      "Agent": "Wizard",
      "PrimaryItem": {
        "APIName": "meeting_schedule",
        "Day": "Friday",
        "EndTime": "12 pm",
        "GuestName": "John",
        "Message": "Your meeting has been successfuly scheduled.",
        "StartTime": "11 am"
      },
      "Text": "John",
      "UnixTime": 1590272440
    },
    {
      "Action": "pick_suggestion",
      "ActionLabel": "meeting_inform_confirmed",
      "ActionLabelOptions": [
        "ask_name",
        "hello",
        "meeting_inform_confirmed"
      ],
      "Agent": "Wizard",
      "PrimaryItem": {
        "APIName": "meeting_schedule",
        "Day": "Friday",
        "EndTime": "12 pm",
        "GuestName": "John",
        "Message": "Your meeting has been successfuly scheduled.",
        "StartTime": "11 am"
      },
      "Text": "Fantastic, your meeting with John has been successfully scheduled for Friday, 11 am-12 pm.",
      "UnixTime": 1590272443
    },
    {
      "Action": "utter",
      "Agent": "User",
      "Text": "Thanks. Reserve a table at cactus for today",
      "UnixTime": 1590272469
    },
    {
      "Action": "instruct",
      "Agent": "UserGuide",
      "Text": "Keep going :) - don't forget some smalltalk. Perhaps say something related to the first topic you talked about. [instruction 6 of 9]",
      "UnixTime": 1590272469
    },
    {
      "Action": "select_task",
      "Agent": "Wizard",
      "PrimaryItem": {
        "APIName": "meeting_schedule",
        "Day": "Friday",
        "EndTime": "12 pm",
        "GuestName": "John",
        "Message": "Your meeting has been successfuly scheduled.",
        "StartTime": "11 am"
      },
      "Task": "restaurant_book",
      "UnixTime": 1590272479
    },
    {
      "Action": "request_suggestions",
      "Agent": "Wizard",
      "PrimaryItem": {
        "APIName": "meeting_schedule",
        "Day": "Friday",
        "EndTime": "12 pm",
        "GuestName": "John",
        "Message": "Your meeting has been successfuly scheduled.",
        "StartTime": "11 am"
      },
      "Text": "time",
      "UnixTime": 1590272492
    },
    {
      "Action": "pick_suggestion",
      "ActionLabel": "restaurant_ask_time",
      "ActionLabelOptions": [
        "restaurant_ask_time",
        "goodbye_1",
        "hello",
        "meeting_ask_end_time",
        "hello",
        "ask_name"
      ],
      "Agent": "Wizard",
      "PrimaryItem": {
        "APIName": "meeting_schedule",
        "Day": "Friday",
        "EndTime": "12 pm",
        "GuestName": "John",
        "Message": "Your meeting has been successfuly scheduled.",
        "StartTime": "11 am"
      },
      "Text": "For what time should the reservation be made?",
      "UnixTime": 1590272494
    },
    {
      "Action": "utter",
      "Agent": "User",
      "Text": "3pm",
      "UnixTime": 1590272501
    },
    {
      "APIName": "restaurant_book",
      "Action": "query",
      "Agent": "Wizard",
      "Constraints": [
        {
          "Name": "api.is_equal_to(\"Cactus Club\")"
        },
        {
          "Time": "\"3 pm\""
        },
        {
          "PartySize": "3"
        },
        {
          "CustomerName": "\"John\""
        },
        {
          "RequestType": "\"Check\""
        }
      ],
      "PrimaryItem": {
        "APIName": "meeting_schedule",
        "Day": "Friday",
        "EndTime": "12 pm",
        "GuestName": "John",
        "Message": "Your meeting has been successfuly scheduled.",
        "StartTime": "11 am"
      },
      "UnixTime": 1590272515
    },
    {
      "APIName": "restaurant_book",
      "Action": "return_item",
      "Agent": "KnowledgeBase",
      "Item": {
        "APIName": "restaurant_book",
        "Message": "Unavailable",
        "RestaurantName": "Cactus Club"
      },
      "TotalItems": -1
    },
    {
      "APIName": "restaurant_book",
      "Action": "query",
      "Agent": "Wizard",
      "Constraints": [
        {
          "Name": "api.is_equal_to(\"Cactus Club\")"
        },
        {
          "Time": "\"3 pm\""
        },
        {
          "PartySize": "3"
        },
        {
          "CustomerName": "\"John\""
        },
        {
          "RequestType": "\"Check\""
        }
      ],
      "PrimaryItem": {
        "APIName": "restaurant_book",
        "Message": "Unavailable",
        "RestaurantName": "Cactus Club"
      },
      "UnixTime": 1590272516
    },
    {
      "APIName": "restaurant_book",
      "Action": "return_item",
      "Agent": "KnowledgeBase",
      "Item": {
        "APIName": "restaurant_book",
        "Message": "Unavailable",
        "RestaurantName": "Cactus Club"
      },
      "TotalItems": -1
    },
    {
      "APIName": "restaurant_book",
      "Action": "query",
      "Agent": "Wizard",
      "Constraints": [
        {
          "Name": "api.is_equal_to(\"Cactus Club\")"
        },
        {
          "Time": "\"3 pm\""
        },
        {
          "PartySize": "3"
        },
        {
          "CustomerName": "\"John\""
        },
        {
          "RequestType": "\"Check\""
        }
      ],
      "PrimaryItem": {
        "APIName": "restaurant_book",
        "Message": "Unavailable",
        "RestaurantName": "Cactus Club"
      },
      "UnixTime": 1590272517
    },
    {
      "APIName": "restaurant_book",
      "Action": "return_item",
      "Agent": "KnowledgeBase",
      "Item": {
        "APIName": "restaurant_book",
        "Message": "Unavailable",
        "RestaurantName": "Cactus Club"
      },
      "TotalItems": -1
    },
    {
      "APIName": "restaurant_book",
      "Action": "query",
      "Agent": "Wizard",
      "Constraints": [
        {
          "Name": "api.is_equal_to(\"Cactus Club\")"
        },
        {
          "Time": "\"3 pm\""
        },
        {
          "PartySize": "2"
        },
        {
          "CustomerName": "\"John\""
        },
        {
          "RequestType": "\"Check\""
        }
      ],
      "PrimaryItem": {
        "APIName": "restaurant_book",
        "Message": "Unavailable",
        "RestaurantName": "Cactus Club"
      },
      "UnixTime": 1590272521
    },
    {
      "APIName": "restaurant_book",
      "Action": "return_item",
      "Agent": "KnowledgeBase",
      "Item": {
        "APIName": "restaurant_book",
        "Message": "Unavailable",
        "RestaurantName": "Cactus Club"
      },
      "TotalItems": -1
    },
    {
      "APIName": "restaurant_book",
      "Action": "query",
      "Agent": "Wizard",
      "Constraints": [
        {
          "Name": "api.is_equal_to(\"Cactus Club\")"
        },
        {
          "Time": "\"4 pm\""
        },
        {
          "PartySize": "2"
        },
        {
          "CustomerName": "\"John\""
        },
        {
          "RequestType": "\"Check\""
        }
      ],
      "PrimaryItem": {
        "APIName": "restaurant_book",
        "Message": "Unavailable",
        "RestaurantName": "Cactus Club"
      },
      "UnixTime": 1590272527
    },
    {
      "APIName": "restaurant_book",
      "Action": "return_item",
      "Agent": "KnowledgeBase",
      "Item": {
        "APIName": "restaurant_book",
        "Message": "Available",
        "RestaurantName": "Cactus Club"
      },
      "TotalItems": -1
    },
    {
      "Action": "request_suggestions",
      "Agent": "Wizard",
      "PrimaryItem": {
        "APIName": "restaurant_book",
        "Message": "Available",
        "RestaurantName": "Cactus Club"
      },
      "Text": "available",
      "UnixTime": 1590272530
    },
    {
      "Action": "pick_suggestion",
      "ActionLabel": "restaurant_inform_booking_successful",
      "ActionLabelOptions": [
        "restaurant_inform_booking_successful",
        "restaurant_ask_confirm_booking",
        "hello"
      ],
      "Agent": "Wizard",
      "PrimaryItem": {
        "APIName": "restaurant_book",
        "Message": "Available",
        "RestaurantName": "Cactus Club"
      },
      "Text": "Excellent, your reservation at the Cactus Club is confirmed!",
      "UnixTime": 1590272533
    },
    {
      "Action": "utter",
      "Agent": "User",
      "Text": "I wish i could beginy meeting right now",
      "UnixTime": 1590272560
    },
    {
      "Action": "instruct",
      "Agent": "UserGuide",
      "Text": "Keep going until you've covered all the topics ('looking for a flight', 'schedule a meeting', 'RSVP to a party' and 'book a table at a restaurant'). The conversation should continue at least until the last instruction is given. [instruction 7 of 9]",
      "UnixTime": 1590272560
    },
    {
      "Action": "request_suggestions",
      "Agent": "Wizard",
      "PrimaryItem": {
        "APIName": "restaurant_book",
        "Message": "Available",
        "RestaurantName": "Cactus Club"
      },
      "Text": "Is there",
      "UnixTime": 1590272573
    },
    {
      "Action": "pick_suggestion",
      "ActionLabel": "anything_else",
      "ActionLabelOptions": [
        "restaurant_inform_nothing_found",
        "restaurant_inform_booking_successful",
        "anything_else"
      ],
      "Agent": "Wizard",
      "PrimaryItem": {
        "APIName": "restaurant_book",
        "Message": "Available",
        "RestaurantName": "Cactus Club"
      },
      "Text": "Is there anything else that I can do for you?",
      "UnixTime": 1590272575
    },
    {
      "Action": "utter",
      "Agent": "User",
      "Text": "Book my reservation",
      "UnixTime": 1590272604
    },
    {
      "APIName": "restaurant_book",
      "Action": "query",
      "Agent": "Wizard",
      "Constraints": [
        {
          "Name": "api.is_equal_to(\"Cactus Club\")"
        },
        {
          "Time": "\"4 pm\""
        },
        {
          "PartySize": "2"
        },
        {
          "CustomerName": "\"John\""
        },
        {
          "RequestType": "\"Book\""
        }
      ],
      "PrimaryItem": {
        "APIName": "restaurant_book",
        "Message": "Available",
        "RestaurantName": "Cactus Club"
      },
      "UnixTime": 1590272614
    },
    {
      "APIName": "restaurant_book",
      "Action": "return_item",
      "Agent": "KnowledgeBase",
      "Item": {
        "APIName": "restaurant_book",
        "ReservationStatus": "Reservation Confirmed",
        "RestaurantName": "Cactus Club"
      },
      "TotalItems": -1
    },
    {
      "Action": "request_suggestions",
      "Agent": "Wizard",
      "PrimaryItem": {
        "APIName": "restaurant_book",
        "ReservationStatus": "Reservation Confirmed",
        "RestaurantName": "Cactus Club"
      },
      "Text": "Confirmed",
      "UnixTime": 1590272617
    },
    {
      "Action": "pick_suggestion",
      "ActionLabel": "restaurant_inform_booking_successful",
      "ActionLabelOptions": [
        "restaurant_inform_booking_successful",
        "restaurant_inform_nothing_found",
        "restaurant_ask_confirm_booking"
      ],
      "Agent": "Wizard",
      "PrimaryItem": {
        "APIName": "restaurant_book",
        "ReservationStatus": "Reservation Confirmed",
        "RestaurantName": "Cactus Club"
      },
      "Text": "Excellent, your reservation at the Cactus Club is confirmed!",
      "UnixTime": 1590272619
    },
    {
      "Action": "utter",
      "Agent": "User",
      "Text": "Thanks",
      "UnixTime": 1590272629
    },
    {
      "Action": "instruct",
      "Agent": "UserGuide",
      "Text": "Almost there. A few more turns. [instruction 8 of 9]",
      "UnixTime": 1590272629
    },
    {
      "Action": "request_suggestions",
      "Agent": "Wizard",
      "PrimaryItem": {
        "APIName": "restaurant_book",
        "ReservationStatus": "Reservation Confirmed",
        "RestaurantName": "Cactus Club"
      },
      "Text": "Thank you",
      "UnixTime": 1590272653
    },
    {
      "Action": "pick_suggestion",
      "ActionLabel": "anything_else",
      "ActionLabelOptions": [
        "hello",
        "restaurant_ask_size",
        "anything_else"
      ],
      "Agent": "Wizard",
      "PrimaryItem": {
        "APIName": "restaurant_book",
        "ReservationStatus": "Reservation Confirmed",
        "RestaurantName": "Cactus Club"
      },
      "Text": "Is there anything else that I can do for you?",
      "UnixTime": 1590272655
    },
    {
      "Action": "utter",
      "Agent": "User",
      "Text": "Rsvp me to a party in west bay venue",
      "UnixTime": 1590272683
    },
    {
      "Action": "select_task",
      "Agent": "Wizard",
      "PrimaryItem": {
        "APIName": "restaurant_book",
        "ReservationStatus": "Reservation Confirmed",
        "RestaurantName": "Cactus Club"
      },
      "Task": "party_rsvp",
      "UnixTime": 1590272693
    },
    {
      "Action": "request_suggestions",
      "Agent": "Wizard",
      "PrimaryItem": {
        "APIName": "restaurant_book",
        "ReservationStatus": "Reservation Confirmed",
        "RestaurantName": "Cactus Club"
      },
      "Text": "host name",
      "UnixTime": 1590272706
    },
    {
      "Action": "pick_suggestion",
      "ActionLabel": "party_ask_host",
      "ActionLabelOptions": [
        "ask_name",
        "party_ask_host",
        "ask_name",
        "party_ask_number_of_guests",
        "out_of_scope",
        "restaurant_ask_restaurant"
      ],
      "Agent": "Wizard",
      "PrimaryItem": {
        "APIName": "restaurant_book",
        "ReservationStatus": "Reservation Confirmed",
        "RestaurantName": "Cactus Club"
      },
      "Text": "Could you provide me with the name of the host, please?",
      "UnixTime": 1590272710
    },
    {
      "Action": "utter",
      "Agent": "User",
      "Text": "John Smith",
      "UnixTime": 1590272732
    },
    {
      "Action": "request_suggestions",
      "Agent": "Wizard",
      "PrimaryItem": {
        "APIName": "restaurant_book",
        "ReservationStatus": "Reservation Confirmed",
        "RestaurantName": "Cactus Club"
      },
      "Text": "time",
      "UnixTime": 1590272765
    },
    {
      "Action": "pick_suggestion",
      "ActionLabel": "restaurant_ask_time",
      "ActionLabelOptions": [
        "restaurant_ask_time",
        "party_ask_arrival_time",
        "party_ask_venue",
        "party_ask_number_of_guests",
        "hello",
        "ask_name"
      ],
      "Agent": "Wizard",
      "PrimaryItem": {
        "APIName": "restaurant_book",
        "ReservationStatus": "Reservation Confirmed",
        "RestaurantName": "Cactus Club"
      },
      "Text": "For what time should the reservation be made?",
      "UnixTime": 1590272767
    },
    {
      "Action": "utter",
      "Agent": "User",
      "Text": "6pm",
      "UnixTime": 1590272783
    },
    {
      "Action": "instruct",
      "Agent": "UserGuide",
      "Text": "Ok, once you've touched on all the topics ('looking for a flight', 'schedule a meeting', 'RSVP to a party' and 'book a table at a restaurant') and engaged in some smalltalk, you can bring the conversation to a natural close. [instruction 9 of 9]",
      "UnixTime": 1590272783
    },
    {
      "Action": "request_suggestions",
      "Agent": "Wizard",
      "PrimaryItem": {
        "APIName": "restaurant_book",
        "ReservationStatus": "Reservation Confirmed",
        "RestaurantName": "Cactus Club"
      },
      "Text": "guests",
      "UnixTime": 1590272815
    },
    {
      "Action": "pick_suggestion",
      "ActionLabel": "party_ask_number_of_guests",
      "ActionLabelOptions": [
        "party_ask_number_of_guests",
        "restaurant_ask_confirm_booking",
        "restaurant_ask_size",
        "out_of_scope",
        "party_confirm_rsvp",
        "goodbye_1"
      ],
      "Agent": "Wizard",
      "PrimaryItem": {
        "APIName": "restaurant_book",
        "ReservationStatus": "Reservation Confirmed",
        "RestaurantName": "Cactus Club"
      },
      "Text": "How many guests will you be bringing with you?",
      "UnixTime": 1590272817
    },
    {
      "Action": "utter",
      "Agent": "User",
      "Text": "How was your night",
      "UnixTime": 1590272883
    },
    {
      "Action": "request_suggestions",
      "Agent": "Wizard",
      "PrimaryItem": {
        "APIName": "restaurant_book",
        "ReservationStatus": "Reservation Confirmed",
        "RestaurantName": "Cactus Club"
      },
      "Text": "Fine, ",
      "UnixTime": 1590272905
    },
    {
      "Action": "utter",
      "Agent": "Wizard",
      "PrimaryItem": {
        "APIName": "restaurant_book",
        "ReservationStatus": "Reservation Confirmed",
        "RestaurantName": "Cactus Club"
      },
      "Text": "Fine, yours? Are you bringing any guests?",
      "UnixTime": 1590272923
    },
    {
      "Action": "utter",
      "Agent": "User",
      "Text": "3",
      "UnixTime": 1590272930
    },
    {
      "APIName": "party_rsvp",
      "Action": "query",
      "Agent": "Wizard",
      "Constraints": [
        {
          "Name": "\"West Bay Venue\""
        },
        {
          "HostName": "\"John Smith\""
        },
        {
          "GuestName": "\"John\""
        },
        {
          "ArrivalTime": "\"6 pm\""
        },
        {
          "NumberGuests": "3"
        },
        {
          "NeedParking": "api.is_equal_to(\"Yes\")"
        }
      ],
      "PrimaryItem": {
        "APIName": "restaurant_book",
        "ReservationStatus": "Reservation Confirmed",
        "RestaurantName": "Cactus Club"
      },
      "UnixTime": 1590272943
    },
    {
      "APIName": "party_rsvp",
      "Action": "return_item",
      "Agent": "KnowledgeBase",
      "Item": {
        "APIName": "party_rsvp",
        "Message": "Thank you for your RSVP. See you there."
      },
      "TotalItems": -1
    },
    {
      "Action": "request_suggestions",
      "Agent": "Wizard",
      "PrimaryItem": {
        "APIName": "party_rsvp",
        "Message": "Thank you for your RSVP. See you there."
      },
      "Text": "Rsvp",
      "UnixTime": 1590272949
    },
    {
      "Action": "pick_suggestion",
      "ActionLabel": "party_confirm_rsvp",
      "ActionLabelOptions": [
        "party_confirm_rsvp",
        "party_ask_arrival_time",
        "party_ask_number_of_guests"
      ],
      "Agent": "Wizard",
      "PrimaryItem": {
        "APIName": "party_rsvp",
        "Message": "Thank you for your RSVP. See you there."
      },
      "Text": "Great, your rsvp is all done and confirmed!",
      "UnixTime": 1590272951
    },
    {
      "Action": "utter",
      "Agent": "User",
      "Text": "Goodbye",
      "UnixTime": 1590273030
    },
    {
      "Action": "request_suggestions",
      "Agent": "Wizard",
      "PrimaryItem": {
        "APIName": "party_rsvp",
        "Message": "Thank you for your RSVP. See you there."
      },
      "Text": "Thank you ",
      "UnixTime": 1590273036
    },
    {
      "Action": "pick_suggestion",
      "ActionLabel": "goodbye_1",
      "ActionLabelOptions": [
        "goodbye_1",
        "party_ask_venue",
        "anything_else"
      ],
      "Agent": "Wizard",
      "PrimaryItem": {
        "APIName": "party_rsvp",
        "Message": "Thank you for your RSVP. See you there."
      },
      "Text": "Thank you and goodbye.",
      "UnixTime": 1590273038
    },
    {
      "Action": "complete",
      "Agent": "User",
      "UnixTime": 1590273042
    }
  ],
  "FORMAT-VERSION": 7,
  "IntroducesConflicts": false,
  "Scenario": {
    "Domains": [
      "hotel",
      "meeting",
      "party",
      "plane",
      "restaurant"
    ],
    "Happy": false,
    "MultiTask": true,
    "UserTask": "Come up with your own scenario!\n\nAbout you:\n- Your name: John Smith\n- Your current location: Hilton Hotel\n- Today is Friday the 17th, 3 pm\n\n The AI Assistant can handle:\n- Searching for flights (e.g. from Chicago to New York City or Detroit)\n- Schedule a meeting\n- Reserving a table at a restaurant (e.g. Cactus Club or Legume) for today\n- RSVP you to a party (Example venues: West Bay Venue or Southside Venue)\n- Request room service",
    "WizardCapabilities": [
      {
        "Domain": "plane",
        "SchemaImage": "plane_search.jpg",
        "Task": "plane_search"
      },
      {
        "Domain": "meeting",
        "SchemaImage": "meeting_schedule.jpg",
        "Task": "meeting_schedule"
      },
      {
        "Domain": "restaurant",
        "SchemaImage": "restaurant_book.jpg",
        "Task": "restaurant_book"
      },
      {
        "Domain": "party",
        "SchemaImage": "party_rsvp.jpg",
        "Task": "party_rsvp"
      },
      {
        "Domain": "hotel",
        "SchemaImage": "hotel_service_request.jpg",
        "Task": "hotel_service_request"
      }
    ],
    "WizardTask": "Follow the flow charts and help the user. Assume:\n\n- Today is Friday the 17th, 3 pm"
  },
  "UserQuestionnaire": [
    {
      "Answer": true,
      "Question": "Did the assistant stay calm and helpful throughout the dialogue?"
    }
  ],
  "WizardQuestionnaire": [
    {
      "Answer": false,
      "Question": "Did the user change his/her mind about what he/she wants at any time?"
    },
    {
      "Answer": false,
      "Question": "Did the user become aggressive or annoyed during the dialogue? (Note: some users may be instructed to be annoying.)"
    },
    {
      "Answer": false,
      "Question": "Where you unsure about what to do at any time? (Feel free to send us an email with details.)"
    }
  ]
}