{
  "AnonymizedUserWorkerID": "7fd15aa1-0368-5c6b-075a-13b3696d4627",
  "AnonymizedWizardWorkerID": "ee2276a1-53ce-a0ce-97a0-164c3f0f388c",
  "BatchID": "woz_1590253362",
  "CompletionLevel": "Complete",
  "DialogueID": 5105,
  "Events": [
    {
      "Action": "instruct",
      "Agent": "UserGuide",
      "Text": "Use your imagination to generate a conversation about the topics 'finding a flight from San Francisco to Pittsburgh' and 'reserving a flight' (in any order), as shown on the left. You may also ask the assistant about the weather.  [instruction 1 of 6]",
      "UnixTime": 1590292610
    },
    {
      "Action": "utter",
      "Agent": "User",
      "Text": "Hello. My name is Alexis and I would like to search a flight from San Fran - Pittsburgh please.",
      "UnixTime": 1590292646
    },
    {
      "Action": "request_suggestions",
      "Agent": "Wizard",
      "Text": "Sure, what day",
      "UnixTime": 1590292748
    },
    {
      "Action": "pick_suggestion",
      "ActionLabel": "plane_ask_date",
      "ActionLabelOptions": [
        "plane_ask_date",
        "plane_ask_arrival_city",
        "plane_request_optional"
      ],
      "Agent": "Wizard",
      "Text": "On what day do you want the plane to arrive?",
      "UnixTime": 1590292750
    },
    {
      "Action": "utter",
      "Agent": "User",
      "Text": "Sunday please.",
      "UnixTime": 1590292760
    },
    {
      "APIName": "plane_search",
      "Action": "query",
      "Agent": "Wizard",
      "Constraints": [
        {
          "DepartureCity": "\"San Francisco\""
        },
        {
          "ArrivalCity": "\"Pittsburgh\""
        },
        {
          "Date": "\"7th\""
        }
      ],
      "UnixTime": 1590292789
    },
    {
      "APIName": "plane_search",
      "Action": "return_item",
      "Agent": "KnowledgeBase",
      "Item": {
        "APIName": "plane_search",
        "Airline": "United",
        "ArrivalCity": "Pittsburgh",
        "ArrivalTime": "3 am",
        "Class": "First",
        "Date": "7th",
        "DepartureCity": "San Francisco",
        "DurationHours": 2,
        "Price": 181,
        "id": 927
      },
      "TotalItems": 2
    },
    {
      "Action": "request_suggestions",
      "Agent": "Wizard",
      "PrimaryItem": {
        "APIName": "plane_search",
        "Airline": "United",
        "ArrivalCity": "Pittsburgh",
        "ArrivalTime": "3 am",
        "Class": "First",
        "Date": "7th",
        "DepartureCity": "San Francisco",
        "DurationHours": 2,
        "Price": 181,
        "id": 927
      },
      "Text": "I've found a flight with the id 927",
      "UnixTime": 1590292807
    },
    {
      "Action": "pick_suggestion",
      "ActionLabel": "plane_inform_flight_details",
      "ActionLabelOptions": [
        "plane_inform_flight_details",
        "plane_inform_nothing_found",
        "plane_ask_more_questions"
      ],
      "Agent": "Wizard",
      "PrimaryItem": {
        "APIName": "plane_search",
        "Airline": "United",
        "ArrivalCity": "Pittsburgh",
        "ArrivalTime": "3 am",
        "Class": "First",
        "Date": "7th",
        "DepartureCity": "San Francisco",
        "DurationHours": 2,
        "Price": 181,
        "id": 927
      },
      "Text": "Right, I found a First flight with United for 181 credits\n that takes 2 hours to get to Pittsburgh.",
      "UnixTime": 1590292810
    },
    {
      "Action": "utter",
      "Agent": "User",
      "Text": "Can you look at flight 573 and see if it is still available?",
      "UnixTime": 1590292841
    },
    {
      "Action": "instruct",
      "Agent": "UserGuide",
      "Text": "Please have some smalltalk with the AI Assistant at some point in this dialogue. [instruction 2 of 6]",
      "UnixTime": 1590292841
    },
    {
      "Action": "select_task",
      "Agent": "Wizard",
      "PrimaryItem": {
        "APIName": "plane_search",
        "Airline": "United",
        "ArrivalCity": "Pittsburgh",
        "ArrivalTime": "3 am",
        "Class": "First",
        "Date": "7th",
        "DepartureCity": "San Francisco",
        "DurationHours": 2,
        "Price": 181,
        "id": 927
      },
      "Task": "plane_book",
      "UnixTime": 1590292876
    },
    {
      "APIName": "plane_book",
      "Action": "query",
      "Agent": "Wizard",
      "Constraints": [
        {
          "id": "573"
        },
        {
          "CustomerName": "\"Alexis\""
        },
        {
          "RequestType": "\"Check\""
        }
      ],
      "PrimaryItem": {
        "APIName": "plane_search",
        "Airline": "United",
        "ArrivalCity": "Pittsburgh",
        "ArrivalTime": "3 am",
        "Class": "First",
        "Date": "7th",
        "DepartureCity": "San Francisco",
        "DurationHours": 2,
        "Price": 181,
        "id": 927
      },
      "UnixTime": 1590292884
    },
    {
      "APIName": "plane_book",
      "Action": "return_item",
      "Agent": "KnowledgeBase",
      "Item": {
        "APIName": "plane_book",
        "Message": "Unavailable",
        "id": 573
      },
      "TotalItems": -1
    },
    {
      "Action": "request_suggestions",
      "Agent": "Wizard",
      "PrimaryItem": {
        "APIName": "plane_book",
        "Message": "Unavailable",
        "id": 573
      },
      "Text": "Unavailable",
      "UnixTime": 1590292887
    },
    {
      "Action": "pick_suggestion",
      "ActionLabel": "plane_flight_unavailable",
      "ActionLabelOptions": [
        "plane_flight_unavailable",
        "plane_reservation_failed",
        "plane_ask_flight_id"
      ],
      "Agent": "Wizard",
      "PrimaryItem": {
        "APIName": "plane_book",
        "Message": "Unavailable",
        "id": 573
      },
      "Text": "Sorry, but the flight with id '573' is not available any more.",
      "UnixTime": 1590292888
    },
    {
      "Action": "utter",
      "Agent": "User",
      "Text": "Alright please book the United flight you found.",
      "UnixTime": 1590292911
    },
    {
      "APIName": "plane_book",
      "Action": "query",
      "Agent": "Wizard",
      "Constraints": [
        {
          "id": "927"
        },
        {
          "CustomerName": "\"Alexis\""
        },
        {
          "RequestType": "\"Check\""
        }
      ],
      "PrimaryItem": {
        "APIName": "plane_book",
        "Message": "Unavailable",
        "id": 573
      },
      "UnixTime": 1590292923
    },
    {
      "APIName": "plane_book",
      "Action": "return_item",
      "Agent": "KnowledgeBase",
      "Item": {
        "APIName": "plane_book",
        "Message": "Available",
        "id": 927
      },
      "TotalItems": -1
    },
    {
      "APIName": "plane_book",
      "Action": "query",
      "Agent": "Wizard",
      "Constraints": [
        {
          "id": "927"
        },
        {
          "CustomerName": "\"Alexis\""
        },
        {
          "RequestType": "\"Book\""
        }
      ],
      "PrimaryItem": {
        "APIName": "plane_book",
        "Message": "Available",
        "id": 927
      },
      "UnixTime": 1590292925
    },
    {
      "APIName": "plane_book",
      "Action": "return_item",
      "Agent": "KnowledgeBase",
      "Item": {
        "APIName": "plane_book",
        "ReservationStatus": "Reservation Failed",
        "id": 927
      },
      "TotalItems": -1
    },
    {
      "Action": "request_suggestions",
      "Agent": "Wizard",
      "PrimaryItem": {
        "APIName": "plane_book",
        "ReservationStatus": "Reservation Failed",
        "id": 927
      },
      "Text": "Reservation failed",
      "UnixTime": 1590292930
    },
    {
      "Action": "pick_suggestion",
      "ActionLabel": "plane_reservation_failed",
      "ActionLabelOptions": [
        "plane_reservation_failed",
        "ask_name",
        "plane_inform_nothing_found"
      ],
      "Agent": "Wizard",
      "PrimaryItem": {
        "APIName": "plane_book",
        "ReservationStatus": "Reservation Failed",
        "id": 927
      },
      "Text": "I'm sorry, but your reservation request was unsuccessful.",
      "UnixTime": 1590292932
    },
    {
      "Action": "utter",
      "Agent": "User",
      "Text": "Just any flight will work I just really need to get there to see my family now that I can.",
      "UnixTime": 1590292962
    },
    {
      "Action": "instruct",
      "Agent": "UserGuide",
      "Text": "If you haven't yet, it's time to change topic. You can also go back and forth between topics. [instruction 3 of 6]",
      "UnixTime": 1590292962
    },
    {
      "Action": "select_task",
      "Agent": "Wizard",
      "PrimaryItem": {
        "APIName": "plane_book",
        "ReservationStatus": "Reservation Failed",
        "id": 927
      },
      "Task": "plane_search",
      "UnixTime": 1590292985
    },
    {
      "APIName": "plane_search",
      "Action": "query",
      "Agent": "Wizard",
      "Constraints": [
        {
          "DepartureCity": "\"San Francisco\""
        },
        {
          "ArrivalCity": "\"Pittsburgh\""
        },
        {
          "Date": "\"8th\""
        }
      ],
      "PrimaryItem": {
        "APIName": "plane_book",
        "ReservationStatus": "Reservation Failed",
        "id": 927
      },
      "UnixTime": 1590292991
    },
    {
      "APIName": "plane_search",
      "Action": "return_item",
      "Agent": "KnowledgeBase",
      "Item": {
        "APIName": "plane_search",
        "Airline": "Delta",
        "ArrivalCity": "Pittsburgh",
        "ArrivalTime": "7 pm",
        "Class": "First",
        "Date": "8th",
        "DepartureCity": "San Francisco",
        "DurationHours": 6,
        "Price": 166,
        "id": 180
      },
      "TotalItems": 1
    },
    {
      "Action": "select_task",
      "Agent": "Wizard",
      "PrimaryItem": {
        "APIName": "plane_search",
        "Airline": "Delta",
        "ArrivalCity": "Pittsburgh",
        "ArrivalTime": "7 pm",
        "Class": "First",
        "Date": "8th",
        "DepartureCity": "San Francisco",
        "DurationHours": 6,
        "Price": 166,
        "id": 180
      },
      "Task": "plane_book",
      "UnixTime": 1590292993
    },
    {
      "APIName": "plane_book",
      "Action": "query",
      "Agent": "Wizard",
      "Constraints": [
        {
          "id": "180"
        },
        {
          "CustomerName": "\"Alexis\""
        },
        {
          "RequestType": "\"Check\""
        }
      ],
      "PrimaryItem": {
        "APIName": "plane_search",
        "Airline": "Delta",
        "ArrivalCity": "Pittsburgh",
        "ArrivalTime": "7 pm",
        "Class": "First",
        "Date": "8th",
        "DepartureCity": "San Francisco",
        "DurationHours": 6,
        "Price": 166,
        "id": 180
      },
      "UnixTime": 1590292997
    },
    {
      "APIName": "plane_book",
      "Action": "return_item",
      "Agent": "KnowledgeBase",
      "Item": {
        "APIName": "plane_book",
        "Message": "Unavailable",
        "id": 180
      },
      "TotalItems": -1
    },
    {
      "Action": "select_task",
      "Agent": "Wizard",
      "PrimaryItem": {
        "APIName": "plane_book",
        "Message": "Unavailable",
        "id": 180
      },
      "Task": "plane_search",
      "UnixTime": 1590292999
    },
    {
      "APIName": "plane_search",
      "Action": "query",
      "Agent": "Wizard",
      "Constraints": [
        {
          "DepartureCity": "\"San Francisco\""
        },
        {
          "ArrivalCity": "\"Pittsburgh\""
        },
        {
          "Date": "\"6th\""
        }
      ],
      "PrimaryItem": {
        "APIName": "plane_book",
        "Message": "Unavailable",
        "id": 180
      },
      "UnixTime": 1590293002
    },
    {
      "APIName": "plane_search",
      "Action": "return_item",
      "Agent": "KnowledgeBase",
      "TotalItems": 0
    },
    {
      "APIName": "plane_search",
      "Action": "query",
      "Agent": "Wizard",
      "Constraints": [
        {
          "DepartureCity": "\"San Francisco\""
        },
        {
          "ArrivalCity": "\"Pittsburgh\""
        },
        {
          "Date": "\"5th\""
        }
      ],
      "UnixTime": 1590293006
    },
    {
      "APIName": "plane_search",
      "Action": "return_item",
      "Agent": "KnowledgeBase",
      "TotalItems": 0
    },
    {
      "APIName": "plane_search",
      "Action": "query",
      "Agent": "Wizard",
      "Constraints": [
        {
          "DepartureCity": "\"San Francisco\""
        },
        {
          "ArrivalCity": "\"Pittsburgh\""
        },
        {
          "Date": "\"13th\""
        }
      ],
      "UnixTime": 1590293011
    },
    {
      "APIName": "plane_search",
      "Action": "return_item",
      "Agent": "KnowledgeBase",
      "Item": {
        "APIName": "plane_search",
        "Airline": "Delta",
        "ArrivalCity": "Pittsburgh",
        "ArrivalTime": "2 pm",
        "Class": "Business",
        "Date": "13th",
        "DepartureCity": "San Francisco",
        "DurationHours": 4,
        "Price": 481,
        "id": 911
      },
      "TotalItems": 1
    },
    {
      "Action": "select_task",
      "Agent": "Wizard",
      "PrimaryItem": {
        "APIName": "plane_search",
        "Airline": "Delta",
        "ArrivalCity": "Pittsburgh",
        "ArrivalTime": "2 pm",
        "Class": "Business",
        "Date": "13th",
        "DepartureCity": "San Francisco",
        "DurationHours": 4,
        "Price": 481,
        "id": 911
      },
      "Task": "plane_book",
      "UnixTime": 1590293013
    },
    {
      "APIName": "plane_book",
      "Action": "query",
      "Agent": "Wizard",
      "Constraints": [
        {
          "id": "911"
        },
        {
          "CustomerName": "\"Alexis\""
        },
        {
          "RequestType": "\"Check\""
        }
      ],
      "PrimaryItem": {
        "APIName": "plane_search",
        "Airline": "Delta",
        "ArrivalCity": "Pittsburgh",
        "ArrivalTime": "2 pm",
        "Class": "Business",
        "Date": "13th",
        "DepartureCity": "San Francisco",
        "DurationHours": 4,
        "Price": 481,
        "id": 911
      },
      "UnixTime": 1590293016
    },
    {
      "APIName": "plane_book",
      "Action": "return_item",
      "Agent": "KnowledgeBase",
      "Item": {
        "APIName": "plane_book",
        "Message": "Available",
        "id": 911
      },
      "TotalItems": -1
    },
    {
      "APIName": "plane_book",
      "Action": "query",
      "Agent": "Wizard",
      "Constraints": [
        {
          "id": "911"
        },
        {
          "CustomerName": "\"Alexis\""
        },
        {
          "RequestType": "\"Book\""
        }
      ],
      "PrimaryItem": {
        "APIName": "plane_book",
        "Message": "Available",
        "id": 911
      },
      "UnixTime": 1590293018
    },
    {
      "APIName": "plane_book",
      "Action": "return_item",
      "Agent": "KnowledgeBase",
      "Item": {
        "APIName": "plane_book",
        "ReservationStatus": "Reservation Failed",
        "id": 911
      },
      "TotalItems": -1
    },
    {
      "Action": "request_suggestions",
      "Agent": "Wizard",
      "PrimaryItem": {
        "APIName": "plane_book",
        "ReservationStatus": "Reservation Failed",
        "id": 911
      },
      "Text": "I wasn't able to find a flight that matches your criteria",
      "UnixTime": 1590293168
    },
    {
      "Action": "pick_suggestion",
      "ActionLabel": "plane_inform_nothing_found",
      "ActionLabelOptions": [
        "plane_inform_nothing_found",
        "plane_reservation_succeeded",
        "plane_reservation_failed"
      ],
      "Agent": "Wizard",
      "PrimaryItem": {
        "APIName": "plane_book",
        "ReservationStatus": "Reservation Failed",
        "id": 911
      },
      "Text": "Unfortunately there are no flights that match your search. Would you like to change any of your criteria?",
      "UnixTime": 1590293170
    },
    {
      "Action": "utter",
      "Agent": "User",
      "Text": "Lets do San Fran - Pittsburgh Monday or Tuesday",
      "UnixTime": 1590293217
    },
    {
      "Action": "instruct",
      "Agent": "UserGuide",
      "Text": "If it makes sense, use some negations ('I don't want X', or 'anything but Y', etc.) [instruction 4 of 6]",
      "UnixTime": 1590293217
    },
    {
      "Action": "select_task",
      "Agent": "Wizard",
      "PrimaryItem": {
        "APIName": "plane_book",
        "ReservationStatus": "Reservation Failed",
        "id": 911
      },
      "Task": "plane_search",
      "UnixTime": 1590293256
    },
    {
      "APIName": "plane_search",
      "Action": "query",
      "Agent": "Wizard",
      "Constraints": [
        {
          "DepartureCity": "\"San Francisco\""
        },
        {
          "ArrivalCity": "\"Pittsburgh\""
        },
        {
          "Date": "\"14th\""
        }
      ],
      "PrimaryItem": {
        "APIName": "plane_book",
        "ReservationStatus": "Reservation Failed",
        "id": 911
      },
      "UnixTime": 1590293258
    },
    {
      "APIName": "plane_search",
      "Action": "return_item",
      "Agent": "KnowledgeBase",
      "Item": {
        "APIName": "plane_search",
        "Airline": "American",
        "ArrivalCity": "Pittsburgh",
        "ArrivalTime": "1 pm",
        "Class": "Business",
        "Date": "14th",
        "DepartureCity": "San Francisco",
        "DurationHours": 5,
        "Price": 323,
        "id": 803
      },
      "TotalItems": 2
    },
    {
      "Action": "select_task",
      "Agent": "Wizard",
      "PrimaryItem": {
        "APIName": "plane_search",
        "Airline": "American",
        "ArrivalCity": "Pittsburgh",
        "ArrivalTime": "1 pm",
        "Class": "Business",
        "Date": "14th",
        "DepartureCity": "San Francisco",
        "DurationHours": 5,
        "Price": 323,
        "id": 803
      },
      "Task": "plane_book",
      "UnixTime": 1590293261
    },
    {
      "APIName": "plane_book",
      "Action": "query",
      "Agent": "Wizard",
      "Constraints": [
        {
          "id": "803"
        },
        {
          "CustomerName": "\"Alexis\""
        },
        {
          "RequestType": "\"Check\""
        }
      ],
      "PrimaryItem": {
        "APIName": "plane_search",
        "Airline": "American",
        "ArrivalCity": "Pittsburgh",
        "ArrivalTime": "1 pm",
        "Class": "Business",
        "Date": "14th",
        "DepartureCity": "San Francisco",
        "DurationHours": 5,
        "Price": 323,
        "id": 803
      },
      "UnixTime": 1590293264
    },
    {
      "APIName": "plane_book",
      "Action": "return_item",
      "Agent": "KnowledgeBase",
      "Item": {
        "APIName": "plane_book",
        "Message": "Unavailable",
        "id": 803
      },
      "TotalItems": -1
    },
    {
      "Action": "select_task",
      "Agent": "Wizard",
      "PrimaryItem": {
        "APIName": "plane_book",
        "Message": "Unavailable",
        "id": 803
      },
      "Task": "plane_search",
      "UnixTime": 1590293267
    },
    {
      "APIName": "plane_search",
      "Action": "query",
      "Agent": "Wizard",
      "Constraints": [
        {
          "DepartureCity": "\"San Francisco\""
        },
        {
          "ArrivalCity": "\"Pittsburgh\""
        },
        {
          "Date": "\"14th\""
        }
      ],
      "PrimaryItem": {
        "APIName": "plane_book",
        "Message": "Unavailable",
        "id": 803
      },
      "UnixTime": 1590293270
    },
    {
      "APIName": "plane_search",
      "Action": "return_item",
      "Agent": "KnowledgeBase",
      "Item": {
        "APIName": "plane_search",
        "Airline": "American",
        "ArrivalCity": "Pittsburgh",
        "ArrivalTime": "1 pm",
        "Class": "Business",
        "Date": "14th",
        "DepartureCity": "San Francisco",
        "DurationHours": 5,
        "Price": 323,
        "id": 803
      },
      "TotalItems": 2
    },
    {
      "APIName": "plane_search",
      "Action": "query",
      "Agent": "Wizard",
      "Constraints": [
        {
          "DepartureCity": "\"San Francisco\""
        },
        {
          "ArrivalCity": "\"Pittsburgh\""
        },
        {
          "Date": "\"14th\""
        }
      ],
      "PrimaryItem": {
        "APIName": "plane_search",
        "Airline": "American",
        "ArrivalCity": "Pittsburgh",
        "ArrivalTime": "1 pm",
        "Class": "Business",
        "Date": "14th",
        "DepartureCity": "San Francisco",
        "DurationHours": 5,
        "Price": 323,
        "id": 803
      },
      "UnixTime": 1590293272
    },
    {
      "APIName": "plane_search",
      "Action": "return_item",
      "Agent": "KnowledgeBase",
      "Item": {
        "APIName": "plane_search",
        "Airline": "American",
        "ArrivalCity": "Pittsburgh",
        "ArrivalTime": "1 pm",
        "Class": "Business",
        "Date": "14th",
        "DepartureCity": "San Francisco",
        "DurationHours": 5,
        "Price": 323,
        "id": 803
      },
      "TotalItems": 2
    },
    {
      "APIName": "plane_search",
      "Action": "query",
      "Agent": "Wizard",
      "Constraints": [
        {
          "DepartureCity": "\"San Francisco\""
        },
        {
          "ArrivalCity": "\"Pittsburgh\""
        },
        {
          "Date": "\"14th\""
        }
      ],
      "PrimaryItem": {
        "APIName": "plane_search",
        "Airline": "American",
        "ArrivalCity": "Pittsburgh",
        "ArrivalTime": "1 pm",
        "Class": "Business",
        "Date": "14th",
        "DepartureCity": "San Francisco",
        "DurationHours": 5,
        "Price": 323,
        "id": 803
      },
      "UnixTime": 1590293273
    },
    {
      "APIName": "plane_search",
      "Action": "return_item",
      "Agent": "KnowledgeBase",
      "Item": {
        "APIName": "plane_search",
        "Airline": "Delta",
        "ArrivalCity": "Pittsburgh",
        "ArrivalTime": "2 am",
        "Class": "Business",
        "Date": "14th",
        "DepartureCity": "San Francisco",
        "DurationHours": 2,
        "Price": 289,
        "id": 892
      },
      "TotalItems": 2
    },
    {
      "Action": "select_task",
      "Agent": "Wizard",
      "PrimaryItem": {
        "APIName": "plane_search",
        "Airline": "Delta",
        "ArrivalCity": "Pittsburgh",
        "ArrivalTime": "2 am",
        "Class": "Business",
        "Date": "14th",
        "DepartureCity": "San Francisco",
        "DurationHours": 2,
        "Price": 289,
        "id": 892
      },
      "Task": "plane_book",
      "UnixTime": 1590293276
    },
    {
      "APIName": "plane_book",
      "Action": "query",
      "Agent": "Wizard",
      "Constraints": [
        {
          "id": "892"
        },
        {
          "CustomerName": "\"Alexis\""
        },
        {
          "RequestType": "\"Check\""
        }
      ],
      "PrimaryItem": {
        "APIName": "plane_search",
        "Airline": "Delta",
        "ArrivalCity": "Pittsburgh",
        "ArrivalTime": "2 am",
        "Class": "Business",
        "Date": "14th",
        "DepartureCity": "San Francisco",
        "DurationHours": 2,
        "Price": 289,
        "id": 892
      },
      "UnixTime": 1590293277
    },
    {
      "APIName": "plane_book",
      "Action": "return_item",
      "Agent": "KnowledgeBase",
      "Item": {
        "APIName": "plane_book",
        "Message": "Unavailable",
        "id": 892
      },
      "TotalItems": -1
    },
    {
      "Action": "select_task",
      "Agent": "Wizard",
      "PrimaryItem": {
        "APIName": "plane_book",
        "Message": "Unavailable",
        "id": 892
      },
      "Task": "plane_search",
      "UnixTime": 1590293279
    },
    {
      "APIName": "plane_search",
      "Action": "query",
      "Agent": "Wizard",
      "Constraints": [
        {
          "DepartureCity": "\"San Francisco\""
        },
        {
          "ArrivalCity": "\"Pittsburgh\""
        },
        {
          "Date": "\"15th\""
        }
      ],
      "PrimaryItem": {
        "APIName": "plane_book",
        "Message": "Unavailable",
        "id": 892
      },
      "UnixTime": 1590293282
    },
    {
      "APIName": "plane_search",
      "Action": "return_item",
      "Agent": "KnowledgeBase",
      "Item": {
        "APIName": "plane_search",
        "Airline": "Virgin",
        "ArrivalCity": "Pittsburgh",
        "ArrivalTime": "1 pm",
        "Class": "First",
        "Date": "15th",
        "DepartureCity": "San Francisco",
        "DurationHours": 3,
        "Price": 274,
        "id": 565
      },
      "TotalItems": 1
    },
    {
      "Action": "select_task",
      "Agent": "Wizard",
      "PrimaryItem": {
        "APIName": "plane_search",
        "Airline": "Virgin",
        "ArrivalCity": "Pittsburgh",
        "ArrivalTime": "1 pm",
        "Class": "First",
        "Date": "15th",
        "DepartureCity": "San Francisco",
        "DurationHours": 3,
        "Price": 274,
        "id": 565
      },
      "Task": "weather",
      "UnixTime": 1590293286
    },
    {
      "Action": "select_task",
      "Agent": "Wizard",
      "PrimaryItem": {
        "APIName": "plane_search",
        "Airline": "Virgin",
        "ArrivalCity": "Pittsburgh",
        "ArrivalTime": "1 pm",
        "Class": "First",
        "Date": "15th",
        "DepartureCity": "San Francisco",
        "DurationHours": 3,
        "Price": 274,
        "id": 565
      },
      "Task": "plane_book",
      "UnixTime": 1590293287
    },
    {
      "APIName": "plane_book",
      "Action": "query",
      "Agent": "Wizard",
      "Constraints": [
        {
          "id": "565"
        },
        {
          "CustomerName": "\"Alexis\""
        },
        {
          "RequestType": "\"Check\""
        }
      ],
      "PrimaryItem": {
        "APIName": "plane_search",
        "Airline": "Virgin",
        "ArrivalCity": "Pittsburgh",
        "ArrivalTime": "1 pm",
        "Class": "First",
        "Date": "15th",
        "DepartureCity": "San Francisco",
        "DurationHours": 3,
        "Price": 274,
        "id": 565
      },
      "UnixTime": 1590293289
    },
    {
      "APIName": "plane_book",
      "Action": "return_item",
      "Agent": "KnowledgeBase",
      "Item": {
        "APIName": "plane_book",
        "Message": "Available",
        "id": 565
      },
      "TotalItems": -1
    },
    {
      "APIName": "plane_book",
      "Action": "query",
      "Agent": "Wizard",
      "Constraints": [
        {
          "id": "565"
        },
        {
          "CustomerName": "\"Alexis\""
        },
        {
          "RequestType": "\"Book\""
        }
      ],
      "PrimaryItem": {
        "APIName": "plane_book",
        "Message": "Available",
        "id": 565
      },
      "UnixTime": 1590293298
    },
    {
      "APIName": "plane_book",
      "Action": "return_item",
      "Agent": "KnowledgeBase",
      "Item": {
        "APIName": "plane_book",
        "ReservationStatus": "Reservation Failed",
        "id": 565
      },
      "TotalItems": -1
    },
    {
      "Action": "request_suggestions",
      "Agent": "Wizard",
      "PrimaryItem": {
        "APIName": "plane_book",
        "ReservationStatus": "Reservation Failed",
        "id": 565
      },
      "Text": "I still am not able to find a flight that matches your criteria",
      "UnixTime": 1590293307
    },
    {
      "Action": "pick_suggestion",
      "ActionLabel": "plane_inform_nothing_found",
      "ActionLabelOptions": [
        "plane_inform_nothing_found",
        "plane_ask_flight_id",
        "plane_reservation_succeeded"
      ],
      "Agent": "Wizard",
      "PrimaryItem": {
        "APIName": "plane_book",
        "ReservationStatus": "Reservation Failed",
        "id": 565
      },
      "Text": "Unfortunately there are no flights that match your search. Would you like to change any of your criteria?",
      "UnixTime": 1590293310
    },
    {
      "Action": "utter",
      "Agent": "User",
      "Text": "Lets check the weather in NYC please. For Monday.",
      "UnixTime": 1590293333
    },
    {
      "Action": "instruct",
      "Agent": "UserGuide",
      "Text": "Keep going until you've covered all the topics ('finding a flight' and 'booking a flight'). The conversation should continue at least until the last instruction is given. [instruction 5 of 6]",
      "UnixTime": 1590293333
    },
    {
      "Action": "select_task",
      "Agent": "Wizard",
      "PrimaryItem": {
        "APIName": "plane_book",
        "ReservationStatus": "Reservation Failed",
        "id": 565
      },
      "Task": "weather",
      "UnixTime": 1590293340
    },
    {
      "APIName": "weather",
      "Action": "query",
      "Agent": "Wizard",
      "Constraints": [
        {
          "Day": "\"Monday\""
        }
      ],
      "PrimaryItem": {
        "APIName": "plane_book",
        "ReservationStatus": "Reservation Failed",
        "id": 565
      },
      "UnixTime": 1590293343
    },
    {
      "APIName": "weather",
      "Action": "return_item",
      "Agent": "KnowledgeBase",
      "Item": {
        "APIName": "weather",
        "City": "Pittsburgh",
        "Day": "Monday",
        "TemperatureCelsius": -3,
        "Weather": "Sunny",
        "id": 599
      },
      "TotalItems": -1
    },
    {
      "Action": "request_suggestions",
      "Agent": "Wizard",
      "PrimaryItem": {
        "APIName": "weather",
        "City": "Pittsburgh",
        "Day": "Monday",
        "TemperatureCelsius": -3,
        "Weather": "Sunny",
        "id": 599
      },
      "Text": "Sunny",
      "UnixTime": 1590293351
    },
    {
      "Action": "pick_suggestion",
      "ActionLabel": "weather_inform_forecast",
      "ActionLabelOptions": [
        "weather_inform_forecast",
        "goodbye_1",
        "weather_ask_location"
      ],
      "Agent": "Wizard",
      "PrimaryItem": {
        "APIName": "weather",
        "City": "Pittsburgh",
        "Day": "Monday",
        "TemperatureCelsius": -3,
        "Weather": "Sunny",
        "id": 599
      },
      "Text": "It will be Sunny all day on Monday in Pittsburgh, with temperatures of around -3 degrees celsius.",
      "UnixTime": 1590293354
    },
    {
      "Action": "utter",
      "Agent": "User",
      "Text": "What about Pittsburgh for Tuesday?",
      "UnixTime": 1590293372
    },
    {
      "APIName": "weather",
      "Action": "query",
      "Agent": "Wizard",
      "Constraints": [
        {
          "Day": "\"Tuesday\""
        },
        {
          "City": "\"Pittsburgh\""
        }
      ],
      "PrimaryItem": {
        "APIName": "weather",
        "City": "Pittsburgh",
        "Day": "Monday",
        "TemperatureCelsius": -3,
        "Weather": "Sunny",
        "id": 599
      },
      "UnixTime": 1590293382
    },
    {
      "APIName": "weather",
      "Action": "return_item",
      "Agent": "KnowledgeBase",
      "Item": {
        "APIName": "weather",
        "City": "Pittsburgh",
        "Day": "Tuesday",
        "TemperatureCelsius": 20,
        "Weather": "Partly Cloudy",
        "id": 764
      },
      "TotalItems": -1
    },
    {
      "Action": "request_suggestions",
      "Agent": "Wizard",
      "PrimaryItem": {
        "APIName": "weather",
        "City": "Pittsburgh",
        "Day": "Tuesday",
        "TemperatureCelsius": 20,
        "Weather": "Partly Cloudy",
        "id": 764
      },
      "Text": "Partly Cloudy",
      "UnixTime": 1590293386
    },
    {
      "Action": "pick_suggestion",
      "ActionLabel": "weather_inform_forecast",
      "ActionLabelOptions": [
        "weather_inform_forecast",
        "weather_ask_location",
        "goodbye_1"
      ],
      "Agent": "Wizard",
      "PrimaryItem": {
        "APIName": "weather",
        "City": "Pittsburgh",
        "Day": "Tuesday",
        "TemperatureCelsius": 20,
        "Weather": "Partly Cloudy",
        "id": 764
      },
      "Text": "It will be Partly Cloudy all day on Tuesday in Pittsburgh, with temperatures of around 20 degrees celsius.",
      "UnixTime": 1590293388
    },
    {
      "Action": "utter",
      "Agent": "User",
      "Text": "Can you try a flight from Chicago to Pittsburgh for Monday any time.",
      "UnixTime": 1590293413
    },
    {
      "Action": "instruct",
      "Agent": "UserGuide",
      "Text": "Ok, once you've touched on all the topics ('finding a flight' and 'booking a flight') and engaged in some smalltalk, you can bring the conversation to a natural close. [instruction 6 of 6]",
      "UnixTime": 1590293413
    },
    {
      "Action": "select_task",
      "Agent": "Wizard",
      "PrimaryItem": {
        "APIName": "weather",
        "City": "Pittsburgh",
        "Day": "Tuesday",
        "TemperatureCelsius": 20,
        "Weather": "Partly Cloudy",
        "id": 764
      },
      "Task": "plane_search",
      "UnixTime": 1590293472
    },
    {
      "APIName": "plane_search",
      "Action": "query",
      "Agent": "Wizard",
      "Constraints": [
        {
          "DepartureCity": "\"Chicago\""
        },
        {
          "ArrivalCity": "\"Pittsburgh\""
        },
        {
          "Date": "\"15th\""
        }
      ],
      "PrimaryItem": {
        "APIName": "weather",
        "City": "Pittsburgh",
        "Day": "Tuesday",
        "TemperatureCelsius": 20,
        "Weather": "Partly Cloudy",
        "id": 764
      },
      "UnixTime": 1590293477
    },
    {
      "APIName": "plane_search",
      "Action": "return_item",
      "Agent": "KnowledgeBase",
      "TotalItems": 0
    },
    {
      "APIName": "plane_search",
      "Action": "query",
      "Agent": "Wizard",
      "Constraints": [
        {
          "DepartureCity": "\"Chicago\""
        },
        {
          "ArrivalCity": "\"Pittsburgh\""
        },
        {
          "Date": "\"14th\""
        }
      ],
      "UnixTime": 1590293480
    },
    {
      "APIName": "plane_search",
      "Action": "return_item",
      "Agent": "KnowledgeBase",
      "TotalItems": 0
    },
    {
      "APIName": "plane_search",
      "Action": "query",
      "Agent": "Wizard",
      "Constraints": [
        {
          "DepartureCity": "\"Chicago\""
        },
        {
          "ArrivalCity": "\"Pittsburgh\""
        },
        {
          "Date": "\"15th\""
        }
      ],
      "UnixTime": 1590293484
    },
    {
      "APIName": "plane_search",
      "Action": "return_item",
      "Agent": "KnowledgeBase",
      "TotalItems": 0
    },
    {
      "APIName": "plane_search",
      "Action": "query",
      "Agent": "Wizard",
      "Constraints": [
        {
          "DepartureCity": "\"Chicago\""
        },
        {
          "ArrivalCity": "\"Pittsburgh\""
        },
        {
          "Date": "\"19th\""
        }
      ],
      "UnixTime": 1590293486
    },
    {
      "APIName": "plane_search",
      "Action": "return_item",
      "Agent": "KnowledgeBase",
      "TotalItems": 0
    },
    {
      "APIName": "plane_search",
      "Action": "query",
      "Agent": "Wizard",
      "Constraints": [
        {
          "DepartureCity": "\"Chicago\""
        },
        {
          "ArrivalCity": "\"Pittsburgh\""
        },
        {
          "Date": "\"22nd\""
        }
      ],
      "UnixTime": 1590293488
    },
    {
      "APIName": "plane_search",
      "Action": "return_item",
      "Agent": "KnowledgeBase",
      "TotalItems": 0
    },
    {
      "APIName": "plane_search",
      "Action": "query",
      "Agent": "Wizard",
      "Constraints": [
        {
          "DepartureCity": "\"Chicago\""
        },
        {
          "ArrivalCity": "\"Pittsburgh\""
        },
        {
          "Date": "\"9th\""
        }
      ],
      "UnixTime": 1590293491
    },
    {
      "APIName": "plane_search",
      "Action": "return_item",
      "Agent": "KnowledgeBase",
      "TotalItems": 0
    },
    {
      "APIName": "plane_search",
      "Action": "query",
      "Agent": "Wizard",
      "Constraints": [
        {
          "DepartureCity": "\"Chicago\""
        },
        {
          "ArrivalCity": "\"Pittsburgh\""
        },
        {
          "Date": "\"11th\""
        }
      ],
      "UnixTime": 1590293508
    },
    {
      "APIName": "plane_search",
      "Action": "return_item",
      "Agent": "KnowledgeBase",
      "Item": {
        "APIName": "plane_search",
        "Airline": "American",
        "ArrivalCity": "Pittsburgh",
        "ArrivalTime": "1 am",
        "Class": "Economy",
        "Date": "11th",
        "DepartureCity": "Chicago",
        "DurationHours": 5,
        "Price": 396,
        "id": 321
      },
      "TotalItems": 1
    },
    {
      "Action": "select_task",
      "Agent": "Wizard",
      "PrimaryItem": {
        "APIName": "plane_search",
        "Airline": "American",
        "ArrivalCity": "Pittsburgh",
        "ArrivalTime": "1 am",
        "Class": "Economy",
        "Date": "11th",
        "DepartureCity": "Chicago",
        "DurationHours": 5,
        "Price": 396,
        "id": 321
      },
      "Task": "plane_book",
      "UnixTime": 1590293512
    },
    {
      "APIName": "plane_book",
      "Action": "query",
      "Agent": "Wizard",
      "Constraints": [
        {
          "id": "321"
        },
        {
          "CustomerName": "\"Alexis\""
        },
        {
          "RequestType": "\"Book\""
        }
      ],
      "PrimaryItem": {
        "APIName": "plane_search",
        "Airline": "American",
        "ArrivalCity": "Pittsburgh",
        "ArrivalTime": "1 am",
        "Class": "Economy",
        "Date": "11th",
        "DepartureCity": "Chicago",
        "DurationHours": 5,
        "Price": 396,
        "id": 321
      },
      "UnixTime": 1590293515
    },
    {
      "APIName": "plane_book",
      "Action": "return_item",
      "Agent": "KnowledgeBase",
      "Item": {
        "APIName": "plane_book",
        "ReservationStatus": "Reservation Confirmed",
        "id": 321
      },
      "TotalItems": -1
    },
    {
      "APIName": "plane_book",
      "Action": "query",
      "Agent": "Wizard",
      "Constraints": [
        {
          "id": "321"
        },
        {
          "CustomerName": "\"Alexis\""
        },
        {
          "RequestType": "\"Check\""
        }
      ],
      "PrimaryItem": {
        "APIName": "plane_book",
        "ReservationStatus": "Reservation Confirmed",
        "id": 321
      },
      "UnixTime": 1590293522
    },
    {
      "APIName": "plane_book",
      "Action": "return_item",
      "Agent": "KnowledgeBase",
      "Item": {
        "APIName": "plane_book",
        "Message": "Unavailable",
        "id": 321
      },
      "TotalItems": -1
    },
    {
      "Action": "request_suggestions",
      "Agent": "Wizard",
      "PrimaryItem": {
        "APIName": "plane_book",
        "Message": "Unavailable",
        "id": 321
      },
      "Text": "Criteria",
      "UnixTime": 1590293528
    },
    {
      "Action": "pick_suggestion",
      "ActionLabel": "plane_inform_nothing_found",
      "ActionLabelOptions": [
        "plane_inform_nothing_found",
        "plane_reservation_failed",
        "ask_name"
      ],
      "Agent": "Wizard",
      "PrimaryItem": {
        "APIName": "plane_book",
        "Message": "Unavailable",
        "id": 321
      },
      "Text": "Unfortunately there are no flights that match your search. Would you like to change any of your criteria?",
      "UnixTime": 1590293534
    },
    {
      "Action": "utter",
      "Agent": "User",
      "Text": "Its okay. Thanks for you help and trying. Goodbye.",
      "UnixTime": 1590293556
    },
    {
      "Action": "request_suggestions",
      "Agent": "Wizard",
      "PrimaryItem": {
        "APIName": "plane_book",
        "Message": "Unavailable",
        "id": 321
      },
      "Text": "Is there anything else I can do for you",
      "UnixTime": 1590293798
    },
    {
      "Action": "pick_suggestion",
      "ActionLabel": "anything_else",
      "ActionLabelOptions": [
        "anything_else",
        "out_of_scope",
        "plane_flight_available"
      ],
      "Agent": "Wizard",
      "PrimaryItem": {
        "APIName": "plane_book",
        "Message": "Unavailable",
        "id": 321
      },
      "Text": "Is there anything else that I can do for you?",
      "UnixTime": 1590293799
    },
    {
      "Action": "utter",
      "Agent": "User",
      "Text": "No. Thats all. Bye",
      "UnixTime": 1590293808
    },
    {
      "Action": "select_task",
      "Agent": "Wizard",
      "PrimaryItem": {
        "APIName": "plane_book",
        "Message": "Unavailable",
        "id": 321
      },
      "Task": "plane_search",
      "UnixTime": 1590293811
    },
    {
      "Action": "request_suggestions",
      "Agent": "Wizard",
      "PrimaryItem": {
        "APIName": "plane_book",
        "Message": "Unavailable",
        "id": 321
      },
      "Text": "Thank you and goodbye",
      "UnixTime": 1590293816
    },
    {
      "Action": "pick_suggestion",
      "ActionLabel": "goodbye_2",
      "ActionLabelOptions": [
        "goodbye_2",
        "goodbye_2",
        "hello",
        "plane_ask_date",
        "plane_ask_flight_id",
        "hello"
      ],
      "Agent": "Wizard",
      "PrimaryItem": {
        "APIName": "plane_book",
        "Message": "Unavailable",
        "id": 321
      },
      "Text": "Thank you and goodbye.",
      "UnixTime": 1590293817
    },
    {
      "Action": "complete",
      "Agent": "User",
      "UnixTime": 1590293819
    }
  ],
  "FORMAT-VERSION": 7,
  "IntroducesConflicts": false,
  "Scenario": {
    "Domains": [
      "plane",
      "weather"
    ],
    "Happy": false,
    "MultiTask": true,
    "UserTask": "Come up with your own scenario!\n\nAbout you:\n- Your name: Alexis\n\n The AI Assistant can handle:\n- Search for a flight (e.g. from San Francisco to Pittsburgh)\n- Book a flight (e.g. with id 573)\n- Checking the weather forecast in different Cities (e.g. New York City or Pittsburgh)",
    "WizardCapabilities": [
      {
        "Domain": "plane",
        "SchemaImage": "plane_search.jpg",
        "Task": "plane_search"
      },
      {
        "Domain": "plane",
        "SchemaImage": "plane_book.jpg",
        "Task": "plane_book"
      },
      {
        "Domain": "weather",
        "SchemaImage": "weather.jpg",
        "Task": "weather"
      }
    ],
    "WizardTask": "Follow the flow charts and help the user."
  },
  "UserQuestionnaire": [
    {
      "Answer": true,
      "Question": "Did the assistant stay calm and helpful throughout the dialogue?"
    }
  ],
  "WizardQuestionnaire": [
    {
      "Answer": false,
      "Question": "Did the user change his/her mind about what he/she wants at any time?"
    },
    {
      "Answer": false,
      "Question": "Did the user become aggressive or annoyed during the dialogue? (Note: some users may be instructed to be annoying.)"
    },
    {
      "Answer": false,
      "Question": "Where you unsure about what to do at any time? (Feel free to send us an email with details.)"
    }
  ]
}