{
  "AnonymizedUserWorkerID": "cb97a040-7b86-f38b-609b-d02e964a24ba",
  "AnonymizedWizardWorkerID": "239936e4-190b-4d6e-8038-57290b8802d4",
  "BatchID": "woz_1590253362",
  "CompletionLevel": "Complete",
  "DialogueID": 5118,
  "Events": [
    {
      "Action": "instruct",
      "Agent": "UserGuide",
      "Text": "Use your imagination to generate a conversation about the topics 'Reserving a table at a restaurant', 'Bank balance checking' and 'Filing a bank fraud report' (in any order), as shown on the left. You may also play up to three rounds of trivia with the assistant.  [instruction 1 of 9]",
      "UnixTime": 1590295039
    },
    {
      "Action": "utter",
      "Agent": "User",
      "Text": "I need my balance.",
      "UnixTime": 1590295053
    },
    {
      "Action": "select_task",
      "Agent": "Wizard",
      "Task": "bank_balance",
      "UnixTime": 1590295064
    },
    {
      "Action": "request_suggestions",
      "Agent": "Wizard",
      "Text": "full name",
      "UnixTime": 1590295070
    },
    {
      "Action": "pick_suggestion",
      "ActionLabel": "ask_name",
      "ActionLabelOptions": [
        "ask_name",
        "goodbye_1",
        "bank_ask_pin"
      ],
      "Agent": "Wizard",
      "Text": "Could I get your full name, please?",
      "UnixTime": 1590295072
    },
    {
      "Action": "utter",
      "Agent": "User",
      "Text": "Sarah Brown. My account number is 95381901, PIN 9503.",
      "UnixTime": 1590295105
    },
    {
      "Action": "select_task",
      "Agent": "Wizard",
      "Task": "bank_fraud_report",
      "UnixTime": 1590295125
    },
    {
      "Action": "select_task",
      "Agent": "Wizard",
      "Task": "bank_balance",
      "UnixTime": 1590295137
    },
    {
      "Action": "select_task",
      "Agent": "Wizard",
      "Task": "bank_fraud_report",
      "UnixTime": 1590295144
    },
    {
      "Action": "select_task",
      "Agent": "Wizard",
      "Task": "bank_balance",
      "UnixTime": 1590295151
    },
    {
      "APIName": "bank_balance",
      "Action": "query",
      "Agent": "Wizard",
      "Constraints": [
        {
          "FullName": "\"Sarah Brown\""
        },
        {
          "PIN": "9503"
        },
        {
          "AccountNumber": "95381901"
        }
      ],
      "UnixTime": 1590295154
    },
    {
      "APIName": "bank_balance",
      "Action": "return_item",
      "Agent": "KnowledgeBase",
      "Item": {
        "APIName": "bank_balance",
        "BankBalance": 6624,
        "BankName": "Bank of America",
        "id": 866
      },
      "TotalItems": -1
    },
    {
      "Action": "request_suggestions",
      "Agent": "Wizard",
      "PrimaryItem": {
        "APIName": "bank_balance",
        "BankBalance": 6624,
        "BankName": "Bank of America",
        "id": 866
      },
      "Text": "6624",
      "UnixTime": 1590295157
    },
    {
      "Action": "pick_suggestion",
      "ActionLabel": "bank_inform_balance",
      "ActionLabelOptions": [
        "bank_inform_balance",
        "hello",
        "out_of_scope"
      ],
      "Agent": "Wizard",
      "PrimaryItem": {
        "APIName": "bank_balance",
        "BankBalance": 6624,
        "BankName": "Bank of America",
        "id": 866
      },
      "Text": "Your current balance is 6624 in credit.",
      "UnixTime": 1590295159
    },
    {
      "Action": "utter",
      "Agent": "User",
      "Text": "That doesn't sound right. I should file a fraud report.",
      "UnixTime": 1590295182
    },
    {
      "Action": "instruct",
      "Agent": "UserGuide",
      "Text": "You may attempt to do some smalltalk with the AI Assistant at any time. [instruction 2 of 9]",
      "UnixTime": 1590295182
    },
    {
      "Action": "select_task",
      "Agent": "Wizard",
      "PrimaryItem": {
        "APIName": "bank_balance",
        "BankBalance": 6624,
        "BankName": "Bank of America",
        "id": 866
      },
      "Task": "bank_fraud_report",
      "UnixTime": 1590295186
    },
    {
      "Action": "request_suggestions",
      "Agent": "Wizard",
      "PrimaryItem": {
        "APIName": "bank_balance",
        "BankBalance": 6624,
        "BankName": "Bank of America",
        "id": 866
      },
      "Text": "fraud report",
      "UnixTime": 1590295191
    },
    {
      "Action": "pick_suggestion",
      "ActionLabel": "bank_ask_fraud_details",
      "ActionLabelOptions": [
        "bank_ask_fraud_details",
        "bank_inform_cannot_authenticate",
        "bank_inform_fraud_report_submitted",
        "bank_ask_account_number",
        "goodbye_1",
        "goodbye_1"
      ],
      "Agent": "Wizard",
      "PrimaryItem": {
        "APIName": "bank_balance",
        "BankBalance": 6624,
        "BankName": "Bank of America",
        "id": 866
      },
      "Text": "Could you provide a detailed fraud report now, please?",
      "UnixTime": 1590295193
    },
    {
      "Action": "utter",
      "Agent": "User",
      "Text": "Yes with my account 95381901.",
      "UnixTime": 1590295213
    },
    {
      "APIName": "bank_fraud_report",
      "Action": "query",
      "Agent": "Wizard",
      "Constraints": [
        {
          "FraudReport": "\"doesn't sound right\""
        },
        {
          "FullName": "\"Sarah Brown\""
        },
        {
          "PIN": "9503"
        },
        {
          "AccountNumber": "95381901"
        }
      ],
      "PrimaryItem": {
        "APIName": "bank_balance",
        "BankBalance": 6624,
        "BankName": "Bank of America",
        "id": 866
      },
      "UnixTime": 1590295245
    },
    {
      "APIName": "bank_fraud_report",
      "Action": "return_item",
      "Agent": "KnowledgeBase",
      "Item": {
        "APIName": "bank_fraud_report",
        "Confirmation": "Fraud report submitted successfully."
      },
      "TotalItems": -1
    },
    {
      "Action": "request_suggestions",
      "Agent": "Wizard",
      "PrimaryItem": {
        "APIName": "bank_fraud_report",
        "Confirmation": "Fraud report submitted successfully."
      },
      "Text": "submitted",
      "UnixTime": 1590295250
    },
    {
      "Action": "pick_suggestion",
      "ActionLabel": "bank_inform_fraud_report_submitted",
      "ActionLabelOptions": [
        "bank_inform_fraud_report_submitted",
        "goodbye_1",
        "ask_name"
      ],
      "Agent": "Wizard",
      "PrimaryItem": {
        "APIName": "bank_fraud_report",
        "Confirmation": "Fraud report submitted successfully."
      },
      "Text": "Your report has been successfully submitted.\nWe will have a look at the matter ASAP and will contact you with details in due course.",
      "UnixTime": 1590295252
    },
    {
      "Action": "utter",
      "Agent": "User",
      "Text": "Okay ask me a trivia question.",
      "UnixTime": 1590295271
    },
    {
      "Action": "select_task",
      "Agent": "Wizard",
      "PrimaryItem": {
        "APIName": "bank_fraud_report",
        "Confirmation": "Fraud report submitted successfully."
      },
      "Task": "trivia",
      "UnixTime": 1590295281
    },
    {
      "Action": "request_suggestions",
      "Agent": "Wizard",
      "PrimaryItem": {
        "APIName": "bank_fraud_report",
        "Confirmation": "Fraud report submitted successfully."
      },
      "Text": "number",
      "UnixTime": 1590295285
    },
    {
      "Action": "pick_suggestion",
      "ActionLabel": "trivia_ask_question_number",
      "ActionLabelOptions": [
        "trivia_ask_question_number",
        "bank_ask_dob",
        "bank_ask_pin",
        "bank_ask_account_number",
        "trivia_bye",
        "out_of_scope"
      ],
      "Agent": "Wizard",
      "PrimaryItem": {
        "APIName": "bank_fraud_report",
        "Confirmation": "Fraud report submitted successfully."
      },
      "Text": "At what question would you like to start?",
      "UnixTime": 1590295287
    },
    {
      "Action": "utter",
      "Agent": "User",
      "Text": "12",
      "UnixTime": 1590295292
    },
    {
      "Action": "instruct",
      "Agent": "UserGuide",
      "Text": "If you haven't yet, it's time to change topic. You can also go back and forth between topics. [instruction 3 of 9]",
      "UnixTime": 1590295292
    },
    {
      "Action": "request_suggestions",
      "Agent": "Wizard",
      "PrimaryItem": {
        "APIName": "bank_fraud_report",
        "Confirmation": "Fraud report submitted successfully."
      },
      "Text": "Value must be equal to or less than 11",
      "UnixTime": 1590295340
    },
    {
      "Action": "utter",
      "Agent": "Wizard",
      "PrimaryItem": {
        "APIName": "bank_fraud_report",
        "Confirmation": "Fraud report submitted successfully."
      },
      "Text": "Value must be equal to or less than 11",
      "UnixTime": 1590295344
    },
    {
      "Action": "utter",
      "Agent": "User",
      "Text": "11",
      "UnixTime": 1590295356
    },
    {
      "APIName": "trivia",
      "Action": "query",
      "Agent": "Wizard",
      "Constraints": [
        {
          "QuestionNum": "11"
        }
      ],
      "PrimaryItem": {
        "APIName": "bank_fraud_report",
        "Confirmation": "Fraud report submitted successfully."
      },
      "UnixTime": 1590295413
    },
    {
      "APIName": "trivia",
      "Action": "return_item",
      "Agent": "KnowledgeBase",
      "Item": {
        "APIName": "trivia",
        "Answer": "bodkin",
        "Question": "A blunt thick needle for sewing with thick thread or tape"
      },
      "TotalItems": -1
    },
    {
      "Action": "request_suggestions",
      "Agent": "Wizard",
      "PrimaryItem": {
        "APIName": "trivia",
        "Answer": "bodkin",
        "Question": "A blunt thick needle for sewing with thick thread or tape"
      },
      "Text": "a blunt",
      "UnixTime": 1590295420
    },
    {
      "Action": "pick_suggestion",
      "ActionLabel": "trivia_ask_question",
      "ActionLabelOptions": [
        "trivia_ask_question",
        "hello",
        "anything_else"
      ],
      "Agent": "Wizard",
      "PrimaryItem": {
        "APIName": "trivia",
        "Answer": "bodkin",
        "Question": "A blunt thick needle for sewing with thick thread or tape"
      },
      "Text": "A blunt thick needle for sewing with thick thread or tape",
      "UnixTime": 1590295422
    },
    {
      "Action": "utter",
      "Agent": "User",
      "Text": "I don't know.",
      "UnixTime": 1590295439
    },
    {
      "Action": "instruct",
      "Agent": "UserGuide",
      "Text": "If it makes sense, use some negations ('I don't want', or 'anything but ...', etc.) [instruction 4 of 9]",
      "UnixTime": 1590295439
    },
    {
      "Action": "request_suggestions",
      "Agent": "Wizard",
      "PrimaryItem": {
        "APIName": "trivia",
        "Answer": "bodkin",
        "Question": "A blunt thick needle for sewing with thick thread or tape"
      },
      "Text": "wrong",
      "UnixTime": 1590295448
    },
    {
      "Action": "pick_suggestion",
      "ActionLabel": "trivia_inform_answer_incorrect_ask_next",
      "ActionLabelOptions": [
        "trivia_inform_answer_incorrect_ask_next",
        "trivia_bye",
        "trivia_ask_question"
      ],
      "Agent": "Wizard",
      "PrimaryItem": {
        "APIName": "trivia",
        "Answer": "bodkin",
        "Question": "A blunt thick needle for sewing with thick thread or tape"
      },
      "Text": "Unfortunately your answer was wrong. 'bodkin' would have been correct.\nWould you like to continue playing?",
      "UnixTime": 1590295450
    },
    {
      "Action": "utter",
      "Agent": "User",
      "Text": "Aha. No, before I forget, I need a reservation for the Lucca.",
      "UnixTime": 1590295475
    },
    {
      "Action": "instruct",
      "Agent": "UserGuide",
      "Text": "If you like, you can ask for a game of trivia at any point. But don't play more than three rounds. [instruction 5 of 9]",
      "UnixTime": 1590295475
    },
    {
      "Action": "select_task",
      "Agent": "Wizard",
      "PrimaryItem": {
        "APIName": "trivia",
        "Answer": "bodkin",
        "Question": "A blunt thick needle for sewing with thick thread or tape"
      },
      "Task": "restaurant_book",
      "UnixTime": 1590295499
    },
    {
      "Action": "request_suggestions",
      "Agent": "Wizard",
      "PrimaryItem": {
        "APIName": "trivia",
        "Answer": "bodkin",
        "Question": "A blunt thick needle for sewing with thick thread or tape"
      },
      "Text": "time",
      "UnixTime": 1590295507
    },
    {
      "Action": "pick_suggestion",
      "ActionLabel": "restaurant_ask_time",
      "ActionLabelOptions": [
        "restaurant_ask_time",
        "trivia_ask_question",
        "trivia_bye",
        "hello",
        "hello",
        "ask_name"
      ],
      "Agent": "Wizard",
      "PrimaryItem": {
        "APIName": "trivia",
        "Answer": "bodkin",
        "Question": "A blunt thick needle for sewing with thick thread or tape"
      },
      "Text": "For what time should the reservation be made?",
      "UnixTime": 1590295509
    },
    {
      "Action": "utter",
      "Agent": "User",
      "Text": "10 pm, 3 people.",
      "UnixTime": 1590295541
    },
    {
      "Action": "select_task",
      "Agent": "Wizard",
      "PrimaryItem": {
        "APIName": "trivia",
        "Answer": "bodkin",
        "Question": "A blunt thick needle for sewing with thick thread or tape"
      },
      "Task": "bank_balance",
      "UnixTime": 1590295541
    },
    {
      "Action": "select_task",
      "Agent": "Wizard",
      "PrimaryItem": {
        "APIName": "trivia",
        "Answer": "bodkin",
        "Question": "A blunt thick needle for sewing with thick thread or tape"
      },
      "Task": "restaurant_book",
      "UnixTime": 1590295541
    },
    {
      "APIName": "restaurant_book",
      "Action": "query",
      "Agent": "Wizard",
      "Constraints": [
        {
          "Name": "\"Lucca\""
        },
        {
          "Time": "\"10 pm\""
        },
        {
          "PartySize": "3"
        },
        {
          "CustomerName": "\"Sarah Brown\""
        },
        {
          "RequestType": "\"Check\""
        }
      ],
      "PrimaryItem": {
        "APIName": "trivia",
        "Answer": "bodkin",
        "Question": "A blunt thick needle for sewing with thick thread or tape"
      },
      "UnixTime": 1590295555
    },
    {
      "APIName": "restaurant_book",
      "Action": "return_item",
      "Agent": "KnowledgeBase",
      "Item": {
        "APIName": "restaurant_book",
        "Message": "Available",
        "RestaurantName": "Lucca"
      },
      "TotalItems": -1
    },
    {
      "Action": "request_suggestions",
      "Agent": "Wizard",
      "PrimaryItem": {
        "APIName": "restaurant_book",
        "Message": "Available",
        "RestaurantName": "Lucca"
      },
      "Text": "available",
      "UnixTime": 1590295559
    },
    {
      "Action": "pick_suggestion",
      "ActionLabel": "restaurant_ask_confirm_booking",
      "ActionLabelOptions": [
        "restaurant_inform_booking_successful",
        "restaurant_ask_confirm_booking",
        "hello"
      ],
      "Agent": "Wizard",
      "PrimaryItem": {
        "APIName": "restaurant_book",
        "Message": "Available",
        "RestaurantName": "Lucca"
      },
      "Text": "Great, the Lucca is happy to accommodate you.\nCan I confirm your reservation with them?",
      "UnixTime": 1590295561
    },
    {
      "Action": "utter",
      "Agent": "User",
      "Text": "Yes, thanks.",
      "UnixTime": 1590295568
    },
    {
      "Action": "instruct",
      "Agent": "UserGuide",
      "Text": "Keep going :) - don't forget some smalltalk. Perhaps say something related to the first topic you talked about. [instruction 6 of 9]",
      "UnixTime": 1590295568
    },
    {
      "APIName": "restaurant_book",
      "Action": "query",
      "Agent": "Wizard",
      "Constraints": [
        {
          "Name": "\"Lucca\""
        },
        {
          "Time": "\"10 pm\""
        },
        {
          "PartySize": "3"
        },
        {
          "CustomerName": "\"Sarah Brown\""
        },
        {
          "RequestType": "\"Book\""
        }
      ],
      "PrimaryItem": {
        "APIName": "restaurant_book",
        "Message": "Available",
        "RestaurantName": "Lucca"
      },
      "UnixTime": 1590295604
    },
    {
      "APIName": "restaurant_book",
      "Action": "return_item",
      "Agent": "KnowledgeBase",
      "Item": {
        "APIName": "restaurant_book",
        "ReservationStatus": "Reservation Confirmed",
        "RestaurantName": "Lucca"
      },
      "TotalItems": -1
    },
    {
      "Action": "request_suggestions",
      "Agent": "Wizard",
      "PrimaryItem": {
        "APIName": "restaurant_book",
        "ReservationStatus": "Reservation Confirmed",
        "RestaurantName": "Lucca"
      },
      "Text": "confirmed",
      "UnixTime": 1590295611
    },
    {
      "Action": "pick_suggestion",
      "ActionLabel": "restaurant_inform_booking_successful",
      "ActionLabelOptions": [
        "restaurant_inform_booking_successful",
        "restaurant_inform_nothing_found",
        "restaurant_ask_confirm_booking"
      ],
      "Agent": "Wizard",
      "PrimaryItem": {
        "APIName": "restaurant_book",
        "ReservationStatus": "Reservation Confirmed",
        "RestaurantName": "Lucca"
      },
      "Text": "Excellent, your reservation at the Lucca is confirmed!",
      "UnixTime": 1590295614
    },
    {
      "Action": "utter",
      "Agent": "User",
      "Text": "Great, they have the best calamari in town! Hands down",
      "UnixTime": 1590295630
    },
    {
      "Action": "request_suggestions",
      "Agent": "Wizard",
      "PrimaryItem": {
        "APIName": "restaurant_book",
        "ReservationStatus": "Reservation Confirmed",
        "RestaurantName": "Lucca"
      },
      "Text": "anything else",
      "UnixTime": 1590295676
    },
    {
      "Action": "pick_suggestion",
      "ActionLabel": "anything_else",
      "ActionLabelOptions": [
        "anything_else",
        "ask_name",
        "restaurant_inform_booking_failed"
      ],
      "Agent": "Wizard",
      "PrimaryItem": {
        "APIName": "restaurant_book",
        "ReservationStatus": "Reservation Confirmed",
        "RestaurantName": "Lucca"
      },
      "Text": "Is there anything else that I can do for you?",
      "UnixTime": 1590295679
    },
    {
      "Action": "utter",
      "Agent": "User",
      "Text": "Another trivia question please.",
      "UnixTime": 1590295711
    },
    {
      "Action": "instruct",
      "Agent": "UserGuide",
      "Text": "Keep going until you've covered all the topics (reserving a table at a restaurant, bank balance checking, and bank fraud report). The conversation should continue at least until the last instruction is given. [instruction 7 of 9]",
      "UnixTime": 1590295711
    },
    {
      "Action": "select_task",
      "Agent": "Wizard",
      "PrimaryItem": {
        "APIName": "restaurant_book",
        "ReservationStatus": "Reservation Confirmed",
        "RestaurantName": "Lucca"
      },
      "Task": "trivia",
      "UnixTime": 1590295719
    },
    {
      "APIName": "trivia",
      "Action": "query",
      "Agent": "Wizard",
      "Constraints": [
        {
          "QuestionNum": "1"
        }
      ],
      "PrimaryItem": {
        "APIName": "restaurant_book",
        "ReservationStatus": "Reservation Confirmed",
        "RestaurantName": "Lucca"
      },
      "UnixTime": 1590295725
    },
    {
      "APIName": "trivia",
      "Action": "return_item",
      "Agent": "KnowledgeBase",
      "Item": {
        "APIName": "trivia",
        "Answer": "cesium",
        "Question": "A ____ atom in an atomic clock beats 9,192,631,770 times a second"
      },
      "TotalItems": -1
    },
    {
      "Action": "request_suggestions",
      "Agent": "Wizard",
      "PrimaryItem": {
        "APIName": "trivia",
        "Answer": "cesium",
        "Question": "A ____ atom in an atomic clock beats 9,192,631,770 times a second"
      },
      "Text": "a atom",
      "UnixTime": 1590295729
    },
    {
      "Action": "pick_suggestion",
      "ActionLabel": "trivia_ask_question",
      "ActionLabelOptions": [
        "trivia_ask_question",
        "trivia_inform_answer_2_ask_next",
        "hello"
      ],
      "Agent": "Wizard",
      "PrimaryItem": {
        "APIName": "trivia",
        "Answer": "cesium",
        "Question": "A ____ atom in an atomic clock beats 9,192,631,770 times a second"
      },
      "Text": "A ____ atom in an atomic clock beats 9,192,631,770 times a second",
      "UnixTime": 1590295730
    },
    {
      "Action": "utter",
      "Agent": "User",
      "Text": "celsium?",
      "UnixTime": 1590295740
    },
    {
      "Action": "request_suggestions",
      "Agent": "Wizard",
      "PrimaryItem": {
        "APIName": "trivia",
        "Answer": "cesium",
        "Question": "A ____ atom in an atomic clock beats 9,192,631,770 times a second"
      },
      "Text": "correct",
      "UnixTime": 1590295760
    },
    {
      "Action": "pick_suggestion",
      "ActionLabel": "trivia_inform_answer_correct_ask_next",
      "ActionLabelOptions": [
        "trivia_inform_answer_correct_ask_next",
        "out_of_scope",
        "trivia_inform_answer_incorrect_ask_next"
      ],
      "Agent": "Wizard",
      "PrimaryItem": {
        "APIName": "trivia",
        "Answer": "cesium",
        "Question": "A ____ atom in an atomic clock beats 9,192,631,770 times a second"
      },
      "Text": "Your answer was correct! Great job! Would you like to continue playing?",
      "UnixTime": 1590295762
    },
    {
      "Action": "utter",
      "Agent": "User",
      "Text": "Yes, one more.",
      "UnixTime": 1590295772
    },
    {
      "Action": "instruct",
      "Agent": "UserGuide",
      "Text": "Almost there. A few more turns. [instruction 8 of 9]",
      "UnixTime": 1590295772
    },
    {
      "APIName": "trivia",
      "Action": "query",
      "Agent": "Wizard",
      "Constraints": [
        {
          "QuestionNum": "2"
        }
      ],
      "PrimaryItem": {
        "APIName": "trivia",
        "Answer": "cesium",
        "Question": "A ____ atom in an atomic clock beats 9,192,631,770 times a second"
      },
      "UnixTime": 1590295788
    },
    {
      "APIName": "trivia",
      "Action": "return_item",
      "Agent": "KnowledgeBase",
      "Item": {
        "APIName": "trivia",
        "Answer": "canton",
        "Question": "A ____ is the blue field behind the stars"
      },
      "TotalItems": -1
    },
    {
      "Action": "request_suggestions",
      "Agent": "Wizard",
      "PrimaryItem": {
        "APIName": "trivia",
        "Answer": "canton",
        "Question": "A ____ is the blue field behind the stars"
      },
      "Text": "a is the blue",
      "UnixTime": 1590295795
    },
    {
      "Action": "pick_suggestion",
      "ActionLabel": "trivia_ask_question",
      "ActionLabelOptions": [
        "trivia_inform_answer_2_ask_next",
        "trivia_ask_question",
        "out_of_scope"
      ],
      "Agent": "Wizard",
      "PrimaryItem": {
        "APIName": "trivia",
        "Answer": "canton",
        "Question": "A ____ is the blue field behind the stars"
      },
      "Text": "A ____ is the blue field behind the stars",
      "UnixTime": 1590295798
    },
    {
      "Action": "utter",
      "Agent": "User",
      "Text": "sky?",
      "UnixTime": 1590295809
    },
    {
      "Action": "request_suggestions",
      "Agent": "Wizard",
      "PrimaryItem": {
        "APIName": "trivia",
        "Answer": "canton",
        "Question": "A ____ is the blue field behind the stars"
      },
      "Text": "wrong",
      "UnixTime": 1590295828
    },
    {
      "Action": "pick_suggestion",
      "ActionLabel": "trivia_inform_answer_incorrect_ask_next",
      "ActionLabelOptions": [
        "trivia_inform_answer_incorrect_ask_next",
        "trivia_bye",
        "trivia_ask_question"
      ],
      "Agent": "Wizard",
      "PrimaryItem": {
        "APIName": "trivia",
        "Answer": "canton",
        "Question": "A ____ is the blue field behind the stars"
      },
      "Text": "Unfortunately your answer was wrong. 'canton' would have been correct.\nWould you like to continue playing?",
      "UnixTime": 1590295830
    },
    {
      "Action": "utter",
      "Agent": "User",
      "Text": "Oh, I would have never gotten that. No more trivia.",
      "UnixTime": 1590295859
    },
    {
      "Action": "request_suggestions",
      "Agent": "Wizard",
      "PrimaryItem": {
        "APIName": "trivia",
        "Answer": "canton",
        "Question": "A ____ is the blue field behind the stars"
      },
      "Text": "anything else",
      "UnixTime": 1590295871
    },
    {
      "Action": "pick_suggestion",
      "ActionLabel": "anything_else",
      "ActionLabelOptions": [
        "anything_else",
        "trivia_inform_answer_2_ask_next",
        "trivia_inform_answer_correct_ask_next"
      ],
      "Agent": "Wizard",
      "PrimaryItem": {
        "APIName": "trivia",
        "Answer": "canton",
        "Question": "A ____ is the blue field behind the stars"
      },
      "Text": "Is there anything else that I can do for you?",
      "UnixTime": 1590295873
    },
    {
      "Action": "utter",
      "Agent": "User",
      "Text": "I'm worried about the fraud report. Was it submitted?",
      "UnixTime": 1590295897
    },
    {
      "Action": "instruct",
      "Agent": "UserGuide",
      "Text": "Ok, once you've touched on all the topics (restaurant, bank balance checking, and bank fraud report) and engaged in some smalltalk, you can bring the conversation to a natural close. [instruction 9 of 9]",
      "UnixTime": 1590295897
    },
    {
      "Action": "select_task",
      "Agent": "Wizard",
      "PrimaryItem": {
        "APIName": "trivia",
        "Answer": "canton",
        "Question": "A ____ is the blue field behind the stars"
      },
      "Task": "bank_fraud_report",
      "UnixTime": 1590295910
    },
    {
      "Action": "request_suggestions",
      "Agent": "Wizard",
      "PrimaryItem": {
        "APIName": "trivia",
        "Answer": "canton",
        "Question": "A ____ is the blue field behind the stars"
      },
      "Text": "submitted",
      "UnixTime": 1590295927
    },
    {
      "Action": "pick_suggestion",
      "ActionLabel": "bank_inform_fraud_report_submitted",
      "ActionLabelOptions": [
        "bank_inform_fraud_report_submitted",
        "hello",
        "trivia_ask_question",
        "goodbye_1",
        "trivia_bye",
        "ask_name"
      ],
      "Agent": "Wizard",
      "PrimaryItem": {
        "APIName": "trivia",
        "Answer": "canton",
        "Question": "A ____ is the blue field behind the stars"
      },
      "Text": "Your report has been successfully submitted.\nWe will have a look at the matter ASAP and will contact you with details in due course.",
      "UnixTime": 1590295929
    },
    {
      "Action": "utter",
      "Agent": "User",
      "Text": "Excellent. Thanks for all your helo!",
      "UnixTime": 1590295941
    },
    {
      "Action": "request_suggestions",
      "Agent": "Wizard",
      "PrimaryItem": {
        "APIName": "trivia",
        "Answer": "canton",
        "Question": "A ____ is the blue field behind the stars"
      },
      "Text": "bye",
      "UnixTime": 1590295948
    },
    {
      "Action": "pick_suggestion",
      "ActionLabel": "trivia_bye",
      "ActionLabelOptions": [
        "trivia_bye",
        "goodbye_1",
        "trivia_ask_question",
        "ask_name",
        "trivia_inform_answer_incorrect_ask_next",
        "bank_inform_fraud_report_submitted"
      ],
      "Agent": "Wizard",
      "PrimaryItem": {
        "APIName": "trivia",
        "Answer": "canton",
        "Question": "A ____ is the blue field behind the stars"
      },
      "Text": "Nice playing with you, bye!",
      "UnixTime": 1590295951
    },
    {
      "Action": "complete",
      "Agent": "User",
      "UnixTime": 1590295963
    }
  ],
  "FORMAT-VERSION": 7,
  "IntroducesConflicts": false,
  "Scenario": {
    "Domains": [
      "bank",
      "restaurant",
      "trivia"
    ],
    "Happy": false,
    "MultiTask": true,
    "UserTask": "Come up with your own scenario!\n\nAbout you:\n- Your name: Sarah Brown\n- Your bank account: 95381901, with PIN 9503\n- Today is Wednesday the 5th of June, 7 pm\n\n The AI Assistant can handle:\n- Checking bank balance\n- Filing a bank fraud report\n- Reserving a table at a restaurant (e.g. Lucca or The Porch) for today\n- A game of trivia",
    "WizardCapabilities": [
      {
        "Domain": "restaurant",
        "SchemaImage": "restaurant_book.jpg",
        "Task": "restaurant_book"
      },
      {
        "Domain": "bank",
        "SchemaImage": "bank_balance.jpg",
        "Task": "bank_balance"
      },
      {
        "Domain": "bank",
        "SchemaImage": "bank_fraud_report.jpg",
        "Task": "bank_fraud_report"
      },
      {
        "Domain": "trivia",
        "SchemaImage": "trivia.jpg",
        "Task": "trivia"
      }
    ],
    "WizardTask": "Follow the flow charts and help the user. Assume:\n\n- Today is Wednesday the 5th of June, 7 pm"
  },
  "UserQuestionnaire": [
    {
      "Answer": true,
      "Question": "Did the assistant stay calm and helpful throughout the dialogue?"
    }
  ],
  "WizardQuestionnaire": [
    {
      "Answer": false,
      "Question": "Did the user change his/her mind about what he/she wants at any time?"
    },
    {
      "Answer": false,
      "Question": "Did the user become aggressive or annoyed during the dialogue? (Note: some users may be instructed to be annoying.)"
    },
    {
      "Answer": false,
      "Question": "Where you unsure about what to do at any time? (Feel free to send us an email with details.)"
    }
  ]
}