{
  "AnonymizedUserWorkerID": "cb97a040-7b86-f38b-609b-d02e964a24ba",
  "AnonymizedWizardWorkerID": "4b56e0fa-e086-4b01-d3c6-840b91b26164",
  "BatchID": "woz_1590253362",
  "CompletionLevel": "Complete",
  "DialogueID": 5127,
  "Events": [
    {
      "Action": "instruct",
      "Agent": "UserGuide",
      "Text": "Use your imagination to generate a conversation about the topics 'Find restaurant', 'followup on doctor appointment' and 'changing a ride' (in any order), as shown on the left. You may also ask the assistant to check on the status of a booked ride.  [instruction 1 of 8]",
      "UnixTime": 1590291402
    },
    {
      "Action": "utter",
      "Agent": "User",
      "Text": "Hey, I need to find a nice restaurant in the center of town.",
      "UnixTime": 1590291450
    },
    {
      "APIName": "restaurant_search",
      "Action": "query",
      "Agent": "Wizard",
      "Constraints": [
        {
          "Location": "\"Center\""
        }
      ],
      "UnixTime": 1590291472
    },
    {
      "APIName": "restaurant_search",
      "Action": "return_item",
      "Agent": "KnowledgeBase",
      "Item": {
        "APIName": "restaurant_search",
        "AverageRating": 5,
        "AverageWaitMinutes": 21,
        "CloseTimeHour": "8 pm",
        "Cost": "Expensive",
        "DoesDelivery": false,
        "Food": "Italian",
        "Location": "Center",
        "MaxPartySize": 2,
        "Name": "The Porch",
        "OpenTimeHour": "7 am",
        "TakesReservations": false,
        "id": 879
      },
      "TotalItems": 201
    },
    {
      "Action": "request_suggestions",
      "Agent": "Wizard",
      "PrimaryItem": {
        "APIName": "restaurant_search",
        "AverageRating": 5,
        "AverageWaitMinutes": 21,
        "CloseTimeHour": "8 pm",
        "Cost": "Expensive",
        "DoesDelivery": false,
        "Food": "Italian",
        "Location": "Center",
        "MaxPartySize": 2,
        "Name": "The Porch",
        "OpenTimeHour": "7 am",
        "TakesReservations": false,
        "id": 879
      },
      "Text": "the porch",
      "UnixTime": 1590291476
    },
    {
      "Action": "utter",
      "Agent": "Wizard",
      "PrimaryItem": {
        "APIName": "restaurant_search",
        "AverageRating": 5,
        "AverageWaitMinutes": 21,
        "CloseTimeHour": "8 pm",
        "Cost": "Expensive",
        "DoesDelivery": false,
        "Food": "Italian",
        "Location": "Center",
        "MaxPartySize": 2,
        "Name": "The Porch",
        "OpenTimeHour": "7 am",
        "TakesReservations": false,
        "id": 879
      },
      "Text": "The Porch is located in the Center part of town.",
      "UnixTime": 1590291484
    },
    {
      "Action": "utter",
      "Agent": "User",
      "Text": "Nice. Let's make a reservation for tonight under Ben. Possibly 7 pm or later.",
      "UnixTime": 1590291519
    },
    {
      "Action": "instruct",
      "Agent": "UserGuide",
      "Text": "You may attempt to do some smalltalk with the AI Assistant at any time. [instruction 2 of 8]",
      "UnixTime": 1590291519
    },
    {
      "Action": "select_task",
      "Agent": "Wizard",
      "PrimaryItem": {
        "APIName": "restaurant_search",
        "AverageRating": 5,
        "AverageWaitMinutes": 21,
        "CloseTimeHour": "8 pm",
        "Cost": "Expensive",
        "DoesDelivery": false,
        "Food": "Italian",
        "Location": "Center",
        "MaxPartySize": 2,
        "Name": "The Porch",
        "OpenTimeHour": "7 am",
        "TakesReservations": false,
        "id": 879
      },
      "Task": "doctor_followup",
      "UnixTime": 1590291524
    },
    {
      "Action": "select_task",
      "Agent": "Wizard",
      "PrimaryItem": {
        "APIName": "restaurant_search",
        "AverageRating": 5,
        "AverageWaitMinutes": 21,
        "CloseTimeHour": "8 pm",
        "Cost": "Expensive",
        "DoesDelivery": false,
        "Food": "Italian",
        "Location": "Center",
        "MaxPartySize": 2,
        "Name": "The Porch",
        "OpenTimeHour": "7 am",
        "TakesReservations": false,
        "id": 879
      },
      "Task": "restaurant_search",
      "UnixTime": 1590291525
    },
    {
      "Action": "request_suggestions",
      "Agent": "Wizard",
      "PrimaryItem": {
        "APIName": "restaurant_search",
        "AverageRating": 5,
        "AverageWaitMinutes": 21,
        "CloseTimeHour": "8 pm",
        "Cost": "Expensive",
        "DoesDelivery": false,
        "Food": "Italian",
        "Location": "Center",
        "MaxPartySize": 2,
        "Name": "The Porch",
        "OpenTimeHour": "7 am",
        "TakesReservations": false,
        "id": 879
      },
      "Text": "i can't do that",
      "UnixTime": 1590291530
    },
    {
      "Action": "pick_suggestion",
      "ActionLabel": "out_of_scope",
      "ActionLabelOptions": [
        "out_of_scope",
        "anything_else",
        "restaurant_inform_search_criteria"
      ],
      "Agent": "Wizard",
      "PrimaryItem": {
        "APIName": "restaurant_search",
        "AverageRating": 5,
        "AverageWaitMinutes": 21,
        "CloseTimeHour": "8 pm",
        "Cost": "Expensive",
        "DoesDelivery": false,
        "Food": "Italian",
        "Location": "Center",
        "MaxPartySize": 2,
        "Name": "The Porch",
        "OpenTimeHour": "7 am",
        "TakesReservations": false,
        "id": 879
      },
      "Text": "I am sorry, I don't quite understand what you mean. I am only able to help you search for restaurants.",
      "UnixTime": 1590291532
    },
    {
      "Action": "utter",
      "Agent": "User",
      "Text": "Make a reservation.",
      "UnixTime": 1590291563
    },
    {
      "Action": "request_suggestions",
      "Agent": "Wizard",
      "PrimaryItem": {
        "APIName": "restaurant_search",
        "AverageRating": 5,
        "AverageWaitMinutes": 21,
        "CloseTimeHour": "8 pm",
        "Cost": "Expensive",
        "DoesDelivery": false,
        "Food": "Italian",
        "Location": "Center",
        "MaxPartySize": 2,
        "Name": "The Porch",
        "OpenTimeHour": "7 am",
        "TakesReservations": false,
        "id": 879
      },
      "Text": "i am sorry",
      "UnixTime": 1590291572
    },
    {
      "Action": "pick_suggestion",
      "ActionLabel": "out_of_scope",
      "ActionLabelOptions": [
        "out_of_scope",
        "restaurant_ask_rating",
        "restaurant_ask_restaurant"
      ],
      "Agent": "Wizard",
      "PrimaryItem": {
        "APIName": "restaurant_search",
        "AverageRating": 5,
        "AverageWaitMinutes": 21,
        "CloseTimeHour": "8 pm",
        "Cost": "Expensive",
        "DoesDelivery": false,
        "Food": "Italian",
        "Location": "Center",
        "MaxPartySize": 2,
        "Name": "The Porch",
        "OpenTimeHour": "7 am",
        "TakesReservations": false,
        "id": 879
      },
      "Text": "I am sorry, I don't quite understand what you mean. I am only able to help you search for restaurants.",
      "UnixTime": 1590291574
    },
    {
      "Action": "utter",
      "Agent": "User",
      "Text": "Okay. Can you help me followup with my doctor appointment with Morgan?",
      "UnixTime": 1590291608
    },
    {
      "Action": "select_task",
      "Agent": "Wizard",
      "PrimaryItem": {
        "APIName": "restaurant_search",
        "AverageRating": 5,
        "AverageWaitMinutes": 21,
        "CloseTimeHour": "8 pm",
        "Cost": "Expensive",
        "DoesDelivery": false,
        "Food": "Italian",
        "Location": "Center",
        "MaxPartySize": 2,
        "Name": "The Porch",
        "OpenTimeHour": "7 am",
        "TakesReservations": false,
        "id": 879
      },
      "Task": "doctor_followup",
      "UnixTime": 1590291612
    },
    {
      "Action": "request_suggestions",
      "Agent": "Wizard",
      "PrimaryItem": {
        "APIName": "restaurant_search",
        "AverageRating": 5,
        "AverageWaitMinutes": 21,
        "CloseTimeHour": "8 pm",
        "Cost": "Expensive",
        "DoesDelivery": false,
        "Food": "Italian",
        "Location": "Center",
        "MaxPartySize": 2,
        "Name": "The Porch",
        "OpenTimeHour": "7 am",
        "TakesReservations": false,
        "id": 879
      },
      "Text": "name",
      "UnixTime": 1590291619
    },
    {
      "Action": "pick_suggestion",
      "ActionLabel": "ask_name",
      "ActionLabelOptions": [
        "ask_name",
        "restaurant_inform_search_criteria",
        "hello",
        "restaurant_ask_restaurant",
        "doctor_inform_nothing_found",
        "goodbye_1"
      ],
      "Agent": "Wizard",
      "PrimaryItem": {
        "APIName": "restaurant_search",
        "AverageRating": 5,
        "AverageWaitMinutes": 21,
        "CloseTimeHour": "8 pm",
        "Cost": "Expensive",
        "DoesDelivery": false,
        "Food": "Italian",
        "Location": "Center",
        "MaxPartySize": 2,
        "Name": "The Porch",
        "OpenTimeHour": "7 am",
        "TakesReservations": false,
        "id": 879
      },
      "Text": "Could I get your name, please?",
      "UnixTime": 1590291621
    },
    {
      "Action": "utter",
      "Agent": "User",
      "Text": "Ben.",
      "UnixTime": 1590291634
    },
    {
      "Action": "instruct",
      "Agent": "UserGuide",
      "Text": "If you haven't yet, it's time to change topic. You can also go back and forth between topics. [instruction 3 of 8]",
      "UnixTime": 1590291634
    },
    {
      "APIName": "doctor_followup",
      "Action": "query",
      "Agent": "Wizard",
      "Constraints": [
        {
          "Name": "\"Dr. Morgan\""
        },
        {
          "PatientName": "\"Ben\""
        }
      ],
      "PrimaryItem": {
        "APIName": "restaurant_search",
        "AverageRating": 5,
        "AverageWaitMinutes": 21,
        "CloseTimeHour": "8 pm",
        "Cost": "Expensive",
        "DoesDelivery": false,
        "Food": "Italian",
        "Location": "Center",
        "MaxPartySize": 2,
        "Name": "The Porch",
        "OpenTimeHour": "7 am",
        "TakesReservations": false,
        "id": 879
      },
      "UnixTime": 1590291639
    },
    {
      "APIName": "doctor_followup",
      "Action": "return_item",
      "Agent": "KnowledgeBase",
      "Item": {
        "APIName": "doctor_followup",
        "Message": "Take your medicine before you go to sleep. If you experience nausea, please contact your doctor immediately."
      },
      "TotalItems": -1
    },
    {
      "Action": "request_suggestions",
      "Agent": "Wizard",
      "PrimaryItem": {
        "APIName": "doctor_followup",
        "Message": "Take your medicine before you go to sleep. If you experience nausea, please contact your doctor immediately."
      },
      "Text": "take your ",
      "UnixTime": 1590291643
    },
    {
      "Action": "pick_suggestion",
      "ActionLabel": "doctor_inform_doctors_instructions",
      "ActionLabelOptions": [
        "goodbye_1",
        "doctor_inform_doctors_instructions",
        "ask_name"
      ],
      "Agent": "Wizard",
      "PrimaryItem": {
        "APIName": "doctor_followup",
        "Message": "Take your medicine before you go to sleep. If you experience nausea, please contact your doctor immediately."
      },
      "Text": "Your instructions are: Take your medicine before you go to sleep. If you experience nausea, please contact your doctor immediately..",
      "UnixTime": 1590291644
    },
    {
      "Action": "utter",
      "Agent": "User",
      "Text": "Okay fair enough. Also I need to change my ride details. ID 735.",
      "UnixTime": 1590291669
    },
    {
      "Action": "select_task",
      "Agent": "Wizard",
      "PrimaryItem": {
        "APIName": "doctor_followup",
        "Message": "Take your medicine before you go to sleep. If you experience nausea, please contact your doctor immediately."
      },
      "Task": "ride_change",
      "UnixTime": 1590291679
    },
    {
      "Action": "request_suggestions",
      "Agent": "Wizard",
      "PrimaryItem": {
        "APIName": "doctor_followup",
        "Message": "Take your medicine before you go to sleep. If you experience nausea, please contact your doctor immediately."
      },
      "Text": "what to change",
      "UnixTime": 1590291688
    },
    {
      "Action": "pick_suggestion",
      "ActionLabel": "ride_ask_change",
      "ActionLabelOptions": [
        "ride_ask_change",
        "goodbye_1",
        "ask_name",
        "anything_else",
        "hello",
        "ride_inform_changes_failed"
      ],
      "Agent": "Wizard",
      "PrimaryItem": {
        "APIName": "doctor_followup",
        "Message": "Take your medicine before you go to sleep. If you experience nausea, please contact your doctor immediately."
      },
      "Text": "Sure, what can I change for you?",
      "UnixTime": 1590291690
    },
    {
      "Action": "utter",
      "Agent": "User",
      "Text": "I want a Honda to pick me up, not a Taxi. They stink.",
      "UnixTime": 1590291744
    },
    {
      "APIName": "ride_change",
      "Action": "query",
      "Agent": "Wizard",
      "Constraints": [
        {
          "id": "735"
        },
        {
          "CustomerName": "\"Ben\""
        },
        {
          "ChangeDescription": "\"Honda instead of Taxi\""
        }
      ],
      "PrimaryItem": {
        "APIName": "doctor_followup",
        "Message": "Take your medicine before you go to sleep. If you experience nausea, please contact your doctor immediately."
      },
      "UnixTime": 1590291755
    },
    {
      "APIName": "ride_change",
      "Action": "return_item",
      "Agent": "KnowledgeBase",
      "Item": {
        "APIName": "ride_change",
        "ChangeStatus": "We are unable to change your trip."
      },
      "TotalItems": -1
    },
    {
      "Action": "request_suggestions",
      "Agent": "Wizard",
      "PrimaryItem": {
        "APIName": "ride_change",
        "ChangeStatus": "We are unable to change your trip."
      },
      "Text": "unable",
      "UnixTime": 1590291757
    },
    {
      "Action": "pick_suggestion",
      "ActionLabel": "ride_inform_changes_failed",
      "ActionLabelOptions": [
        "ride_inform_changes_failed",
        "ride_inform_changes_successful",
        "out_of_scope"
      ],
      "Agent": "Wizard",
      "PrimaryItem": {
        "APIName": "ride_change",
        "ChangeStatus": "We are unable to change your trip."
      },
      "Text": "Unfortunately I wasn't able to update your booking, sorry.",
      "UnixTime": 1590291759
    },
    {
      "Action": "utter",
      "Agent": "User",
      "Text": "No problem. How about a reservation at The Porch?",
      "UnixTime": 1590291776
    },
    {
      "Action": "request_suggestions",
      "Agent": "Wizard",
      "PrimaryItem": {
        "APIName": "ride_change",
        "ChangeStatus": "We are unable to change your trip."
      },
      "Text": "i'm sorry",
      "UnixTime": 1590291783
    },
    {
      "Action": "select_primary",
      "Agent": "Wizard",
      "PrimaryItem": {
        "APIName": "ride_change",
        "ChangeStatus": "We are unable to change your trip."
      },
      "UnixTime": 1590291788
    },
    {
      "Action": "request_suggestions",
      "Agent": "Wizard",
      "PrimaryItem": {
        "APIName": "restaurant_search",
        "AverageRating": 5,
        "AverageWaitMinutes": 21,
        "CloseTimeHour": "8 pm",
        "Cost": "Expensive",
        "DoesDelivery": false,
        "Food": "Italian",
        "Location": "Center",
        "MaxPartySize": 2,
        "Name": "The Porch",
        "OpenTimeHour": "7 am",
        "TakesReservations": false,
        "id": 879
      },
      "Text": "i am sorry",
      "UnixTime": 1590291790
    },
    {
      "Action": "pick_suggestion",
      "ActionLabel": "out_of_scope",
      "ActionLabelOptions": [
        "out_of_scope",
        "out_of_scope",
        "ride_inform_changes_failed",
        "ask_name",
        "restaurant_ask_rating",
        "restaurant_ask_restaurant"
      ],
      "Agent": "Wizard",
      "PrimaryItem": {
        "APIName": "restaurant_search",
        "AverageRating": 5,
        "AverageWaitMinutes": 21,
        "CloseTimeHour": "8 pm",
        "Cost": "Expensive",
        "DoesDelivery": false,
        "Food": "Italian",
        "Location": "Center",
        "MaxPartySize": 2,
        "Name": "The Porch",
        "OpenTimeHour": "7 am",
        "TakesReservations": false,
        "id": 879
      },
      "Text": "I am sorry, I don't quite understand what you mean. I am only able to help you search for restaurants.",
      "UnixTime": 1590291792
    },
    {
      "Action": "utter",
      "Agent": "User",
      "Text": "The Porch is a restaurant.",
      "UnixTime": 1590291817
    },
    {
      "Action": "instruct",
      "Agent": "UserGuide",
      "Text": "If it makes sense, use some negations ('I don't want', or 'anything but ...', etc.) [instruction 4 of 8]",
      "UnixTime": 1590291817
    },
    {
      "Action": "request_suggestions",
      "Agent": "Wizard",
      "PrimaryItem": {
        "APIName": "restaurant_search",
        "AverageRating": 5,
        "AverageWaitMinutes": 21,
        "CloseTimeHour": "8 pm",
        "Cost": "Expensive",
        "DoesDelivery": false,
        "Food": "Italian",
        "Location": "Center",
        "MaxPartySize": 2,
        "Name": "The Porch",
        "OpenTimeHour": "7 am",
        "TakesReservations": false,
        "id": 879
      },
      "Text": "i cannot do that",
      "UnixTime": 1590291827
    },
    {
      "Action": "pick_suggestion",
      "ActionLabel": "restaurant_inform_search_criteria",
      "ActionLabelOptions": [
        "out_of_scope",
        "ride_inform_changes_failed",
        "out_of_scope",
        "ride_inform_changes_successful",
        "anything_else",
        "restaurant_inform_search_criteria"
      ],
      "Agent": "Wizard",
      "PrimaryItem": {
        "APIName": "restaurant_search",
        "AverageRating": 5,
        "AverageWaitMinutes": 21,
        "CloseTimeHour": "8 pm",
        "Cost": "Expensive",
        "DoesDelivery": false,
        "Food": "Italian",
        "Location": "Center",
        "MaxPartySize": 2,
        "Name": "The Porch",
        "OpenTimeHour": "7 am",
        "TakesReservations": false,
        "id": 879
      },
      "Text": "I can filter restaurants by name, location, food type, its average rating, whether or not they take reservations, and whether or not they have a delivery service.",
      "UnixTime": 1590291830
    },
    {
      "Action": "utter",
      "Agent": "User",
      "Text": "The Porch. Reservation for 3.",
      "UnixTime": 1590291846
    },
    {
      "Action": "request_suggestions",
      "Agent": "Wizard",
      "PrimaryItem": {
        "APIName": "restaurant_search",
        "AverageRating": 5,
        "AverageWaitMinutes": 21,
        "CloseTimeHour": "8 pm",
        "Cost": "Expensive",
        "DoesDelivery": false,
        "Food": "Italian",
        "Location": "Center",
        "MaxPartySize": 2,
        "Name": "The Porch",
        "OpenTimeHour": "7 am",
        "TakesReservations": false,
        "id": 879
      },
      "Text": "dude",
      "UnixTime": 1590291851
    },
    {
      "Action": "pick_suggestion",
      "ActionLabel": "out_of_scope",
      "ActionLabelOptions": [
        "out_of_scope",
        "out_of_scope",
        "ride_inform_changes_failed",
        "hello",
        "ask_name",
        "restaurant_inform_search_criteria"
      ],
      "Agent": "Wizard",
      "PrimaryItem": {
        "APIName": "restaurant_search",
        "AverageRating": 5,
        "AverageWaitMinutes": 21,
        "CloseTimeHour": "8 pm",
        "Cost": "Expensive",
        "DoesDelivery": false,
        "Food": "Italian",
        "Location": "Center",
        "MaxPartySize": 2,
        "Name": "The Porch",
        "OpenTimeHour": "7 am",
        "TakesReservations": false,
        "id": 879
      },
      "Text": "I am sorry, I don't quite understand what you mean. I am only able to help you search for restaurants.",
      "UnixTime": 1590291856
    },
    {
      "Action": "utter",
      "Agent": "User",
      "Text": "Ugh. This is unfortunate that this is not working properly today. I need a restaurant reservation. ",
      "UnixTime": 1590291910
    },
    {
      "Action": "instruct",
      "Agent": "UserGuide",
      "Text": "Keep going :) - don't forget some smalltalk. Perhaps say something related to the first topic you talked about. [instruction 5 of 8]",
      "UnixTime": 1590291910
    },
    {
      "Action": "request_suggestions",
      "Agent": "Wizard",
      "PrimaryItem": {
        "APIName": "restaurant_search",
        "AverageRating": 5,
        "AverageWaitMinutes": 21,
        "CloseTimeHour": "8 pm",
        "Cost": "Expensive",
        "DoesDelivery": false,
        "Food": "Italian",
        "Location": "Center",
        "MaxPartySize": 2,
        "Name": "The Porch",
        "OpenTimeHour": "7 am",
        "TakesReservations": false,
        "id": 879
      },
      "Text": "i am sorry",
      "UnixTime": 1590291922
    },
    {
      "Action": "pick_suggestion",
      "ActionLabel": "out_of_scope",
      "ActionLabelOptions": [
        "out_of_scope",
        "out_of_scope",
        "ride_inform_changes_failed",
        "ask_name",
        "restaurant_ask_rating",
        "restaurant_ask_restaurant"
      ],
      "Agent": "Wizard",
      "PrimaryItem": {
        "APIName": "restaurant_search",
        "AverageRating": 5,
        "AverageWaitMinutes": 21,
        "CloseTimeHour": "8 pm",
        "Cost": "Expensive",
        "DoesDelivery": false,
        "Food": "Italian",
        "Location": "Center",
        "MaxPartySize": 2,
        "Name": "The Porch",
        "OpenTimeHour": "7 am",
        "TakesReservations": false,
        "id": 879
      },
      "Text": "I am sorry, I don't quite understand what you mean. I am only able to help you search for restaurants.",
      "UnixTime": 1590291925
    },
    {
      "Action": "utter",
      "Agent": "User",
      "Text": "Okay, find a restaurant in the East of town.",
      "UnixTime": 1590291963
    },
    {
      "Action": "select_task",
      "Agent": "Wizard",
      "PrimaryItem": {
        "APIName": "restaurant_search",
        "AverageRating": 5,
        "AverageWaitMinutes": 21,
        "CloseTimeHour": "8 pm",
        "Cost": "Expensive",
        "DoesDelivery": false,
        "Food": "Italian",
        "Location": "Center",
        "MaxPartySize": 2,
        "Name": "The Porch",
        "OpenTimeHour": "7 am",
        "TakesReservations": false,
        "id": 879
      },
      "Task": "restaurant_search",
      "UnixTime": 1590291968
    },
    {
      "APIName": "restaurant_search",
      "Action": "query",
      "Agent": "Wizard",
      "Constraints": [
        {
          "Location": "\"East\""
        }
      ],
      "PrimaryItem": {
        "APIName": "restaurant_search",
        "AverageRating": 5,
        "AverageWaitMinutes": 21,
        "CloseTimeHour": "8 pm",
        "Cost": "Expensive",
        "DoesDelivery": false,
        "Food": "Italian",
        "Location": "Center",
        "MaxPartySize": 2,
        "Name": "The Porch",
        "OpenTimeHour": "7 am",
        "TakesReservations": false,
        "id": 879
      },
      "UnixTime": 1590291970
    },
    {
      "APIName": "restaurant_search",
      "Action": "return_item",
      "Agent": "KnowledgeBase",
      "Item": {
        "APIName": "restaurant_search",
        "AverageRating": 1,
        "AverageWaitMinutes": 43,
        "CloseTimeHour": "6 pm",
        "Cost": "Expensive",
        "DoesDelivery": false,
        "Food": "Italian",
        "Location": "East",
        "MaxPartySize": 22,
        "Name": "Tamarind",
        "OpenTimeHour": "12 pm",
        "TakesReservations": true,
        "id": 611
      },
      "TotalItems": 196
    },
    {
      "Action": "request_suggestions",
      "Agent": "Wizard",
      "PrimaryItem": {
        "APIName": "restaurant_search",
        "AverageRating": 1,
        "AverageWaitMinutes": 43,
        "CloseTimeHour": "6 pm",
        "Cost": "Expensive",
        "DoesDelivery": false,
        "Food": "Italian",
        "Location": "East",
        "MaxPartySize": 22,
        "Name": "Tamarind",
        "OpenTimeHour": "12 pm",
        "TakesReservations": true,
        "id": 611
      },
      "Text": "tamarind restaurant",
      "UnixTime": 1590291975
    },
    {
      "Action": "utter",
      "Agent": "Wizard",
      "PrimaryItem": {
        "APIName": "restaurant_search",
        "AverageRating": 1,
        "AverageWaitMinutes": 43,
        "CloseTimeHour": "6 pm",
        "Cost": "Expensive",
        "DoesDelivery": false,
        "Food": "Italian",
        "Location": "East",
        "MaxPartySize": 22,
        "Name": "Tamarind",
        "OpenTimeHour": "12 pm",
        "TakesReservations": true,
        "id": 611
      },
      "Text": "Tamarind is a restaurant in the East that matches your criteria.",
      "UnixTime": 1590291989
    },
    {
      "Action": "utter",
      "Agent": "User",
      "Text": "Okay, thanks again. Goodbye!",
      "UnixTime": 1590292007
    },
    {
      "Action": "instruct",
      "Agent": "UserGuide",
      "Text": "Keep going until you've covered all the topics ('Find restaurant', 'followup on doctor appointment' and 'changing a ride'). The conversation should continue at least until the last instruction is given. [instruction 6 of 8]",
      "UnixTime": 1590292007
    },
    {
      "Action": "request_suggestions",
      "Agent": "Wizard",
      "PrimaryItem": {
        "APIName": "restaurant_search",
        "AverageRating": 1,
        "AverageWaitMinutes": 43,
        "CloseTimeHour": "6 pm",
        "Cost": "Expensive",
        "DoesDelivery": false,
        "Food": "Italian",
        "Location": "East",
        "MaxPartySize": 22,
        "Name": "Tamarind",
        "OpenTimeHour": "12 pm",
        "TakesReservations": true,
        "id": 611
      },
      "Text": "bye",
      "UnixTime": 1590292018
    },
    {
      "Action": "utter",
      "Agent": "Wizard",
      "PrimaryItem": {
        "APIName": "restaurant_search",
        "AverageRating": 1,
        "AverageWaitMinutes": 43,
        "CloseTimeHour": "6 pm",
        "Cost": "Expensive",
        "DoesDelivery": false,
        "Food": "Italian",
        "Location": "East",
        "MaxPartySize": 22,
        "Name": "Tamarind",
        "OpenTimeHour": "12 pm",
        "TakesReservations": true,
        "id": 611
      },
      "Text": "Goodbye!",
      "UnixTime": 1590292025
    },
    {
      "Action": "utter",
      "Agent": "User",
      "Text": "Oh wait, I forgot. What's the status of my ride again?",
      "UnixTime": 1590292039
    },
    {
      "Action": "select_task",
      "Agent": "Wizard",
      "PrimaryItem": {
        "APIName": "restaurant_search",
        "AverageRating": 1,
        "AverageWaitMinutes": 43,
        "CloseTimeHour": "6 pm",
        "Cost": "Expensive",
        "DoesDelivery": false,
        "Food": "Italian",
        "Location": "East",
        "MaxPartySize": 22,
        "Name": "Tamarind",
        "OpenTimeHour": "12 pm",
        "TakesReservations": true,
        "id": 611
      },
      "Task": "ride_status",
      "UnixTime": 1590292044
    },
    {
      "APIName": "ride_status",
      "Action": "query",
      "Agent": "Wizard",
      "Constraints": [
        {
          "id": "735"
        },
        {
          "CustomerName": "\"Ben\""
        }
      ],
      "PrimaryItem": {
        "APIName": "restaurant_search",
        "AverageRating": 1,
        "AverageWaitMinutes": 43,
        "CloseTimeHour": "6 pm",
        "Cost": "Expensive",
        "DoesDelivery": false,
        "Food": "Italian",
        "Location": "East",
        "MaxPartySize": 22,
        "Name": "Tamarind",
        "OpenTimeHour": "12 pm",
        "TakesReservations": true,
        "id": 611
      },
      "UnixTime": 1590292054
    },
    {
      "APIName": "ride_status",
      "Action": "return_item",
      "Agent": "KnowledgeBase",
      "Item": {
        "APIName": "ride_status",
        "RideStatus": "Your ride is on its way.",
        "RideWait": "2 minutes away"
      },
      "TotalItems": -1
    },
    {
      "Action": "request_suggestions",
      "Agent": "Wizard",
      "PrimaryItem": {
        "APIName": "ride_status",
        "RideStatus": "Your ride is on its way.",
        "RideWait": "2 minutes away"
      },
      "Text": "3 minutes",
      "UnixTime": 1590292058
    },
    {
      "Action": "utter",
      "Agent": "Wizard",
      "PrimaryItem": {
        "APIName": "ride_status",
        "RideStatus": "Your ride is on its way.",
        "RideWait": "2 minutes away"
      },
      "Text": "Your ride is 2 minutes away.",
      "UnixTime": 1590292065
    },
    {
      "Action": "utter",
      "Agent": "User",
      "Text": "Do you know who is picking me up? I like to be aware, prior.",
      "UnixTime": 1590292094
    },
    {
      "Action": "instruct",
      "Agent": "UserGuide",
      "Text": "Almost there. A few more turns. [instruction 7 of 8]",
      "UnixTime": 1590292094
    },
    {
      "Action": "request_suggestions",
      "Agent": "Wizard",
      "PrimaryItem": {
        "APIName": "ride_status",
        "RideStatus": "Your ride is on its way.",
        "RideWait": "2 minutes away"
      },
      "Text": "i can not",
      "UnixTime": 1590292102
    },
    {
      "Action": "pick_suggestion",
      "ActionLabel": "out_of_scope",
      "ActionLabelOptions": [
        "out_of_scope",
        "ask_name",
        "ride_bye"
      ],
      "Agent": "Wizard",
      "PrimaryItem": {
        "APIName": "ride_status",
        "RideStatus": "Your ride is on its way.",
        "RideWait": "2 minutes away"
      },
      "Text": "I am sorry, I don't quite understand what you mean. I am only able to help you check that status of your ride.",
      "UnixTime": 1590292104
    },
    {
      "Action": "utter",
      "Agent": "User",
      "Text": "That's alright. Were there any other directions from my doctor?",
      "UnixTime": 1590292143
    },
    {
      "Action": "select_task",
      "Agent": "Wizard",
      "PrimaryItem": {
        "APIName": "ride_status",
        "RideStatus": "Your ride is on its way.",
        "RideWait": "2 minutes away"
      },
      "Task": "doctor_followup",
      "UnixTime": 1590292148
    },
    {
      "APIName": "doctor_followup",
      "Action": "query",
      "Agent": "Wizard",
      "Constraints": [
        {
          "Name": "\"Dr. Morgan\""
        },
        {
          "PatientName": "\"Ben\""
        }
      ],
      "PrimaryItem": {
        "APIName": "ride_status",
        "RideStatus": "Your ride is on its way.",
        "RideWait": "2 minutes away"
      },
      "UnixTime": 1590292152
    },
    {
      "APIName": "doctor_followup",
      "Action": "return_item",
      "Agent": "KnowledgeBase",
      "Item": {
        "APIName": "doctor_followup",
        "Message": "You must take your medicine 2 times a day before meals."
      },
      "TotalItems": -1
    },
    {
      "Action": "request_suggestions",
      "Agent": "Wizard",
      "PrimaryItem": {
        "APIName": "doctor_followup",
        "Message": "You must take your medicine 2 times a day before meals."
      },
      "Text": "you must",
      "UnixTime": 1590292156
    },
    {
      "Action": "select_primary",
      "Agent": "Wizard",
      "PrimaryItem": {
        "APIName": "doctor_followup",
        "Message": "You must take your medicine 2 times a day before meals."
      },
      "UnixTime": 1590292159
    },
    {
      "Action": "select_primary",
      "Agent": "Wizard",
      "PrimaryItem": {
        "APIName": "ride_status",
        "RideStatus": "Your ride is on its way.",
        "RideWait": "2 minutes away"
      },
      "UnixTime": 1590292160
    },
    {
      "Action": "request_suggestions",
      "Agent": "Wizard",
      "PrimaryItem": {
        "APIName": "doctor_followup",
        "Message": "You must take your medicine 2 times a day before meals."
      },
      "Text": "medicine",
      "UnixTime": 1590292164
    },
    {
      "Action": "pick_suggestion",
      "ActionLabel": "doctor_inform_doctors_instructions",
      "ActionLabelOptions": [
        "doctor_inform_doctors_instructions",
        "ask_name",
        "hello"
      ],
      "Agent": "Wizard",
      "PrimaryItem": {
        "APIName": "doctor_followup",
        "Message": "You must take your medicine 2 times a day before meals."
      },
      "Text": "Your instructions are: You must take your medicine 2 times a day before meals..",
      "UnixTime": 1590292166
    },
    {
      "Action": "utter",
      "Agent": "User",
      "Text": "Mornings and nights?",
      "UnixTime": 1590292181
    },
    {
      "Action": "request_suggestions",
      "Agent": "Wizard",
      "PrimaryItem": {
        "APIName": "doctor_followup",
        "Message": "You must take your medicine 2 times a day before meals."
      },
      "Text": "i am sorry",
      "UnixTime": 1590292189
    },
    {
      "Action": "pick_suggestion",
      "ActionLabel": "out_of_scope",
      "ActionLabelOptions": [
        "out_of_scope",
        "goodbye_1",
        "doctor_ask_doctor_name"
      ],
      "Agent": "Wizard",
      "PrimaryItem": {
        "APIName": "doctor_followup",
        "Message": "You must take your medicine 2 times a day before meals."
      },
      "Text": "I am sorry, I don't quite understand what you mean. I am only able to help schedule a followup appointment with your doctor.",
      "UnixTime": 1590292192
    },
    {
      "Action": "utter",
      "Agent": "User",
      "Text": "Alright I'll ask at my next appointment.",
      "UnixTime": 1590292232
    },
    {
      "Action": "instruct",
      "Agent": "UserGuide",
      "Text": "Ok, once you've touched on all the topics ('Find restaurant', 'followup on doctor appointment' and 'changing a ride') and engaged in some smalltalk, you can bring the conversation to a natural close. [instruction 8 of 8]",
      "UnixTime": 1590292232
    },
    {
      "Action": "request_suggestions",
      "Agent": "Wizard",
      "PrimaryItem": {
        "APIName": "doctor_followup",
        "Message": "You must take your medicine 2 times a day before meals."
      },
      "Text": "anything else",
      "UnixTime": 1590292239
    },
    {
      "Action": "pick_suggestion",
      "ActionLabel": "anything_else",
      "ActionLabelOptions": [
        "anything_else",
        "doctor_inform_doctors_instructions",
        "doctor_inform_nothing_found"
      ],
      "Agent": "Wizard",
      "PrimaryItem": {
        "APIName": "doctor_followup",
        "Message": "You must take your medicine 2 times a day before meals."
      },
      "Text": "Is there anything else that I can do for you?",
      "UnixTime": 1590292242
    },
    {
      "Action": "utter",
      "Agent": "User",
      "Text": "No, thanks for all your help. You have been patient and kind.",
      "UnixTime": 1590292272
    },
    {
      "Action": "request_suggestions",
      "Agent": "Wizard",
      "PrimaryItem": {
        "APIName": "doctor_followup",
        "Message": "You must take your medicine 2 times a day before meals."
      },
      "Text": "bye",
      "UnixTime": 1590292282
    },
    {
      "Action": "pick_suggestion",
      "ActionLabel": "goodbye_1",
      "ActionLabelOptions": [
        "goodbye_1",
        "hello",
        "doctor_inform_doctors_instructions"
      ],
      "Agent": "Wizard",
      "PrimaryItem": {
        "APIName": "doctor_followup",
        "Message": "You must take your medicine 2 times a day before meals."
      },
      "Text": "Thank you and goodbye.",
      "UnixTime": 1590292284
    },
    {
      "Action": "complete",
      "Agent": "User",
      "UnixTime": 1590292287
    }
  ],
  "FORMAT-VERSION": 7,
  "IntroducesConflicts": false,
  "Scenario": {
    "Domains": [
      "doctor",
      "restaurant",
      "ride"
    ],
    "Happy": false,
    "MultiTask": true,
    "UserTask": "Come up with your own scenario!\n\nAbout you:\n- Your name: Ben\n- Today is Tuesday\n\n The AI Assistant can handle:\n- Find a restaurant (e.g. in the Center or East of town)\n- Followup on doctor appointment (e.g. with Dr. Johnson or Dr. Morgan) \n- Changing details about a Taxi/Uber/Lyft ride (e.g. ride id 735) \n- Checking the status of a booked ride",
    "WizardCapabilities": [
      {
        "Domain": "restaurant",
        "SchemaImage": "restaurant_search.jpg",
        "Task": "restaurant_search"
      },
      {
        "Domain": "doctor",
        "SchemaImage": "doctor_followup.jpg",
        "Task": "doctor_followup"
      },
      {
        "Domain": "ride",
        "SchemaImage": "ride_change.jpg",
        "Task": "ride_change"
      },
      {
        "Domain": "ride",
        "SchemaImage": "ride_status.jpg",
        "Task": "ride_status"
      }
    ],
    "WizardTask": "Follow the flow charts and help the user. Assume:\n\n- Today is Tuesday"
  },
  "UserQuestionnaire": [
    {
      "Answer": true,
      "Question": "Did the assistant stay calm and helpful throughout the dialogue?"
    }
  ],
  "WizardQuestionnaire": [
    {
      "Answer": false,
      "Question": "Did the user change his/her mind about what he/she wants at any time?"
    },
    {
      "Answer": false,
      "Question": "Did the user become aggressive or annoyed during the dialogue? (Note: some users may be instructed to be annoying.)"
    },
    {
      "Answer": false,
      "Question": "Where you unsure about what to do at any time? (Feel free to send us an email with details.)"
    }
  ]
}