{
    "AnonymizedUserWorkerID": "3a5ea463-ded5-1b72-cab6-2e2ea04d6cf7",
    "AnonymizedWizardWorkerID": "9f21d8b6-df7e-edd4-ef00-9da97dbb279f",
    "BatchID": "woz_1589458635",
    "CompletionLevel": "Complete",
    "DialogueID": 516,
    "Events": [
        {
            "Action": "instruct",
            "Agent": "UserGuide",
            "Text": "Say hello to the AI assistant and ask for help (see instructions on the left). [instruction 1 of 6]",
            "UnixTime": 1589472368
        },
        {
            "Action": "utter",
            "Agent": "User",
            "Text": "Hello",
            "UnixTime": 1589472373,
            "PredictedBeliefState": {},
            "ActionLabel": [
                "user_hello"
            ]
        },
        {
            "Action": "instruct",
            "Agent": "UserGuide",
            "Text": "Try to get an appointment as soon as possible (right now it is 2 pm on Tuesday). [instruction 2 of 6]",
            "UnixTime": 1589472373
        },
        {
            "Action": "request_suggestions",
            "Agent": "Wizard",
            "Text": "Hi",
            "UnixTime": 1589472382
        },
        {
            "Action": "pick_suggestion",
            "ActionLabel": "hello",
            "ActionLabelOptions": [
                "hello",
                "ask_name"
            ],
            "Agent": "Wizard",
            "Text": "Hello, how can I help?",
            "UnixTime": 1589472383
        },
        {
            "Action": "utter",
            "Agent": "User",
            "Text": "I'd like to make an appointment with Dr Morgan please",
            "UnixTime": 1589472396,
            "PredictedBeliefState": {
                "Name": "dr. morgan"
            },
            "ActionLabel": [
                "user_doctor_schedule_inform_doctor_name",
                "user_doctor_schedule_ask_schedule"
            ]
        },
        {
            "Action": "instruct",
            "Agent": "UserGuide",
            "Text": "Keep asking for other times until the assistant has found a slot for you. Engage in smalltalk once this is done. [instruction 3 of 6]",
            "UnixTime": 1589472396
        },
        {
            "Action": "request_suggestions",
            "Agent": "Wizard",
            "Text": "name",
            "UnixTime": 1589472413
        },
        {
            "Action": "pick_suggestion",
            "ActionLabel": "ask_name",
            "ActionLabelOptions": [
                "ask_name",
                "goodbye_1"
            ],
            "Agent": "Wizard",
            "Text": "Could I have your name, please?",
            "UnixTime": 1589472424
        },
        {
            "Action": "utter",
            "Agent": "User",
            "Text": "Mark",
            "UnixTime": 1589472437,
            "PredictedBeliefState": {
                "Name": "dr. morgan",
                "PatientName": "mark"
            },
            "ActionLabel": [
                "user_doctor_schedule_inform_name"
            ]
        },
        {
            "Action": "instruct",
            "Agent": "UserGuide",
            "Text": "Say something about Dr. Morgan, the AI Assistant, or something that has happened to you today. Be creative! [instruction 4 of 6]",
            "UnixTime": 1589472437
        },
        {
            "Action": "request_suggestions",
            "Agent": "Wizard",
            "Text": "day",
            "UnixTime": 1589472448
        },
        {
            "Action": "pick_suggestion",
            "ActionLabel": "doctor_ask_day",
            "ActionLabelOptions": [
                "doctor_ask_day",
                "hello"
            ],
            "Agent": "Wizard",
            "Text": "What day of the week would you like to schedule the appointment for?",
            "UnixTime": 1589472450
        },
        {
            "Action": "utter",
            "Agent": "User",
            "Text": "today if possible. the sooner the better",
            "UnixTime": 1589472465,
            "PredictedBeliefState": {
                "PatientName": "mark",
                "StartTimeHour": "2 pm",
                "Name": "dr. morgan",
                "Day": "tuesday"
            },
            "ActionLabel": [
                "user_doctor_schedule_inform_start_time",
                "user_doctor_schedule_inform_day"
            ]
        },
        {
            "Action": "instruct",
            "Agent": "UserGuide",
            "Text": "It occurs to you that you also want to make an appointment to get your kid Angela vaccinated. Perhaps you can schedule a second appointment at the same time? [instruction 5 of 6]",
            "UnixTime": 1589472465
        },
        {
            "Action": "request_suggestions",
            "Agent": "Wizard",
            "Text": "symptoms",
            "UnixTime": 1589472481
        },
        {
            "Action": "pick_suggestion",
            "ActionLabel": "doctor_ask_symptoms",
            "ActionLabelOptions": [
                "doctor_ask_symptoms",
                "doctor_ask_doctor_name"
            ],
            "Agent": "Wizard",
            "Text": "Could you describe your symptoms, please?",
            "UnixTime": 1589472483
        },
        {
            "Action": "utter",
            "Agent": "User",
            "Text": "cough and a sore throat for 2 days",
            "UnixTime": 1589472498,
            "PredictedBeliefState": {
                "Name": "dr. morgan",
                "StartTimeHour": "2 pm",
                "Symptoms": "cough and a sore throat for 2 days",
                "PatientName": "mark",
                "Day": "tuesday"
            },
            "ActionLabel": [
                "user_doctor_schedule_inform_symptoms"
            ]
        },
        {
            "APIName": "doctor_schedule",
            "Action": "query",
            "Agent": "Wizard",
            "Constraints": [
                {
                    "Name": "\"Dr. Morgan\""
                },
                {
                    "PatientName": "\"Mark\""
                },
                {
                    "Day": "\"Tuesday\""
                },
                {
                    "StartTimeHour": "\"2 pm\""
                },
                {
                    "Symptoms": "\"cough and a sore throat for 2 days\""
                },
                {
                    "RequestType": "\"Check\""
                }
            ],
            "UnixTime": 1589472507
        },
        {
            "APIName": "doctor_schedule",
            "Action": "return_item",
            "Agent": "KnowledgeBase",
            "Item": {
                "APIName": "doctor_schedule",
                "DoctorName": "Dr. Morgan",
                "Message": "The time slot is available.",
                "Time": "2 pm"
            },
            "TotalItems": -1,
            "PredictedBeliefState": {
                "Name": "dr. morgan",
                "StartTimeHour": "2 pm",
                "Symptoms": "cough and a sore throat for 2 days",
                "PatientName": "mark",
                "Day": "tuesday"
            },
            "ActionLabel": [
                "db_doctor_inform_booking_available"
            ]
        },
        {
            "Action": "request_suggestions",
            "Agent": "Wizard",
            "PrimaryItem": {
                "APIName": "doctor_schedule",
                "DoctorName": "Dr. Morgan",
                "Message": "The time slot is available.",
                "Time": "2 pm"
            },
            "Text": "morgan available at 2pm",
            "UnixTime": 1589472512
        },
        {
            "Action": "request_suggestions",
            "Agent": "Wizard",
            "PrimaryItem": {
                "APIName": "doctor_schedule",
                "DoctorName": "Dr. Morgan",
                "Message": "The time slot is available.",
                "Time": "2 pm"
            },
            "Text": "available at 2pm",
            "UnixTime": 1589472527
        },
        {
            "Action": "pick_suggestion",
            "ActionLabel": "doctor_inform_booking_available",
            "ActionLabelOptions": [
                "doctor_inform_booking_available",
                "doctor_inform_booking_unavailable"
            ],
            "Agent": "Wizard",
            "PrimaryItem": {
                "APIName": "doctor_schedule",
                "DoctorName": "Dr. Morgan",
                "Message": "The time slot is available.",
                "Time": "2 pm"
            },
            "Text": "Alright, Dr. Morgan is available at 2 pm. Can I book the appointment for you?",
            "UnixTime": 1589472529
        },
        {
            "Action": "utter",
            "Agent": "User",
            "Text": "yes. Also my daughter needs a vaccination, can i book her an appointment too?",
            "UnixTime": 1589472572,
            "PredictedBeliefState": {
                "Symptoms": "vaccination",
                "Name": "dr. morgan",
                "StartTimeHour": "2 pm",
                "PatientName": "mark",
                "Day": "tuesday"
            },
            "ActionLabel": [
                "user_bad_label"
            ]
        },
        {
            "Action": "instruct",
            "Agent": "UserGuide",
            "Text": "Keep going until both yours and your kid's appointments are made (this should take a few more turns). Then say goodbye. [instruction 6 of 6]",
            "UnixTime": 1589472572
        },
        {
            "APIName": "doctor_schedule",
            "Action": "query",
            "Agent": "Wizard",
            "Constraints": [
                {
                    "Name": "\"Dr. Morgan\""
                },
                {
                    "PatientName": "\"Mark\""
                },
                {
                    "Day": "\"Tuesday\""
                },
                {
                    "StartTimeHour": "\"2 pm\""
                },
                {
                    "Symptoms": "\"cough and a sore throat for 2 days\""
                },
                {
                    "RequestType": "\"Book\""
                }
            ],
            "PrimaryItem": {
                "APIName": "doctor_schedule",
                "DoctorName": "Dr. Morgan",
                "Message": "The time slot is available.",
                "Time": "2 pm"
            },
            "UnixTime": 1589472585
        },
        {
            "APIName": "doctor_schedule",
            "Action": "return_item",
            "Agent": "KnowledgeBase",
            "Item": {
                "APIName": "doctor_schedule",
                "DoctorName": "Dr. Morgan",
                "Message": "Your appointment has been successfuly scheduled.",
                "Time": "2 pm"
            },
            "TotalItems": -1,
            "PredictedBeliefState": {
                "Symptoms": "vaccination",
                "Name": "dr. morgan",
                "StartTimeHour": "2 pm",
                "PatientName": "mark",
                "Day": "tuesday"
            },
            "ActionLabel": [
                "result_bad_label"
            ]
        },
        {
            "Action": "request_suggestions",
            "Agent": "Wizard",
            "PrimaryItem": {
                "APIName": "doctor_schedule",
                "DoctorName": "Dr. Morgan",
                "Message": "Your appointment has been successfuly scheduled.",
                "Time": "2 pm"
            },
            "Text": "booked with dr morgan",
            "UnixTime": 1589472591
        },
        {
            "Action": "utter",
            "Agent": "Wizard",
            "PrimaryItem": {
                "APIName": "doctor_schedule",
                "DoctorName": "Dr. Morgan",
                "Message": "Your appointment has been successfuly scheduled.",
                "Time": "2 pm"
            },
            "Text": "Great, your appointment with Dr. Morgan is booked, what is your daughters name",
            "UnixTime": 1589472608
        },
        {
            "Action": "utter",
            "Agent": "User",
            "Text": "Angela",
            "UnixTime": 1589472633,
            "PredictedBeliefState": {
                "PatientName": "mark",
                "Symptoms": "vaccination",
                "Day": "tuesday",
                "Name": "dr. morgan",
                "StartTimeHour": "2 pm"
            },
            "ActionLabel": [
                "user_bad_label"
            ]
        },
        {
            "Action": "request_suggestions",
            "Agent": "Wizard",
            "PrimaryItem": {
                "APIName": "doctor_schedule",
                "DoctorName": "Dr. Morgan",
                "Message": "Your appointment has been successfuly scheduled.",
                "Time": "2 pm"
            },
            "Text": "doctor name",
            "UnixTime": 1589472640
        },
        {
            "Action": "pick_suggestion",
            "ActionLabel": "doctor_ask_doctor_name",
            "ActionLabelOptions": [
                "ask_name",
                "doctor_ask_doctor_name"
            ],
            "Agent": "Wizard",
            "PrimaryItem": {
                "APIName": "doctor_schedule",
                "DoctorName": "Dr. Morgan",
                "Message": "Your appointment has been successfuly scheduled.",
                "Time": "2 pm"
            },
            "Text": "What doctor would you like to see?",
            "UnixTime": 1589472642
        },
        {
            "Action": "utter",
            "Agent": "User",
            "Text": "No preference ",
            "UnixTime": 1589472655,
            "PredictedBeliefState": {
                "StartTimeHour": "2 pm",
                "Name": "dontcare",
                "Symptoms": "vaccination",
                "PatientName": "angela",
                "Day": "tuesday"
            },
            "ActionLabel": [
                "user_doctor_schedule_inform_doctor_name",
                "user_doctor_schedule_inform_name"
            ]
        },
        {
            "Action": "request_suggestions",
            "Agent": "Wizard",
            "PrimaryItem": {
                "APIName": "doctor_schedule",
                "DoctorName": "Dr. Morgan",
                "Message": "Your appointment has been successfuly scheduled.",
                "Time": "2 pm"
            },
            "Text": "what day",
            "UnixTime": 1589472662
        },
        {
            "Action": "pick_suggestion",
            "ActionLabel": "doctor_ask_day",
            "ActionLabelOptions": [
                "doctor_ask_day",
                "hello"
            ],
            "Agent": "Wizard",
            "PrimaryItem": {
                "APIName": "doctor_schedule",
                "DoctorName": "Dr. Morgan",
                "Message": "Your appointment has been successfuly scheduled.",
                "Time": "2 pm"
            },
            "Text": "What day of the week would you like to schedule the appointment for?",
            "UnixTime": 1589472664
        },
        {
            "Action": "utter",
            "Agent": "User",
            "Text": "as soon as possible",
            "UnixTime": 1589472673,
            "PredictedBeliefState": {
                "Name": "dr. morgan",
                "Symptoms": "vaccination",
                "StartTimeHour": "2 pm",
                "PatientName": "mark",
                "Day": "tuesday"
            },
            "ActionLabel": [
                "user_doctor_schedule_inform_doctor_name",
                "user_doctor_schedule_inform_name"
            ]
        },
        {
            "Action": "request_suggestions",
            "Agent": "Wizard",
            "PrimaryItem": {
                "APIName": "doctor_schedule",
                "DoctorName": "Dr. Morgan",
                "Message": "Your appointment has been successfuly scheduled.",
                "Time": "2 pm"
            },
            "Text": "any symptoms",
            "UnixTime": 1589472682
        },
        {
            "Action": "pick_suggestion",
            "ActionLabel": "doctor_ask_symptoms",
            "ActionLabelOptions": [
                "doctor_ask_symptoms",
                "doctor_inform_nothing_found"
            ],
            "Agent": "Wizard",
            "PrimaryItem": {
                "APIName": "doctor_schedule",
                "DoctorName": "Dr. Morgan",
                "Message": "Your appointment has been successfuly scheduled.",
                "Time": "2 pm"
            },
            "Text": "Could you describe your symptoms, please?",
            "UnixTime": 1589472684
        },
        {
            "Action": "utter",
            "Agent": "User",
            "Text": "she just needs a vaccination is all",
            "UnixTime": 1589472696,
            "PredictedBeliefState": {
                "Day": "tuesday",
                "Symptoms": "vaccination",
                "StartTimeHour": "2 pm",
                "PatientName": "angela",
                "Name": "dontcare"
            },
            "ActionLabel": [
                "user_doctor_schedule_inform_name",
                "user_doctor_schedule_inform_doctor_name"
            ]
        },
        {
            "APIName": "doctor_schedule",
            "Action": "query",
            "Agent": "Wizard",
            "Constraints": [
                {
                    "Name": "\"Dr. Johnson\""
                },
                {
                    "PatientName": "\"Angela\""
                },
                {
                    "Day": "\"Tuesday\""
                },
                {
                    "StartTimeHour": "\"2 pm\""
                },
                {
                    "Symptoms": "\"none\""
                },
                {
                    "RequestType": "\"Check\""
                }
            ],
            "PrimaryItem": {
                "APIName": "doctor_schedule",
                "DoctorName": "Dr. Morgan",
                "Message": "Your appointment has been successfuly scheduled.",
                "Time": "2 pm"
            },
            "UnixTime": 1589472701
        },
        {
            "APIName": "doctor_schedule",
            "Action": "return_item",
            "Agent": "KnowledgeBase",
            "Item": {
                "APIName": "doctor_schedule",
                "DoctorName": "Dr. Johnson",
                "Message": "The time slot is available.",
                "Time": "2 pm"
            },
            "TotalItems": -1,
            "PredictedBeliefState": {
                "Day": "tuesday",
                "Symptoms": "vaccination",
                "StartTimeHour": "2 pm",
                "PatientName": "angela",
                "Name": "dontcare"
            },
            "ActionLabel": [
                "db_doctor_inform_booking_available"
            ]
        },
        {
            "Action": "request_suggestions",
            "Agent": "Wizard",
            "PrimaryItem": {
                "APIName": "doctor_schedule",
                "DoctorName": "Dr. Johnson",
                "Message": "The time slot is available.",
                "Time": "2 pm"
            },
            "Text": "dr. johnson is available shouuld i book",
            "UnixTime": 1589472707
        },
        {
            "Action": "pick_suggestion",
            "ActionLabel": "doctor_inform_booking_available",
            "ActionLabelOptions": [
                "doctor_inform_booking_available",
                "doctor_ask_day"
            ],
            "Agent": "Wizard",
            "PrimaryItem": {
                "APIName": "doctor_schedule",
                "DoctorName": "Dr. Johnson",
                "Message": "The time slot is available.",
                "Time": "2 pm"
            },
            "Text": "Alright, Dr. Johnson is available at 2 pm. Can I book the appointment for you?",
            "UnixTime": 1589472710
        },
        {
            "Action": "utter",
            "Agent": "User",
            "Text": "yes please",
            "UnixTime": 1589472716,
            "PredictedBeliefState": {
                "Day": "tuesday",
                "Name": "dr. johnson",
                "PatientName": "angela",
                "StartTimeHour": "2 pm",
                "Symptoms": "vaccination"
            },
            "ActionLabel": [
                "user_doctor_schedule_inform_doctor_name",
                "user_doctor_schedule_inform_book"
            ]
        },
        {
            "APIName": "doctor_schedule",
            "Action": "query",
            "Agent": "Wizard",
            "Constraints": [
                {
                    "Name": "\"Dr. Johnson\""
                },
                {
                    "PatientName": "\"Angela\""
                },
                {
                    "Day": "\"Tuesday\""
                },
                {
                    "StartTimeHour": "\"2 pm\""
                },
                {
                    "Symptoms": "\"none\""
                },
                {
                    "RequestType": "\"Book\""
                }
            ],
            "PrimaryItem": {
                "APIName": "doctor_schedule",
                "DoctorName": "Dr. Johnson",
                "Message": "The time slot is available.",
                "Time": "2 pm"
            },
            "UnixTime": 1589472718
        },
        {
            "APIName": "doctor_schedule",
            "Action": "return_item",
            "Agent": "KnowledgeBase",
            "Item": {
                "APIName": "doctor_schedule",
                "DoctorName": "Dr. Johnson",
                "Message": "Your appointment has been successfuly scheduled.",
                "Time": "2 pm"
            },
            "TotalItems": -1,
            "PredictedBeliefState": {
                "Day": "tuesday",
                "Name": "dr. johnson",
                "PatientName": "angela",
                "StartTimeHour": "2 pm",
                "Symptoms": "vaccination"
            },
            "ActionLabel": [
                "db_doctor_inform_booking_successful"
            ]
        },
        {
            "Action": "request_suggestions",
            "Agent": "Wizard",
            "PrimaryItem": {
                "APIName": "doctor_schedule",
                "DoctorName": "Dr. Johnson",
                "Message": "Your appointment has been successfuly scheduled.",
                "Time": "2 pm"
            },
            "Text": "booked",
            "UnixTime": 1589472721
        },
        {
            "Action": "pick_suggestion",
            "ActionLabel": "doctor_inform_booking_successful",
            "ActionLabelOptions": [
                "doctor_inform_booking_successful",
                "doctor_ask_doctor_name"
            ],
            "Agent": "Wizard",
            "PrimaryItem": {
                "APIName": "doctor_schedule",
                "DoctorName": "Dr. Johnson",
                "Message": "Your appointment has been successfuly scheduled.",
                "Time": "2 pm"
            },
            "Text": "Great, your appointment with Dr. Johnson is booked for you!",
            "UnixTime": 1589472722
        },
        {
            "Action": "utter",
            "Agent": "User",
            "Text": "awesome. Thanks and goodbye",
            "UnixTime": 1589472733,
            "PredictedBeliefState": {
                "Symptoms": "vaccination",
                "Name": "dr. johnson",
                "PatientName": "angela",
                "Day": "tuesday",
                "StartTimeHour": "2 pm"
            },
            "ActionLabel": [
                "user_doctor_schedule_goodbye"
            ]
        },
        {
            "Action": "request_suggestions",
            "Agent": "Wizard",
            "PrimaryItem": {
                "APIName": "doctor_schedule",
                "DoctorName": "Dr. Johnson",
                "Message": "Your appointment has been successfuly scheduled.",
                "Time": "2 pm"
            },
            "Text": "goodbye",
            "UnixTime": 1589472738
        },
        {
            "Action": "pick_suggestion",
            "ActionLabel": "goodbye_1",
            "ActionLabelOptions": [
                "goodbye_1",
                "doctor_ask_end_time"
            ],
            "Agent": "Wizard",
            "PrimaryItem": {
                "APIName": "doctor_schedule",
                "DoctorName": "Dr. Johnson",
                "Message": "Your appointment has been successfuly scheduled.",
                "Time": "2 pm"
            },
            "Text": "Thank you and goodbye.",
            "UnixTime": 1589472739
        },
        {
            "Action": "complete",
            "Agent": "User",
            "UnixTime": 1589472742
        }
    ],
    "FORMAT-VERSION": 7,
    "IntroducesConflicts": false,
    "Scenario": {
        "Domains": [
            "doctor"
        ],
        "Happy": false,
        "MultiTask": false,
        "UserTask": "You are Mark and would like to make an appointment with Dr. Morgan for today (Tuesday). You have had a cough and a sore throat,  for two days now.",
        "WizardCapabilities": [
            {
                "Domain": "doctor",
                "SchemaImage": "doctor_schedule.jpg",
                "Task": "doctor_schedule"
            }
        ],
        "WizardTask": "Follow the flow charts and help the user. Some facts you should be aware of: \n\n* Right now it is Tuesday, 2 pm"
    },
    "UserQuestionnaire": [
        {
            "Answer": true,
            "Question": "Did the assistant stay calm and helpful throughout the dialogue?"
        }
    ],
    "WizardQuestionnaire": [
        {
            "Answer": true,
            "Question": "Did the user change his/her mind about what he/she wants at any time?"
        },
        {
            "Answer": false,
            "Question": "Did the user become aggressive or annoyed during the dialogue? (Note: some users may be instructed to be annoying.)"
        },
        {
            "Answer": false,
            "Question": "Where you unsure about what to do at any time? (Feel free to send us an email with details.)"
        }
    ]
}