{
  "AnonymizedUserWorkerID": "a0362f23-a428-0712-805e-13fe4ea1da38",
  "AnonymizedWizardWorkerID": "9f21d8b6-df7e-edd4-ef00-9da97dbb279f",
  "BatchID": "woz_1590253362",
  "CompletionLevel": "EarlyDisconnectDuringDialogue",
  "DialogueID": 5193,
  "Events": [
    {
      "Action": "instruct",
      "Agent": "UserGuide",
      "Text": "Use your imagination to generate a conversation about the topics 'checking ride status', 'getting directions', and 'schedule a meeting' (in any order), as shown on the left. You may also ask the assistant about the weather.  [instruction 1 of 6]",
      "UnixTime": 1590257100
    }
  ],
  "FORMAT-VERSION": 7,
  "IntroducesConflicts": false,
  "Scenario": {
    "Domains": [
      "meeting",
      "ride",
      "trip",
      "weather"
    ],
    "Happy": false,
    "MultiTask": true,
    "UserTask": "Come up with your own scenario!\n\nAbout you:\n- Your name: John\n\n The AI Assistant can handle:\n- Check your ride's status (e.g. ride id 806)\n- Get walking/driving/transit directions (e.g. from 'Hospital' to 'Broadway and Main') \n- Schedule a meeting\n- Checking the weather forecast in different Cities (e.g. New York City or New York City)",
    "WizardCapabilities": [
      {
        "Domain": "ride",
        "SchemaImage": "ride_status.jpg",
        "Task": "ride_status"
      },
      {
        "Domain": "trip",
        "SchemaImage": "trip_directions.jpg",
        "Task": "trip_directions"
      },
      {
        "Domain": "meeting",
        "SchemaImage": "meeting_schedule.jpg",
        "Task": "meeting_schedule"
      },
      {
        "Domain": "weather",
        "SchemaImage": "weather.jpg",
        "Task": "weather"
      }
    ],
    "WizardTask": "Follow the flow charts and help the user."
  },
  "UserQuestionnaire": [],
  "WizardQuestionnaire": []
}