{
  "AnonymizedUserWorkerID": "9cfed8ec-54a9-f0f7-8327-15f6470d4a6c",
  "AnonymizedWizardWorkerID": "a2d15359-e691-350e-8034-7685cce53920",
  "BatchID": "woz_1590253362",
  "CompletionLevel": "EarlyDisconnectDuringDialogue",
  "DialogueID": 5202,
  "Events": [
    {
      "Action": "instruct",
      "Agent": "UserGuide",
      "Text": "Use your imagination to generate a conversation about the topics 'Find apartment', 'Schedule apartment viewing' and 'Calling a ride' (in any order), as shown on the left. You may also ask the assistant to check the weather.  [instruction 1 of 8]",
      "UnixTime": 1590268348
    }
  ],
  "FORMAT-VERSION": 7,
  "IntroducesConflicts": false,
  "Scenario": {
    "Domains": [
      "apartment",
      "ride",
      "weather"
    ],
    "Happy": false,
    "MultiTask": true,
    "UserTask": "Come up with your own scenario!\n\nAbout you:\n- Your name: John\n- Today is Saturday\n\n The AI Assistant can handle:\n- Find an apartment (prices are in 'credits')\n- Schedule an apartment viewing \n- Calling a Taxi/Uber/Lyft ride \n- Checking the weather forecast in different Cities (e.g. Pittsburgh or Chicago)",
    "WizardCapabilities": [
      {
        "Domain": "apartment",
        "SchemaImage": "apartment_search.jpg",
        "Task": "apartment_search"
      },
      {
        "Domain": "apartment",
        "SchemaImage": "apartment_schedule.jpg",
        "Task": "apartment_schedule"
      },
      {
        "Domain": "ride",
        "SchemaImage": "ride_book.jpg",
        "Task": "ride_book"
      },
      {
        "Domain": "weather",
        "SchemaImage": "weather.jpg",
        "Task": "weather"
      }
    ],
    "WizardTask": "Follow the flow charts and help the user. NOTE: When users give PRICE limits, you usually have to use the 'is at most' comparator, not 'is equal to'. Assume:\n\n- Today is Saturday"
  },
  "UserQuestionnaire": [],
  "WizardQuestionnaire": []
}