{
  "AnonymizedUserWorkerID": "73bd63b7-5463-b221-d8f5-2611db2cf2a3",
  "AnonymizedWizardWorkerID": "d54cbfbe-9822-80ca-c06f-a9029d7dbe20",
  "BatchID": "woz_1590253362",
  "CompletionLevel": "Complete",
  "DialogueID": 5217,
  "Events": [
    {
      "Action": "instruct",
      "Agent": "UserGuide",
      "Text": "Use your imagination to generate a conversation about the topics 'looking for a flight', 'schedule a meeting', 'RSVP to a party' and 'book a table at a restaurant' (in any order), as shown on the left. You may also make a request to your hotel's room service.  [instruction 1 of 9]",
      "UnixTime": 1590289026
    },
    {
      "Action": "utter",
      "Agent": "User",
      "Text": "Hi, I'm Jane Doe",
      "UnixTime": 1590289034
    },
    {
      "Action": "request_suggestions",
      "Agent": "Wizard",
      "Text": "Hi how can I help you",
      "UnixTime": 1590289104
    },
    {
      "Action": "pick_suggestion",
      "ActionLabel": "hello",
      "ActionLabelOptions": [
        "hello",
        "goodbye_2",
        "plane_inform_nothing_found"
      ],
      "Agent": "Wizard",
      "Text": "Hello, how can I help?",
      "UnixTime": 1590289106
    },
    {
      "Action": "utter",
      "Agent": "User",
      "Text": "I'd like to find a flight",
      "UnixTime": 1590289122
    },
    {
      "Action": "request_suggestions",
      "Agent": "Wizard",
      "Text": "departure city?",
      "UnixTime": 1590289183
    },
    {
      "Action": "pick_suggestion",
      "ActionLabel": "ask_departure_location",
      "ActionLabelOptions": [
        "ask_departure_location",
        "plane_ask_arrival_city",
        "goodbye_2"
      ],
      "Agent": "Wizard",
      "Text": "Where are you departing from?",
      "UnixTime": 1590289188
    },
    {
      "Action": "utter",
      "Agent": "User",
      "Text": "San Francisco and I'm going to Detroit. I'm suppose to meet someone there.",
      "UnixTime": 1590289219
    },
    {
      "Action": "instruct",
      "Agent": "UserGuide",
      "Text": "You may attempt to do some smalltalk with the AI Assistant at any time. [instruction 2 of 9]",
      "UnixTime": 1590289219
    },
    {
      "Action": "request_suggestions",
      "Agent": "Wizard",
      "Text": "date?",
      "UnixTime": 1590289238
    },
    {
      "Action": "pick_suggestion",
      "ActionLabel": "plane_ask_date",
      "ActionLabelOptions": [
        "plane_ask_date",
        "plane_request_optional",
        "plane_ask_arrival_city"
      ],
      "Agent": "Wizard",
      "Text": "On what day do you want the plane to arrive?",
      "UnixTime": 1590289248
    },
    {
      "Action": "utter",
      "Agent": "User",
      "Text": "the 12th",
      "UnixTime": 1590289268
    },
    {
      "Action": "request_suggestions",
      "Agent": "Wizard",
      "Text": "any special request for airline?",
      "UnixTime": 1590289309
    },
    {
      "Action": "pick_suggestion",
      "ActionLabel": "plane_request_optional",
      "ActionLabelOptions": [
        "plane_request_optional",
        "anything_else",
        "plane_inform_nothing_found"
      ],
      "Agent": "Wizard",
      "Text": "I can also filter the results for a specific airline, class, price or duration.",
      "UnixTime": 1590289312
    },
    {
      "Action": "utter",
      "Agent": "User",
      "Text": "I've heard Virgin Airlines is nice.",
      "UnixTime": 1590289374
    },
    {
      "APIName": "plane_search",
      "Action": "query",
      "Agent": "Wizard",
      "Constraints": [
        {
          "DepartureCity": "\"San Francisco\""
        },
        {
          "ArrivalCity": "\"Detroit\""
        },
        {
          "Date": "\"12th\""
        },
        {
          "Airline": "api.is_equal_to(\"American\")"
        }
      ],
      "UnixTime": 1590289389
    },
    {
      "APIName": "plane_search",
      "Action": "return_item",
      "Agent": "KnowledgeBase",
      "TotalItems": 0
    },
    {
      "Action": "request_suggestions",
      "Agent": "Wizard",
      "Text": "Nothing found",
      "UnixTime": 1590289394
    },
    {
      "Action": "pick_suggestion",
      "ActionLabel": "plane_inform_nothing_found",
      "ActionLabelOptions": [
        "plane_inform_nothing_found",
        "out_of_scope",
        "plane_ask_arrival_city"
      ],
      "Agent": "Wizard",
      "Text": "Unfortunately there are no flights that match your search. Would you like to change any of your criteria?",
      "UnixTime": 1590289397
    },
    {
      "Action": "utter",
      "Agent": "User",
      "Text": "any airline is fine",
      "UnixTime": 1590289475
    },
    {
      "Action": "instruct",
      "Agent": "UserGuide",
      "Text": "If you haven't yet, it's time to change topic. You can also go back and forth between topics. [instruction 3 of 9]",
      "UnixTime": 1590289475
    },
    {
      "APIName": "plane_search",
      "Action": "query",
      "Agent": "Wizard",
      "Constraints": [
        {
          "DepartureCity": "\"San Francisco\""
        },
        {
          "ArrivalCity": "\"Detroit\""
        },
        {
          "Date": "\"12th\""
        }
      ],
      "UnixTime": 1590289507
    },
    {
      "APIName": "plane_search",
      "Action": "return_item",
      "Agent": "KnowledgeBase",
      "TotalItems": 0
    },
    {
      "APIName": "plane_search",
      "Action": "query",
      "Agent": "Wizard",
      "Constraints": [
        {
          "DepartureCity": "\"San Francisco\""
        },
        {
          "ArrivalCity": "\"Detroit\""
        },
        {
          "Date": "\"12th\""
        },
        {
          "Airline": "api.is_one_of([\"American\",\"United\",\"Delta\",\"Virgin\"])"
        }
      ],
      "UnixTime": 1590289517
    },
    {
      "APIName": "plane_search",
      "Action": "return_item",
      "Agent": "KnowledgeBase",
      "TotalItems": 0
    },
    {
      "Action": "request_suggestions",
      "Agent": "Wizard",
      "Text": "Nothing",
      "UnixTime": 1590289522
    },
    {
      "Action": "pick_suggestion",
      "ActionLabel": "plane_inform_nothing_found",
      "ActionLabelOptions": [
        "out_of_scope",
        "plane_inform_nothing_found",
        "ask_departure_location"
      ],
      "Agent": "Wizard",
      "Text": "Unfortunately there are no flights that match your search. Would you like to change any of your criteria?",
      "UnixTime": 1590289526
    },
    {
      "Action": "utter",
      "Agent": "User",
      "Text": "How about the 24th?",
      "UnixTime": 1590289553
    },
    {
      "Action": "instruct",
      "Agent": "UserGuide",
      "Text": "If it makes sense, use some negations ('I don't want', or 'anything but ...', etc.) [instruction 4 of 9]",
      "UnixTime": 1590289553
    },
    {
      "APIName": "plane_search",
      "Action": "query",
      "Agent": "Wizard",
      "Constraints": [
        {
          "DepartureCity": "\"San Francisco\""
        },
        {
          "ArrivalCity": "\"Detroit\""
        },
        {
          "Date": "\"24th\""
        }
      ],
      "UnixTime": 1590289570
    },
    {
      "APIName": "plane_search",
      "Action": "return_item",
      "Agent": "KnowledgeBase",
      "Item": {
        "APIName": "plane_search",
        "Airline": "Virgin",
        "ArrivalCity": "Detroit",
        "ArrivalTime": "12 pm",
        "Class": "First",
        "Date": "24th",
        "DepartureCity": "San Francisco",
        "DurationHours": 6,
        "Price": 304,
        "id": 82
      },
      "TotalItems": 1
    },
    {
      "Action": "request_suggestions",
      "Agent": "Wizard",
      "PrimaryItem": {
        "APIName": "plane_search",
        "Airline": "Virgin",
        "ArrivalCity": "Detroit",
        "ArrivalTime": "12 pm",
        "Class": "First",
        "Date": "24th",
        "DepartureCity": "San Francisco",
        "DurationHours": 6,
        "Price": 304,
        "id": 82
      },
      "Text": "I found a flight ",
      "UnixTime": 1590289577
    },
    {
      "Action": "utter",
      "Agent": "Wizard",
      "PrimaryItem": {
        "APIName": "plane_search",
        "Airline": "Virgin",
        "ArrivalCity": "Detroit",
        "ArrivalTime": "12 pm",
        "Class": "First",
        "Date": "24th",
        "DepartureCity": "San Francisco",
        "DurationHours": 6,
        "Price": 304,
        "id": 82
      },
      "Text": "I found a First Class flight from San Francisco to Detroit on the 24th with Virgin Airline. It costs 304 credits and will take 6 hours.",
      "UnixTime": 1590289629
    },
    {
      "Action": "utter",
      "Agent": "User",
      "Text": "That'll have to work, I need to schedule a meeting",
      "UnixTime": 1590289679
    },
    {
      "Action": "request_suggestions",
      "Agent": "Wizard",
      "PrimaryItem": {
        "APIName": "plane_search",
        "Airline": "Virgin",
        "ArrivalCity": "Detroit",
        "ArrivalTime": "12 pm",
        "Class": "First",
        "Date": "24th",
        "DepartureCity": "San Francisco",
        "DurationHours": 6,
        "Price": 304,
        "id": 82
      },
      "Text": "can I help you with anything else?",
      "UnixTime": 1590289719
    },
    {
      "Action": "pick_suggestion",
      "ActionLabel": "anything_else",
      "ActionLabelOptions": [
        "anything_else",
        "plane_inform_flight_details",
        "ask_departure_location"
      ],
      "Agent": "Wizard",
      "PrimaryItem": {
        "APIName": "plane_search",
        "Airline": "Virgin",
        "ArrivalCity": "Detroit",
        "ArrivalTime": "12 pm",
        "Class": "First",
        "Date": "24th",
        "DepartureCity": "San Francisco",
        "DurationHours": 6,
        "Price": 304,
        "id": 82
      },
      "Text": "Is there anything else that I can do for you?",
      "UnixTime": 1590289742
    },
    {
      "Action": "utter",
      "Agent": "User",
      "Text": "I'd like to reserve a table at Legume please",
      "UnixTime": 1590289766
    },
    {
      "Action": "instruct",
      "Agent": "UserGuide",
      "Text": "If you like, you can ask for room service at any point. This is not necessary, however. [instruction 5 of 9]",
      "UnixTime": 1590289766
    },
    {
      "Action": "select_task",
      "Agent": "Wizard",
      "PrimaryItem": {
        "APIName": "plane_search",
        "Airline": "Virgin",
        "ArrivalCity": "Detroit",
        "ArrivalTime": "12 pm",
        "Class": "First",
        "Date": "24th",
        "DepartureCity": "San Francisco",
        "DurationHours": 6,
        "Price": 304,
        "id": 82
      },
      "Task": "restaurant_book",
      "UnixTime": 1590289770
    },
    {
      "Action": "request_suggestions",
      "Agent": "Wizard",
      "PrimaryItem": {
        "APIName": "plane_search",
        "Airline": "Virgin",
        "ArrivalCity": "Detroit",
        "ArrivalTime": "12 pm",
        "Class": "First",
        "Date": "24th",
        "DepartureCity": "San Francisco",
        "DurationHours": 6,
        "Price": 304,
        "id": 82
      },
      "Text": "what is your name?",
      "UnixTime": 1590289782
    },
    {
      "Action": "pick_suggestion",
      "ActionLabel": "ask_name",
      "ActionLabelOptions": [
        "ask_name",
        "out_of_scope",
        "plane_ask_more_questions",
        "ask_departure_location",
        "restaurant_ask_restaurant",
        "restaurant_ask_time"
      ],
      "Agent": "Wizard",
      "PrimaryItem": {
        "APIName": "plane_search",
        "Airline": "Virgin",
        "ArrivalCity": "Detroit",
        "ArrivalTime": "12 pm",
        "Class": "First",
        "Date": "24th",
        "DepartureCity": "San Francisco",
        "DurationHours": 6,
        "Price": 304,
        "id": 82
      },
      "Text": "May I have your name, please?",
      "UnixTime": 1590289790
    },
    {
      "Action": "utter",
      "Agent": "User",
      "Text": "Jane Doe",
      "UnixTime": 1590289817
    },
    {
      "Action": "request_suggestions",
      "Agent": "Wizard",
      "PrimaryItem": {
        "APIName": "plane_search",
        "Airline": "Virgin",
        "ArrivalCity": "Detroit",
        "ArrivalTime": "12 pm",
        "Class": "First",
        "Date": "24th",
        "DepartureCity": "San Francisco",
        "DurationHours": 6,
        "Price": 304,
        "id": 82
      },
      "Text": "time?",
      "UnixTime": 1590289858
    },
    {
      "Action": "pick_suggestion",
      "ActionLabel": "restaurant_ask_time",
      "ActionLabelOptions": [
        "restaurant_ask_time",
        "plane_ask_date",
        "plane_request_optional",
        "plane_ask_arrival_city",
        "restaurant_ask_restaurant",
        "ask_name"
      ],
      "Agent": "Wizard",
      "PrimaryItem": {
        "APIName": "plane_search",
        "Airline": "Virgin",
        "ArrivalCity": "Detroit",
        "ArrivalTime": "12 pm",
        "Class": "First",
        "Date": "24th",
        "DepartureCity": "San Francisco",
        "DurationHours": 6,
        "Price": 304,
        "id": 82
      },
      "Text": "For what time should the reservation be made?",
      "UnixTime": 1590289861
    },
    {
      "Action": "utter",
      "Agent": "User",
      "Text": "5pm",
      "UnixTime": 1590289920
    },
    {
      "Action": "instruct",
      "Agent": "UserGuide",
      "Text": "Keep going :) - don't forget some smalltalk. Perhaps say something related to the first topic you talked about. [instruction 6 of 9]",
      "UnixTime": 1590289920
    },
    {
      "Action": "request_suggestions",
      "Agent": "Wizard",
      "PrimaryItem": {
        "APIName": "plane_search",
        "Airline": "Virgin",
        "ArrivalCity": "Detroit",
        "ArrivalTime": "12 pm",
        "Class": "First",
        "Date": "24th",
        "DepartureCity": "San Francisco",
        "DurationHours": 6,
        "Price": 304,
        "id": 82
      },
      "Text": "Party size?",
      "UnixTime": 1590289933
    },
    {
      "Action": "pick_suggestion",
      "ActionLabel": "restaurant_ask_size",
      "ActionLabelOptions": [
        "restaurant_ask_size",
        "plane_request_optional",
        "plane_ask_arrival_city",
        "restaurant_inform_unavailable",
        "restaurant_ask_restaurant",
        "plane_ask_date"
      ],
      "Agent": "Wizard",
      "PrimaryItem": {
        "APIName": "plane_search",
        "Airline": "Virgin",
        "ArrivalCity": "Detroit",
        "ArrivalTime": "12 pm",
        "Class": "First",
        "Date": "24th",
        "DepartureCity": "San Francisco",
        "DurationHours": 6,
        "Price": 304,
        "id": 82
      },
      "Text": "For how many people should the reservation be made?",
      "UnixTime": 1590289935
    },
    {
      "Action": "utter",
      "Agent": "User",
      "Text": "4 people",
      "UnixTime": 1590289951
    },
    {
      "APIName": "restaurant_book",
      "Action": "query",
      "Agent": "Wizard",
      "Constraints": [
        {
          "Name": "\"Legume\""
        },
        {
          "Time": "\"5 pm\""
        },
        {
          "PartySize": "4"
        },
        {
          "CustomerName": "\"Jane Doe\""
        },
        {
          "RequestType": "\"Check\""
        }
      ],
      "PrimaryItem": {
        "APIName": "plane_search",
        "Airline": "Virgin",
        "ArrivalCity": "Detroit",
        "ArrivalTime": "12 pm",
        "Class": "First",
        "Date": "24th",
        "DepartureCity": "San Francisco",
        "DurationHours": 6,
        "Price": 304,
        "id": 82
      },
      "UnixTime": 1590290012
    },
    {
      "APIName": "restaurant_book",
      "Action": "return_item",
      "Agent": "KnowledgeBase",
      "Item": {
        "APIName": "restaurant_book",
        "Message": "Available",
        "RestaurantName": "Legume"
      },
      "TotalItems": -1
    },
    {
      "Action": "request_suggestions",
      "Agent": "Wizard",
      "PrimaryItem": {
        "APIName": "restaurant_book",
        "Message": "Available",
        "RestaurantName": "Legume"
      },
      "Text": "That is available, should I book it?",
      "UnixTime": 1590290019
    },
    {
      "Action": "pick_suggestion",
      "ActionLabel": "restaurant_ask_confirm_booking",
      "ActionLabelOptions": [
        "restaurant_ask_confirm_booking",
        "restaurant_ask_time",
        "restaurant_inform_booking_failed"
      ],
      "Agent": "Wizard",
      "PrimaryItem": {
        "APIName": "restaurant_book",
        "Message": "Available",
        "RestaurantName": "Legume"
      },
      "Text": "Great, the Legume is happy to accommodate you.\nCan I confirm your reservation with them?",
      "UnixTime": 1590290022
    },
    {
      "Action": "utter",
      "Agent": "User",
      "Text": "yes please. I have to go to a party tonight too, I need to rsvp",
      "UnixTime": 1590290065
    },
    {
      "Action": "instruct",
      "Agent": "UserGuide",
      "Text": "Keep going until you've covered all the topics ('looking for a flight', 'schedule a meeting', 'RSVP to a party' and 'book a table at a restaurant'). The conversation should continue at least until the last instruction is given. [instruction 7 of 9]",
      "UnixTime": 1590290065
    },
    {
      "APIName": "restaurant_book",
      "Action": "query",
      "Agent": "Wizard",
      "Constraints": [
        {
          "Name": "\"Legume\""
        },
        {
          "Time": "\"5 pm\""
        },
        {
          "PartySize": "4"
        },
        {
          "CustomerName": "\"Jane Doe\""
        },
        {
          "RequestType": "\"Book\""
        }
      ],
      "PrimaryItem": {
        "APIName": "restaurant_book",
        "Message": "Available",
        "RestaurantName": "Legume"
      },
      "UnixTime": 1590290072
    },
    {
      "APIName": "restaurant_book",
      "Action": "return_item",
      "Agent": "KnowledgeBase",
      "Item": {
        "APIName": "restaurant_book",
        "ReservationStatus": "Reservation Confirmed",
        "RestaurantName": "Legume"
      },
      "TotalItems": -1
    },
    {
      "Action": "request_suggestions",
      "Agent": "Wizard",
      "PrimaryItem": {
        "APIName": "restaurant_book",
        "ReservationStatus": "Reservation Confirmed",
        "RestaurantName": "Legume"
      },
      "Text": "I have booked it",
      "UnixTime": 1590290077
    },
    {
      "Action": "pick_suggestion",
      "ActionLabel": "restaurant_inform_booking_successful",
      "ActionLabelOptions": [
        "restaurant_ask_time",
        "restaurant_inform_booking_successful",
        "restaurant_ask_size"
      ],
      "Agent": "Wizard",
      "PrimaryItem": {
        "APIName": "restaurant_book",
        "ReservationStatus": "Reservation Confirmed",
        "RestaurantName": "Legume"
      },
      "Text": "Excellent, your reservation at the Legume is confirmed!",
      "UnixTime": 1590290080
    },
    {
      "Action": "utter",
      "Agent": "User",
      "Text": "Thanks, The party is at west bay venue, i'm suppose to be there at 10pm. ",
      "UnixTime": 1590290123
    },
    {
      "Action": "request_suggestions",
      "Agent": "Wizard",
      "PrimaryItem": {
        "APIName": "restaurant_book",
        "ReservationStatus": "Reservation Confirmed",
        "RestaurantName": "Legume"
      },
      "Text": "nice can I help you",
      "UnixTime": 1590290182
    },
    {
      "Action": "utter",
      "Agent": "Wizard",
      "PrimaryItem": {
        "APIName": "restaurant_book",
        "ReservationStatus": "Reservation Confirmed",
        "RestaurantName": "Legume"
      },
      "Text": "I hope you have a good time at your party. Can I help you with anything else?",
      "UnixTime": 1590290194
    },
    {
      "Action": "utter",
      "Agent": "User",
      "Text": "yes, I have to schedule a meeting with John at 4pm today",
      "UnixTime": 1590290237
    },
    {
      "Action": "instruct",
      "Agent": "UserGuide",
      "Text": "Almost there. A few more turns. [instruction 8 of 9]",
      "UnixTime": 1590290237
    },
    {
      "Action": "select_task",
      "Agent": "Wizard",
      "PrimaryItem": {
        "APIName": "restaurant_book",
        "ReservationStatus": "Reservation Confirmed",
        "RestaurantName": "Legume"
      },
      "Task": "party_rsvp",
      "UnixTime": 1590290282
    },
    {
      "Action": "request_suggestions",
      "Agent": "Wizard",
      "PrimaryItem": {
        "APIName": "restaurant_book",
        "ReservationStatus": "Reservation Confirmed",
        "RestaurantName": "Legume"
      },
      "Text": "host name?",
      "UnixTime": 1590290313
    },
    {
      "Action": "pick_suggestion",
      "ActionLabel": "party_ask_host",
      "ActionLabelOptions": [
        "party_ask_host",
        "restaurant_ask_restaurant",
        "ask_name",
        "anything_else",
        "party_ask_number_of_guests",
        "party_ask_arrival_time"
      ],
      "Agent": "Wizard",
      "PrimaryItem": {
        "APIName": "restaurant_book",
        "ReservationStatus": "Reservation Confirmed",
        "RestaurantName": "Legume"
      },
      "Text": "Could you provide me with the name of the host, please?",
      "UnixTime": 1590290318
    },
    {
      "Action": "utter",
      "Agent": "User",
      "Text": "Mark",
      "UnixTime": 1590290342
    },
    {
      "Action": "request_suggestions",
      "Agent": "Wizard",
      "PrimaryItem": {
        "APIName": "restaurant_book",
        "ReservationStatus": "Reservation Confirmed",
        "RestaurantName": "Legume"
      },
      "Text": "number of guests?",
      "UnixTime": 1590290393
    },
    {
      "Action": "pick_suggestion",
      "ActionLabel": "party_ask_number_of_guests",
      "ActionLabelOptions": [
        "restaurant_ask_size",
        "party_ask_number_of_guests",
        "goodbye_1",
        "party_ask_host",
        "restaurant_ask_confirm_booking",
        "out_of_scope"
      ],
      "Agent": "Wizard",
      "PrimaryItem": {
        "APIName": "restaurant_book",
        "ReservationStatus": "Reservation Confirmed",
        "RestaurantName": "Legume"
      },
      "Text": "How many guests will you be bringing with you?",
      "UnixTime": 1590290397
    },
    {
      "Action": "utter",
      "Agent": "User",
      "Text": "2",
      "UnixTime": 1590290417
    },
    {
      "Action": "request_suggestions",
      "Agent": "Wizard",
      "PrimaryItem": {
        "APIName": "restaurant_book",
        "ReservationStatus": "Reservation Confirmed",
        "RestaurantName": "Legume"
      },
      "Text": "Parking needed/",
      "UnixTime": 1590290457
    },
    {
      "Action": "pick_suggestion",
      "ActionLabel": "party_ask_parking_needed",
      "ActionLabelOptions": [
        "party_ask_parking_needed",
        "restaurant_inform_unavailable",
        "restaurant_ask_size",
        "restaurant_ask_confirm_booking",
        "party_ask_host",
        "out_of_scope"
      ],
      "Agent": "Wizard",
      "PrimaryItem": {
        "APIName": "restaurant_book",
        "ReservationStatus": "Reservation Confirmed",
        "RestaurantName": "Legume"
      },
      "Text": "Do you require parking at the venue?",
      "UnixTime": 1590290459
    },
    {
      "Action": "utter",
      "Agent": "User",
      "Text": "no need for parking. ",
      "UnixTime": 1590290504
    },
    {
      "Action": "instruct",
      "Agent": "UserGuide",
      "Text": "Ok, once you've touched on all the topics ('looking for a flight', 'schedule a meeting', 'RSVP to a party' and 'book a table at a restaurant') and engaged in some smalltalk, you can bring the conversation to a natural close. [instruction 9 of 9]",
      "UnixTime": 1590290504
    },
    {
      "APIName": "party_rsvp",
      "Action": "query",
      "Agent": "Wizard",
      "Constraints": [
        {
          "Name": "\"West Bay Venue\""
        },
        {
          "HostName": "\"Mark\""
        },
        {
          "GuestName": "\"Jane Doe\""
        },
        {
          "ArrivalTime": "\"10 pm\""
        },
        {
          "NumberGuests": "3"
        },
        {
          "NeedParking": "\"No\""
        }
      ],
      "PrimaryItem": {
        "APIName": "restaurant_book",
        "ReservationStatus": "Reservation Confirmed",
        "RestaurantName": "Legume"
      },
      "UnixTime": 1590290551
    },
    {
      "APIName": "party_rsvp",
      "Action": "return_item",
      "Agent": "KnowledgeBase",
      "Item": {
        "APIName": "party_rsvp",
        "Message": "Thank you for your RSVP. See you there."
      },
      "TotalItems": -1
    },
    {
      "Action": "request_suggestions",
      "Agent": "Wizard",
      "PrimaryItem": {
        "APIName": "party_rsvp",
        "Message": "Thank you for your RSVP. See you there."
      },
      "Text": "confimed your rsvo",
      "UnixTime": 1590290558
    },
    {
      "Action": "pick_suggestion",
      "ActionLabel": "party_confirm_rsvp",
      "ActionLabelOptions": [
        "party_confirm_rsvp",
        "out_of_scope",
        "anything_else"
      ],
      "Agent": "Wizard",
      "PrimaryItem": {
        "APIName": "party_rsvp",
        "Message": "Thank you for your RSVP. See you there."
      },
      "Text": "Great, your rsvp is all done and confirmed!",
      "UnixTime": 1590290560
    },
    {
      "Action": "utter",
      "Agent": "User",
      "Text": "Thanks",
      "UnixTime": 1590290581
    },
    {
      "Action": "select_task",
      "Agent": "Wizard",
      "PrimaryItem": {
        "APIName": "party_rsvp",
        "Message": "Thank you for your RSVP. See you there."
      },
      "Task": "meeting_schedule",
      "UnixTime": 1590290592
    },
    {
      "Action": "request_suggestions",
      "Agent": "Wizard",
      "PrimaryItem": {
        "APIName": "party_rsvp",
        "Message": "Thank you for your RSVP. See you there."
      },
      "Text": "user name?",
      "UnixTime": 1590290613
    },
    {
      "Action": "utter",
      "Agent": "Wizard",
      "PrimaryItem": {
        "APIName": "party_rsvp",
        "Message": "Thank you for your RSVP. See you there."
      },
      "Text": "What is your username for the meeting with John?",
      "UnixTime": 1590290625
    },
    {
      "Action": "utter",
      "Agent": "User",
      "Text": "Jane Doe",
      "UnixTime": 1590290641
    },
    {
      "Action": "request_suggestions",
      "Agent": "Wizard",
      "PrimaryItem": {
        "APIName": "party_rsvp",
        "Message": "Thank you for your RSVP. See you there."
      },
      "Text": "what day?",
      "UnixTime": 1590290691
    },
    {
      "Action": "utter",
      "Agent": "Wizard",
      "PrimaryItem": {
        "APIName": "party_rsvp",
        "Message": "Thank you for your RSVP. See you there."
      },
      "Text": "What time will your meeting end?",
      "UnixTime": 1590290717
    },
    {
      "Action": "utter",
      "Agent": "User",
      "Text": "6pm",
      "UnixTime": 1590290735
    },
    {
      "APIName": "meeting_schedule",
      "Action": "query",
      "Agent": "Wizard",
      "Constraints": [
        {
          "Name": "api.is_equal_to(\"John\")"
        },
        {
          "UserName": "\"Jane Doe\""
        },
        {
          "Day": "\"Wednesday\""
        },
        {
          "StartTimeHour": "\"4 pm\""
        },
        {
          "EndTimeHour": "\"6 pm\""
        }
      ],
      "PrimaryItem": {
        "APIName": "party_rsvp",
        "Message": "Thank you for your RSVP. See you there."
      },
      "UnixTime": 1590290742
    },
    {
      "APIName": "meeting_schedule",
      "Action": "return_item",
      "Agent": "KnowledgeBase",
      "Item": {
        "APIName": "meeting_schedule",
        "Day": "Wednesday",
        "EndTime": "6 pm",
        "GuestName": "John",
        "Message": "That person has a conflicting meeting at that time. Try another meeting time.",
        "StartTime": "4 pm"
      },
      "TotalItems": -1
    },
    {
      "Action": "request_suggestions",
      "Agent": "Wizard",
      "PrimaryItem": {
        "APIName": "meeting_schedule",
        "Day": "Wednesday",
        "EndTime": "6 pm",
        "GuestName": "John",
        "Message": "That person has a conflicting meeting at that time. Try another meeting time.",
        "StartTime": "4 pm"
      },
      "Text": "that person has a meeting already",
      "UnixTime": 1590290749
    },
    {
      "Action": "utter",
      "Agent": "Wizard",
      "PrimaryItem": {
        "APIName": "meeting_schedule",
        "Day": "Wednesday",
        "EndTime": "6 pm",
        "GuestName": "John",
        "Message": "That person has a conflicting meeting at that time. Try another meeting time.",
        "StartTime": "4 pm"
      },
      "Text": "John already has a meeting scheduled at that time. Should I try a different time?",
      "UnixTime": 1590290769
    },
    {
      "Action": "utter",
      "Agent": "User",
      "Text": "Yes  please",
      "UnixTime": 1590290798
    },
    {
      "APIName": "meeting_schedule",
      "Action": "query",
      "Agent": "Wizard",
      "Constraints": [
        {
          "Name": "api.is_equal_to(\"John\")"
        },
        {
          "UserName": "\"Jane Doe\""
        },
        {
          "Day": "\"Wednesday\""
        },
        {
          "StartTimeHour": "\"6 pm\""
        },
        {
          "EndTimeHour": "\"8 pm\""
        }
      ],
      "PrimaryItem": {
        "APIName": "meeting_schedule",
        "Day": "Wednesday",
        "EndTime": "6 pm",
        "GuestName": "John",
        "Message": "That person has a conflicting meeting at that time. Try another meeting time.",
        "StartTime": "4 pm"
      },
      "UnixTime": 1590290835
    },
    {
      "APIName": "meeting_schedule",
      "Action": "return_item",
      "Agent": "KnowledgeBase",
      "Item": {
        "APIName": "meeting_schedule",
        "Day": "Wednesday",
        "EndTime": "8 pm",
        "GuestName": "John",
        "Message": "That person has a conflicting meeting at that time. Try another meeting time.",
        "StartTime": "6 pm"
      },
      "TotalItems": -1
    },
    {
      "Action": "request_suggestions",
      "Agent": "Wizard",
      "PrimaryItem": {
        "APIName": "meeting_schedule",
        "Day": "Wednesday",
        "EndTime": "8 pm",
        "GuestName": "John",
        "Message": "That person has a conflicting meeting at that time. Try another meeting time.",
        "StartTime": "6 pm"
      },
      "Text": "what time?",
      "UnixTime": 1590290842
    },
    {
      "Action": "pick_suggestion",
      "ActionLabel": "meeting_ask_start_time",
      "ActionLabelOptions": [
        "meeting_ask_start_time",
        "meeting_ask_day",
        "goodbye_1"
      ],
      "Agent": "Wizard",
      "PrimaryItem": {
        "APIName": "meeting_schedule",
        "Day": "Wednesday",
        "EndTime": "8 pm",
        "GuestName": "John",
        "Message": "That person has a conflicting meeting at that time. Try another meeting time.",
        "StartTime": "6 pm"
      },
      "Text": "For what time should the meeting be scheduled?",
      "UnixTime": 1590290845
    },
    {
      "Action": "utter",
      "Agent": "User",
      "Text": "any time is fine",
      "UnixTime": 1590290851
    },
    {
      "APIName": "meeting_schedule",
      "Action": "query",
      "Agent": "Wizard",
      "Constraints": [
        {
          "Name": "api.is_equal_to(\"John\")"
        },
        {
          "UserName": "\"Jane Doe\""
        },
        {
          "Day": "\"Wednesday\""
        },
        {
          "StartTimeHour": "\"7 pm\""
        },
        {
          "EndTimeHour": "\"9 pm\""
        }
      ],
      "PrimaryItem": {
        "APIName": "meeting_schedule",
        "Day": "Wednesday",
        "EndTime": "8 pm",
        "GuestName": "John",
        "Message": "That person has a conflicting meeting at that time. Try another meeting time.",
        "StartTime": "6 pm"
      },
      "UnixTime": 1590290864
    },
    {
      "APIName": "meeting_schedule",
      "Action": "return_item",
      "Agent": "KnowledgeBase",
      "Item": {
        "APIName": "meeting_schedule",
        "Day": "Wednesday",
        "EndTime": "9 pm",
        "GuestName": "John",
        "Message": "Your meeting has been successfuly scheduled.",
        "StartTime": "7 pm"
      },
      "TotalItems": -1
    },
    {
      "Action": "request_suggestions",
      "Agent": "Wizard",
      "PrimaryItem": {
        "APIName": "meeting_schedule",
        "Day": "Wednesday",
        "EndTime": "9 pm",
        "GuestName": "John",
        "Message": "Your meeting has been successfuly scheduled.",
        "StartTime": "7 pm"
      },
      "Text": "Your meeting has been scheduled",
      "UnixTime": 1590290872
    },
    {
      "Action": "pick_suggestion",
      "ActionLabel": "meeting_inform_confirmed",
      "ActionLabelOptions": [
        "meeting_inform_confirmed",
        "meeting_inform_nothing_found",
        "meeting_inform_unavailable_ask_different_time"
      ],
      "Agent": "Wizard",
      "PrimaryItem": {
        "APIName": "meeting_schedule",
        "Day": "Wednesday",
        "EndTime": "9 pm",
        "GuestName": "John",
        "Message": "Your meeting has been successfuly scheduled.",
        "StartTime": "7 pm"
      },
      "Text": "Fantastic, your meeting with John has been successfully scheduled for Wednesday, 7 pm-9 pm.",
      "UnixTime": 1590290874
    },
    {
      "Action": "complete",
      "Agent": "User",
      "UnixTime": 1590290878
    }
  ],
  "FORMAT-VERSION": 7,
  "IntroducesConflicts": false,
  "Scenario": {
    "Domains": [
      "hotel",
      "meeting",
      "party",
      "plane",
      "restaurant"
    ],
    "Happy": false,
    "MultiTask": true,
    "UserTask": "Come up with your own scenario!\n\nAbout you:\n- Your name: Jane Doe\n- Your current location: Hyatt Hotel\n- Today is Wednesday the 19th, 1 pm\n\n The AI Assistant can handle:\n- Searching for flights (e.g. from San Francisco to Detroit or Pittsburgh)\n- Schedule a meeting\n- Reserving a table at a restaurant (e.g. Legume or Lucca) for today\n- RSVP you to a party (Example venues: West Bay Venue or North Heights Venue)\n- Request room service",
    "WizardCapabilities": [
      {
        "Domain": "plane",
        "SchemaImage": "plane_search.jpg",
        "Task": "plane_search"
      },
      {
        "Domain": "meeting",
        "SchemaImage": "meeting_schedule.jpg",
        "Task": "meeting_schedule"
      },
      {
        "Domain": "restaurant",
        "SchemaImage": "restaurant_book.jpg",
        "Task": "restaurant_book"
      },
      {
        "Domain": "party",
        "SchemaImage": "party_rsvp.jpg",
        "Task": "party_rsvp"
      },
      {
        "Domain": "hotel",
        "SchemaImage": "hotel_service_request.jpg",
        "Task": "hotel_service_request"
      }
    ],
    "WizardTask": "Follow the flow charts and help the user. Assume:\n\n- Today is Wednesday the 19th, 1 pm"
  },
  "UserQuestionnaire": [
    {
      "Answer": true,
      "Question": "Did the assistant stay calm and helpful throughout the dialogue?"
    }
  ],
  "WizardQuestionnaire": [
    {
      "Answer": true,
      "Question": "Did the user change his/her mind about what he/she wants at any time?"
    },
    {
      "Answer": false,
      "Question": "Did the user become aggressive or annoyed during the dialogue? (Note: some users may be instructed to be annoying.)"
    },
    {
      "Answer": false,
      "Question": "Where you unsure about what to do at any time? (Feel free to send us an email with details.)"
    }
  ]
}