{
  "AnonymizedUserWorkerID": "348e8d2f-ab94-60d9-68e4-3b9a35a75d8b",
  "AnonymizedWizardWorkerID": "91b16ed4-3c20-2cd4-e99c-ff1316c27cf2",
  "BatchID": "woz_1590253362",
  "CompletionLevel": "Complete",
  "DialogueID": 5228,
  "Events": [
    {
      "Action": "instruct",
      "Agent": "UserGuide",
      "Text": "Say hello and ask for directions (see left panel). [instruction 1 of 4]",
      "UnixTime": 1590275548
    },
    {
      "Action": "utter",
      "Agent": "User",
      "Text": "Hi,  I need to get directions please!",
      "UnixTime": 1590275558
    },
    {
      "Action": "request_suggestions",
      "Agent": "Wizard",
      "Text": "travel mode",
      "UnixTime": 1590275569
    },
    {
      "Action": "pick_suggestion",
      "ActionLabel": "trip_ask_travel_mode",
      "ActionLabelOptions": [
        "trip_ask_travel_mode",
        "trip_inform_simple_step_ask_proceed",
        "trip_instructions_done"
      ],
      "Agent": "Wizard",
      "Text": "Do you want to drive, walk, or use public transit?",
      "UnixTime": 1590275571
    },
    {
      "Action": "utter",
      "Agent": "User",
      "Text": "driving",
      "UnixTime": 1590275579
    },
    {
      "Action": "request_suggestions",
      "Agent": "Wizard",
      "Text": "departure",
      "UnixTime": 1590275587
    },
    {
      "Action": "request_suggestions",
      "Agent": "Wizard",
      "Text": "location",
      "UnixTime": 1590275594
    },
    {
      "Action": "pick_suggestion",
      "ActionLabel": "ask_departure_location",
      "ActionLabelOptions": [
        "ask_departure_location",
        "trip_ask_arrival_location",
        "goodbye_1"
      ],
      "Agent": "Wizard",
      "Text": "Where are you departing from?",
      "UnixTime": 1590275596
    },
    {
      "Action": "utter",
      "Agent": "User",
      "Text": "Broadway and Main ",
      "UnixTime": 1590275603
    },
    {
      "Action": "instruct",
      "Agent": "UserGuide",
      "Text": "If you haven't yet, start a game of trivia with the assistant while you're getting directions (see left panel). [instruction 2 of 4]",
      "UnixTime": 1590275603
    },
    {
      "Action": "request_suggestions",
      "Agent": "Wizard",
      "Text": "location",
      "UnixTime": 1590275620
    },
    {
      "Action": "request_suggestions",
      "Agent": "Wizard",
      "Text": "departing to",
      "UnixTime": 1590275627
    },
    {
      "Action": "request_suggestions",
      "Agent": "Wizard",
      "Text": "arrival",
      "UnixTime": 1590275636
    },
    {
      "Action": "request_suggestions",
      "Agent": "Wizard",
      "Text": "where are you going",
      "UnixTime": 1590275643
    },
    {
      "Action": "pick_suggestion",
      "ActionLabel": "trip_ask_arrival_location",
      "ActionLabelOptions": [
        "trip_ask_arrival_location",
        "trip_inform_simple_step_ask_proceed",
        "trip_ask_departure_time"
      ],
      "Agent": "Wizard",
      "Text": "Where do you need to go?",
      "UnixTime": 1590275645
    },
    {
      "Action": "utter",
      "Agent": "User",
      "Text": "Trivia please question 2",
      "UnixTime": 1590275652
    },
    {
      "Action": "select_task",
      "Agent": "Wizard",
      "Task": "trivia",
      "UnixTime": 1590275659
    },
    {
      "APIName": "trivia",
      "Action": "query",
      "Agent": "Wizard",
      "Constraints": [
        {
          "QuestionNum": "2"
        }
      ],
      "UnixTime": 1590275665
    },
    {
      "APIName": "trivia",
      "Action": "return_item",
      "Agent": "KnowledgeBase",
      "Item": {
        "APIName": "trivia",
        "Answer": "canton",
        "Question": "A ____ is the blue field behind the stars"
      },
      "TotalItems": -1
    },
    {
      "Action": "request_suggestions",
      "Agent": "Wizard",
      "PrimaryItem": {
        "APIName": "trivia",
        "Answer": "canton",
        "Question": "A ____ is the blue field behind the stars"
      },
      "Text": "a ",
      "UnixTime": 1590275668
    },
    {
      "Action": "pick_suggestion",
      "ActionLabel": "trivia_ask_question",
      "ActionLabelOptions": [
        "trivia_ask_question",
        "trivia_inform_answer_2_ask_next",
        "trivia_bye"
      ],
      "Agent": "Wizard",
      "PrimaryItem": {
        "APIName": "trivia",
        "Answer": "canton",
        "Question": "A ____ is the blue field behind the stars"
      },
      "Text": "A ____ is the blue field behind the stars",
      "UnixTime": 1590275670
    },
    {
      "Action": "utter",
      "Agent": "User",
      "Text": "canton",
      "UnixTime": 1590275711
    },
    {
      "Action": "request_suggestions",
      "Agent": "Wizard",
      "PrimaryItem": {
        "APIName": "trivia",
        "Answer": "canton",
        "Question": "A ____ is the blue field behind the stars"
      },
      "Text": "correct",
      "UnixTime": 1590275716
    },
    {
      "Action": "pick_suggestion",
      "ActionLabel": "trivia_inform_answer_correct_ask_next",
      "ActionLabelOptions": [
        "trivia_inform_answer_correct_ask_next",
        "out_of_scope",
        "trivia_inform_answer_incorrect_ask_next"
      ],
      "Agent": "Wizard",
      "PrimaryItem": {
        "APIName": "trivia",
        "Answer": "canton",
        "Question": "A ____ is the blue field behind the stars"
      },
      "Text": "Your answer was correct! Great job! Would you like to continue playing?",
      "UnixTime": 1590275718
    },
    {
      "Action": "utter",
      "Agent": "User",
      "Text": "no thanks",
      "UnixTime": 1590275722
    },
    {
      "Action": "instruct",
      "Agent": "UserGuide",
      "Text": "Also ask for more details on some instructions. [instruction 3 of 4]",
      "UnixTime": 1590275722
    },
    {
      "Action": "request_suggestions",
      "Agent": "Wizard",
      "PrimaryItem": {
        "APIName": "trivia",
        "Answer": "canton",
        "Question": "A ____ is the blue field behind the stars"
      },
      "Text": "is there ",
      "UnixTime": 1590275729
    },
    {
      "Action": "request_suggestions",
      "Agent": "Wizard",
      "PrimaryItem": {
        "APIName": "trivia",
        "Answer": "canton",
        "Question": "A ____ is the blue field behind the stars"
      },
      "Text": "anything",
      "UnixTime": 1590275734
    },
    {
      "Action": "select_task",
      "Agent": "Wizard",
      "PrimaryItem": {
        "APIName": "trivia",
        "Answer": "canton",
        "Question": "A ____ is the blue field behind the stars"
      },
      "Task": "trip_directions",
      "UnixTime": 1590275737
    },
    {
      "Action": "request_suggestions",
      "Agent": "Wizard",
      "PrimaryItem": {
        "APIName": "trivia",
        "Answer": "canton",
        "Question": "A ____ is the blue field behind the stars"
      },
      "Text": "is there",
      "UnixTime": 1590275739
    },
    {
      "Action": "pick_suggestion",
      "ActionLabel": "anything_else",
      "ActionLabelOptions": [
        "trip_instructions_done",
        "trivia_ask_question_number",
        "hello",
        "trivia_inform_nothing_found",
        "ask_departure_location",
        "anything_else"
      ],
      "Agent": "Wizard",
      "PrimaryItem": {
        "APIName": "trivia",
        "Answer": "canton",
        "Question": "A ____ is the blue field behind the stars"
      },
      "Text": "Is there anything else that I can do for you?",
      "UnixTime": 1590275742
    },
    {
      "Action": "utter",
      "Agent": "User",
      "Text": "I need to get directions to the Airport",
      "UnixTime": 1590275751
    },
    {
      "Action": "instruct",
      "Agent": "UserGuide",
      "Text": "Keep going until you've arrived at your destination. Then bring the conversation to a natural close. [instruction 4 of 4]",
      "UnixTime": 1590275751
    },
    {
      "Action": "request_suggestions",
      "Agent": "Wizard",
      "PrimaryItem": {
        "APIName": "trivia",
        "Answer": "canton",
        "Question": "A ____ is the blue field behind the stars"
      },
      "Text": "what time",
      "UnixTime": 1590275771
    },
    {
      "Action": "pick_suggestion",
      "ActionLabel": "trip_ask_departure_time",
      "ActionLabelOptions": [
        "trip_ask_departure_time",
        "trivia_ask_question_number",
        "hello",
        "anything_else",
        "hello",
        "goodbye_1"
      ],
      "Agent": "Wizard",
      "PrimaryItem": {
        "APIName": "trivia",
        "Answer": "canton",
        "Question": "A ____ is the blue field behind the stars"
      },
      "Text": "When are you going to start your trip?",
      "UnixTime": 1590275773
    },
    {
      "Action": "utter",
      "Agent": "User",
      "Text": "now 9pm",
      "UnixTime": 1590275780
    },
    {
      "APIName": "trip_directions",
      "Action": "query",
      "Agent": "Wizard",
      "Constraints": [
        {
          "DepartureLocation": "\"Broadway and Main\""
        },
        {
          "ArrivalLocation": "\"Airport\""
        },
        {
          "TravelMode": "api.is_equal_to(\"Driving\")"
        },
        {
          "DepartureTime": "\"9 pm\""
        }
      ],
      "PrimaryItem": {
        "APIName": "trivia",
        "Answer": "canton",
        "Question": "A ____ is the blue field behind the stars"
      },
      "UnixTime": 1590275791
    },
    {
      "APIName": "trip_directions",
      "Action": "return_item",
      "Agent": "KnowledgeBase",
      "Item": {
        "APIName": "trip_directions",
        "DetailedDrivingInstructions": [
          "Turn right at the subway station onto El Camino Real.",
          "After 5 kilometers, you will see another subway station. Turn right onto Castro St, which is a one-way street.",
          "Drive for 3 blocks and turn left just after you pass a park.",
          "Your destination will be on the left opposite a bar."
        ],
        "DrivingInstructions": [
          "Turn right on El Camino Real",
          "After 5 kilometers, turn right on Castro St.",
          "Drive for 3 blocks and turn left",
          "Your destination will be on the left."
        ],
        "TravelMode": "Driving",
        "TripLengthMinutes": 51,
        "id": 737
      },
      "TotalItems": -1
    },
    {
      "Action": "request_suggestions",
      "Agent": "Wizard",
      "PrimaryItem": {
        "APIName": "trip_directions",
        "DetailedDrivingInstructions": [
          "Turn right at the subway station onto El Camino Real.",
          "After 5 kilometers, you will see another subway station. Turn right onto Castro St, which is a one-way street.",
          "Drive for 3 blocks and turn left just after you pass a park.",
          "Your destination will be on the left opposite a bar."
        ],
        "DrivingInstructions": [
          "Turn right on El Camino Real",
          "After 5 kilometers, turn right on Castro St.",
          "Drive for 3 blocks and turn left",
          "Your destination will be on the left."
        ],
        "TravelMode": "Driving",
        "TripLengthMinutes": 51,
        "id": 737
      },
      "Text": "Turn right on El",
      "UnixTime": 1590275794
    },
    {
      "Action": "pick_suggestion",
      "ActionLabel": "trip_inform_simple_step_ask_proceed",
      "ActionLabelOptions": [
        "trip_inform_simple_step_ask_proceed",
        "out_of_scope",
        "trip_ask_arrival_location"
      ],
      "Agent": "Wizard",
      "PrimaryItem": {
        "APIName": "trip_directions",
        "DetailedDrivingInstructions": [
          "Turn right at the subway station onto El Camino Real.",
          "After 5 kilometers, you will see another subway station. Turn right onto Castro St, which is a one-way street.",
          "Drive for 3 blocks and turn left just after you pass a park.",
          "Your destination will be on the left opposite a bar."
        ],
        "DrivingInstructions": [
          "Turn right on El Camino Real",
          "After 5 kilometers, turn right on Castro St.",
          "Drive for 3 blocks and turn left",
          "Your destination will be on the left."
        ],
        "TravelMode": "Driving",
        "TripLengthMinutes": 51,
        "id": 737
      },
      "Text": "Turn right on El Camino Real. Can I proceed or do you require more detailed instructions?",
      "UnixTime": 1590275796
    },
    {
      "Action": "utter",
      "Agent": "User",
      "Text": "proceed",
      "UnixTime": 1590275801
    },
    {
      "Action": "request_suggestions",
      "Agent": "Wizard",
      "PrimaryItem": {
        "APIName": "trip_directions",
        "DetailedDrivingInstructions": [
          "Turn right at the subway station onto El Camino Real.",
          "After 5 kilometers, you will see another subway station. Turn right onto Castro St, which is a one-way street.",
          "Drive for 3 blocks and turn left just after you pass a park.",
          "Your destination will be on the left opposite a bar."
        ],
        "DrivingInstructions": [
          "Turn right on El Camino Real",
          "After 5 kilometers, turn right on Castro St.",
          "Drive for 3 blocks and turn left",
          "Your destination will be on the left."
        ],
        "TravelMode": "Driving",
        "TripLengthMinutes": 51,
        "id": 737
      },
      "Text": "After 5 kilometers, turn right",
      "UnixTime": 1590275834
    },
    {
      "Action": "pick_suggestion",
      "ActionLabel": "trip_inform_simple_step_ask_proceed",
      "ActionLabelOptions": [
        "trip_inform_simple_step_ask_proceed",
        "trip_ask_arrival_location",
        "trip_ask_travel_mode"
      ],
      "Agent": "Wizard",
      "PrimaryItem": {
        "APIName": "trip_directions",
        "DetailedDrivingInstructions": [
          "Turn right at the subway station onto El Camino Real.",
          "After 5 kilometers, you will see another subway station. Turn right onto Castro St, which is a one-way street.",
          "Drive for 3 blocks and turn left just after you pass a park.",
          "Your destination will be on the left opposite a bar."
        ],
        "DrivingInstructions": [
          "Turn right on El Camino Real",
          "After 5 kilometers, turn right on Castro St.",
          "Drive for 3 blocks and turn left",
          "Your destination will be on the left."
        ],
        "TravelMode": "Driving",
        "TripLengthMinutes": 51,
        "id": 737
      },
      "Text": "After 5 kilometers, turn right on Castro St. Can I proceed or do you require more detailed instructions?",
      "UnixTime": 1590275836
    },
    {
      "Action": "utter",
      "Agent": "User",
      "Text": "proceed",
      "UnixTime": 1590275841
    },
    {
      "Action": "request_suggestions",
      "Agent": "Wizard",
      "PrimaryItem": {
        "APIName": "trip_directions",
        "DetailedDrivingInstructions": [
          "Turn right at the subway station onto El Camino Real.",
          "After 5 kilometers, you will see another subway station. Turn right onto Castro St, which is a one-way street.",
          "Drive for 3 blocks and turn left just after you pass a park.",
          "Your destination will be on the left opposite a bar."
        ],
        "DrivingInstructions": [
          "Turn right on El Camino Real",
          "After 5 kilometers, turn right on Castro St.",
          "Drive for 3 blocks and turn left",
          "Your destination will be on the left."
        ],
        "TravelMode": "Driving",
        "TripLengthMinutes": 51,
        "id": 737
      },
      "Text": "Drive for 3 blocks and turn",
      "UnixTime": 1590275855
    },
    {
      "Action": "pick_suggestion",
      "ActionLabel": "trip_inform_simple_step_ask_proceed",
      "ActionLabelOptions": [
        "trip_inform_simple_step_ask_proceed",
        "trip_ask_travel_mode",
        "trip_ask_arrival_location"
      ],
      "Agent": "Wizard",
      "PrimaryItem": {
        "APIName": "trip_directions",
        "DetailedDrivingInstructions": [
          "Turn right at the subway station onto El Camino Real.",
          "After 5 kilometers, you will see another subway station. Turn right onto Castro St, which is a one-way street.",
          "Drive for 3 blocks and turn left just after you pass a park.",
          "Your destination will be on the left opposite a bar."
        ],
        "DrivingInstructions": [
          "Turn right on El Camino Real",
          "After 5 kilometers, turn right on Castro St.",
          "Drive for 3 blocks and turn left",
          "Your destination will be on the left."
        ],
        "TravelMode": "Driving",
        "TripLengthMinutes": 51,
        "id": 737
      },
      "Text": "Drive for 3 blocks and turn left. Can I proceed or do you require more detailed instructions?",
      "UnixTime": 1590275857
    },
    {
      "Action": "utter",
      "Agent": "User",
      "Text": "more details",
      "UnixTime": 1590275862
    },
    {
      "Action": "request_suggestions",
      "Agent": "Wizard",
      "PrimaryItem": {
        "APIName": "trip_directions",
        "DetailedDrivingInstructions": [
          "Turn right at the subway station onto El Camino Real.",
          "After 5 kilometers, you will see another subway station. Turn right onto Castro St, which is a one-way street.",
          "Drive for 3 blocks and turn left just after you pass a park.",
          "Your destination will be on the left opposite a bar."
        ],
        "DrivingInstructions": [
          "Turn right on El Camino Real",
          "After 5 kilometers, turn right on Castro St.",
          "Drive for 3 blocks and turn left",
          "Your destination will be on the left."
        ],
        "TravelMode": "Driving",
        "TripLengthMinutes": 51,
        "id": 737
      },
      "Text": "Drive for 3 blocks and turn left just after you p",
      "UnixTime": 1590275892
    },
    {
      "Action": "pick_suggestion",
      "ActionLabel": "trip_inform_simple_step_ask_proceed",
      "ActionLabelOptions": [
        "trip_inform_simple_step_ask_proceed",
        "trip_ask_travel_mode",
        "trip_ask_arrival_location"
      ],
      "Agent": "Wizard",
      "PrimaryItem": {
        "APIName": "trip_directions",
        "DetailedDrivingInstructions": [
          "Turn right at the subway station onto El Camino Real.",
          "After 5 kilometers, you will see another subway station. Turn right onto Castro St, which is a one-way street.",
          "Drive for 3 blocks and turn left just after you pass a park.",
          "Your destination will be on the left opposite a bar."
        ],
        "DrivingInstructions": [
          "Turn right on El Camino Real",
          "After 5 kilometers, turn right on Castro St.",
          "Drive for 3 blocks and turn left",
          "Your destination will be on the left."
        ],
        "TravelMode": "Driving",
        "TripLengthMinutes": 51,
        "id": 737
      },
      "Text": "Drive for 3 blocks and turn left just after you pass a park. Can I proceed or do you require more detailed instructions?",
      "UnixTime": 1590275895
    },
    {
      "Action": "utter",
      "Agent": "User",
      "Text": "proceed",
      "UnixTime": 1590275904
    },
    {
      "Action": "request_suggestions",
      "Agent": "Wizard",
      "PrimaryItem": {
        "APIName": "trip_directions",
        "DetailedDrivingInstructions": [
          "Turn right at the subway station onto El Camino Real.",
          "After 5 kilometers, you will see another subway station. Turn right onto Castro St, which is a one-way street.",
          "Drive for 3 blocks and turn left just after you pass a park.",
          "Your destination will be on the left opposite a bar."
        ],
        "DrivingInstructions": [
          "Turn right on El Camino Real",
          "After 5 kilometers, turn right on Castro St.",
          "Drive for 3 blocks and turn left",
          "Your destination will be on the left."
        ],
        "TravelMode": "Driving",
        "TripLengthMinutes": 51,
        "id": 737
      },
      "Text": "Your destination",
      "UnixTime": 1590275914
    },
    {
      "Action": "utter",
      "Agent": "Wizard",
      "PrimaryItem": {
        "APIName": "trip_directions",
        "DetailedDrivingInstructions": [
          "Turn right at the subway station onto El Camino Real.",
          "After 5 kilometers, you will see another subway station. Turn right onto Castro St, which is a one-way street.",
          "Drive for 3 blocks and turn left just after you pass a park.",
          "Your destination will be on the left opposite a bar."
        ],
        "DrivingInstructions": [
          "Turn right on El Camino Real",
          "After 5 kilometers, turn right on Castro St.",
          "Drive for 3 blocks and turn left",
          "Your destination will be on the left."
        ],
        "TravelMode": "Driving",
        "TripLengthMinutes": 51,
        "id": 737
      },
      "Text": "Your destination will be on your left.",
      "UnixTime": 1590275922
    },
    {
      "Action": "utter",
      "Agent": "User",
      "Text": "thank you ",
      "UnixTime": 1590275932
    },
    {
      "Action": "request_suggestions",
      "Agent": "Wizard",
      "PrimaryItem": {
        "APIName": "trip_directions",
        "DetailedDrivingInstructions": [
          "Turn right at the subway station onto El Camino Real.",
          "After 5 kilometers, you will see another subway station. Turn right onto Castro St, which is a one-way street.",
          "Drive for 3 blocks and turn left just after you pass a park.",
          "Your destination will be on the left opposite a bar."
        ],
        "DrivingInstructions": [
          "Turn right on El Camino Real",
          "After 5 kilometers, turn right on Castro St.",
          "Drive for 3 blocks and turn left",
          "Your destination will be on the left."
        ],
        "TravelMode": "Driving",
        "TripLengthMinutes": 51,
        "id": 737
      },
      "Text": "anything else",
      "UnixTime": 1590275941
    },
    {
      "Action": "pick_suggestion",
      "ActionLabel": "anything_else",
      "ActionLabelOptions": [
        "anything_else",
        "goodbye_1",
        "ask_departure_location"
      ],
      "Agent": "Wizard",
      "PrimaryItem": {
        "APIName": "trip_directions",
        "DetailedDrivingInstructions": [
          "Turn right at the subway station onto El Camino Real.",
          "After 5 kilometers, you will see another subway station. Turn right onto Castro St, which is a one-way street.",
          "Drive for 3 blocks and turn left just after you pass a park.",
          "Your destination will be on the left opposite a bar."
        ],
        "DrivingInstructions": [
          "Turn right on El Camino Real",
          "After 5 kilometers, turn right on Castro St.",
          "Drive for 3 blocks and turn left",
          "Your destination will be on the left."
        ],
        "TravelMode": "Driving",
        "TripLengthMinutes": 51,
        "id": 737
      },
      "Text": "Is there anything else that I can do for you?",
      "UnixTime": 1590275943
    },
    {
      "Action": "utter",
      "Agent": "User",
      "Text": "trivia",
      "UnixTime": 1590275946
    },
    {
      "Action": "select_task",
      "Agent": "Wizard",
      "PrimaryItem": {
        "APIName": "trip_directions",
        "DetailedDrivingInstructions": [
          "Turn right at the subway station onto El Camino Real.",
          "After 5 kilometers, you will see another subway station. Turn right onto Castro St, which is a one-way street.",
          "Drive for 3 blocks and turn left just after you pass a park.",
          "Your destination will be on the left opposite a bar."
        ],
        "DrivingInstructions": [
          "Turn right on El Camino Real",
          "After 5 kilometers, turn right on Castro St.",
          "Drive for 3 blocks and turn left",
          "Your destination will be on the left."
        ],
        "TravelMode": "Driving",
        "TripLengthMinutes": 51,
        "id": 737
      },
      "Task": "trivia",
      "UnixTime": 1590275949
    },
    {
      "APIName": "trivia",
      "Action": "query",
      "Agent": "Wizard",
      "Constraints": [
        {
          "QuestionNum": "3"
        }
      ],
      "PrimaryItem": {
        "APIName": "trip_directions",
        "DetailedDrivingInstructions": [
          "Turn right at the subway station onto El Camino Real.",
          "After 5 kilometers, you will see another subway station. Turn right onto Castro St, which is a one-way street.",
          "Drive for 3 blocks and turn left just after you pass a park.",
          "Your destination will be on the left opposite a bar."
        ],
        "DrivingInstructions": [
          "Turn right on El Camino Real",
          "After 5 kilometers, turn right on Castro St.",
          "Drive for 3 blocks and turn left",
          "Your destination will be on the left."
        ],
        "TravelMode": "Driving",
        "TripLengthMinutes": 51,
        "id": 737
      },
      "UnixTime": 1590275952
    },
    {
      "APIName": "trivia",
      "Action": "return_item",
      "Agent": "KnowledgeBase",
      "Item": {
        "APIName": "trivia",
        "Answer": "snail",
        "Question": "A ____ takes 33 hours to crawl one mile"
      },
      "TotalItems": -1
    },
    {
      "Action": "request_suggestions",
      "Agent": "Wizard",
      "PrimaryItem": {
        "APIName": "trivia",
        "Answer": "snail",
        "Question": "A ____ takes 33 hours to crawl one mile"
      },
      "Text": "a",
      "UnixTime": 1590275954
    },
    {
      "Action": "pick_suggestion",
      "ActionLabel": "trivia_ask_question",
      "ActionLabelOptions": [
        "trivia_ask_question",
        "trivia_inform_answer_2_ask_next",
        "trivia_bye"
      ],
      "Agent": "Wizard",
      "PrimaryItem": {
        "APIName": "trivia",
        "Answer": "snail",
        "Question": "A ____ takes 33 hours to crawl one mile"
      },
      "Text": "A ____ takes 33 hours to crawl one mile",
      "UnixTime": 1590275956
    },
    {
      "Action": "utter",
      "Agent": "User",
      "Text": "snail",
      "UnixTime": 1590275962
    },
    {
      "Action": "request_suggestions",
      "Agent": "Wizard",
      "PrimaryItem": {
        "APIName": "trivia",
        "Answer": "snail",
        "Question": "A ____ takes 33 hours to crawl one mile"
      },
      "Text": "correct",
      "UnixTime": 1590275988
    },
    {
      "Action": "pick_suggestion",
      "ActionLabel": "trivia_inform_answer_correct_ask_next",
      "ActionLabelOptions": [
        "trivia_inform_answer_correct_ask_next",
        "out_of_scope",
        "trivia_inform_answer_incorrect_ask_next"
      ],
      "Agent": "Wizard",
      "PrimaryItem": {
        "APIName": "trivia",
        "Answer": "snail",
        "Question": "A ____ takes 33 hours to crawl one mile"
      },
      "Text": "Your answer was correct! Great job! Would you like to continue playing?",
      "UnixTime": 1590275990
    },
    {
      "Action": "utter",
      "Agent": "User",
      "Text": "No thanks",
      "UnixTime": 1590275996
    },
    {
      "Action": "request_suggestions",
      "Agent": "Wizard",
      "PrimaryItem": {
        "APIName": "trivia",
        "Answer": "snail",
        "Question": "A ____ takes 33 hours to crawl one mile"
      },
      "Text": "thank you",
      "UnixTime": 1590276000
    },
    {
      "Action": "pick_suggestion",
      "ActionLabel": "trivia_bye",
      "ActionLabelOptions": [
        "trivia_bye",
        "out_of_scope",
        "anything_else"
      ],
      "Agent": "Wizard",
      "PrimaryItem": {
        "APIName": "trivia",
        "Answer": "snail",
        "Question": "A ____ takes 33 hours to crawl one mile"
      },
      "Text": "Nice playing with you, bye!",
      "UnixTime": 1590276001
    },
    {
      "Action": "complete",
      "Agent": "User",
      "UnixTime": 1590276009
    }
  ],
  "FORMAT-VERSION": 7,
  "IntroducesConflicts": false,
  "Scenario": {
    "Domains": [
      "trip",
      "trivia"
    ],
    "Happy": false,
    "MultiTask": true,
    "UserTask": "You want directions from 'Broadway and Main' to 'Airport', leaving now (9 pm). As the assistant gives you the directions, alternate randomly between (i) asking for the next instruction, (ii) asking for more details, and (iii) asking for the next trivia question (start at question 2)\n\n The AI Assistant can handle:\n- Giving trip directions\n- Playing trivia",
    "WizardCapabilities": [
      {
        "Domain": "trip",
        "SchemaImage": "trip_directions.jpg",
        "Task": "trip_directions"
      },
      {
        "Domain": "trivia",
        "SchemaImage": "trivia.jpg",
        "Task": "trivia"
      }
    ],
    "WizardTask": "Follow the flow charts and help the user. Assume:\n\n- Today is Saturday the 13th, 9 pm"
  },
  "UserQuestionnaire": [
    {
      "Answer": true,
      "Question": "Did the assistant stay calm and helpful throughout the dialogue?"
    }
  ],
  "WizardQuestionnaire": [
    {
      "Answer": false,
      "Question": "Did the user change his/her mind about what he/she wants at any time?"
    },
    {
      "Answer": false,
      "Question": "Did the user become aggressive or annoyed during the dialogue? (Note: some users may be instructed to be annoying.)"
    },
    {
      "Answer": false,
      "Question": "Where you unsure about what to do at any time? (Feel free to send us an email with details.)"
    }
  ]
}