{
  "AnonymizedUserWorkerID": "a0362f23-a428-0712-805e-13fe4ea1da38",
  "AnonymizedWizardWorkerID": "c1208bee-cdbb-9f1e-d0dc-1602f7771900",
  "BatchID": "woz_1590253362",
  "CompletionLevel": "Complete",
  "DialogueID": 5314,
  "Events": [
    {
      "Action": "instruct",
      "Agent": "UserGuide",
      "Text": "Use your imagination to generate a conversation about the topics 'finding a flight from New York City to Pittsburgh' and 'reserving a flight' (in any order), as shown on the left. You may also ask the assistant about the weather.  [instruction 1 of 6]",
      "UnixTime": 1590254764
    },
    {
      "Action": "utter",
      "Agent": "User",
      "Text": "Hello, can you help me find a flight from NYC to Pittsburgh?",
      "UnixTime": 1590254777
    },
    {
      "Action": "request_suggestions",
      "Agent": "Wizard",
      "Text": "date",
      "UnixTime": 1590254783
    },
    {
      "Action": "pick_suggestion",
      "ActionLabel": "plane_ask_date",
      "ActionLabelOptions": [
        "plane_ask_date",
        "plane_request_optional",
        "goodbye_2"
      ],
      "Agent": "Wizard",
      "Text": "On what day do you want the plane to arrive?",
      "UnixTime": 1590254786
    },
    {
      "Action": "utter",
      "Agent": "User",
      "Text": "18th",
      "UnixTime": 1590254791
    },
    {
      "APIName": "plane_search",
      "Action": "query",
      "Agent": "Wizard",
      "Constraints": [
        {
          "DepartureCity": "\"New York City\""
        },
        {
          "ArrivalCity": "\"Pittsburgh\""
        },
        {
          "Date": "\"18th\""
        }
      ],
      "UnixTime": 1590254804
    },
    {
      "APIName": "plane_search",
      "Action": "return_item",
      "Agent": "KnowledgeBase",
      "Item": {
        "APIName": "plane_search",
        "Airline": "Virgin",
        "ArrivalCity": "Pittsburgh",
        "ArrivalTime": "8 am",
        "Class": "First",
        "Date": "18th",
        "DepartureCity": "New York City",
        "DurationHours": 2,
        "Price": 270,
        "id": 705
      },
      "TotalItems": 1
    },
    {
      "Action": "request_suggestions",
      "Agent": "Wizard",
      "PrimaryItem": {
        "APIName": "plane_search",
        "Airline": "Virgin",
        "ArrivalCity": "Pittsburgh",
        "ArrivalTime": "8 am",
        "Class": "First",
        "Date": "18th",
        "DepartureCity": "New York City",
        "DurationHours": 2,
        "Price": 270,
        "id": 705
      },
      "Text": "705",
      "UnixTime": 1590254809
    },
    {
      "Action": "pick_suggestion",
      "ActionLabel": "plane_inform_flight_details",
      "ActionLabelOptions": [
        "plane_ask_arrival_city",
        "plane_inform_flight_details",
        "out_of_scope"
      ],
      "Agent": "Wizard",
      "PrimaryItem": {
        "APIName": "plane_search",
        "Airline": "Virgin",
        "ArrivalCity": "Pittsburgh",
        "ArrivalTime": "8 am",
        "Class": "First",
        "Date": "18th",
        "DepartureCity": "New York City",
        "DurationHours": 2,
        "Price": 270,
        "id": 705
      },
      "Text": "Right, I found a First flight with Virgin for 270 credits\n that takes 2 hours to get to Pittsburgh.",
      "UnixTime": 1590254812
    },
    {
      "Action": "utter",
      "Agent": "User",
      "Text": "Sweet, can you see if that flight is still available?",
      "UnixTime": 1590254822
    },
    {
      "Action": "instruct",
      "Agent": "UserGuide",
      "Text": "Please have some smalltalk with the AI Assistant at some point in this dialogue. [instruction 2 of 6]",
      "UnixTime": 1590254822
    },
    {
      "Action": "select_task",
      "Agent": "Wizard",
      "PrimaryItem": {
        "APIName": "plane_search",
        "Airline": "Virgin",
        "ArrivalCity": "Pittsburgh",
        "ArrivalTime": "8 am",
        "Class": "First",
        "Date": "18th",
        "DepartureCity": "New York City",
        "DurationHours": 2,
        "Price": 270,
        "id": 705
      },
      "Task": "plane_book",
      "UnixTime": 1590254823
    },
    {
      "Action": "request_suggestions",
      "Agent": "Wizard",
      "PrimaryItem": {
        "APIName": "plane_search",
        "Airline": "Virgin",
        "ArrivalCity": "Pittsburgh",
        "ArrivalTime": "8 am",
        "Class": "First",
        "Date": "18th",
        "DepartureCity": "New York City",
        "DurationHours": 2,
        "Price": 270,
        "id": 705
      },
      "Text": "name",
      "UnixTime": 1590254844
    },
    {
      "Action": "pick_suggestion",
      "ActionLabel": "ask_name",
      "ActionLabelOptions": [
        "ask_name",
        "goodbye_2",
        "out_of_scope",
        "plane_request_optional",
        "plane_inform_nothing_found",
        "plane_flight_available"
      ],
      "Agent": "Wizard",
      "PrimaryItem": {
        "APIName": "plane_search",
        "Airline": "Virgin",
        "ArrivalCity": "Pittsburgh",
        "ArrivalTime": "8 am",
        "Class": "First",
        "Date": "18th",
        "DepartureCity": "New York City",
        "DurationHours": 2,
        "Price": 270,
        "id": 705
      },
      "Text": "May I have your name, please?",
      "UnixTime": 1590254846
    },
    {
      "Action": "utter",
      "Agent": "User",
      "Text": "John",
      "UnixTime": 1590254849
    },
    {
      "APIName": "plane_book",
      "Action": "query",
      "Agent": "Wizard",
      "Constraints": [
        {
          "id": "705"
        },
        {
          "CustomerName": "\"John\""
        },
        {
          "RequestType": "\"Check\""
        }
      ],
      "PrimaryItem": {
        "APIName": "plane_search",
        "Airline": "Virgin",
        "ArrivalCity": "Pittsburgh",
        "ArrivalTime": "8 am",
        "Class": "First",
        "Date": "18th",
        "DepartureCity": "New York City",
        "DurationHours": 2,
        "Price": 270,
        "id": 705
      },
      "UnixTime": 1590254858
    },
    {
      "APIName": "plane_book",
      "Action": "return_item",
      "Agent": "KnowledgeBase",
      "Item": {
        "APIName": "plane_book",
        "Message": "Available",
        "id": 705
      },
      "TotalItems": -1
    },
    {
      "Action": "request_suggestions",
      "Agent": "Wizard",
      "PrimaryItem": {
        "APIName": "plane_book",
        "Message": "Available",
        "id": 705
      },
      "Text": "available",
      "UnixTime": 1590254864
    },
    {
      "Action": "pick_suggestion",
      "ActionLabel": "plane_flight_available",
      "ActionLabelOptions": [
        "plane_flight_available",
        "anything_else",
        "ask_name"
      ],
      "Agent": "Wizard",
      "PrimaryItem": {
        "APIName": "plane_book",
        "Message": "Available",
        "id": 705
      },
      "Text": "The flight is available. Should I reserve it for you?",
      "UnixTime": 1590254866
    },
    {
      "Action": "utter",
      "Agent": "User",
      "Text": "Let's do it!",
      "UnixTime": 1590254871
    },
    {
      "Action": "instruct",
      "Agent": "UserGuide",
      "Text": "If you haven't yet, it's time to change topic. You can also go back and forth between topics. [instruction 3 of 6]",
      "UnixTime": 1590254871
    },
    {
      "APIName": "plane_book",
      "Action": "query",
      "Agent": "Wizard",
      "Constraints": [
        {
          "id": "705"
        },
        {
          "CustomerName": "\"John\""
        },
        {
          "RequestType": "\"Book\""
        }
      ],
      "PrimaryItem": {
        "APIName": "plane_book",
        "Message": "Available",
        "id": 705
      },
      "UnixTime": 1590254875
    },
    {
      "APIName": "plane_book",
      "Action": "return_item",
      "Agent": "KnowledgeBase",
      "Item": {
        "APIName": "plane_book",
        "ReservationStatus": "Reservation Confirmed",
        "id": 705
      },
      "TotalItems": -1
    },
    {
      "Action": "request_suggestions",
      "Agent": "Wizard",
      "PrimaryItem": {
        "APIName": "plane_book",
        "ReservationStatus": "Reservation Confirmed",
        "id": 705
      },
      "Text": "confirmed",
      "UnixTime": 1590254880
    },
    {
      "Action": "request_suggestions",
      "Agent": "Wizard",
      "PrimaryItem": {
        "APIName": "plane_book",
        "ReservationStatus": "Reservation Confirmed",
        "id": 705
      },
      "Text": "reservation",
      "UnixTime": 1590254891
    },
    {
      "Action": "request_suggestions",
      "Agent": "Wizard",
      "PrimaryItem": {
        "APIName": "plane_book",
        "ReservationStatus": "Reservation Confirmed",
        "id": 705
      },
      "Text": "a",
      "UnixTime": 1590254899
    },
    {
      "Action": "utter",
      "Agent": "Wizard",
      "PrimaryItem": {
        "APIName": "plane_book",
        "ReservationStatus": "Reservation Confirmed",
        "id": 705
      },
      "Text": "Reservation Confirmed.",
      "UnixTime": 1590254907
    },
    {
      "Action": "utter",
      "Agent": "User",
      "Text": "Awesome! Have you ever been to Pittsburgh?",
      "UnixTime": 1590254918
    },
    {
      "Action": "instruct",
      "Agent": "UserGuide",
      "Text": "If it makes sense, use some negations ('I don't want X', or 'anything but Y', etc.) [instruction 4 of 6]",
      "UnixTime": 1590254918
    },
    {
      "Action": "request_suggestions",
      "Agent": "Wizard",
      "PrimaryItem": {
        "APIName": "plane_book",
        "ReservationStatus": "Reservation Confirmed",
        "id": 705
      },
      "Text": "pittsburg",
      "UnixTime": 1590254940
    },
    {
      "Action": "request_suggestions",
      "Agent": "Wizard",
      "PrimaryItem": {
        "APIName": "plane_book",
        "ReservationStatus": "Reservation Confirmed",
        "id": 705
      },
      "Text": "understand",
      "UnixTime": 1590254948
    },
    {
      "Action": "pick_suggestion",
      "ActionLabel": "out_of_scope",
      "ActionLabelOptions": [
        "out_of_scope",
        "goodbye_2",
        "anything_else"
      ],
      "Agent": "Wizard",
      "PrimaryItem": {
        "APIName": "plane_book",
        "ReservationStatus": "Reservation Confirmed",
        "id": 705
      },
      "Text": "I am sorry, I don't quite understand what you mean. I am only able to help you reserve a flight.",
      "UnixTime": 1590254950
    },
    {
      "Action": "utter",
      "Agent": "User",
      "Text": "Oh okay. Could you check the weather in Pittsburgh for me so I know what to pack?",
      "UnixTime": 1590254969
    },
    {
      "Action": "instruct",
      "Agent": "UserGuide",
      "Text": "Keep going until you've covered all the topics ('finding a flight' and 'booking a flight'). The conversation should continue at least until the last instruction is given. [instruction 5 of 6]",
      "UnixTime": 1590254969
    },
    {
      "Action": "select_task",
      "Agent": "Wizard",
      "PrimaryItem": {
        "APIName": "plane_book",
        "ReservationStatus": "Reservation Confirmed",
        "id": 705
      },
      "Task": "weather",
      "UnixTime": 1590254975
    },
    {
      "Action": "request_suggestions",
      "Agent": "Wizard",
      "PrimaryItem": {
        "APIName": "plane_book",
        "ReservationStatus": "Reservation Confirmed",
        "id": 705
      },
      "Text": "day",
      "UnixTime": 1590254981
    },
    {
      "Action": "pick_suggestion",
      "ActionLabel": "weather_ask_day",
      "ActionLabelOptions": [
        "weather_ask_day",
        "hello",
        "plane_inform_nothing_found",
        "ask_name",
        "goodbye_1",
        "hello"
      ],
      "Agent": "Wizard",
      "PrimaryItem": {
        "APIName": "plane_book",
        "ReservationStatus": "Reservation Confirmed",
        "id": 705
      },
      "Text": "For what day would you like the weather forecast?",
      "UnixTime": 1590254984
    },
    {
      "Action": "utter",
      "Agent": "User",
      "Text": "Sunday",
      "UnixTime": 1590254987
    },
    {
      "APIName": "weather",
      "Action": "query",
      "Agent": "Wizard",
      "Constraints": [
        {
          "Day": "api.is_equal_to(\"Sunday\")"
        },
        {
          "City": "\"Pittsburgh\""
        }
      ],
      "PrimaryItem": {
        "APIName": "plane_book",
        "ReservationStatus": "Reservation Confirmed",
        "id": 705
      },
      "UnixTime": 1590254993
    },
    {
      "APIName": "weather",
      "Action": "return_item",
      "Agent": "KnowledgeBase",
      "Item": {
        "APIName": "weather",
        "City": "Pittsburgh",
        "Day": "Sunday",
        "TemperatureCelsius": -2,
        "Weather": "Sunny",
        "id": 972
      },
      "TotalItems": -1
    },
    {
      "Action": "request_suggestions",
      "Agent": "Wizard",
      "PrimaryItem": {
        "APIName": "weather",
        "City": "Pittsburgh",
        "Day": "Sunday",
        "TemperatureCelsius": -2,
        "Weather": "Sunny",
        "id": 972
      },
      "Text": "972",
      "UnixTime": 1590254997
    },
    {
      "Action": "pick_suggestion",
      "ActionLabel": "weather_inform_forecast",
      "ActionLabelOptions": [
        "hello",
        "weather_inform_forecast",
        "weather_ask_location"
      ],
      "Agent": "Wizard",
      "PrimaryItem": {
        "APIName": "weather",
        "City": "Pittsburgh",
        "Day": "Sunday",
        "TemperatureCelsius": -2,
        "Weather": "Sunny",
        "id": 972
      },
      "Text": "It will be Sunny all day on Sunday in Pittsburgh, with temperatures of around -2 degrees celsius.",
      "UnixTime": 1590254999
    },
    {
      "Action": "utter",
      "Agent": "User",
      "Text": "Brr that's cold, what about on Monday?",
      "UnixTime": 1590255007
    },
    {
      "Action": "instruct",
      "Agent": "UserGuide",
      "Text": "Ok, once you've touched on all the topics ('finding a flight' and 'booking a flight') and engaged in some smalltalk, you can bring the conversation to a natural close. [instruction 6 of 6]",
      "UnixTime": 1590255007
    },
    {
      "APIName": "weather",
      "Action": "query",
      "Agent": "Wizard",
      "Constraints": [
        {
          "Day": "\"Monday\""
        },
        {
          "City": "\"Pittsburgh\""
        }
      ],
      "PrimaryItem": {
        "APIName": "weather",
        "City": "Pittsburgh",
        "Day": "Sunday",
        "TemperatureCelsius": -2,
        "Weather": "Sunny",
        "id": 972
      },
      "UnixTime": 1590255013
    },
    {
      "APIName": "weather",
      "Action": "return_item",
      "Agent": "KnowledgeBase",
      "Item": {
        "APIName": "weather",
        "City": "Pittsburgh",
        "Day": "Monday",
        "TemperatureCelsius": 0,
        "Weather": "Partly Cloudy",
        "id": 584
      },
      "TotalItems": -1
    },
    {
      "Action": "request_suggestions",
      "Agent": "Wizard",
      "PrimaryItem": {
        "APIName": "weather",
        "City": "Pittsburgh",
        "Day": "Monday",
        "TemperatureCelsius": 0,
        "Weather": "Partly Cloudy",
        "id": 584
      },
      "Text": "584",
      "UnixTime": 1590255017
    },
    {
      "Action": "pick_suggestion",
      "ActionLabel": "weather_inform_forecast",
      "ActionLabelOptions": [
        "hello",
        "weather_inform_forecast",
        "out_of_scope"
      ],
      "Agent": "Wizard",
      "PrimaryItem": {
        "APIName": "weather",
        "City": "Pittsburgh",
        "Day": "Monday",
        "TemperatureCelsius": 0,
        "Weather": "Partly Cloudy",
        "id": 584
      },
      "Text": "It will be Partly Cloudy all day on Monday in Pittsburgh, with temperatures of around 0 degrees celsius.",
      "UnixTime": 1590255020
    },
    {
      "Action": "utter",
      "Agent": "User",
      "Text": "Guess I'll pack a sweater. Thanks for the help, cya later!",
      "UnixTime": 1590255032
    },
    {
      "Action": "request_suggestions",
      "Agent": "Wizard",
      "PrimaryItem": {
        "APIName": "weather",
        "City": "Pittsburgh",
        "Day": "Monday",
        "TemperatureCelsius": 0,
        "Weather": "Partly Cloudy",
        "id": 584
      },
      "Text": "goodbye",
      "UnixTime": 1590255038
    },
    {
      "Action": "pick_suggestion",
      "ActionLabel": "goodbye_1",
      "ActionLabelOptions": [
        "goodbye_1",
        "weather_inform_forecast",
        "weather_ask_day"
      ],
      "Agent": "Wizard",
      "PrimaryItem": {
        "APIName": "weather",
        "City": "Pittsburgh",
        "Day": "Monday",
        "TemperatureCelsius": 0,
        "Weather": "Partly Cloudy",
        "id": 584
      },
      "Text": "Thank you and goodbye.",
      "UnixTime": 1590255040
    },
    {
      "Action": "complete",
      "Agent": "User",
      "UnixTime": 1590255043
    }
  ],
  "FORMAT-VERSION": 7,
  "IntroducesConflicts": false,
  "Scenario": {
    "Domains": [
      "plane",
      "weather"
    ],
    "Happy": false,
    "MultiTask": true,
    "UserTask": "Come up with your own scenario!\n\nAbout you:\n- Your name: John\n\n The AI Assistant can handle:\n- Search for a flight (e.g. from New York City to Pittsburgh)\n- Book a flight (e.g. with id 963)\n- Checking the weather forecast in different Cities (e.g. Los Angeles or Pittsburgh)",
    "WizardCapabilities": [
      {
        "Domain": "plane",
        "SchemaImage": "plane_search.jpg",
        "Task": "plane_search"
      },
      {
        "Domain": "plane",
        "SchemaImage": "plane_book.jpg",
        "Task": "plane_book"
      },
      {
        "Domain": "weather",
        "SchemaImage": "weather.jpg",
        "Task": "weather"
      }
    ],
    "WizardTask": "Follow the flow charts and help the user."
  },
  "UserQuestionnaire": [
    {
      "Answer": true,
      "Question": "Did the assistant stay calm and helpful throughout the dialogue?"
    }
  ],
  "WizardQuestionnaire": [
    {
      "Answer": false,
      "Question": "Did the user change his/her mind about what he/she wants at any time?"
    },
    {
      "Answer": false,
      "Question": "Did the user become aggressive or annoyed during the dialogue? (Note: some users may be instructed to be annoying.)"
    },
    {
      "Answer": false,
      "Question": "Where you unsure about what to do at any time? (Feel free to send us an email with details.)"
    }
  ]
}