{
  "AnonymizedUserWorkerID": "91b16ed4-3c20-2cd4-e99c-ff1316c27cf2",
  "AnonymizedWizardWorkerID": "239936e4-190b-4d6e-8038-57290b8802d4",
  "BatchID": "woz_1590253362",
  "CompletionLevel": "Complete",
  "DialogueID": 5326,
  "Events": [
    {
      "Action": "instruct",
      "Agent": "UserGuide",
      "Text": "Use your imagination to generate a conversation about the topics 'finding a hotel' and 'reserving a room at a hotel' (in any order), as shown on the left. You may also ask the assistant about the weather.  [instruction 1 of 6]",
      "UnixTime": 1590299356
    },
    {
      "Action": "utter",
      "Agent": "User",
      "Text": "I need help finding a hotel!  Can you help me?",
      "UnixTime": 1590299365
    },
    {
      "Action": "request_suggestions",
      "Agent": "Wizard",
      "Text": "name",
      "UnixTime": 1590299384
    },
    {
      "Action": "pick_suggestion",
      "ActionLabel": "hotel_inform_search_criteria",
      "ActionLabelOptions": [
        "hotel_inform_search_criteria",
        "hotel_ask_name",
        "anything_else"
      ],
      "Agent": "Wizard",
      "Text": "I can narrow the search down by name of the hotel, its location, price or rating.",
      "UnixTime": 1590299388
    },
    {
      "Action": "utter",
      "Agent": "User",
      "Text": "I really want a Hilton since I am a member of their rewards program.  East of town would be best too!",
      "UnixTime": 1590299413
    },
    {
      "APIName": "hotel_search",
      "Action": "query",
      "Agent": "Wizard",
      "Constraints": [
        {
          "Name": "\"Hilton Hotel\""
        },
        {
          "Location": "\"East\""
        }
      ],
      "UnixTime": 1590299426
    },
    {
      "APIName": "hotel_search",
      "Action": "return_item",
      "Agent": "KnowledgeBase",
      "Item": {
        "APIName": "hotel_search",
        "AverageRating": 1,
        "Cost": "Moderate",
        "Location": "East",
        "Name": "Hilton Hotel",
        "Service": false,
        "TakesReservations": false,
        "id": 93
      },
      "TotalItems": 40
    },
    {
      "Action": "request_suggestions",
      "Agent": "Wizard",
      "PrimaryItem": {
        "APIName": "hotel_search",
        "AverageRating": 1,
        "Cost": "Moderate",
        "Location": "East",
        "Name": "Hilton Hotel",
        "Service": false,
        "TakesReservations": false,
        "id": 93
      },
      "Text": "I have located hilton",
      "UnixTime": 1590299433
    },
    {
      "Action": "pick_suggestion",
      "ActionLabel": "hotel_provide_search_result",
      "ActionLabelOptions": [
        "hotel_provide_search_result",
        "hello",
        "hotel_inform_location"
      ],
      "Agent": "Wizard",
      "PrimaryItem": {
        "APIName": "hotel_search",
        "AverageRating": 1,
        "Cost": "Moderate",
        "Location": "East",
        "Name": "Hilton Hotel",
        "Service": false,
        "TakesReservations": false,
        "id": 93
      },
      "Text": "OK, I have found the 'Hilton Hotel', located East. It is in the Moderate price category and has an average rating of 1.",
      "UnixTime": 1590299434
    },
    {
      "Action": "utter",
      "Agent": "User",
      "Text": "Oh nice!  I don't believe an average rating of 1 though!  That place is classy they have the best cookies!  Let's book it!",
      "UnixTime": 1590299469
    },
    {
      "Action": "instruct",
      "Agent": "UserGuide",
      "Text": "Please have some smalltalk with the AI Assistant at some point in this dialogue. [instruction 2 of 6]",
      "UnixTime": 1590299469
    },
    {
      "Action": "select_task",
      "Agent": "Wizard",
      "PrimaryItem": {
        "APIName": "hotel_search",
        "AverageRating": 1,
        "Cost": "Moderate",
        "Location": "East",
        "Name": "Hilton Hotel",
        "Service": false,
        "TakesReservations": false,
        "id": 93
      },
      "Task": "hotel_book",
      "UnixTime": 1590299494
    },
    {
      "Action": "request_suggestions",
      "Agent": "Wizard",
      "PrimaryItem": {
        "APIName": "hotel_search",
        "AverageRating": 1,
        "Cost": "Moderate",
        "Location": "East",
        "Name": "Hilton Hotel",
        "Service": false,
        "TakesReservations": false,
        "id": 93
      },
      "Text": "start day",
      "UnixTime": 1590299503
    },
    {
      "Action": "pick_suggestion",
      "ActionLabel": "hotel_ask_date_from",
      "ActionLabelOptions": [
        "hotel_ask_date_from",
        "hotel_inform_location",
        "hotel_ask_rating",
        "hello",
        "goodbye_1",
        "hotel_reservation_failed"
      ],
      "Agent": "Wizard",
      "PrimaryItem": {
        "APIName": "hotel_search",
        "AverageRating": 1,
        "Cost": "Moderate",
        "Location": "East",
        "Name": "Hilton Hotel",
        "Service": false,
        "TakesReservations": false,
        "id": 93
      },
      "Text": "When are you arriving?",
      "UnixTime": 1590299505
    },
    {
      "Action": "utter",
      "Agent": "User",
      "Text": "On the 2nd I think.  I am not sure but I guess I can change reservations if I need to.",
      "UnixTime": 1590299535
    },
    {
      "Action": "request_suggestions",
      "Agent": "Wizard",
      "PrimaryItem": {
        "APIName": "hotel_search",
        "AverageRating": 1,
        "Cost": "Moderate",
        "Location": "East",
        "Name": "Hilton Hotel",
        "Service": false,
        "TakesReservations": false,
        "id": 93
      },
      "Text": "end day",
      "UnixTime": 1590299579
    },
    {
      "Action": "pick_suggestion",
      "ActionLabel": "hotel_ask_date_to",
      "ActionLabelOptions": [
        "hotel_ask_date_from",
        "hotel_inform_location",
        "hotel_ask_rating",
        "hotel_ask_date_to",
        "hotel_reservation_succeeded",
        "goodbye_1"
      ],
      "Agent": "Wizard",
      "PrimaryItem": {
        "APIName": "hotel_search",
        "AverageRating": 1,
        "Cost": "Moderate",
        "Location": "East",
        "Name": "Hilton Hotel",
        "Service": false,
        "TakesReservations": false,
        "id": 93
      },
      "Text": "When will you be leaving again?",
      "UnixTime": 1590299588
    },
    {
      "Action": "utter",
      "Agent": "User",
      "Text": "On the 8th.  ",
      "UnixTime": 1590299605
    },
    {
      "Action": "instruct",
      "Agent": "UserGuide",
      "Text": "If you haven't yet, it's time to change topic. You can also go back and forth between topics. [instruction 3 of 6]",
      "UnixTime": 1590299605
    },
    {
      "Action": "request_suggestions",
      "Agent": "Wizard",
      "PrimaryItem": {
        "APIName": "hotel_search",
        "AverageRating": 1,
        "Cost": "Moderate",
        "Location": "East",
        "Name": "Hilton Hotel",
        "Service": false,
        "TakesReservations": false,
        "id": 93
      },
      "Text": "your name",
      "UnixTime": 1590299616
    },
    {
      "Action": "pick_suggestion",
      "ActionLabel": "ask_name",
      "ActionLabelOptions": [
        "ask_name",
        "goodbye_1",
        "hotel_inform_rating",
        "hotel_inform_nothing_found",
        "anything_else",
        "hotel_ask_date_from"
      ],
      "Agent": "Wizard",
      "PrimaryItem": {
        "APIName": "hotel_search",
        "AverageRating": 1,
        "Cost": "Moderate",
        "Location": "East",
        "Name": "Hilton Hotel",
        "Service": false,
        "TakesReservations": false,
        "id": 93
      },
      "Text": "May I have your name, please?",
      "UnixTime": 1590299618
    },
    {
      "Action": "utter",
      "Agent": "User",
      "Text": "Yes I am Jane Doe.  Pretty common name huh?",
      "UnixTime": 1590299632
    },
    {
      "Action": "instruct",
      "Agent": "UserGuide",
      "Text": "If it makes sense, use some negations ('I don't want X', or 'anything but Y', etc.) [instruction 4 of 6]",
      "UnixTime": 1590299632
    },
    {
      "APIName": "hotel_book",
      "Action": "query",
      "Agent": "Wizard",
      "Constraints": [
        {
          "Name": "\"Hilton Hotel\""
        },
        {
          "StartDate": "\"2nd\""
        },
        {
          "EndDate": "\"8th\""
        },
        {
          "CustomerName": "\"Jane Doe\""
        },
        {
          "RequestType": "\"Check\""
        }
      ],
      "PrimaryItem": {
        "APIName": "hotel_search",
        "AverageRating": 1,
        "Cost": "Moderate",
        "Location": "East",
        "Name": "Hilton Hotel",
        "Service": false,
        "TakesReservations": false,
        "id": 93
      },
      "UnixTime": 1590299644
    },
    {
      "APIName": "hotel_book",
      "Action": "return_item",
      "Agent": "KnowledgeBase",
      "Item": {
        "APIName": "hotel_book",
        "HotelName": "Hilton Hotel",
        "Message": "Unavailable"
      },
      "TotalItems": -1
    },
    {
      "Action": "request_suggestions",
      "Agent": "Wizard",
      "PrimaryItem": {
        "APIName": "hotel_book",
        "HotelName": "Hilton Hotel",
        "Message": "Unavailable"
      },
      "Text": "unavailable",
      "UnixTime": 1590299648
    },
    {
      "Action": "pick_suggestion",
      "ActionLabel": "hotel_unavailable",
      "ActionLabelOptions": [
        "hotel_unavailable",
        "hotel_ask_hotel",
        "goodbye_1"
      ],
      "Agent": "Wizard",
      "PrimaryItem": {
        "APIName": "hotel_book",
        "HotelName": "Hilton Hotel",
        "Message": "Unavailable"
      },
      "Text": "I'm very sorry, but there is no room available at the Hilton Hotel for your requested dates.",
      "UnixTime": 1590299650
    },
    {
      "Action": "utter",
      "Agent": "User",
      "Text": "Ok well can we change the dates then?  ",
      "UnixTime": 1590299699
    },
    {
      "Action": "instruct",
      "Agent": "UserGuide",
      "Text": "Keep going until you've covered all the topics ('finding a hotel' and 'reserving a room at a hotel'). The conversation should continue at least until the last instruction is given. [instruction 5 of 6]",
      "UnixTime": 1590299699
    },
    {
      "Action": "request_suggestions",
      "Agent": "Wizard",
      "PrimaryItem": {
        "APIName": "hotel_book",
        "HotelName": "Hilton Hotel",
        "Message": "Unavailable"
      },
      "Text": "start and end dates?",
      "UnixTime": 1590299729
    },
    {
      "Action": "utter",
      "Agent": "Wizard",
      "PrimaryItem": {
        "APIName": "hotel_book",
        "HotelName": "Hilton Hotel",
        "Message": "Unavailable"
      },
      "Text": "start and end dates?",
      "UnixTime": 1590299733
    },
    {
      "Action": "utter",
      "Agent": "User",
      "Text": "Anything around those dates.  I can make it work.",
      "UnixTime": 1590299755
    },
    {
      "APIName": "hotel_book",
      "Action": "query",
      "Agent": "Wizard",
      "Constraints": [
        {
          "Name": "\"Hilton Hotel\""
        },
        {
          "StartDate": "\"9th\""
        },
        {
          "EndDate": "\"14th\""
        },
        {
          "CustomerName": "\"Jane Doe\""
        },
        {
          "RequestType": "\"Check\""
        }
      ],
      "PrimaryItem": {
        "APIName": "hotel_book",
        "HotelName": "Hilton Hotel",
        "Message": "Unavailable"
      },
      "UnixTime": 1590299842
    },
    {
      "APIName": "hotel_book",
      "Action": "return_item",
      "Agent": "KnowledgeBase",
      "Item": {
        "APIName": "hotel_book",
        "HotelName": "Hilton Hotel",
        "Message": "Unavailable"
      },
      "TotalItems": -1
    },
    {
      "APIName": "hotel_book",
      "Action": "query",
      "Agent": "Wizard",
      "Constraints": [
        {
          "Name": "\"Hilton Hotel\""
        },
        {
          "StartDate": "\"4th\""
        },
        {
          "EndDate": "\"10th\""
        },
        {
          "CustomerName": "\"Jane Doe\""
        },
        {
          "RequestType": "\"Check\""
        }
      ],
      "PrimaryItem": {
        "APIName": "hotel_book",
        "HotelName": "Hilton Hotel",
        "Message": "Unavailable"
      },
      "UnixTime": 1590299849
    },
    {
      "APIName": "hotel_book",
      "Action": "return_item",
      "Agent": "KnowledgeBase",
      "Item": {
        "APIName": "hotel_book",
        "HotelName": "Hilton Hotel",
        "Message": "Available"
      },
      "TotalItems": -1
    },
    {
      "Action": "request_suggestions",
      "Agent": "Wizard",
      "PrimaryItem": {
        "APIName": "hotel_book",
        "HotelName": "Hilton Hotel",
        "Message": "Available"
      },
      "Text": "available",
      "UnixTime": 1590299855
    },
    {
      "Action": "pick_suggestion",
      "ActionLabel": "hotel_ask_confirm_booking",
      "ActionLabelOptions": [
        "hotel_ask_confirm_booking",
        "hotel_reservation_failed",
        "hotel_ask_date_to"
      ],
      "Agent": "Wizard",
      "PrimaryItem": {
        "APIName": "hotel_book",
        "HotelName": "Hilton Hotel",
        "Message": "Available"
      },
      "Text": "Alright, the Hilton Hotel ticks all of your boxes, can I book this room for you?",
      "UnixTime": 1590299857
    },
    {
      "Action": "utter",
      "Agent": "User",
      "Text": "Let's do it!",
      "UnixTime": 1590299875
    },
    {
      "Action": "instruct",
      "Agent": "UserGuide",
      "Text": "Ok, once you've touched on all the topics ('finding a hotel' and 'reserving a room at a hotel') and engaged in some smalltalk, you can bring the conversation to a natural close. [instruction 6 of 6]",
      "UnixTime": 1590299875
    },
    {
      "APIName": "hotel_book",
      "Action": "query",
      "Agent": "Wizard",
      "Constraints": [
        {
          "Name": "\"Hilton Hotel\""
        },
        {
          "StartDate": "\"4th\""
        },
        {
          "EndDate": "\"10th\""
        },
        {
          "CustomerName": "\"Jane Doe\""
        },
        {
          "RequestType": "\"Book\""
        }
      ],
      "PrimaryItem": {
        "APIName": "hotel_book",
        "HotelName": "Hilton Hotel",
        "Message": "Available"
      },
      "UnixTime": 1590299888
    },
    {
      "APIName": "hotel_book",
      "Action": "return_item",
      "Agent": "KnowledgeBase",
      "Item": {
        "APIName": "hotel_book",
        "HotelName": "Hilton Hotel",
        "Message": "Reservation Confirmed"
      },
      "TotalItems": -1
    },
    {
      "Action": "request_suggestions",
      "Agent": "Wizard",
      "PrimaryItem": {
        "APIName": "hotel_book",
        "HotelName": "Hilton Hotel",
        "Message": "Reservation Confirmed"
      },
      "Text": "confirmed",
      "UnixTime": 1590299893
    },
    {
      "Action": "pick_suggestion",
      "ActionLabel": "hotel_reservation_succeeded",
      "ActionLabelOptions": [
        "hotel_reservation_succeeded",
        "hello",
        "hotel_ask_date_to"
      ],
      "Agent": "Wizard",
      "PrimaryItem": {
        "APIName": "hotel_book",
        "HotelName": "Hilton Hotel",
        "Message": "Reservation Confirmed"
      },
      "Text": "OK, I've successfully completed this Hotel booking for you!",
      "UnixTime": 1590299894
    },
    {
      "Action": "utter",
      "Agent": "User",
      "Text": "Great can you check the weather for me in Los Angeles for tomorrow on Thursday really quick?",
      "UnixTime": 1590299925
    },
    {
      "Action": "select_task",
      "Agent": "Wizard",
      "PrimaryItem": {
        "APIName": "hotel_book",
        "HotelName": "Hilton Hotel",
        "Message": "Reservation Confirmed"
      },
      "Task": "weather",
      "UnixTime": 1590299931
    },
    {
      "APIName": "weather",
      "Action": "query",
      "Agent": "Wizard",
      "Constraints": [
        {
          "Day": "\"Thursday\""
        },
        {
          "City": "api.is_equal_to(\"Los Angeles\")"
        }
      ],
      "PrimaryItem": {
        "APIName": "hotel_book",
        "HotelName": "Hilton Hotel",
        "Message": "Reservation Confirmed"
      },
      "UnixTime": 1590299947
    },
    {
      "APIName": "weather",
      "Action": "return_item",
      "Agent": "KnowledgeBase",
      "Item": {
        "APIName": "weather",
        "City": "Los Angeles",
        "Day": "Thursday",
        "TemperatureCelsius": 15,
        "Weather": "Sunny",
        "id": 233
      },
      "TotalItems": -1
    },
    {
      "Action": "request_suggestions",
      "Agent": "Wizard",
      "PrimaryItem": {
        "APIName": "weather",
        "City": "Los Angeles",
        "Day": "Thursday",
        "TemperatureCelsius": 15,
        "Weather": "Sunny",
        "id": 233
      },
      "Text": "sunny",
      "UnixTime": 1590299952
    },
    {
      "Action": "pick_suggestion",
      "ActionLabel": "weather_inform_forecast",
      "ActionLabelOptions": [
        "weather_inform_forecast",
        "goodbye_1",
        "weather_ask_location"
      ],
      "Agent": "Wizard",
      "PrimaryItem": {
        "APIName": "weather",
        "City": "Los Angeles",
        "Day": "Thursday",
        "TemperatureCelsius": 15,
        "Weather": "Sunny",
        "id": 233
      },
      "Text": "It will be Sunny all day on Thursday in Los Angeles, with temperatures of around 15 degrees celsius.",
      "UnixTime": 1590299954
    },
    {
      "Action": "utter",
      "Agent": "User",
      "Text": "Oh nice I will pack my shorts!  Thanks for all the help!",
      "UnixTime": 1590299965
    },
    {
      "Action": "request_suggestions",
      "Agent": "Wizard",
      "PrimaryItem": {
        "APIName": "weather",
        "City": "Los Angeles",
        "Day": "Thursday",
        "TemperatureCelsius": 15,
        "Weather": "Sunny",
        "id": 233
      },
      "Text": "anything else",
      "UnixTime": 1590300063
    },
    {
      "Action": "pick_suggestion",
      "ActionLabel": "anything_else",
      "ActionLabelOptions": [
        "anything_else",
        "weather_inform_forecast",
        "hello"
      ],
      "Agent": "Wizard",
      "PrimaryItem": {
        "APIName": "weather",
        "City": "Los Angeles",
        "Day": "Thursday",
        "TemperatureCelsius": 15,
        "Weather": "Sunny",
        "id": 233
      },
      "Text": "Is there anything else that I can do for you?",
      "UnixTime": 1590300065
    },
    {
      "Action": "complete",
      "Agent": "User",
      "UnixTime": 1590300070
    }
  ],
  "FORMAT-VERSION": 7,
  "IntroducesConflicts": false,
  "Scenario": {
    "Domains": [
      "hotel",
      "weather"
    ],
    "Happy": false,
    "MultiTask": true,
    "UserTask": "Come up with your own scenario!\n\nAbout you:\n- Your name: Jane Doe\n- Today is Wednesday the 24th, 6 pm\n\n The AI Assistant can handle:\n- Search for a hotel (e.g. in the East of town`)\n- Book a room at a hotel (e.g. Hyatt Hotel or whatever the assistant can find for you; e.g. from 2nd to 29th)\n- Checking the weather forecast in different Cities (e.g. Detroit or Los Angeles)",
    "WizardCapabilities": [
      {
        "Domain": "hotel",
        "SchemaImage": "hotel_search.jpg",
        "Task": "hotel_search"
      },
      {
        "Domain": "hotel",
        "SchemaImage": "hotel_book.jpg",
        "Task": "hotel_book"
      },
      {
        "Domain": "weather",
        "SchemaImage": "weather.jpg",
        "Task": "weather"
      }
    ],
    "WizardTask": "Follow the flow charts and help the user. Assume:\n\n- Today is Wednesday the 24th, 6 pm"
  },
  "UserQuestionnaire": [
    {
      "Answer": true,
      "Question": "Did the assistant stay calm and helpful throughout the dialogue?"
    }
  ],
  "WizardQuestionnaire": [
    {
      "Answer": false,
      "Question": "Did the user change his/her mind about what he/she wants at any time?"
    },
    {
      "Answer": false,
      "Question": "Did the user become aggressive or annoyed during the dialogue? (Note: some users may be instructed to be annoying.)"
    },
    {
      "Answer": false,
      "Question": "Where you unsure about what to do at any time? (Feel free to send us an email with details.)"
    }
  ]
}