{
  "AnonymizedUserWorkerID": "a4c9564b-06b9-37b4-27ca-fd6bf52c4154",
  "AnonymizedWizardWorkerID": "dc410db6-99a7-fbc2-7a24-3166850dd658",
  "BatchID": "woz_1589458635",
  "CompletionLevel": "EarlyDisconnectDuringDialogue",
  "DialogueID": 533,
  "Events": [],
  "FORMAT-VERSION": 7,
  "IntroducesConflicts": false,
  "Scenario": {
    "Domains": [
      "ride"
    ],
    "Happy": false,
    "MultiTask": false,
    "UserTask": "You want a ride from 'Craig and Center' to 'Forbes and Murray'. Your name is Angela.",
    "WizardCapabilities": [
      {
        "Domain": "ride",
        "SchemaImage": "ride_book.jpg",
        "Task": "ride_book"
      }
    ],
    "WizardTask": "Help the user book a ride. (You can find the video tutorial under https://youtu.be/USrWF1ZyNWw, in case you want to watch it again.)"
  },
  "UserQuestionnaire": [],
  "WizardQuestionnaire": []
}