{
  "AnonymizedUserWorkerID": "ac9c2dc2-a643-8ec0-d96c-1bc923b2777f",
  "AnonymizedWizardWorkerID": "5d99ecec-8924-cc09-6519-ccb1eb7eb585",
  "BatchID": "woz_1590168497",
  "CompletionLevel": "Complete",
  "DialogueID": 5389,
  "Events": [
    {
      "Action": "instruct",
      "Agent": "UserGuide",
      "Text": "Use your imagination to generate a conversation about the topics 'Reserving a table at a restaurant', 'Bank balance checking' and 'Filing a bank fraud report' (in any order), as shown on the left. You may also play up to three rounds of trivia with the assistant.  [instruction 1 of 9]",
      "UnixTime": 1590199016
    },
    {
      "Action": "utter",
      "Agent": "User",
      "Text": "Hi",
      "UnixTime": 1590199054
    },
    {
      "Action": "request_suggestions",
      "Agent": "Wizard",
      "Text": "How can i help you?",
      "UnixTime": 1590199067
    },
    {
      "Action": "pick_suggestion",
      "ActionLabel": "hello",
      "ActionLabelOptions": [
        "out_of_scope",
        "hello",
        "anything_else"
      ],
      "Agent": "Wizard",
      "Text": "Hello, how can I help?",
      "UnixTime": 1590199069
    },
    {
      "Action": "utter",
      "Agent": "User",
      "Text": "Can you check my bank balance",
      "UnixTime": 1590199117
    },
    {
      "Action": "select_task",
      "Agent": "Wizard",
      "Task": "bank_balance",
      "UnixTime": 1590199128
    },
    {
      "Action": "request_suggestions",
      "Agent": "Wizard",
      "Text": "what is your full name?",
      "UnixTime": 1590199156
    },
    {
      "Action": "pick_suggestion",
      "ActionLabel": "ask_name",
      "ActionLabelOptions": [
        "ask_name",
        "bank_ask_childhood_pets_name",
        "bank_ask_pin"
      ],
      "Agent": "Wizard",
      "Text": "Could I get your full name, please?",
      "UnixTime": 1590199158
    },
    {
      "Action": "utter",
      "Agent": "User",
      "Text": "Tyler Jones account number 95381901 pin 3100",
      "UnixTime": 1590199186
    },
    {
      "Action": "instruct",
      "Agent": "UserGuide",
      "Text": "You may attempt to do some smalltalk with the AI Assistant at any time. [instruction 2 of 9]",
      "UnixTime": 1590199186
    },
    {
      "APIName": "bank_balance",
      "Action": "query",
      "Agent": "Wizard",
      "Constraints": [
        {
          "FullName": "\"Tyler Jones\""
        },
        {
          "AccountNumber": "95381901 "
        },
        {
          "PIN": "3100"
        }
      ],
      "UnixTime": 1590199213
    },
    {
      "APIName": "bank_balance",
      "Action": "return_item",
      "Agent": "KnowledgeBase",
      "Item": {
        "APIName": "bank_balance",
        "BankBalance": 5113,
        "BankName": "PNC",
        "id": 990
      },
      "TotalItems": -1
    },
    {
      "Action": "request_suggestions",
      "Agent": "Wizard",
      "PrimaryItem": {
        "APIName": "bank_balance",
        "BankBalance": 5113,
        "BankName": "PNC",
        "id": 990
      },
      "Text": "5113",
      "UnixTime": 1590199219
    },
    {
      "Action": "pick_suggestion",
      "ActionLabel": "bank_inform_balance",
      "ActionLabelOptions": [
        "bank_inform_balance",
        "hello",
        "out_of_scope"
      ],
      "Agent": "Wizard",
      "PrimaryItem": {
        "APIName": "bank_balance",
        "BankBalance": 5113,
        "BankName": "PNC",
        "id": 990
      },
      "Text": "Your current balance is 5113 in credit.",
      "UnixTime": 1590199221
    },
    {
      "Action": "utter",
      "Agent": "User",
      "Text": "That's not supposed to be right ",
      "UnixTime": 1590199278
    },
    {
      "Action": "request_suggestions",
      "Agent": "Wizard",
      "PrimaryItem": {
        "APIName": "bank_balance",
        "BankBalance": 5113,
        "BankName": "PNC",
        "id": 990
      },
      "Text": "do you want to file a fraud report?",
      "UnixTime": 1590199304
    },
    {
      "Action": "pick_suggestion",
      "ActionLabel": "anything_else",
      "ActionLabelOptions": [
        "bank_inform_cannot_authenticate",
        "bank_ask_account_number",
        "anything_else"
      ],
      "Agent": "Wizard",
      "PrimaryItem": {
        "APIName": "bank_balance",
        "BankBalance": 5113,
        "BankName": "PNC",
        "id": 990
      },
      "Text": "Is there anything else that I can do for you?",
      "UnixTime": 1590199313
    },
    {
      "Action": "utter",
      "Agent": "User",
      "Text": "I want to report fraud",
      "UnixTime": 1590199343
    },
    {
      "Action": "select_task",
      "Agent": "Wizard",
      "PrimaryItem": {
        "APIName": "bank_balance",
        "BankBalance": 5113,
        "BankName": "PNC",
        "id": 990
      },
      "Task": "bank_fraud_report",
      "UnixTime": 1590199343
    },
    {
      "Action": "request_suggestions",
      "Agent": "Wizard",
      "PrimaryItem": {
        "APIName": "bank_balance",
        "BankBalance": 5113,
        "BankName": "PNC",
        "id": 990
      },
      "Text": "reason",
      "UnixTime": 1590199351
    },
    {
      "Action": "utter",
      "Agent": "Wizard",
      "PrimaryItem": {
        "APIName": "bank_balance",
        "BankBalance": 5113,
        "BankName": "PNC",
        "id": 990
      },
      "Text": "reason?",
      "UnixTime": 1590199364
    },
    {
      "Action": "utter",
      "Agent": "User",
      "Text": "My account was debited with my stolen card ",
      "UnixTime": 1590199387
    },
    {
      "Action": "instruct",
      "Agent": "UserGuide",
      "Text": "If you haven't yet, it's time to change topic. You can also go back and forth between topics. [instruction 3 of 9]",
      "UnixTime": 1590199387
    },
    {
      "APIName": "bank_fraud_report",
      "Action": "query",
      "Agent": "Wizard",
      "Constraints": [
        {
          "FraudReport": "\"stolen debit card\""
        },
        {
          "BankName": "\"PNC\""
        },
        {
          "AccountNumber": " 95381901"
        },
        {
          "PIN": "3100"
        }
      ],
      "PrimaryItem": {
        "APIName": "bank_balance",
        "BankBalance": 5113,
        "BankName": "PNC",
        "id": 990
      },
      "UnixTime": 1590199450
    },
    {
      "APIName": "bank_fraud_report",
      "Action": "return_item",
      "Agent": "KnowledgeBase",
      "Item": {
        "APIName": "bank_fraud_report",
        "Message": "You must provide either AccountNumber/FullName/PIN or FullName/DateOfBirth/SecurityAnswer1/SecurityAnswer2. We cannot authenticate the user otherwise."
      },
      "TotalItems": -1
    },
    {
      "Action": "request_suggestions",
      "Agent": "Wizard",
      "PrimaryItem": {
        "APIName": "bank_fraud_report",
        "Message": "You must provide either AccountNumber/FullName/PIN or FullName/DateOfBirth/SecurityAnswer1/SecurityAnswer2. We cannot authenticate the user otherwise."
      },
      "Text": "can i have your birthday?",
      "UnixTime": 1590199469
    },
    {
      "Action": "pick_suggestion",
      "ActionLabel": "bank_ask_dob",
      "ActionLabelOptions": [
        "bank_ask_dob",
        "bank_ask_pin",
        "bank_ask_account_number"
      ],
      "Agent": "Wizard",
      "PrimaryItem": {
        "APIName": "bank_fraud_report",
        "Message": "You must provide either AccountNumber/FullName/PIN or FullName/DateOfBirth/SecurityAnswer1/SecurityAnswer2. We cannot authenticate the user otherwise."
      },
      "Text": "Could you provide your date of birth, please?",
      "UnixTime": 1590199471
    },
    {
      "Action": "utter",
      "Agent": "User",
      "Text": "Do you play hovkey",
      "UnixTime": 1590199537
    },
    {
      "Action": "request_suggestions",
      "Agent": "Wizard",
      "PrimaryItem": {
        "APIName": "bank_fraud_report",
        "Message": "You must provide either AccountNumber/FullName/PIN or FullName/DateOfBirth/SecurityAnswer1/SecurityAnswer2. We cannot authenticate the user otherwise."
      },
      "Text": "no",
      "UnixTime": 1590199545
    },
    {
      "Action": "pick_suggestion",
      "ActionLabel": "out_of_scope",
      "ActionLabelOptions": [
        "out_of_scope",
        "bank_inform_cannot_authenticate",
        "bank_ask_pin"
      ],
      "Agent": "Wizard",
      "PrimaryItem": {
        "APIName": "bank_fraud_report",
        "Message": "You must provide either AccountNumber/FullName/PIN or FullName/DateOfBirth/SecurityAnswer1/SecurityAnswer2. We cannot authenticate the user otherwise."
      },
      "Text": "I am sorry, I don't quite understand what you mean. I am only able to help you issue fraud reports.",
      "UnixTime": 1590199551
    },
    {
      "Action": "utter",
      "Agent": "User",
      "Text": " Tyler Jones account number 95381901 pin 3100",
      "UnixTime": 1590199574
    },
    {
      "Action": "instruct",
      "Agent": "UserGuide",
      "Text": "If it makes sense, use some negations ('I don't want', or 'anything but ...', etc.) [instruction 4 of 9]",
      "UnixTime": 1590199574
    },
    {
      "Action": "request_suggestions",
      "Agent": "Wizard",
      "PrimaryItem": {
        "APIName": "bank_fraud_report",
        "Message": "You must provide either AccountNumber/FullName/PIN or FullName/DateOfBirth/SecurityAnswer1/SecurityAnswer2. We cannot authenticate the user otherwise."
      },
      "Text": "birthday?",
      "UnixTime": 1590199583
    },
    {
      "Action": "pick_suggestion",
      "ActionLabel": "bank_ask_dob",
      "ActionLabelOptions": [
        "bank_ask_dob",
        "bank_ask_pin",
        "bank_ask_account_number"
      ],
      "Agent": "Wizard",
      "PrimaryItem": {
        "APIName": "bank_fraud_report",
        "Message": "You must provide either AccountNumber/FullName/PIN or FullName/DateOfBirth/SecurityAnswer1/SecurityAnswer2. We cannot authenticate the user otherwise."
      },
      "Text": "Could you provide your date of birth, please?",
      "UnixTime": 1590199585
    },
    {
      "Action": "utter",
      "Agent": "User",
      "Text": "No",
      "UnixTime": 1590199592
    },
    {
      "Action": "instruct",
      "Agent": "UserGuide",
      "Text": "If you like, you can ask for a game of trivia at any point. But don't play more than three rounds. [instruction 5 of 9]",
      "UnixTime": 1590199592
    },
    {
      "Action": "request_suggestions",
      "Agent": "Wizard",
      "PrimaryItem": {
        "APIName": "bank_fraud_report",
        "Message": "You must provide either AccountNumber/FullName/PIN or FullName/DateOfBirth/SecurityAnswer1/SecurityAnswer2. We cannot authenticate the user otherwise."
      },
      "Text": "How about security question answers?",
      "UnixTime": 1590199619
    },
    {
      "Action": "pick_suggestion",
      "ActionLabel": "bank_inform_cannot_authenticate",
      "ActionLabelOptions": [
        "bank_inform_cannot_authenticate",
        "bank_inform_nothing_found",
        "goodbye_1"
      ],
      "Agent": "Wizard",
      "PrimaryItem": {
        "APIName": "bank_fraud_report",
        "Message": "You must provide either AccountNumber/FullName/PIN or FullName/DateOfBirth/SecurityAnswer1/SecurityAnswer2. We cannot authenticate the user otherwise."
      },
      "Text": "I am sorry, but I cannot authenticate you with the information you have provided.",
      "UnixTime": 1590199625
    },
    {
      "Action": "utter",
      "Agent": "User",
      "Text": "You can do it I already provided 3 important informations",
      "UnixTime": 1590199655
    },
    {
      "APIName": "bank_fraud_report",
      "Action": "query",
      "Agent": "Wizard",
      "Constraints": [
        {
          "FraudReport": "\"stolen debit card\""
        },
        {
          "BankName": "\"PNC\""
        },
        {
          "AccountNumber": " 95381901"
        },
        {
          "PIN": "3100"
        },
        {
          "DateOfBirth": "null"
        }
      ],
      "PrimaryItem": {
        "APIName": "bank_fraud_report",
        "Message": "You must provide either AccountNumber/FullName/PIN or FullName/DateOfBirth/SecurityAnswer1/SecurityAnswer2. We cannot authenticate the user otherwise."
      },
      "UnixTime": 1590199667
    },
    {
      "APIName": "bank_fraud_report",
      "Action": "return_item",
      "Agent": "KnowledgeBase",
      "Item": {
        "APIName": "bank_fraud_report",
        "Message": "You must provide either AccountNumber/FullName/PIN or FullName/DateOfBirth/SecurityAnswer1/SecurityAnswer2. We cannot authenticate the user otherwise."
      },
      "TotalItems": -1
    },
    {
      "Action": "request_suggestions",
      "Agent": "Wizard",
      "PrimaryItem": {
        "APIName": "bank_fraud_report",
        "Message": "You must provide either AccountNumber/FullName/PIN or FullName/DateOfBirth/SecurityAnswer1/SecurityAnswer2. We cannot authenticate the user otherwise."
      },
      "Text": "need more informtion",
      "UnixTime": 1590199678
    },
    {
      "Action": "pick_suggestion",
      "ActionLabel": "bank_inform_nothing_found",
      "ActionLabelOptions": [
        "bank_ask_fraud_details",
        "bank_inform_nothing_found",
        "bank_ask_dob"
      ],
      "Agent": "Wizard",
      "PrimaryItem": {
        "APIName": "bank_fraud_report",
        "Message": "You must provide either AccountNumber/FullName/PIN or FullName/DateOfBirth/SecurityAnswer1/SecurityAnswer2. We cannot authenticate the user otherwise."
      },
      "Text": "Unfortunately I cannot find your account.",
      "UnixTime": 1590199682
    },
    {
      "Action": "utter",
      "Agent": "User",
      "Text": "Reserve a table at cactus for today",
      "UnixTime": 1590199745
    },
    {
      "Action": "instruct",
      "Agent": "UserGuide",
      "Text": "Keep going :) - don't forget some smalltalk. Perhaps say something related to the first topic you talked about. [instruction 6 of 9]",
      "UnixTime": 1590199745
    },
    {
      "Action": "select_task",
      "Agent": "Wizard",
      "PrimaryItem": {
        "APIName": "bank_fraud_report",
        "Message": "You must provide either AccountNumber/FullName/PIN or FullName/DateOfBirth/SecurityAnswer1/SecurityAnswer2. We cannot authenticate the user otherwise."
      },
      "Task": "restaurant_book",
      "UnixTime": 1590199755
    },
    {
      "Action": "request_suggestions",
      "Agent": "Wizard",
      "PrimaryItem": {
        "APIName": "bank_fraud_report",
        "Message": "You must provide either AccountNumber/FullName/PIN or FullName/DateOfBirth/SecurityAnswer1/SecurityAnswer2. We cannot authenticate the user otherwise."
      },
      "Text": "time?",
      "UnixTime": 1590199768
    },
    {
      "Action": "pick_suggestion",
      "ActionLabel": "restaurant_ask_time",
      "ActionLabelOptions": [
        "restaurant_ask_time",
        "bank_ask_dob",
        "bank_ask_fraud_details",
        "anything_else",
        "restaurant_ask_restaurant",
        "ask_name"
      ],
      "Agent": "Wizard",
      "PrimaryItem": {
        "APIName": "bank_fraud_report",
        "Message": "You must provide either AccountNumber/FullName/PIN or FullName/DateOfBirth/SecurityAnswer1/SecurityAnswer2. We cannot authenticate the user otherwise."
      },
      "Text": "For what time should the reservation be made?",
      "UnixTime": 1590199770
    },
    {
      "Action": "utter",
      "Agent": "User",
      "Text": "4pm",
      "UnixTime": 1590199785
    },
    {
      "Action": "request_suggestions",
      "Agent": "Wizard",
      "PrimaryItem": {
        "APIName": "bank_fraud_report",
        "Message": "You must provide either AccountNumber/FullName/PIN or FullName/DateOfBirth/SecurityAnswer1/SecurityAnswer2. We cannot authenticate the user otherwise."
      },
      "Text": "How many ",
      "UnixTime": 1590199831
    },
    {
      "Action": "pick_suggestion",
      "ActionLabel": "restaurant_ask_size",
      "ActionLabelOptions": [
        "restaurant_ask_size",
        "bank_ask_dob",
        "anything_else",
        "out_of_scope",
        "out_of_scope",
        "hello"
      ],
      "Agent": "Wizard",
      "PrimaryItem": {
        "APIName": "bank_fraud_report",
        "Message": "You must provide either AccountNumber/FullName/PIN or FullName/DateOfBirth/SecurityAnswer1/SecurityAnswer2. We cannot authenticate the user otherwise."
      },
      "Text": "For how many people should the reservation be made?",
      "UnixTime": 1590199833
    },
    {
      "Action": "utter",
      "Agent": "User",
      "Text": "4",
      "UnixTime": 1590199848
    },
    {
      "Action": "instruct",
      "Agent": "UserGuide",
      "Text": "Keep going until you've covered all the topics (reserving a table at a restaurant, bank balance checking, and bank fraud report). The conversation should continue at least until the last instruction is given. [instruction 7 of 9]",
      "UnixTime": 1590199848
    },
    {
      "APIName": "restaurant_book",
      "Action": "query",
      "Agent": "Wizard",
      "Constraints": [
        {
          "Name": "api.is_equal_to(\"Cactus Club\")"
        },
        {
          "Time": "\"4 pm\""
        },
        {
          "PartySize": "4"
        },
        {
          "CustomerName": "\"Tyler Jones\""
        },
        {
          "RequestType": "\"Check\""
        }
      ],
      "PrimaryItem": {
        "APIName": "bank_fraud_report",
        "Message": "You must provide either AccountNumber/FullName/PIN or FullName/DateOfBirth/SecurityAnswer1/SecurityAnswer2. We cannot authenticate the user otherwise."
      },
      "UnixTime": 1590199864
    },
    {
      "APIName": "restaurant_book",
      "Action": "return_item",
      "Agent": "KnowledgeBase",
      "Item": {
        "APIName": "restaurant_book",
        "Message": "Available",
        "RestaurantName": "Cactus Club"
      },
      "TotalItems": -1
    },
    {
      "Action": "request_suggestions",
      "Agent": "Wizard",
      "PrimaryItem": {
        "APIName": "restaurant_book",
        "Message": "Available",
        "RestaurantName": "Cactus Club"
      },
      "Text": "yes",
      "UnixTime": 1590199870
    },
    {
      "Action": "pick_suggestion",
      "ActionLabel": "restaurant_inform_booking_successful",
      "ActionLabelOptions": [
        "restaurant_inform_booking_successful",
        "hello",
        "restaurant_ask_size"
      ],
      "Agent": "Wizard",
      "PrimaryItem": {
        "APIName": "restaurant_book",
        "Message": "Available",
        "RestaurantName": "Cactus Club"
      },
      "Text": "Excellent, your reservation at the Cactus Club is confirmed!",
      "UnixTime": 1590199872
    },
    {
      "Action": "utter",
      "Agent": "User",
      "Text": "Thanks ",
      "UnixTime": 1590199892
    },
    {
      "Action": "request_suggestions",
      "Agent": "Wizard",
      "PrimaryItem": {
        "APIName": "restaurant_book",
        "Message": "Available",
        "RestaurantName": "Cactus Club"
      },
      "Text": "anything else",
      "UnixTime": 1590199900
    },
    {
      "Action": "pick_suggestion",
      "ActionLabel": "anything_else",
      "ActionLabelOptions": [
        "anything_else",
        "ask_name",
        "restaurant_inform_booking_failed"
      ],
      "Agent": "Wizard",
      "PrimaryItem": {
        "APIName": "restaurant_book",
        "Message": "Available",
        "RestaurantName": "Cactus Club"
      },
      "Text": "Is there anything else that I can do for you?",
      "UnixTime": 1590199902
    },
    {
      "Action": "utter",
      "Agent": "User",
      "Text": "Trivia 2",
      "UnixTime": 1590199936
    },
    {
      "Action": "instruct",
      "Agent": "UserGuide",
      "Text": "Almost there. A few more turns. [instruction 8 of 9]",
      "UnixTime": 1590199936
    },
    {
      "Action": "select_task",
      "Agent": "Wizard",
      "PrimaryItem": {
        "APIName": "restaurant_book",
        "Message": "Available",
        "RestaurantName": "Cactus Club"
      },
      "Task": "trivia",
      "UnixTime": 1590199941
    },
    {
      "APIName": "trivia",
      "Action": "query",
      "Agent": "Wizard",
      "Constraints": [
        {
          "QuestionNum": "2"
        }
      ],
      "PrimaryItem": {
        "APIName": "restaurant_book",
        "Message": "Available",
        "RestaurantName": "Cactus Club"
      },
      "UnixTime": 1590199946
    },
    {
      "APIName": "trivia",
      "Action": "return_item",
      "Agent": "KnowledgeBase",
      "Item": {
        "APIName": "trivia",
        "Answer": "canton",
        "Question": "A ____ is the blue field behind the stars"
      },
      "TotalItems": -1
    },
    {
      "Action": "request_suggestions",
      "Agent": "Wizard",
      "PrimaryItem": {
        "APIName": "trivia",
        "Answer": "canton",
        "Question": "A ____ is the blue field behind the stars"
      },
      "Text": "A ____ is the blue field behind the stars",
      "UnixTime": 1590199982
    },
    {
      "Action": "pick_suggestion",
      "ActionLabel": "trivia_ask_question",
      "ActionLabelOptions": [
        "trivia_ask_question",
        "trivia_inform_answer_2_ask_next",
        "hello"
      ],
      "Agent": "Wizard",
      "PrimaryItem": {
        "APIName": "trivia",
        "Answer": "canton",
        "Question": "A ____ is the blue field behind the stars"
      },
      "Text": "A ____ is the blue field behind the stars",
      "UnixTime": 1590199984
    },
    {
      "Action": "utter",
      "Agent": "User",
      "Text": "Caynon",
      "UnixTime": 1590200026
    },
    {
      "Action": "request_suggestions",
      "Agent": "Wizard",
      "PrimaryItem": {
        "APIName": "trivia",
        "Answer": "canton",
        "Question": "A ____ is the blue field behind the stars"
      },
      "Text": "canton",
      "UnixTime": 1590200042
    },
    {
      "Action": "pick_suggestion",
      "ActionLabel": "trivia_inform_answer_2_ask_next",
      "ActionLabelOptions": [
        "trivia_inform_answer_2_ask_next",
        "trivia_ask_question",
        "out_of_scope"
      ],
      "Agent": "Wizard",
      "PrimaryItem": {
        "APIName": "trivia",
        "Answer": "canton",
        "Question": "A ____ is the blue field behind the stars"
      },
      "Text": "The answer to this question would have been 'canton'. Would you like to continue playing?",
      "UnixTime": 1590200047
    },
    {
      "Action": "utter",
      "Agent": "User",
      "Text": "No",
      "UnixTime": 1590200060
    },
    {
      "Action": "request_suggestions",
      "Agent": "Wizard",
      "PrimaryItem": {
        "APIName": "trivia",
        "Answer": "canton",
        "Question": "A ____ is the blue field behind the stars"
      },
      "Text": "anythign else",
      "UnixTime": 1590200069
    },
    {
      "Action": "pick_suggestion",
      "ActionLabel": "anything_else",
      "ActionLabelOptions": [
        "anything_else",
        "trivia_inform_answer_2_ask_next",
        "out_of_scope"
      ],
      "Agent": "Wizard",
      "PrimaryItem": {
        "APIName": "trivia",
        "Answer": "canton",
        "Question": "A ____ is the blue field behind the stars"
      },
      "Text": "Is there anything else that I can do for you?",
      "UnixTime": 1590200071
    },
    {
      "Action": "utter",
      "Agent": "User",
      "Text": "What is coronavirus ",
      "UnixTime": 1590200089
    },
    {
      "Action": "instruct",
      "Agent": "UserGuide",
      "Text": "Ok, once you've touched on all the topics (restaurant, bank balance checking, and bank fraud report) and engaged in some smalltalk, you can bring the conversation to a natural close. [instruction 9 of 9]",
      "UnixTime": 1590200089
    },
    {
      "Action": "request_suggestions",
      "Agent": "Wizard",
      "PrimaryItem": {
        "APIName": "trivia",
        "Answer": "canton",
        "Question": "A ____ is the blue field behind the stars"
      },
      "Text": "i can't help",
      "UnixTime": 1590200100
    },
    {
      "Action": "pick_suggestion",
      "ActionLabel": "out_of_scope",
      "ActionLabelOptions": [
        "out_of_scope",
        "anything_else",
        "hello"
      ],
      "Agent": "Wizard",
      "PrimaryItem": {
        "APIName": "trivia",
        "Answer": "canton",
        "Question": "A ____ is the blue field behind the stars"
      },
      "Text": "I am sorry, I don't quite understand what you mean. I am only able to play trivia with you.",
      "UnixTime": 1590200105
    },
    {
      "Action": "utter",
      "Agent": "User",
      "Text": "You doing well",
      "UnixTime": 1590200182
    },
    {
      "Action": "request_suggestions",
      "Agent": "Wizard",
      "PrimaryItem": {
        "APIName": "trivia",
        "Answer": "canton",
        "Question": "A ____ is the blue field behind the stars"
      },
      "Text": "anything else",
      "UnixTime": 1590200197
    },
    {
      "Action": "pick_suggestion",
      "ActionLabel": "anything_else",
      "ActionLabelOptions": [
        "anything_else",
        "trivia_inform_answer_2_ask_next",
        "trivia_inform_answer_correct_ask_next"
      ],
      "Agent": "Wizard",
      "PrimaryItem": {
        "APIName": "trivia",
        "Answer": "canton",
        "Question": "A ____ is the blue field behind the stars"
      },
      "Text": "Is there anything else that I can do for you?",
      "UnixTime": 1590200201
    },
    {
      "Action": "utter",
      "Agent": "User",
      "Text": "No thanks",
      "UnixTime": 1590200239
    },
    {
      "Action": "request_suggestions",
      "Agent": "Wizard",
      "PrimaryItem": {
        "APIName": "trivia",
        "Answer": "canton",
        "Question": "A ____ is the blue field behind the stars"
      },
      "Text": "thank you goodbye",
      "UnixTime": 1590200253
    },
    {
      "Action": "pick_suggestion",
      "ActionLabel": "trivia_bye",
      "ActionLabelOptions": [
        "trivia_bye",
        "anything_else",
        "trivia_inform_nothing_found"
      ],
      "Agent": "Wizard",
      "PrimaryItem": {
        "APIName": "trivia",
        "Answer": "canton",
        "Question": "A ____ is the blue field behind the stars"
      },
      "Text": "Nice playing with you, bye!",
      "UnixTime": 1590200256
    },
    {
      "Action": "complete",
      "Agent": "User",
      "UnixTime": 1590200347
    }
  ],
  "FORMAT-VERSION": 7,
  "IntroducesConflicts": false,
  "Scenario": {
    "Domains": [
      "bank",
      "restaurant",
      "trivia"
    ],
    "Happy": false,
    "MultiTask": true,
    "UserTask": "Come up with your own scenario!\n\nAbout you:\n- Your name: Tyler Jones\n- Your bank account: 95381901, with PIN 3100\n- Today is Tuesday the 8th of June, 1 pm\n\n The AI Assistant can handle:\n- Checking bank balance\n- Filing a bank fraud report\n- Reserving a table at a restaurant (e.g. The Porch or Cactus Club) for today\n- A game of trivia",
    "WizardCapabilities": [
      {
        "Domain": "restaurant",
        "SchemaImage": "restaurant_book.jpg",
        "Task": "restaurant_book"
      },
      {
        "Domain": "bank",
        "SchemaImage": "bank_balance.jpg",
        "Task": "bank_balance"
      },
      {
        "Domain": "bank",
        "SchemaImage": "bank_fraud_report.jpg",
        "Task": "bank_fraud_report"
      },
      {
        "Domain": "trivia",
        "SchemaImage": "trivia.jpg",
        "Task": "trivia"
      }
    ],
    "WizardTask": "Follow the flow charts and help the user. Assume:\n\n- Today is Tuesday the 8th of June, 1 pm"
  },
  "UserQuestionnaire": [
    {
      "Answer": true,
      "Question": "Did the assistant stay calm and helpful throughout the dialogue?"
    }
  ],
  "WizardQuestionnaire": [
    {
      "Answer": false,
      "Question": "Did the user change his/her mind about what he/she wants at any time?"
    },
    {
      "Answer": true,
      "Question": "Did the user become aggressive or annoyed during the dialogue? (Note: some users may be instructed to be annoying.)"
    },
    {
      "Answer": false,
      "Question": "Where you unsure about what to do at any time? (Feel free to send us an email with details.)"
    }
  ]
}