{
  "AnonymizedUserWorkerID": "ba5d80d9-b753-9dfd-8f0f-8985984d3ada",
  "AnonymizedWizardWorkerID": "06e6755f-be58-d1ca-998c-b87e3a0d8c19",
  "BatchID": "woz_1590168497",
  "CompletionLevel": "Complete",
  "DialogueID": 5494,
  "Events": [
    {
      "Action": "instruct",
      "Agent": "UserGuide",
      "Text": "Use your imagination to generate a conversation about the topics 'Reserving a table at a restaurant', 'Bank balance checking' and 'Filing a bank fraud report' (in any order), as shown on the left. You may also play up to two rounds of trivia with the assistant.  [instruction 1 of 9]",
      "UnixTime": 1590197399
    },
    {
      "Action": "utter",
      "Agent": "User",
      "Text": "Hi I would like to check my bank balance to see if I still have enough money to go out to a nice romantic dinner",
      "UnixTime": 1590197441
    },
    {
      "Action": "select_task",
      "Agent": "Wizard",
      "Task": "restaurant_book",
      "UnixTime": 1590197441
    },
    {
      "Action": "select_task",
      "Agent": "Wizard",
      "Task": "bank_balance",
      "UnixTime": 1590197441
    },
    {
      "Action": "select_task",
      "Agent": "Wizard",
      "Task": "restaurant_book",
      "UnixTime": 1590197441
    },
    {
      "Action": "select_task",
      "Agent": "Wizard",
      "Task": "bank_balance",
      "UnixTime": 1590197441
    },
    {
      "Action": "select_task",
      "Agent": "Wizard",
      "Task": "restaurant_book",
      "UnixTime": 1590197443
    },
    {
      "Action": "select_task",
      "Agent": "Wizard",
      "Task": "bank_balance",
      "UnixTime": 1590197447
    },
    {
      "Action": "request_suggestions",
      "Agent": "Wizard",
      "Text": "What is your full",
      "UnixTime": 1590197458
    },
    {
      "Action": "pick_suggestion",
      "ActionLabel": "ask_name",
      "ActionLabelOptions": [
        "ask_name",
        "bank_ask_dob",
        "bank_ask_pin"
      ],
      "Agent": "Wizard",
      "Text": "Could I get your full name, please?",
      "UnixTime": 1590197460
    },
    {
      "Action": "utter",
      "Agent": "User",
      "Text": "Jane Doe",
      "UnixTime": 1590197466
    },
    {
      "APIName": "bank_balance",
      "Action": "query",
      "Agent": "Wizard",
      "Constraints": [
        {
          "FullName": "\"Jane Doe\""
        }
      ],
      "UnixTime": 1590197476
    },
    {
      "APIName": "bank_balance",
      "Action": "return_item",
      "Agent": "KnowledgeBase",
      "Item": {
        "APIName": "bank_balance",
        "Message": "You must provide either AccountNumber/FullName/PIN or FullName/DateOfBirth/SecurityAnswer1/SecurityAnswer2. We cannot authenticate the user otherwise."
      },
      "TotalItems": -1
    },
    {
      "Action": "request_suggestions",
      "Agent": "Wizard",
      "PrimaryItem": {
        "APIName": "bank_balance",
        "Message": "You must provide either AccountNumber/FullName/PIN or FullName/DateOfBirth/SecurityAnswer1/SecurityAnswer2. We cannot authenticate the user otherwise."
      },
      "Text": "What is your account number and PIN number?",
      "UnixTime": 1590197502
    },
    {
      "Action": "pick_suggestion",
      "ActionLabel": "bank_ask_account_number",
      "ActionLabelOptions": [
        "bank_ask_pin",
        "bank_ask_account_number",
        "bank_ask_childhood_pets_name"
      ],
      "Agent": "Wizard",
      "PrimaryItem": {
        "APIName": "bank_balance",
        "Message": "You must provide either AccountNumber/FullName/PIN or FullName/DateOfBirth/SecurityAnswer1/SecurityAnswer2. We cannot authenticate the user otherwise."
      },
      "Text": "Can you tell me your account number, please?",
      "UnixTime": 1590197506
    },
    {
      "Action": "utter",
      "Agent": "User",
      "Text": "bank account: 95381901",
      "UnixTime": 1590197511
    },
    {
      "Action": "instruct",
      "Agent": "UserGuide",
      "Text": "You may attempt to do some smalltalk with the AI Assistant at any time. [instruction 2 of 9]",
      "UnixTime": 1590197511
    },
    {
      "Action": "request_suggestions",
      "Agent": "Wizard",
      "PrimaryItem": {
        "APIName": "bank_balance",
        "Message": "You must provide either AccountNumber/FullName/PIN or FullName/DateOfBirth/SecurityAnswer1/SecurityAnswer2. We cannot authenticate the user otherwise."
      },
      "Text": "And your PIN",
      "UnixTime": 1590197541
    },
    {
      "Action": "pick_suggestion",
      "ActionLabel": "bank_ask_pin",
      "ActionLabelOptions": [
        "bank_ask_pin",
        "bank_ask_childhood_pets_name",
        "anything_else"
      ],
      "Agent": "Wizard",
      "PrimaryItem": {
        "APIName": "bank_balance",
        "Message": "You must provide either AccountNumber/FullName/PIN or FullName/DateOfBirth/SecurityAnswer1/SecurityAnswer2. We cannot authenticate the user otherwise."
      },
      "Text": "Right, and your PIN as well please.",
      "UnixTime": 1590197544
    },
    {
      "Action": "utter",
      "Agent": "User",
      "Text": "My husband changed it the other day and I can't get ahold of him. I don't know",
      "UnixTime": 1590197556
    },
    {
      "Action": "request_suggestions",
      "Agent": "Wizard",
      "PrimaryItem": {
        "APIName": "bank_balance",
        "Message": "You must provide either AccountNumber/FullName/PIN or FullName/DateOfBirth/SecurityAnswer1/SecurityAnswer2. We cannot authenticate the user otherwise."
      },
      "Text": "What is your date of birth?",
      "UnixTime": 1590197584
    },
    {
      "Action": "pick_suggestion",
      "ActionLabel": "bank_ask_dob",
      "ActionLabelOptions": [
        "bank_ask_dob",
        "out_of_scope",
        "bank_inform_cannot_authenticate"
      ],
      "Agent": "Wizard",
      "PrimaryItem": {
        "APIName": "bank_balance",
        "Message": "You must provide either AccountNumber/FullName/PIN or FullName/DateOfBirth/SecurityAnswer1/SecurityAnswer2. We cannot authenticate the user otherwise."
      },
      "Text": "Could you provide your date of birth, please?",
      "UnixTime": 1590197586
    },
    {
      "Action": "utter",
      "Agent": "User",
      "Text": "04/04/1990",
      "UnixTime": 1590197591
    },
    {
      "APIName": "bank_balance",
      "Action": "query",
      "Agent": "Wizard",
      "Constraints": [
        {
          "FullName": "\"Jane Doe\""
        },
        {
          "AccountNumber": "95381901"
        },
        {
          "PIN": "null"
        },
        {
          "DateOfBirth": "\"04/04/1990\""
        }
      ],
      "PrimaryItem": {
        "APIName": "bank_balance",
        "Message": "You must provide either AccountNumber/FullName/PIN or FullName/DateOfBirth/SecurityAnswer1/SecurityAnswer2. We cannot authenticate the user otherwise."
      },
      "UnixTime": 1590197610
    },
    {
      "APIName": "bank_balance",
      "Action": "return_item",
      "Agent": "KnowledgeBase",
      "Item": {
        "APIName": "bank_balance",
        "BankBalance": 1835,
        "BankName": "PNC",
        "id": 61
      },
      "TotalItems": -1
    },
    {
      "Action": "request_suggestions",
      "Agent": "Wizard",
      "PrimaryItem": {
        "APIName": "bank_balance",
        "BankBalance": 1835,
        "BankName": "PNC",
        "id": 61
      },
      "Text": "Your balance",
      "UnixTime": 1590197627
    },
    {
      "Action": "pick_suggestion",
      "ActionLabel": "bank_inform_balance",
      "ActionLabelOptions": [
        "bank_inform_balance",
        "goodbye_1",
        "ask_name"
      ],
      "Agent": "Wizard",
      "PrimaryItem": {
        "APIName": "bank_balance",
        "BankBalance": 1835,
        "BankName": "PNC",
        "id": 61
      },
      "Text": "Your current balance is 1835 in credit.",
      "UnixTime": 1590197629
    },
    {
      "Action": "utter",
      "Agent": "User",
      "Text": "oh no there must be an issue I should have had at least 2000 in there..I need to file a fraud report",
      "UnixTime": 1590197659
    },
    {
      "Action": "select_task",
      "Agent": "Wizard",
      "PrimaryItem": {
        "APIName": "bank_balance",
        "BankBalance": 1835,
        "BankName": "PNC",
        "id": 61
      },
      "Task": "bank_fraud_report",
      "UnixTime": 1590197665
    },
    {
      "APIName": "bank_fraud_report",
      "Action": "query",
      "Agent": "Wizard",
      "Constraints": [
        {
          "FraudReport": "\"missing money\""
        },
        {
          "BankName": "\"PNC\""
        },
        {
          "FullName": "\"Jane Doe\""
        },
        {
          "DateOfBirth": "\"04/04/1990\""
        }
      ],
      "PrimaryItem": {
        "APIName": "bank_balance",
        "BankBalance": 1835,
        "BankName": "PNC",
        "id": 61
      },
      "UnixTime": 1590197721
    },
    {
      "APIName": "bank_fraud_report",
      "Action": "return_item",
      "Agent": "KnowledgeBase",
      "Item": {
        "APIName": "bank_fraud_report",
        "Message": "You must provide either AccountNumber/FullName/PIN or FullName/DateOfBirth/SecurityAnswer1/SecurityAnswer2. We cannot authenticate the user otherwise."
      },
      "TotalItems": -1
    },
    {
      "Action": "request_suggestions",
      "Agent": "Wizard",
      "PrimaryItem": {
        "APIName": "bank_fraud_report",
        "Message": "You must provide either AccountNumber/FullName/PIN or FullName/DateOfBirth/SecurityAnswer1/SecurityAnswer2. We cannot authenticate the user otherwise."
      },
      "Text": "I'll need additional information in order to authenticate the account to file a fraud report.",
      "UnixTime": 1590197773
    },
    {
      "Action": "utter",
      "Agent": "Wizard",
      "PrimaryItem": {
        "APIName": "bank_fraud_report",
        "Message": "You must provide either AccountNumber/FullName/PIN or FullName/DateOfBirth/SecurityAnswer1/SecurityAnswer2. We cannot authenticate the user otherwise."
      },
      "Text": "I'll need additional information in order to authenticate the account to file a fraud report.",
      "UnixTime": 1590197779
    },
    {
      "Action": "utter",
      "Agent": "User",
      "Text": "There were unauthorized charges on my account so will need to cancel my debit card",
      "UnixTime": 1590197807
    },
    {
      "Action": "instruct",
      "Agent": "UserGuide",
      "Text": "If you haven't yet, it's time to change topic. You can also go back and forth between topics. [instruction 3 of 9]",
      "UnixTime": 1590197807
    },
    {
      "Action": "request_suggestions",
      "Agent": "Wizard",
      "PrimaryItem": {
        "APIName": "bank_fraud_report",
        "Message": "You must provide either AccountNumber/FullName/PIN or FullName/DateOfBirth/SecurityAnswer1/SecurityAnswer2. We cannot authenticate the user otherwise."
      },
      "Text": "What is you ",
      "UnixTime": 1590197848
    },
    {
      "Action": "request_suggestions",
      "Agent": "Wizard",
      "PrimaryItem": {
        "APIName": "bank_fraud_report",
        "Message": "You must provide either AccountNumber/FullName/PIN or FullName/DateOfBirth/SecurityAnswer1/SecurityAnswer2. We cannot authenticate the user otherwise."
      },
      "Text": "Please provide",
      "UnixTime": 1590197865
    },
    {
      "Action": "request_suggestions",
      "Agent": "Wizard",
      "PrimaryItem": {
        "APIName": "bank_fraud_report",
        "Message": "You must provide either AccountNumber/FullName/PIN or FullName/DateOfBirth/SecurityAnswer1/SecurityAnswer2. We cannot authenticate the user otherwise."
      },
      "Text": "Please provide your mother's maiden name.",
      "UnixTime": 1590197883
    },
    {
      "Action": "pick_suggestion",
      "ActionLabel": "bank_ask_mothers_maiden_name",
      "ActionLabelOptions": [
        "bank_ask_mothers_maiden_name",
        "bank_ask_pin",
        "bank_inform_nothing_found"
      ],
      "Agent": "Wizard",
      "PrimaryItem": {
        "APIName": "bank_fraud_report",
        "Message": "You must provide either AccountNumber/FullName/PIN or FullName/DateOfBirth/SecurityAnswer1/SecurityAnswer2. We cannot authenticate the user otherwise."
      },
      "Text": "What was your mother's maiden name?",
      "UnixTime": 1590197886
    },
    {
      "Action": "utter",
      "Agent": "User",
      "Text": "Miller",
      "UnixTime": 1590197900
    },
    {
      "Action": "instruct",
      "Agent": "UserGuide",
      "Text": "If it makes sense, use some negations ('I don't want', or 'anything but ...', etc.) [instruction 4 of 9]",
      "UnixTime": 1590197900
    },
    {
      "Action": "request_suggestions",
      "Agent": "Wizard",
      "PrimaryItem": {
        "APIName": "bank_fraud_report",
        "Message": "You must provide either AccountNumber/FullName/PIN or FullName/DateOfBirth/SecurityAnswer1/SecurityAnswer2. We cannot authenticate the user otherwise."
      },
      "Text": "What was the name of your childhood pet?",
      "UnixTime": 1590197930
    },
    {
      "Action": "pick_suggestion",
      "ActionLabel": "bank_ask_childhood_pets_name",
      "ActionLabelOptions": [
        "bank_ask_childhood_pets_name",
        "goodbye_1",
        "bank_inform_cannot_authenticate"
      ],
      "Agent": "Wizard",
      "PrimaryItem": {
        "APIName": "bank_fraud_report",
        "Message": "You must provide either AccountNumber/FullName/PIN or FullName/DateOfBirth/SecurityAnswer1/SecurityAnswer2. We cannot authenticate the user otherwise."
      },
      "Text": "And what was the name of the pet you had as a child?",
      "UnixTime": 1590197932
    },
    {
      "Action": "utter",
      "Agent": "User",
      "Text": "Molly",
      "UnixTime": 1590197944
    },
    {
      "Action": "instruct",
      "Agent": "UserGuide",
      "Text": "If you like, you can ask for a game of trivia at any point. But don't play more than two rounds. [instruction 5 of 9]",
      "UnixTime": 1590197944
    },
    {
      "APIName": "bank_fraud_report",
      "Action": "query",
      "Agent": "Wizard",
      "Constraints": [
        {
          "FraudReport": "\"unauthorized charges  need to cancel debit card\""
        },
        {
          "BankName": "\"PNC\""
        },
        {
          "FullName": "\"Jane Doe\""
        },
        {
          "DateOfBirth": "\"04/04/1990\""
        },
        {
          "SecurityAnswer1": "\"Miller\""
        },
        {
          "SecurityAnswer2": "\"Molly\""
        }
      ],
      "PrimaryItem": {
        "APIName": "bank_fraud_report",
        "Message": "You must provide either AccountNumber/FullName/PIN or FullName/DateOfBirth/SecurityAnswer1/SecurityAnswer2. We cannot authenticate the user otherwise."
      },
      "UnixTime": 1590197951
    },
    {
      "APIName": "bank_fraud_report",
      "Action": "return_item",
      "Agent": "KnowledgeBase",
      "Item": {
        "APIName": "bank_fraud_report",
        "Confirmation": "Fraud report submitted successfully."
      },
      "TotalItems": -1
    },
    {
      "Action": "request_suggestions",
      "Agent": "Wizard",
      "PrimaryItem": {
        "APIName": "bank_fraud_report",
        "Confirmation": "Fraud report submitted successfully."
      },
      "Text": "Your fraud",
      "UnixTime": 1590197960
    },
    {
      "Action": "pick_suggestion",
      "ActionLabel": "bank_inform_fraud_report_submitted",
      "ActionLabelOptions": [
        "bank_ask_fraud_details",
        "bank_inform_fraud_report_submitted",
        "goodbye_1"
      ],
      "Agent": "Wizard",
      "PrimaryItem": {
        "APIName": "bank_fraud_report",
        "Confirmation": "Fraud report submitted successfully."
      },
      "Text": "Your report has been successfully submitted.\nWe will have a look at the matter ASAP and will contact you with details in due course.",
      "UnixTime": 1590197964
    },
    {
      "Action": "utter",
      "Agent": "User",
      "Text": "thank you now to get me in a better mood I need to go ahead and make a reservation for my husband's birthday. We love Tamarind. Would like to go on Sunday at 5pm",
      "UnixTime": 1590198001
    },
    {
      "Action": "select_task",
      "Agent": "Wizard",
      "PrimaryItem": {
        "APIName": "bank_fraud_report",
        "Confirmation": "Fraud report submitted successfully."
      },
      "Task": "restaurant_book",
      "UnixTime": 1590198014
    },
    {
      "Action": "request_suggestions",
      "Agent": "Wizard",
      "PrimaryItem": {
        "APIName": "bank_fraud_report",
        "Confirmation": "Fraud report submitted successfully."
      },
      "Text": "How many",
      "UnixTime": 1590198059
    },
    {
      "Action": "pick_suggestion",
      "ActionLabel": "restaurant_ask_size",
      "ActionLabelOptions": [
        "restaurant_ask_size",
        "bank_ask_dob",
        "anything_else",
        "out_of_scope",
        "out_of_scope",
        "hello"
      ],
      "Agent": "Wizard",
      "PrimaryItem": {
        "APIName": "bank_fraud_report",
        "Confirmation": "Fraud report submitted successfully."
      },
      "Text": "For how many people should the reservation be made?",
      "UnixTime": 1590198062
    },
    {
      "Action": "utter",
      "Agent": "User",
      "Text": "2",
      "UnixTime": 1590198065
    },
    {
      "Action": "instruct",
      "Agent": "UserGuide",
      "Text": "Keep going :) - don't forget some smalltalk. Perhaps say something related to the first topic you talked about. [instruction 6 of 9]",
      "UnixTime": 1590198065
    },
    {
      "APIName": "restaurant_book",
      "Action": "query",
      "Agent": "Wizard",
      "Constraints": [
        {
          "Name": "\"Tamarind\""
        },
        {
          "Time": "\"5 pm\""
        },
        {
          "PartySize": "2"
        },
        {
          "CustomerName": "\"Jane Doe\""
        },
        {
          "RequestType": "\"Check\""
        }
      ],
      "PrimaryItem": {
        "APIName": "bank_fraud_report",
        "Confirmation": "Fraud report submitted successfully."
      },
      "UnixTime": 1590198073
    },
    {
      "APIName": "restaurant_book",
      "Action": "return_item",
      "Agent": "KnowledgeBase",
      "Item": {
        "APIName": "restaurant_book",
        "Message": "Unavailable",
        "RestaurantName": "Tamarind"
      },
      "TotalItems": -1
    },
    {
      "Action": "request_suggestions",
      "Agent": "Wizard",
      "PrimaryItem": {
        "APIName": "restaurant_book",
        "Message": "Unavailable",
        "RestaurantName": "Tamarind"
      },
      "Text": "There is no availability at that time.  Would you like to reserve for another time?",
      "UnixTime": 1590198123
    },
    {
      "Action": "utter",
      "Agent": "Wizard",
      "PrimaryItem": {
        "APIName": "restaurant_book",
        "Message": "Unavailable",
        "RestaurantName": "Tamarind"
      },
      "Text": "There is no availability at that time.  Would you like to reserve for another time?",
      "UnixTime": 1590198129
    },
    {
      "Action": "utter",
      "Agent": "User",
      "Text": "6",
      "UnixTime": 1590198134
    },
    {
      "APIName": "restaurant_book",
      "Action": "query",
      "Agent": "Wizard",
      "Constraints": [
        {
          "Name": "\"Tamarind\""
        },
        {
          "Time": "\"6 pm\""
        },
        {
          "PartySize": "2"
        },
        {
          "CustomerName": "\"Jane Doe\""
        },
        {
          "RequestType": "\"Check\""
        }
      ],
      "PrimaryItem": {
        "APIName": "restaurant_book",
        "Message": "Unavailable",
        "RestaurantName": "Tamarind"
      },
      "UnixTime": 1590198142
    },
    {
      "APIName": "restaurant_book",
      "Action": "return_item",
      "Agent": "KnowledgeBase",
      "Item": {
        "APIName": "restaurant_book",
        "Message": "Unavailable",
        "RestaurantName": "Tamarind"
      },
      "TotalItems": -1
    },
    {
      "Action": "request_suggestions",
      "Agent": "Wizard",
      "PrimaryItem": {
        "APIName": "restaurant_book",
        "Message": "Unavailable",
        "RestaurantName": "Tamarind"
      },
      "Text": "That is also unavailable.",
      "UnixTime": 1590198163
    },
    {
      "Action": "utter",
      "Agent": "Wizard",
      "PrimaryItem": {
        "APIName": "restaurant_book",
        "Message": "Unavailable",
        "RestaurantName": "Tamarind"
      },
      "Text": "That time is also unavailable.",
      "UnixTime": 1590198187
    },
    {
      "Action": "utter",
      "Agent": "User",
      "Text": "okay what about Saturday at 8",
      "UnixTime": 1590198211
    },
    {
      "Action": "instruct",
      "Agent": "UserGuide",
      "Text": "Keep going until you've covered all the topics (reserving a table at a restaurant, bank balance checking, and bank fraud report). The conversation should continue at least until the last instruction is given. [instruction 7 of 9]",
      "UnixTime": 1590198211
    },
    {
      "APIName": "restaurant_book",
      "Action": "query",
      "Agent": "Wizard",
      "Constraints": [
        {
          "Name": "\"Tamarind\""
        },
        {
          "Time": "\"8 pm\""
        },
        {
          "PartySize": "2"
        },
        {
          "CustomerName": "\"Jane Doe\""
        },
        {
          "RequestType": "\"Check\""
        },
        {
          "Name": "\"Tamarind\""
        }
      ],
      "PrimaryItem": {
        "APIName": "restaurant_book",
        "Message": "Unavailable",
        "RestaurantName": "Tamarind"
      },
      "UnixTime": 1590198248
    },
    {
      "APIName": "restaurant_book",
      "Action": "return_item",
      "Agent": "KnowledgeBase",
      "TotalItems": 0
    },
    {
      "APIName": "restaurant_book",
      "Action": "query",
      "Agent": "Wizard",
      "Constraints": [
        {
          "Name": "\"Tamarind\""
        },
        {
          "Time": "\"8 pm\""
        },
        {
          "PartySize": "2"
        },
        {
          "CustomerName": "\"Jane Doe\""
        },
        {
          "RequestType": "\"Check\""
        }
      ],
      "UnixTime": 1590198263
    },
    {
      "APIName": "restaurant_book",
      "Action": "return_item",
      "Agent": "KnowledgeBase",
      "Item": {
        "APIName": "restaurant_book",
        "Message": "Available",
        "RestaurantName": "Tamarind"
      },
      "TotalItems": -1
    },
    {
      "Action": "request_suggestions",
      "Agent": "Wizard",
      "PrimaryItem": {
        "APIName": "restaurant_book",
        "Message": "Available",
        "RestaurantName": "Tamarind"
      },
      "Text": "That is available.  Shall I book?",
      "UnixTime": 1590198281
    },
    {
      "Action": "pick_suggestion",
      "ActionLabel": "restaurant_ask_confirm_booking",
      "ActionLabelOptions": [
        "restaurant_ask_confirm_booking",
        "restaurant_ask_time",
        "ask_name"
      ],
      "Agent": "Wizard",
      "PrimaryItem": {
        "APIName": "restaurant_book",
        "Message": "Available",
        "RestaurantName": "Tamarind"
      },
      "Text": "Great, the Tamarind is happy to accommodate you.\nCan I confirm your reservation with them?",
      "UnixTime": 1590198301
    },
    {
      "Action": "utter",
      "Agent": "User",
      "Text": "yes please",
      "UnixTime": 1590198307
    },
    {
      "APIName": "restaurant_book",
      "Action": "query",
      "Agent": "Wizard",
      "Constraints": [
        {
          "Name": "\"Tamarind\""
        },
        {
          "Time": "\"8 pm\""
        },
        {
          "PartySize": "2"
        },
        {
          "CustomerName": "\"Jane Doe\""
        },
        {
          "RequestType": "\"Book\""
        }
      ],
      "PrimaryItem": {
        "APIName": "restaurant_book",
        "Message": "Available",
        "RestaurantName": "Tamarind"
      },
      "UnixTime": 1590198312
    },
    {
      "APIName": "restaurant_book",
      "Action": "return_item",
      "Agent": "KnowledgeBase",
      "Item": {
        "APIName": "restaurant_book",
        "ReservationStatus": "Reservation Failed",
        "RestaurantName": "Tamarind"
      },
      "TotalItems": -1
    },
    {
      "APIName": "restaurant_book",
      "Action": "query",
      "Agent": "Wizard",
      "Constraints": [
        {
          "Name": "\"Tamarind\""
        },
        {
          "Time": "\"8 pm\""
        },
        {
          "PartySize": "2"
        },
        {
          "CustomerName": "\"Jane Doe\""
        },
        {
          "RequestType": "\"Book\""
        }
      ],
      "PrimaryItem": {
        "APIName": "restaurant_book",
        "ReservationStatus": "Reservation Failed",
        "RestaurantName": "Tamarind"
      },
      "UnixTime": 1590198318
    },
    {
      "APIName": "restaurant_book",
      "Action": "return_item",
      "Agent": "KnowledgeBase",
      "Item": {
        "APIName": "restaurant_book",
        "ReservationStatus": "Reservation Confirmed",
        "RestaurantName": "Tamarind"
      },
      "TotalItems": -1
    },
    {
      "Action": "request_suggestions",
      "Agent": "Wizard",
      "PrimaryItem": {
        "APIName": "restaurant_book",
        "ReservationStatus": "Reservation Confirmed",
        "RestaurantName": "Tamarind"
      },
      "Text": "The reservation",
      "UnixTime": 1590198332
    },
    {
      "Action": "utter",
      "Agent": "Wizard",
      "PrimaryItem": {
        "APIName": "restaurant_book",
        "ReservationStatus": "Reservation Confirmed",
        "RestaurantName": "Tamarind"
      },
      "Text": "The reservation has been confirmed.  Is there anything else I can help you with?",
      "UnixTime": 1590198369
    },
    {
      "Action": "utter",
      "Agent": "User",
      "Text": "Well now that I am in a little better mood lets try a couple trivia questions",
      "UnixTime": 1590198401
    },
    {
      "Action": "instruct",
      "Agent": "UserGuide",
      "Text": "Almost there. A few more turns. [instruction 8 of 9]",
      "UnixTime": 1590198401
    },
    {
      "Action": "select_task",
      "Agent": "Wizard",
      "PrimaryItem": {
        "APIName": "restaurant_book",
        "ReservationStatus": "Reservation Confirmed",
        "RestaurantName": "Tamarind"
      },
      "Task": "trivia",
      "UnixTime": 1590198410
    },
    {
      "APIName": "trivia",
      "Action": "query",
      "Agent": "Wizard",
      "Constraints": [
        {
          "QuestionNum": "7"
        }
      ],
      "PrimaryItem": {
        "APIName": "restaurant_book",
        "ReservationStatus": "Reservation Confirmed",
        "RestaurantName": "Tamarind"
      },
      "UnixTime": 1590198432
    },
    {
      "APIName": "trivia",
      "Action": "return_item",
      "Agent": "KnowledgeBase",
      "Item": {
        "APIName": "trivia",
        "Answer": "do not iron",
        "Question": "A 300,000 pound wedding dress made of platinum was once exhibited, and in the instructions from the designer was a warning. What was it"
      },
      "TotalItems": -1
    },
    {
      "Action": "request_suggestions",
      "Agent": "Wizard",
      "PrimaryItem": {
        "APIName": "trivia",
        "Answer": "do not iron",
        "Question": "A 300,000 pound wedding dress made of platinum was once exhibited, and in the instructions from the designer was a warning. What was it"
      },
      "Text": "A",
      "UnixTime": 1590198447
    },
    {
      "Action": "pick_suggestion",
      "ActionLabel": "trivia_ask_question",
      "ActionLabelOptions": [
        "trivia_ask_question",
        "trivia_inform_answer_2_ask_next",
        "trivia_bye"
      ],
      "Agent": "Wizard",
      "PrimaryItem": {
        "APIName": "trivia",
        "Answer": "do not iron",
        "Question": "A 300,000 pound wedding dress made of platinum was once exhibited, and in the instructions from the designer was a warning. What was it"
      },
      "Text": "A 300,000 pound wedding dress made of platinum was once exhibited, and in the instructions from the designer was a warning. What was it",
      "UnixTime": 1590198448
    },
    {
      "Action": "utter",
      "Agent": "User",
      "Text": "do not iron",
      "UnixTime": 1590198453
    },
    {
      "Action": "request_suggestions",
      "Agent": "Wizard",
      "PrimaryItem": {
        "APIName": "trivia",
        "Answer": "do not iron",
        "Question": "A 300,000 pound wedding dress made of platinum was once exhibited, and in the instructions from the designer was a warning. What was it"
      },
      "Text": "Correct",
      "UnixTime": 1590198463
    },
    {
      "Action": "pick_suggestion",
      "ActionLabel": "trivia_inform_answer_correct_ask_next",
      "ActionLabelOptions": [
        "trivia_inform_answer_correct_ask_next",
        "out_of_scope",
        "trivia_inform_answer_incorrect_ask_next"
      ],
      "Agent": "Wizard",
      "PrimaryItem": {
        "APIName": "trivia",
        "Answer": "do not iron",
        "Question": "A 300,000 pound wedding dress made of platinum was once exhibited, and in the instructions from the designer was a warning. What was it"
      },
      "Text": "Your answer was correct! Great job! Would you like to continue playing?",
      "UnixTime": 1590198465
    },
    {
      "Action": "utter",
      "Agent": "User",
      "Text": "just a couple more..trying to keep my mind off of those fraud charges",
      "UnixTime": 1590198482
    },
    {
      "APIName": "trivia",
      "Action": "query",
      "Agent": "Wizard",
      "Constraints": [
        {
          "QuestionNum": "8"
        }
      ],
      "PrimaryItem": {
        "APIName": "trivia",
        "Answer": "do not iron",
        "Question": "A 300,000 pound wedding dress made of platinum was once exhibited, and in the instructions from the designer was a warning. What was it"
      },
      "UnixTime": 1590198495
    },
    {
      "APIName": "trivia",
      "Action": "return_item",
      "Agent": "KnowledgeBase",
      "Item": {
        "APIName": "trivia",
        "Answer": "two in the bush",
        "Question": "A bird in the hand is worth ____"
      },
      "TotalItems": -1
    },
    {
      "Action": "request_suggestions",
      "Agent": "Wizard",
      "PrimaryItem": {
        "APIName": "trivia",
        "Answer": "two in the bush",
        "Question": "A bird in the hand is worth ____"
      },
      "Text": "A ",
      "UnixTime": 1590198505
    },
    {
      "Action": "pick_suggestion",
      "ActionLabel": "trivia_ask_question",
      "ActionLabelOptions": [
        "trivia_ask_question",
        "trivia_inform_answer_2_ask_next",
        "trivia_bye"
      ],
      "Agent": "Wizard",
      "PrimaryItem": {
        "APIName": "trivia",
        "Answer": "two in the bush",
        "Question": "A bird in the hand is worth ____"
      },
      "Text": "A bird in the hand is worth ____",
      "UnixTime": 1590198508
    },
    {
      "Action": "utter",
      "Agent": "User",
      "Text": "2 in the bush. My grandma said that all the time",
      "UnixTime": 1590198528
    },
    {
      "Action": "instruct",
      "Agent": "UserGuide",
      "Text": "Ok, once you've touched on all the topics (restaurant, bank balance checking, and bank fraud report) and engaged in some smalltalk, you can bring the conversation to a natural close. [instruction 9 of 9]",
      "UnixTime": 1590198528
    },
    {
      "Action": "request_suggestions",
      "Agent": "Wizard",
      "PrimaryItem": {
        "APIName": "trivia",
        "Answer": "two in the bush",
        "Question": "A bird in the hand is worth ____"
      },
      "Text": "Cor",
      "UnixTime": 1590198535
    },
    {
      "Action": "request_suggestions",
      "Agent": "Wizard",
      "PrimaryItem": {
        "APIName": "trivia",
        "Answer": "two in the bush",
        "Question": "A bird in the hand is worth ____"
      },
      "Text": "Correct",
      "UnixTime": 1590198542
    },
    {
      "Action": "pick_suggestion",
      "ActionLabel": "trivia_inform_answer_correct_ask_next",
      "ActionLabelOptions": [
        "trivia_inform_answer_correct_ask_next",
        "out_of_scope",
        "trivia_inform_answer_incorrect_ask_next"
      ],
      "Agent": "Wizard",
      "PrimaryItem": {
        "APIName": "trivia",
        "Answer": "two in the bush",
        "Question": "A bird in the hand is worth ____"
      },
      "Text": "Your answer was correct! Great job! Would you like to continue playing?",
      "UnixTime": 1590198545
    },
    {
      "Action": "utter",
      "Agent": "User",
      "Text": "nah I gotta get dinner started thanks for everything",
      "UnixTime": 1590198556
    },
    {
      "Action": "request_suggestions",
      "Agent": "Wizard",
      "PrimaryItem": {
        "APIName": "trivia",
        "Answer": "two in the bush",
        "Question": "A bird in the hand is worth ____"
      },
      "Text": "Thank you and goodbye.",
      "UnixTime": 1590198570
    },
    {
      "Action": "pick_suggestion",
      "ActionLabel": "trivia_bye",
      "ActionLabelOptions": [
        "trivia_bye",
        "anything_else",
        "trivia_inform_nothing_found"
      ],
      "Agent": "Wizard",
      "PrimaryItem": {
        "APIName": "trivia",
        "Answer": "two in the bush",
        "Question": "A bird in the hand is worth ____"
      },
      "Text": "Nice playing with you, bye!",
      "UnixTime": 1590198573
    },
    {
      "Action": "complete",
      "Agent": "User",
      "UnixTime": 1590198577
    }
  ],
  "FORMAT-VERSION": 7,
  "IntroducesConflicts": false,
  "Scenario": {
    "Domains": [
      "bank",
      "restaurant",
      "trivia"
    ],
    "Happy": false,
    "MultiTask": true,
    "UserTask": "Come up with your own scenario!\n\nAbout you:\n- Your name: Jane Doe\n- Your bank account: 95381901 at Wells Fargo, but you don't know your PIN\n- Your date of birth is 04/04/1990\n- Your mother's maiden name is Miller\n- Your childhood pet is Molly\n- Today is Friday the 9th of June, 4 pm\n\n The AI Assistant can handle:\n- Checking bank balance\n- Filing a bank fraud report\n- Reserving a table at a restaurant (e.g. Tamarind or The Porch) for today\n- A game of trivia",
    "WizardCapabilities": [
      {
        "Domain": "restaurant",
        "SchemaImage": "restaurant_book.jpg",
        "Task": "restaurant_book"
      },
      {
        "Domain": "bank",
        "SchemaImage": "bank_balance.jpg",
        "Task": "bank_balance"
      },
      {
        "Domain": "bank",
        "SchemaImage": "bank_fraud_report.jpg",
        "Task": "bank_fraud_report"
      },
      {
        "Domain": "trivia",
        "SchemaImage": "trivia.jpg",
        "Task": "trivia"
      }
    ],
    "WizardTask": "Follow the flow charts and help the user. Assume:\n\n- Today is Friday the 9th of June, 4 pm"
  },
  "UserQuestionnaire": [
    {
      "Answer": true,
      "Question": "Did the assistant stay calm and helpful throughout the dialogue?"
    }
  ],
  "WizardQuestionnaire": [
    {
      "Answer": false,
      "Question": "Did the user change his/her mind about what he/she wants at any time?"
    },
    {
      "Answer": false,
      "Question": "Did the user become aggressive or annoyed during the dialogue? (Note: some users may be instructed to be annoying.)"
    },
    {
      "Answer": false,
      "Question": "Where you unsure about what to do at any time? (Feel free to send us an email with details.)"
    }
  ]
}