{
  "AnonymizedUserWorkerID": "66c768ec-c1a7-affc-8806-fa55a561e851",
  "AnonymizedWizardWorkerID": "6ca4ce6b-c601-d2e3-da9b-d5b12a7ad9d7",
  "BatchID": "woz_1590168497",
  "CompletionLevel": "Complete",
  "DialogueID": 5519,
  "Events": [
    {
      "Action": "instruct",
      "Agent": "UserGuide",
      "Text": "Use your imagination to generate a conversation about the topics 'Find apartment', 'Schedule apartment viewing' and 'Calling a ride' (in any order), as shown on the left. You may also ask the assistant to check the weather.  [instruction 1 of 8]",
      "UnixTime": 1590196121
    },
    {
      "Action": "utter",
      "Agent": "User",
      "Text": "hello",
      "UnixTime": 1590196133
    },
    {
      "Action": "request_suggestions",
      "Agent": "Wizard",
      "Text": "hi",
      "UnixTime": 1590196138
    },
    {
      "Action": "pick_suggestion",
      "ActionLabel": "hello",
      "ActionLabelOptions": [
        "hello",
        "apartment_ask_balcony",
        "apartment_ask_floor"
      ],
      "Agent": "Wizard",
      "Text": "Hello, how can I help?",
      "UnixTime": 1590196141
    },
    {
      "Action": "utter",
      "Agent": "User",
      "Text": "yes i need some help finding some apartments ",
      "UnixTime": 1590196178
    },
    {
      "Action": "instruct",
      "Agent": "UserGuide",
      "Text": "You may attempt to do some smalltalk with the AI Assistant at any time. [instruction 2 of 8]",
      "UnixTime": 1590196178
    },
    {
      "Action": "request_suggestions",
      "Agent": "Wizard",
      "Text": "criteria",
      "UnixTime": 1590196194
    },
    {
      "Action": "pick_suggestion",
      "ActionLabel": "apartment_ask_nearby_pois",
      "ActionLabelOptions": [
        "apartment_inform_nothing_found",
        "goodbye_2",
        "apartment_ask_nearby_pois"
      ],
      "Agent": "Wizard",
      "Text": "Are you looking for an apartment near specific surroundings?",
      "UnixTime": 1590196209
    },
    {
      "Action": "utter",
      "Agent": "User",
      "Text": "yes i would love one on the North part of town. ",
      "UnixTime": 1590196267
    },
    {
      "APIName": "apartment_search",
      "Action": "query",
      "Agent": "Wizard",
      "Constraints": [
        {
          "NearbyPOIs": "api.contains(\"School\")"
        },
        {
          "Price": "1500"
        },
        {
          "HasBalcony": "True"
        },
        {
          "Name": "api.is_equal_to(\"One on Center Apartments\")"
        }
      ],
      "UnixTime": 1590196280
    },
    {
      "APIName": "apartment_search",
      "Action": "return_item",
      "Agent": "KnowledgeBase",
      "TotalItems": 0
    },
    {
      "APIName": "apartment_search",
      "Action": "query",
      "Agent": "Wizard",
      "Constraints": [
        {
          "NearbyPOIs": "api.contains(\"University\")"
        },
        {
          "Price": "1500"
        },
        {
          "HasBalcony": "True"
        },
        {
          "Name": "api.is_equal_to(\"One on Center Apartments\")"
        }
      ],
      "UnixTime": 1590196287
    },
    {
      "APIName": "apartment_search",
      "Action": "return_item",
      "Agent": "KnowledgeBase",
      "TotalItems": 0
    },
    {
      "APIName": "apartment_search",
      "Action": "query",
      "Agent": "Wizard",
      "Constraints": [
        {
          "NearbyPOIs": "api.contains(\"University\")"
        },
        {
          "Price": "1500"
        },
        {
          "Name": "api.is_equal_to(\"One on Center Apartments\")"
        }
      ],
      "UnixTime": 1590196292
    },
    {
      "APIName": "apartment_search",
      "Action": "return_item",
      "Agent": "KnowledgeBase",
      "TotalItems": 0
    },
    {
      "APIName": "apartment_search",
      "Action": "query",
      "Agent": "Wizard",
      "Constraints": [
        {
          "NearbyPOIs": "api.contains(\"University\")"
        },
        {
          "Price": "1500"
        }
      ],
      "UnixTime": 1590196295
    },
    {
      "APIName": "apartment_search",
      "Action": "return_item",
      "Agent": "KnowledgeBase",
      "TotalItems": 0
    },
    {
      "APIName": "apartment_search",
      "Action": "query",
      "Agent": "Wizard",
      "Constraints": [
        {
          "Price": "5000"
        },
        {
          "Level": "15"
        }
      ],
      "UnixTime": 1590196322
    },
    {
      "APIName": "apartment_search",
      "Action": "return_item",
      "Agent": "KnowledgeBase",
      "TotalItems": 0
    },
    {
      "Action": "select_task",
      "Agent": "Wizard",
      "Task": "apartment_schedule",
      "UnixTime": 1590196326
    },
    {
      "Action": "select_task",
      "Agent": "Wizard",
      "Task": "apartment_search",
      "UnixTime": 1590196330
    },
    {
      "APIName": "apartment_search",
      "Action": "query",
      "Agent": "Wizard",
      "Constraints": [
        {
          "Price": "5000"
        },
        {
          "Level": "15"
        },
        {
          "NumRooms": "3"
        }
      ],
      "UnixTime": 1590196340
    },
    {
      "APIName": "apartment_search",
      "Action": "return_item",
      "Agent": "KnowledgeBase",
      "TotalItems": 0
    },
    {
      "APIName": "apartment_search",
      "Action": "query",
      "Agent": "Wizard",
      "Constraints": [
        {
          "Price": "5000"
        },
        {
          "Level": "15"
        },
        {
          "NumRooms": "3"
        },
        {
          "Name": "\"North Hill Apartments\""
        }
      ],
      "UnixTime": 1590196350
    },
    {
      "APIName": "apartment_search",
      "Action": "return_item",
      "Agent": "KnowledgeBase",
      "TotalItems": 0
    },
    {
      "APIName": "apartment_search",
      "Action": "query",
      "Agent": "Wizard",
      "Constraints": [
        {
          "Price": "5000"
        },
        {
          "Level": "15"
        },
        {
          "NumRooms": "2"
        },
        {
          "Name": "\"North Hill Apartments\""
        }
      ],
      "UnixTime": 1590196355
    },
    {
      "APIName": "apartment_search",
      "Action": "return_item",
      "Agent": "KnowledgeBase",
      "TotalItems": 0
    },
    {
      "APIName": "apartment_search",
      "Action": "query",
      "Agent": "Wizard",
      "Constraints": [
        {
          "Price": "5000"
        },
        {
          "NumRooms": "2"
        },
        {
          "Name": "\"North Hill Apartments\""
        }
      ],
      "UnixTime": 1590196360
    },
    {
      "APIName": "apartment_search",
      "Action": "return_item",
      "Agent": "KnowledgeBase",
      "TotalItems": 0
    },
    {
      "APIName": "apartment_search",
      "Action": "query",
      "Agent": "Wizard",
      "Constraints": [
        {
          "NumRooms": "2"
        },
        {
          "Name": "\"North Hill Apartments\""
        }
      ],
      "UnixTime": 1590196363
    },
    {
      "APIName": "apartment_search",
      "Action": "return_item",
      "Agent": "KnowledgeBase",
      "Item": {
        "APIName": "apartment_search",
        "BalconySide": "north",
        "FloorSquareMeters": 100,
        "HasBalcony": true,
        "HasElevator": false,
        "Level": 8,
        "MaxLevel": 11,
        "Name": "North Hill Apartments",
        "NearbyPOIs": [
          "Park",
          "User's office"
        ],
        "NumRooms": 2,
        "Price": 1239,
        "id": 607
      },
      "TotalItems": 43
    },
    {
      "Action": "request_suggestions",
      "Agent": "Wizard",
      "PrimaryItem": {
        "APIName": "apartment_search",
        "BalconySide": "north",
        "FloorSquareMeters": 100,
        "HasBalcony": true,
        "HasElevator": false,
        "Level": 8,
        "MaxLevel": 11,
        "Name": "North Hill Apartments",
        "NearbyPOIs": [
          "Park",
          "User's office"
        ],
        "NumRooms": 2,
        "Price": 1239,
        "id": 607
      },
      "Text": "north hills apartment 2 rooms",
      "UnixTime": 1590196379
    },
    {
      "Action": "pick_suggestion",
      "ActionLabel": "apartment_inform_search_result",
      "ActionLabelOptions": [
        "apartment_inform_search_result",
        "hello",
        "apartment_ask_balcony"
      ],
      "Agent": "Wizard",
      "PrimaryItem": {
        "APIName": "apartment_search",
        "BalconySide": "north",
        "FloorSquareMeters": 100,
        "HasBalcony": true,
        "HasElevator": false,
        "Level": 8,
        "MaxLevel": 11,
        "Name": "North Hill Apartments",
        "NearbyPOIs": [
          "Park",
          "User's office"
        ],
        "NumRooms": 2,
        "Price": 1239,
        "id": 607
      },
      "Text": "OK, I found a free flat in North Hill Apartments, located near a Park and a User's office, that is matching your search criteria.\nIt is on level 8, has 100 square meters and 2 bedrooms.\nIt has a north facing balcony and does not have an elevator, and comes at the price of 1239 per month.",
      "UnixTime": 1590196381
    },
    {
      "Action": "utter",
      "Agent": "User",
      "Text": "can you find a 3 bedroom on the North part of town ",
      "UnixTime": 1590196419
    },
    {
      "Action": "select_task",
      "Agent": "Wizard",
      "PrimaryItem": {
        "APIName": "apartment_search",
        "BalconySide": "north",
        "FloorSquareMeters": 100,
        "HasBalcony": true,
        "HasElevator": false,
        "Level": 8,
        "MaxLevel": 11,
        "Name": "North Hill Apartments",
        "NearbyPOIs": [
          "Park",
          "User's office"
        ],
        "NumRooms": 2,
        "Price": 1239,
        "id": 607
      },
      "Task": "apartment_schedule",
      "UnixTime": 1590196419
    },
    {
      "Action": "select_task",
      "Agent": "Wizard",
      "PrimaryItem": {
        "APIName": "apartment_search",
        "BalconySide": "north",
        "FloorSquareMeters": 100,
        "HasBalcony": true,
        "HasElevator": false,
        "Level": 8,
        "MaxLevel": 11,
        "Name": "North Hill Apartments",
        "NearbyPOIs": [
          "Park",
          "User's office"
        ],
        "NumRooms": 2,
        "Price": 1239,
        "id": 607
      },
      "Task": "apartment_search",
      "UnixTime": 1590196424
    },
    {
      "APIName": "apartment_search",
      "Action": "query",
      "Agent": "Wizard",
      "Constraints": [
        {
          "NumRooms": "3"
        },
        {
          "Name": "\"North Hill Apartments\""
        }
      ],
      "PrimaryItem": {
        "APIName": "apartment_search",
        "BalconySide": "north",
        "FloorSquareMeters": 100,
        "HasBalcony": true,
        "HasElevator": false,
        "Level": 8,
        "MaxLevel": 11,
        "Name": "North Hill Apartments",
        "NearbyPOIs": [
          "Park",
          "User's office"
        ],
        "NumRooms": 2,
        "Price": 1239,
        "id": 607
      },
      "UnixTime": 1590196427
    },
    {
      "APIName": "apartment_search",
      "Action": "return_item",
      "Agent": "KnowledgeBase",
      "Item": {
        "APIName": "apartment_search",
        "FloorSquareMeters": 147,
        "HasBalcony": false,
        "HasElevator": true,
        "Level": 2,
        "MaxLevel": 3,
        "Name": "North Hill Apartments",
        "NearbyPOIs": [
          "School",
          "Museum"
        ],
        "NumRooms": 3,
        "Price": 1026,
        "id": 794
      },
      "TotalItems": 51
    },
    {
      "Action": "request_suggestions",
      "Agent": "Wizard",
      "PrimaryItem": {
        "APIName": "apartment_search",
        "FloorSquareMeters": 147,
        "HasBalcony": false,
        "HasElevator": true,
        "Level": 2,
        "MaxLevel": 3,
        "Name": "North Hill Apartments",
        "NearbyPOIs": [
          "School",
          "Museum"
        ],
        "NumRooms": 3,
        "Price": 1026,
        "id": 794
      },
      "Text": "north hill 3 bedrooms",
      "UnixTime": 1590196441
    },
    {
      "Action": "pick_suggestion",
      "ActionLabel": "apartment_inform_search_result",
      "ActionLabelOptions": [
        "apartment_inform_search_result",
        "apartment_ask_balcony",
        "apartment_ask_num_bedrooms"
      ],
      "Agent": "Wizard",
      "PrimaryItem": {
        "APIName": "apartment_search",
        "FloorSquareMeters": 147,
        "HasBalcony": false,
        "HasElevator": true,
        "Level": 2,
        "MaxLevel": 3,
        "Name": "North Hill Apartments",
        "NearbyPOIs": [
          "School",
          "Museum"
        ],
        "NumRooms": 3,
        "Price": 1026,
        "id": 794
      },
      "Text": "OK, I found a free flat in North Hill Apartments, located near a School and a Museum, that is matching your search criteria.\nIt is on level 2, has 147 square meters and 3 bedrooms.\nIt does not have a balcony and has an elevator, and comes at the price of 1026 per month.",
      "UnixTime": 1590196444
    },
    {
      "Action": "utter",
      "Agent": "User",
      "Text": "okay great ",
      "UnixTime": 1590196475
    },
    {
      "Action": "instruct",
      "Agent": "UserGuide",
      "Text": "If you haven't yet, it's time to change topic. You can also go back and forth between topics. [instruction 3 of 8]",
      "UnixTime": 1590196475
    },
    {
      "Action": "select_task",
      "Agent": "Wizard",
      "PrimaryItem": {
        "APIName": "apartment_search",
        "FloorSquareMeters": 147,
        "HasBalcony": false,
        "HasElevator": true,
        "Level": 2,
        "MaxLevel": 3,
        "Name": "North Hill Apartments",
        "NearbyPOIs": [
          "School",
          "Museum"
        ],
        "NumRooms": 3,
        "Price": 1026,
        "id": 794
      },
      "Task": "apartment_schedule",
      "UnixTime": 1590196475
    },
    {
      "Action": "select_task",
      "Agent": "Wizard",
      "PrimaryItem": {
        "APIName": "apartment_search",
        "FloorSquareMeters": 147,
        "HasBalcony": false,
        "HasElevator": true,
        "Level": 2,
        "MaxLevel": 3,
        "Name": "North Hill Apartments",
        "NearbyPOIs": [
          "School",
          "Museum"
        ],
        "NumRooms": 3,
        "Price": 1026,
        "id": 794
      },
      "Task": "ride_book",
      "UnixTime": 1590196475
    },
    {
      "Action": "select_task",
      "Agent": "Wizard",
      "PrimaryItem": {
        "APIName": "apartment_search",
        "FloorSquareMeters": 147,
        "HasBalcony": false,
        "HasElevator": true,
        "Level": 2,
        "MaxLevel": 3,
        "Name": "North Hill Apartments",
        "NearbyPOIs": [
          "School",
          "Museum"
        ],
        "NumRooms": 3,
        "Price": 1026,
        "id": 794
      },
      "Task": "apartment_schedule",
      "UnixTime": 1590196476
    },
    {
      "Action": "request_suggestions",
      "Agent": "Wizard",
      "PrimaryItem": {
        "APIName": "apartment_search",
        "FloorSquareMeters": 147,
        "HasBalcony": false,
        "HasElevator": true,
        "Level": 2,
        "MaxLevel": 3,
        "Name": "North Hill Apartments",
        "NearbyPOIs": [
          "School",
          "Museum"
        ],
        "NumRooms": 3,
        "Price": 1026,
        "id": 794
      },
      "Text": "May I have your bame",
      "UnixTime": 1590196484
    },
    {
      "Action": "pick_suggestion",
      "ActionLabel": "ask_name",
      "ActionLabelOptions": [
        "hello",
        "ask_name",
        "apartment_ask_price",
        "apartment_ask_application_fee_paid",
        "apartment_ask_nearby_pois",
        "apartment_ask_end_time"
      ],
      "Agent": "Wizard",
      "PrimaryItem": {
        "APIName": "apartment_search",
        "FloorSquareMeters": 147,
        "HasBalcony": false,
        "HasElevator": true,
        "Level": 2,
        "MaxLevel": 3,
        "Name": "North Hill Apartments",
        "NearbyPOIs": [
          "School",
          "Museum"
        ],
        "NumRooms": 3,
        "Price": 1026,
        "id": 794
      },
      "Text": "Could you give me your name, please?",
      "UnixTime": 1590196486
    },
    {
      "Action": "utter",
      "Agent": "User",
      "Text": "Mark ",
      "UnixTime": 1590196498
    },
    {
      "Action": "request_suggestions",
      "Agent": "Wizard",
      "PrimaryItem": {
        "APIName": "apartment_search",
        "FloorSquareMeters": 147,
        "HasBalcony": false,
        "HasElevator": true,
        "Level": 2,
        "MaxLevel": 3,
        "Name": "North Hill Apartments",
        "NearbyPOIs": [
          "School",
          "Museum"
        ],
        "NumRooms": 3,
        "Price": 1026,
        "id": 794
      },
      "Text": "What day for viewing?",
      "UnixTime": 1590196535
    },
    {
      "Action": "pick_suggestion",
      "ActionLabel": "apartment_ask_day",
      "ActionLabelOptions": [
        "apartment_ask_day",
        "apartment_ask_price",
        "apartment_ask_nearby_pois",
        "apartment_ask_balcony",
        "hello",
        "out_of_scope"
      ],
      "Agent": "Wizard",
      "PrimaryItem": {
        "APIName": "apartment_search",
        "FloorSquareMeters": 147,
        "HasBalcony": false,
        "HasElevator": true,
        "Level": 2,
        "MaxLevel": 3,
        "Name": "North Hill Apartments",
        "NearbyPOIs": [
          "School",
          "Museum"
        ],
        "NumRooms": 3,
        "Price": 1026,
        "id": 794
      },
      "Text": "What day would you like to make the booking for?",
      "UnixTime": 1590196539
    },
    {
      "Action": "utter",
      "Agent": "User",
      "Text": "Could you tell me what the weather in New York on Saturday the 23th ",
      "UnixTime": 1590196602
    },
    {
      "Action": "select_task",
      "Agent": "Wizard",
      "PrimaryItem": {
        "APIName": "apartment_search",
        "FloorSquareMeters": 147,
        "HasBalcony": false,
        "HasElevator": true,
        "Level": 2,
        "MaxLevel": 3,
        "Name": "North Hill Apartments",
        "NearbyPOIs": [
          "School",
          "Museum"
        ],
        "NumRooms": 3,
        "Price": 1026,
        "id": 794
      },
      "Task": "weather",
      "UnixTime": 1590196609
    },
    {
      "APIName": "weather",
      "Action": "query",
      "Agent": "Wizard",
      "Constraints": [
        {
          "Day": "\"Saturday\""
        },
        {
          "City": "\"New York City\""
        }
      ],
      "PrimaryItem": {
        "APIName": "apartment_search",
        "FloorSquareMeters": 147,
        "HasBalcony": false,
        "HasElevator": true,
        "Level": 2,
        "MaxLevel": 3,
        "Name": "North Hill Apartments",
        "NearbyPOIs": [
          "School",
          "Museum"
        ],
        "NumRooms": 3,
        "Price": 1026,
        "id": 794
      },
      "UnixTime": 1590196619
    },
    {
      "APIName": "weather",
      "Action": "return_item",
      "Agent": "KnowledgeBase",
      "Item": {
        "APIName": "weather",
        "City": "New York City",
        "Day": "Saturday",
        "TemperatureCelsius": 9,
        "Weather": "Partly Cloudy",
        "id": 579
      },
      "TotalItems": -1
    },
    {
      "Action": "request_suggestions",
      "Agent": "Wizard",
      "PrimaryItem": {
        "APIName": "weather",
        "City": "New York City",
        "Day": "Saturday",
        "TemperatureCelsius": 9,
        "Weather": "Partly Cloudy",
        "id": 579
      },
      "Text": "partly cloudy",
      "UnixTime": 1590196626
    },
    {
      "Action": "pick_suggestion",
      "ActionLabel": "weather_inform_forecast",
      "ActionLabelOptions": [
        "weather_inform_forecast",
        "weather_ask_location",
        "goodbye_1"
      ],
      "Agent": "Wizard",
      "PrimaryItem": {
        "APIName": "weather",
        "City": "New York City",
        "Day": "Saturday",
        "TemperatureCelsius": 9,
        "Weather": "Partly Cloudy",
        "id": 579
      },
      "Text": "It will be Partly Cloudy all day on Saturday in New York City, with temperatures of around 9 degrees celsius.",
      "UnixTime": 1590196628
    },
    {
      "Action": "utter",
      "Agent": "User",
      "Text": "Okay i would like to book my viewing for Saturday 23th please",
      "UnixTime": 1590196706
    },
    {
      "Action": "select_task",
      "Agent": "Wizard",
      "PrimaryItem": {
        "APIName": "weather",
        "City": "New York City",
        "Day": "Saturday",
        "TemperatureCelsius": 9,
        "Weather": "Partly Cloudy",
        "id": 579
      },
      "Task": "apartment_schedule",
      "UnixTime": 1590196711
    },
    {
      "Action": "request_suggestions",
      "Agent": "Wizard",
      "PrimaryItem": {
        "APIName": "weather",
        "City": "New York City",
        "Day": "Saturday",
        "TemperatureCelsius": 9,
        "Weather": "Partly Cloudy",
        "id": 579
      },
      "Text": "time?",
      "UnixTime": 1590196718
    },
    {
      "Action": "pick_suggestion",
      "ActionLabel": "apartment_ask_start_time",
      "ActionLabelOptions": [
        "weather_ask_day",
        "apartment_ask_end_time",
        "weather_ask_location",
        "apartment_inform_viewing_unavailable",
        "apartment_ask_start_time",
        "out_of_scope"
      ],
      "Agent": "Wizard",
      "PrimaryItem": {
        "APIName": "weather",
        "City": "New York City",
        "Day": "Saturday",
        "TemperatureCelsius": 9,
        "Weather": "Partly Cloudy",
        "id": 579
      },
      "Text": "When would you like the viewing to start?",
      "UnixTime": 1590196724
    },
    {
      "Action": "utter",
      "Agent": "User",
      "Text": "at 2 pm ",
      "UnixTime": 1590196734
    },
    {
      "Action": "instruct",
      "Agent": "UserGuide",
      "Text": "If it makes sense, use some negations ('I don't want', or 'anything but ...', etc.) [instruction 4 of 8]",
      "UnixTime": 1590196734
    },
    {
      "Action": "request_suggestions",
      "Agent": "Wizard",
      "PrimaryItem": {
        "APIName": "weather",
        "City": "New York City",
        "Day": "Saturday",
        "TemperatureCelsius": 9,
        "Weather": "Partly Cloudy",
        "id": 579
      },
      "Text": "app fee paid?",
      "UnixTime": 1590196761
    },
    {
      "Action": "pick_suggestion",
      "ActionLabel": "apartment_ask_application_fee_paid",
      "ActionLabelOptions": [
        "apartment_ask_application_fee_paid",
        "out_of_scope",
        "weather_ask_location",
        "weather_inform_nothing_found",
        "apartment_ask_end_time",
        "anything_else"
      ],
      "Agent": "Wizard",
      "PrimaryItem": {
        "APIName": "weather",
        "City": "New York City",
        "Day": "Saturday",
        "TemperatureCelsius": 9,
        "Weather": "Partly Cloudy",
        "id": 579
      },
      "Text": "Have you already paid the application fee for the apartment?",
      "UnixTime": 1590196767
    },
    {
      "Action": "utter",
      "Agent": "User",
      "Text": "i just want to view it to see if i like it first",
      "UnixTime": 1590196789
    },
    {
      "APIName": "apartment_schedule",
      "Action": "query",
      "Agent": "Wizard",
      "Constraints": [
        {
          "Name": "\"North Hill Apartments\""
        },
        {
          "RenterName": "\"mark\""
        },
        {
          "Day": "\"Saturday\""
        },
        {
          "StartTimeHour": "api.is_equal_to(\"12 am\")"
        },
        {
          "ApplicationFeePaid": "\"No\""
        },
        {
          "RequestType": "\"Check\""
        }
      ],
      "PrimaryItem": {
        "APIName": "weather",
        "City": "New York City",
        "Day": "Saturday",
        "TemperatureCelsius": 9,
        "Weather": "Partly Cloudy",
        "id": 579
      },
      "UnixTime": 1590196799
    },
    {
      "APIName": "apartment_schedule",
      "Action": "return_item",
      "Agent": "KnowledgeBase",
      "Item": {
        "APIName": "apartment_schedule",
        "Message": "The time slot is available."
      },
      "TotalItems": -1
    },
    {
      "APIName": "apartment_schedule",
      "Action": "query",
      "Agent": "Wizard",
      "Constraints": [
        {
          "Name": "\"North Hill Apartments\""
        },
        {
          "RenterName": "\"mark\""
        },
        {
          "Day": "\"Saturday\""
        },
        {
          "StartTimeHour": "\"2 pm\""
        },
        {
          "ApplicationFeePaid": "\"No\""
        },
        {
          "RequestType": "\"Check\""
        }
      ],
      "PrimaryItem": {
        "APIName": "apartment_schedule",
        "Message": "The time slot is available."
      },
      "UnixTime": 1590196805
    },
    {
      "APIName": "apartment_schedule",
      "Action": "return_item",
      "Agent": "KnowledgeBase",
      "Item": {
        "APIName": "apartment_schedule",
        "Message": "That time is unavailable. Please try another time."
      },
      "TotalItems": -1
    },
    {
      "APIName": "apartment_schedule",
      "Action": "query",
      "Agent": "Wizard",
      "Constraints": [
        {
          "Name": "\"North Hill Apartments\""
        },
        {
          "RenterName": "\"mark\""
        },
        {
          "Day": "\"Saturday\""
        },
        {
          "StartTimeHour": "\"3 pm\""
        },
        {
          "ApplicationFeePaid": "\"No\""
        },
        {
          "RequestType": "\"Check\""
        }
      ],
      "PrimaryItem": {
        "APIName": "apartment_schedule",
        "Message": "That time is unavailable. Please try another time."
      },
      "UnixTime": 1590196812
    },
    {
      "APIName": "apartment_schedule",
      "Action": "return_item",
      "Agent": "KnowledgeBase",
      "Item": {
        "APIName": "apartment_schedule",
        "Message": "The time slot is available."
      },
      "TotalItems": -1
    },
    {
      "APIName": "apartment_schedule",
      "Action": "query",
      "Agent": "Wizard",
      "Constraints": [
        {
          "Name": "\"North Hill Apartments\""
        },
        {
          "RenterName": "\"mark\""
        },
        {
          "Day": "\"Saturday\""
        },
        {
          "StartTimeHour": "\"3 pm\""
        },
        {
          "ApplicationFeePaid": "\"No\""
        },
        {
          "RequestType": "\"Book\""
        }
      ],
      "PrimaryItem": {
        "APIName": "apartment_schedule",
        "Message": "The time slot is available."
      },
      "UnixTime": 1590196819
    },
    {
      "APIName": "apartment_schedule",
      "Action": "return_item",
      "Agent": "KnowledgeBase",
      "Item": {
        "APIName": "apartment_schedule",
        "Message": "Your apartment viewing has been successfuly scheduled. Please bring Proof of Income and SCHUFA certificate with you."
      },
      "TotalItems": -1
    },
    {
      "Action": "request_suggestions",
      "Agent": "Wizard",
      "PrimaryItem": {
        "APIName": "apartment_schedule",
        "Message": "Your apartment viewing has been successfuly scheduled. Please bring Proof of Income and SCHUFA certificate with you."
      },
      "Text": "viewing scheduled",
      "UnixTime": 1590196833
    },
    {
      "Action": "pick_suggestion",
      "ActionLabel": "apartment_inform_booking_successful",
      "ActionLabelOptions": [
        "apartment_inform_viewing_available",
        "apartment_inform_booking_successful",
        "apartment_ask_custom_message"
      ],
      "Agent": "Wizard",
      "PrimaryItem": {
        "APIName": "apartment_schedule",
        "Message": "Your apartment viewing has been successfuly scheduled. Please bring Proof of Income and SCHUFA certificate with you."
      },
      "Text": "Excellent, the viewing is scheduled now!",
      "UnixTime": 1590196838
    },
    {
      "Action": "utter",
      "Agent": "User",
      "Text": "thank you i forgot to say i would like to view the 3 bedroom not the 2",
      "UnixTime": 1590196873
    },
    {
      "Action": "instruct",
      "Agent": "UserGuide",
      "Text": "Keep going :) - don't forget some smalltalk. Perhaps say something related to the first topic you talked about. [instruction 5 of 8]",
      "UnixTime": 1590196873
    },
    {
      "Action": "select_task",
      "Agent": "Wizard",
      "PrimaryItem": {
        "APIName": "apartment_schedule",
        "Message": "Your apartment viewing has been successfuly scheduled. Please bring Proof of Income and SCHUFA certificate with you."
      },
      "Task": "apartment_search",
      "UnixTime": 1590196885
    },
    {
      "Action": "request_suggestions",
      "Agent": "Wizard",
      "PrimaryItem": {
        "APIName": "apartment_schedule",
        "Message": "Your apartment viewing has been successfuly scheduled. Please bring Proof of Income and SCHUFA certificate with you."
      },
      "Text": "No worries! I scheduled the viewing for 3 bedrooms like you requested. ",
      "UnixTime": 1590196921
    },
    {
      "Action": "utter",
      "Agent": "Wizard",
      "PrimaryItem": {
        "APIName": "apartment_schedule",
        "Message": "Your apartment viewing has been successfuly scheduled. Please bring Proof of Income and SCHUFA certificate with you."
      },
      "Text": "No worries! I scheduled the viewing for 3 bedrooms like you requested. ",
      "UnixTime": 1590196925
    },
    {
      "Action": "utter",
      "Agent": "User",
      "Text": "great",
      "UnixTime": 1590196931
    },
    {
      "Action": "request_suggestions",
      "Agent": "Wizard",
      "PrimaryItem": {
        "APIName": "apartment_schedule",
        "Message": "Your apartment viewing has been successfuly scheduled. Please bring Proof of Income and SCHUFA certificate with you."
      },
      "Text": "anything else?",
      "UnixTime": 1590196939
    },
    {
      "Action": "pick_suggestion",
      "ActionLabel": "anything_else",
      "ActionLabelOptions": [
        "anything_else",
        "anything_else",
        "apartment_ask_nearby_pois",
        "apartment_inform_nothing_found",
        "apartment_ask_application_fee_paid",
        "goodbye_2"
      ],
      "Agent": "Wizard",
      "PrimaryItem": {
        "APIName": "apartment_schedule",
        "Message": "Your apartment viewing has been successfuly scheduled. Please bring Proof of Income and SCHUFA certificate with you."
      },
      "Text": "Is there anything else that I can do for you?",
      "UnixTime": 1590196943
    },
    {
      "Action": "utter",
      "Agent": "User",
      "Text": "yes i would like to schedule a Taxi, Uber or Lyft ride. No sure which one. trying to see which has the best price",
      "UnixTime": 1590197019
    },
    {
      "Action": "instruct",
      "Agent": "UserGuide",
      "Text": "Keep going until you've covered all the topics ('Find apartment', 'Schedule apartment viewing' and 'Calling a ride'). The conversation should continue at least until the last instruction is given. [instruction 6 of 8]",
      "UnixTime": 1590197019
    },
    {
      "Action": "select_task",
      "Agent": "Wizard",
      "PrimaryItem": {
        "APIName": "apartment_schedule",
        "Message": "Your apartment viewing has been successfuly scheduled. Please bring Proof of Income and SCHUFA certificate with you."
      },
      "Task": "ride_book",
      "UnixTime": 1590197035
    },
    {
      "Action": "request_suggestions",
      "Agent": "Wizard",
      "PrimaryItem": {
        "APIName": "apartment_schedule",
        "Message": "Your apartment viewing has been successfuly scheduled. Please bring Proof of Income and SCHUFA certificate with you."
      },
      "Text": "Departure and Arrival location please?",
      "UnixTime": 1590197059
    },
    {
      "Action": "utter",
      "Agent": "Wizard",
      "PrimaryItem": {
        "APIName": "apartment_schedule",
        "Message": "Your apartment viewing has been successfuly scheduled. Please bring Proof of Income and SCHUFA certificate with you."
      },
      "Text": "Departure and Arrival location please?",
      "UnixTime": 1590197063
    },
    {
      "Action": "utter",
      "Agent": "User",
      "Text": "departure from the Airport and going to to the apartments",
      "UnixTime": 1590197149
    },
    {
      "APIName": "ride_book",
      "Action": "query",
      "Agent": "Wizard",
      "Constraints": [
        {
          "CustomerName": "\"Mark\""
        },
        {
          "DepartureLocation": "\"airport\""
        },
        {
          "ArrivalLocation": "\"apartment\""
        },
        {
          "RequestType": "\"Check\""
        },
        {
          "AllowsChanges": "True"
        },
        {
          "Price": "api.is_less_than(50)"
        }
      ],
      "PrimaryItem": {
        "APIName": "apartment_schedule",
        "Message": "Your apartment viewing has been successfuly scheduled. Please bring Proof of Income and SCHUFA certificate with you."
      },
      "UnixTime": 1590197171
    },
    {
      "APIName": "ride_book",
      "Action": "return_item",
      "Agent": "KnowledgeBase",
      "Item": {
        "APIName": "ride_book",
        "AllowsChanges": true,
        "ArrivalLocation": "apartment",
        "CarModel": "Toyota",
        "CustomerName": "Mark",
        "DepartureLocation": "airport",
        "DriverName": "Ella",
        "LicensePlate": "019 EAS",
        "MinutesTillPickup": 15,
        "Price": 45,
        "ServiceProvider": "Lyft",
        "id": 810
      },
      "TotalItems": -1
    },
    {
      "Action": "request_suggestions",
      "Agent": "Wizard",
      "PrimaryItem": {
        "APIName": "ride_book",
        "AllowsChanges": true,
        "ArrivalLocation": "apartment",
        "CarModel": "Toyota",
        "CustomerName": "Mark",
        "DepartureLocation": "airport",
        "DriverName": "Ella",
        "LicensePlate": "019 EAS",
        "MinutesTillPickup": 15,
        "Price": 45,
        "ServiceProvider": "Lyft",
        "id": 810
      },
      "Text": "Lyft with ella",
      "UnixTime": 1590197188
    },
    {
      "Action": "request_suggestions",
      "Agent": "Wizard",
      "PrimaryItem": {
        "APIName": "ride_book",
        "AllowsChanges": true,
        "ArrivalLocation": "apartment",
        "CarModel": "Toyota",
        "CustomerName": "Mark",
        "DepartureLocation": "airport",
        "DriverName": "Ella",
        "LicensePlate": "019 EAS",
        "MinutesTillPickup": 15,
        "Price": 45,
        "ServiceProvider": "Lyft",
        "id": 810
      },
      "Text": "toyota lyft available",
      "UnixTime": 1590197215
    },
    {
      "APIName": "ride_book",
      "Action": "query",
      "Agent": "Wizard",
      "Constraints": [
        {
          "CustomerName": "\"Mark\""
        },
        {
          "DepartureLocation": "\"airport\""
        },
        {
          "ArrivalLocation": "\"apartment\""
        },
        {
          "RequestType": "\"Check\""
        },
        {
          "AllowsChanges": "True"
        },
        {
          "Price": "api.is_less_than(25)"
        }
      ],
      "PrimaryItem": {
        "APIName": "ride_book",
        "AllowsChanges": true,
        "ArrivalLocation": "apartment",
        "CarModel": "Toyota",
        "CustomerName": "Mark",
        "DepartureLocation": "airport",
        "DriverName": "Ella",
        "LicensePlate": "019 EAS",
        "MinutesTillPickup": 15,
        "Price": 45,
        "ServiceProvider": "Lyft",
        "id": 810
      },
      "UnixTime": 1590197223
    },
    {
      "APIName": "ride_book",
      "Action": "return_item",
      "Agent": "KnowledgeBase",
      "Item": {
        "APIName": "ride_book",
        "AllowsChanges": true,
        "ArrivalLocation": "apartment",
        "CarModel": "Tesla",
        "CustomerName": "Mark",
        "DepartureLocation": "airport",
        "DriverName": "Alex",
        "LicensePlate": "019 EAS",
        "MinutesTillPickup": 16,
        "Price": 5,
        "ServiceProvider": "Uber",
        "id": 670
      },
      "TotalItems": -1
    },
    {
      "Action": "request_suggestions",
      "Agent": "Wizard",
      "PrimaryItem": {
        "APIName": "ride_book",
        "AllowsChanges": true,
        "ArrivalLocation": "apartment",
        "CarModel": "Tesla",
        "CustomerName": "Mark",
        "DepartureLocation": "airport",
        "DriverName": "Alex",
        "LicensePlate": "019 EAS",
        "MinutesTillPickup": 16,
        "Price": 5,
        "ServiceProvider": "Uber",
        "id": 670
      },
      "Text": "I found an uber for 5 credits",
      "UnixTime": 1590197235
    },
    {
      "Action": "pick_suggestion",
      "ActionLabel": "ride_ask_confirm_booking",
      "ActionLabelOptions": [
        "ride_ask_confirm_booking",
        "ride_bye",
        "ask_name"
      ],
      "Agent": "Wizard",
      "PrimaryItem": {
        "APIName": "ride_book",
        "AllowsChanges": true,
        "ArrivalLocation": "apartment",
        "CarModel": "Tesla",
        "CustomerName": "Mark",
        "DepartureLocation": "airport",
        "DriverName": "Alex",
        "LicensePlate": "019 EAS",
        "MinutesTillPickup": 16,
        "Price": 5,
        "ServiceProvider": "Uber",
        "id": 670
      },
      "Text": "I found a Uber ride for you from 'airport' to 'apartment' for 5 credits\nthat could pick you up in 16 minutes. Should I book that for you?",
      "UnixTime": 1590197238
    },
    {
      "Action": "utter",
      "Agent": "User",
      "Text": "how much for lyft and taxi",
      "UnixTime": 1590197286
    },
    {
      "Action": "instruct",
      "Agent": "UserGuide",
      "Text": "Almost there. A few more turns. [instruction 7 of 8]",
      "UnixTime": 1590197286
    },
    {
      "APIName": "ride_book",
      "Action": "query",
      "Agent": "Wizard",
      "Constraints": [
        {
          "CustomerName": "\"Mark\""
        },
        {
          "DepartureLocation": "\"airport\""
        },
        {
          "ArrivalLocation": "\"apartment\""
        },
        {
          "RequestType": "\"Check\""
        },
        {
          "AllowsChanges": "True"
        },
        {
          "Price": "api.is_less_than(25)"
        },
        {
          "ServiceProvider": "\"Lyft\""
        }
      ],
      "PrimaryItem": {
        "APIName": "ride_book",
        "AllowsChanges": true,
        "ArrivalLocation": "apartment",
        "CarModel": "Tesla",
        "CustomerName": "Mark",
        "DepartureLocation": "airport",
        "DriverName": "Alex",
        "LicensePlate": "019 EAS",
        "MinutesTillPickup": 16,
        "Price": 5,
        "ServiceProvider": "Uber",
        "id": 670
      },
      "UnixTime": 1590197299
    },
    {
      "APIName": "ride_book",
      "Action": "return_item",
      "Agent": "KnowledgeBase",
      "Item": {
        "APIName": "ride_book",
        "AllowsChanges": true,
        "ArrivalLocation": "apartment",
        "CarModel": "Corolla",
        "CustomerName": "Mark",
        "DepartureLocation": "airport",
        "DriverName": "Zoe",
        "LicensePlate": "901 FSA",
        "MinutesTillPickup": 17,
        "Price": 18,
        "ServiceProvider": "Lyft",
        "id": 724
      },
      "TotalItems": -1
    },
    {
      "Action": "request_suggestions",
      "Agent": "Wizard",
      "PrimaryItem": {
        "APIName": "ride_book",
        "AllowsChanges": true,
        "ArrivalLocation": "apartment",
        "CarModel": "Corolla",
        "CustomerName": "Mark",
        "DepartureLocation": "airport",
        "DriverName": "Zoe",
        "LicensePlate": "901 FSA",
        "MinutesTillPickup": 17,
        "Price": 18,
        "ServiceProvider": "Lyft",
        "id": 724
      },
      "Text": "lyft 18 credits ",
      "UnixTime": 1590197310
    },
    {
      "Action": "pick_suggestion",
      "ActionLabel": "ride_ask_confirm_booking",
      "ActionLabelOptions": [
        "ride_ask_confirm_booking",
        "ride_bye",
        "ride_ask_destination"
      ],
      "Agent": "Wizard",
      "PrimaryItem": {
        "APIName": "ride_book",
        "AllowsChanges": true,
        "ArrivalLocation": "apartment",
        "CarModel": "Corolla",
        "CustomerName": "Mark",
        "DepartureLocation": "airport",
        "DriverName": "Zoe",
        "LicensePlate": "901 FSA",
        "MinutesTillPickup": 17,
        "Price": 18,
        "ServiceProvider": "Lyft",
        "id": 724
      },
      "Text": "I found a Lyft ride for you from 'airport' to 'apartment' for 18 credits\nthat could pick you up in 17 minutes. Should I book that for you?",
      "UnixTime": 1590197312
    },
    {
      "Action": "utter",
      "Agent": "User",
      "Text": "and the taxi",
      "UnixTime": 1590197325
    },
    {
      "APIName": "ride_book",
      "Action": "query",
      "Agent": "Wizard",
      "Constraints": [
        {
          "CustomerName": "\"Mark\""
        },
        {
          "DepartureLocation": "\"airport\""
        },
        {
          "ArrivalLocation": "\"apartment\""
        },
        {
          "RequestType": "\"Check\""
        },
        {
          "AllowsChanges": "True"
        },
        {
          "Price": "api.is_less_than(25)"
        },
        {
          "ServiceProvider": "\"Taxi\""
        }
      ],
      "PrimaryItem": {
        "APIName": "ride_book",
        "AllowsChanges": true,
        "ArrivalLocation": "apartment",
        "CarModel": "Corolla",
        "CustomerName": "Mark",
        "DepartureLocation": "airport",
        "DriverName": "Zoe",
        "LicensePlate": "901 FSA",
        "MinutesTillPickup": 17,
        "Price": 18,
        "ServiceProvider": "Lyft",
        "id": 724
      },
      "UnixTime": 1590197330
    },
    {
      "APIName": "ride_book",
      "Action": "return_item",
      "Agent": "KnowledgeBase",
      "Item": {
        "APIName": "ride_book",
        "AllowsChanges": true,
        "ArrivalLocation": "apartment",
        "CarModel": "Tesla",
        "CustomerName": "Mark",
        "DepartureLocation": "airport",
        "DriverName": "Zoe",
        "LicensePlate": "432 LSA",
        "MinutesTillPickup": 19,
        "Price": 13,
        "ServiceProvider": "Taxi",
        "id": 170
      },
      "TotalItems": -1
    },
    {
      "Action": "request_suggestions",
      "Agent": "Wizard",
      "PrimaryItem": {
        "APIName": "ride_book",
        "AllowsChanges": true,
        "ArrivalLocation": "apartment",
        "CarModel": "Tesla",
        "CustomerName": "Mark",
        "DepartureLocation": "airport",
        "DriverName": "Zoe",
        "LicensePlate": "432 LSA",
        "MinutesTillPickup": 19,
        "Price": 13,
        "ServiceProvider": "Taxi",
        "id": 170
      },
      "Text": "taxi for 13 credits",
      "UnixTime": 1590197341
    },
    {
      "Action": "pick_suggestion",
      "ActionLabel": "ride_ask_confirm_booking",
      "ActionLabelOptions": [
        "ride_ask_confirm_booking",
        "ride_bye",
        "ask_name"
      ],
      "Agent": "Wizard",
      "PrimaryItem": {
        "APIName": "ride_book",
        "AllowsChanges": true,
        "ArrivalLocation": "apartment",
        "CarModel": "Tesla",
        "CustomerName": "Mark",
        "DepartureLocation": "airport",
        "DriverName": "Zoe",
        "LicensePlate": "432 LSA",
        "MinutesTillPickup": 19,
        "Price": 13,
        "ServiceProvider": "Taxi",
        "id": 170
      },
      "Text": "I found a Taxi ride for you from 'airport' to 'apartment' for 13 credits\nthat could pick you up in 19 minutes. Should I book that for you?",
      "UnixTime": 1590197343
    },
    {
      "Action": "utter",
      "Agent": "User",
      "Text": "okay you can go ahead and book the uber please",
      "UnixTime": 1590197362
    },
    {
      "APIName": "ride_book",
      "Action": "query",
      "Agent": "Wizard",
      "Constraints": [
        {
          "CustomerName": "\"Mark\""
        },
        {
          "DepartureLocation": "\"airport\""
        },
        {
          "ArrivalLocation": "\"apartment\""
        },
        {
          "RequestType": "\"Book\""
        },
        {
          "AllowsChanges": "True"
        },
        {
          "Price": "api.is_less_than(25)"
        },
        {
          "ServiceProvider": "\"Uber\""
        }
      ],
      "PrimaryItem": {
        "APIName": "ride_book",
        "AllowsChanges": true,
        "ArrivalLocation": "apartment",
        "CarModel": "Tesla",
        "CustomerName": "Mark",
        "DepartureLocation": "airport",
        "DriverName": "Zoe",
        "LicensePlate": "432 LSA",
        "MinutesTillPickup": 19,
        "Price": 13,
        "ServiceProvider": "Taxi",
        "id": 170
      },
      "UnixTime": 1590197384
    },
    {
      "APIName": "ride_book",
      "Action": "return_item",
      "Agent": "KnowledgeBase",
      "Item": {
        "APIName": "ride_book",
        "Message": "Ride booked."
      },
      "TotalItems": -1
    },
    {
      "Action": "request_suggestions",
      "Agent": "Wizard",
      "PrimaryItem": {
        "APIName": "ride_book",
        "Message": "Ride booked."
      },
      "Text": "ride booked",
      "UnixTime": 1590197389
    },
    {
      "Action": "request_suggestions",
      "Agent": "Wizard",
      "PrimaryItem": {
        "APIName": "ride_book",
        "Message": "Ride booked."
      },
      "Text": "confirmed",
      "UnixTime": 1590197398
    },
    {
      "Action": "request_suggestions",
      "Agent": "Wizard",
      "PrimaryItem": {
        "APIName": "ride_book",
        "Message": "Ride booked."
      },
      "Text": "Booked",
      "UnixTime": 1590197405
    },
    {
      "Action": "request_suggestions",
      "Agent": "Wizard",
      "PrimaryItem": {
        "APIName": "ride_book",
        "Message": "Ride booked."
      },
      "Text": "Ride confirmed!",
      "UnixTime": 1590197428
    },
    {
      "Action": "pick_suggestion",
      "ActionLabel": "custom",
      "ActionLabelOptions": [
        "custom"
      ],
      "Agent": "Wizard",
      "PrimaryItem": {
        "APIName": "ride_book",
        "Message": "Ride booked."
      },
      "Text": "Ride confirmed!",
      "UnixTime": 1590197436
    },
    {
      "Action": "utter",
      "Agent": "User",
      "Text": "thank you",
      "UnixTime": 1590197463
    },
    {
      "Action": "instruct",
      "Agent": "UserGuide",
      "Text": "Ok, once you've touched on all the topics ('Find apartment', 'Schedule apartment viewing' and 'Calling a ride') and engaged in some smalltalk, you can bring the conversation to a natural close. [instruction 8 of 8]",
      "UnixTime": 1590197463
    },
    {
      "Action": "request_suggestions",
      "Agent": "Wizard",
      "PrimaryItem": {
        "APIName": "ride_book",
        "Message": "Ride booked."
      },
      "Text": "anything else",
      "UnixTime": 1590197473
    },
    {
      "Action": "pick_suggestion",
      "ActionLabel": "anything_else",
      "ActionLabelOptions": [
        "anything_else",
        "ride_bye",
        "ride_inform_nothing_found"
      ],
      "Agent": "Wizard",
      "PrimaryItem": {
        "APIName": "ride_book",
        "Message": "Ride booked."
      },
      "Text": "Is there anything else that I can do for you?",
      "UnixTime": 1590197475
    },
    {
      "Action": "utter",
      "Agent": "User",
      "Text": "yes can you tell me what the weather will be like in Pittsburgh on Monday the 25th?",
      "UnixTime": 1590197548
    },
    {
      "Action": "select_task",
      "Agent": "Wizard",
      "PrimaryItem": {
        "APIName": "ride_book",
        "Message": "Ride booked."
      },
      "Task": "weather",
      "UnixTime": 1590197579
    },
    {
      "APIName": "weather",
      "Action": "query",
      "Agent": "Wizard",
      "Constraints": [
        {
          "Day": "\"Saturday\""
        },
        {
          "City": "\"Pittsburgh\""
        }
      ],
      "PrimaryItem": {
        "APIName": "ride_book",
        "Message": "Ride booked."
      },
      "UnixTime": 1590197583
    },
    {
      "APIName": "weather",
      "Action": "return_item",
      "Agent": "KnowledgeBase",
      "Item": {
        "APIName": "weather",
        "City": "Pittsburgh",
        "Day": "Saturday",
        "TemperatureCelsius": 22,
        "Weather": "Cloudy",
        "id": 604
      },
      "TotalItems": -1
    },
    {
      "APIName": "weather",
      "Action": "query",
      "Agent": "Wizard",
      "Constraints": [
        {
          "Day": "\"Monday\""
        },
        {
          "City": "\"Pittsburgh\""
        }
      ],
      "PrimaryItem": {
        "APIName": "weather",
        "City": "Pittsburgh",
        "Day": "Saturday",
        "TemperatureCelsius": 22,
        "Weather": "Cloudy",
        "id": 604
      },
      "UnixTime": 1590197592
    },
    {
      "APIName": "weather",
      "Action": "return_item",
      "Agent": "KnowledgeBase",
      "Item": {
        "APIName": "weather",
        "City": "Pittsburgh",
        "Day": "Monday",
        "TemperatureCelsius": 5,
        "Weather": "Snowing",
        "id": 88
      },
      "TotalItems": -1
    },
    {
      "Action": "request_suggestions",
      "Agent": "Wizard",
      "PrimaryItem": {
        "APIName": "weather",
        "City": "Pittsburgh",
        "Day": "Monday",
        "TemperatureCelsius": 5,
        "Weather": "Snowing",
        "id": 88
      },
      "Text": "snowking ",
      "UnixTime": 1590197599
    },
    {
      "Action": "pick_suggestion",
      "ActionLabel": "weather_inform_forecast",
      "ActionLabelOptions": [
        "weather_inform_forecast",
        "goodbye_1",
        "anything_else"
      ],
      "Agent": "Wizard",
      "PrimaryItem": {
        "APIName": "weather",
        "City": "Pittsburgh",
        "Day": "Monday",
        "TemperatureCelsius": 5,
        "Weather": "Snowing",
        "id": 88
      },
      "Text": "It will be Snowing all day on Monday in Pittsburgh, with temperatures of around 5 degrees celsius.",
      "UnixTime": 1590197601
    },
    {
      "Action": "utter",
      "Agent": "User",
      "Text": "ok,thank you for your help today, Hope you have a good day",
      "UnixTime": 1590197632
    },
    {
      "Action": "request_suggestions",
      "Agent": "Wizard",
      "PrimaryItem": {
        "APIName": "weather",
        "City": "Pittsburgh",
        "Day": "Monday",
        "TemperatureCelsius": 5,
        "Weather": "Snowing",
        "id": 88
      },
      "Text": "THan you bye bye",
      "UnixTime": 1590197652
    },
    {
      "Action": "pick_suggestion",
      "ActionLabel": "goodbye_1",
      "ActionLabelOptions": [
        "goodbye_1",
        "weather_inform_forecast",
        "hello"
      ],
      "Agent": "Wizard",
      "PrimaryItem": {
        "APIName": "weather",
        "City": "Pittsburgh",
        "Day": "Monday",
        "TemperatureCelsius": 5,
        "Weather": "Snowing",
        "id": 88
      },
      "Text": "Thank you and goodbye.",
      "UnixTime": 1590197654
    },
    {
      "Action": "complete",
      "Agent": "User",
      "UnixTime": 1590197657
    }
  ],
  "FORMAT-VERSION": 7,
  "IntroducesConflicts": false,
  "Scenario": {
    "Domains": [
      "apartment",
      "ride",
      "weather"
    ],
    "Happy": false,
    "MultiTask": true,
    "UserTask": "Come up with your own scenario!\n\nAbout you:\n- Your name: Mark\n- Today is Friday\n\n The AI Assistant can handle:\n- Find an apartment (prices are in 'credits')\n- Schedule an apartment viewing \n- Calling a Taxi/Uber/Lyft ride \n- Checking the weather forecast in different Cities (e.g. New York City or Pittsburgh)",
    "WizardCapabilities": [
      {
        "Domain": "apartment",
        "SchemaImage": "apartment_search.jpg",
        "Task": "apartment_search"
      },
      {
        "Domain": "apartment",
        "SchemaImage": "apartment_schedule.jpg",
        "Task": "apartment_schedule"
      },
      {
        "Domain": "ride",
        "SchemaImage": "ride_book.jpg",
        "Task": "ride_book"
      },
      {
        "Domain": "weather",
        "SchemaImage": "weather.jpg",
        "Task": "weather"
      }
    ],
    "WizardTask": "Follow the flow charts and help the user. Assume:\n\n- Today is Friday"
  },
  "UserQuestionnaire": [
    {
      "Answer": true,
      "Question": "Did the assistant stay calm and helpful throughout the dialogue?"
    }
  ],
  "WizardQuestionnaire": [
    {
      "Answer": false,
      "Question": "Did the user change his/her mind about what he/she wants at any time?"
    },
    {
      "Answer": false,
      "Question": "Did the user become aggressive or annoyed during the dialogue? (Note: some users may be instructed to be annoying.)"
    },
    {
      "Answer": false,
      "Question": "Where you unsure about what to do at any time? (Feel free to send us an email with details.)"
    }
  ]
}