{
  "AnonymizedUserWorkerID": "a0362f23-a428-0712-805e-13fe4ea1da38",
  "AnonymizedWizardWorkerID": "f76f8d4d-5223-f6a7-71bb-8abf87118490",
  "BatchID": "woz_1590168497",
  "CompletionLevel": "EarlyDisconnectDuringDialogue",
  "DialogueID": 5539,
  "Events": [
    {
      "Action": "instruct",
      "Agent": "UserGuide",
      "Text": "Use your imagination to generate a conversation about the topics 'Reserving a table at a restaurant' and 'Bank balance checking' (in any order), as shown on the left. You may also ask the assistant about the weather.  [instruction 1 of 6]",
      "UnixTime": 1590171953
    }
  ],
  "FORMAT-VERSION": 7,
  "IntroducesConflicts": false,
  "Scenario": {
    "Domains": [
      "bank",
      "restaurant",
      "weather"
    ],
    "Happy": false,
    "MultiTask": true,
    "UserTask": "Come up with your own scenario!\n\nAbout you:\n- Your name: Brian White\n- Your bank account: 84318931431, with PIN 7402\n- Today is Thursday the 23rd of June, 5 pm\n\n The AI Assistant can handle:\n- Checking bank balance\n- Reserving a table at a restaurant (e.g. Legume or Tamarind) for today\n- Checking the weather forecast in different Cities (e.g. Detroit or Los Angeles)",
    "WizardCapabilities": [
      {
        "Domain": "restaurant",
        "SchemaImage": "restaurant_book.jpg",
        "Task": "restaurant_book"
      },
      {
        "Domain": "bank",
        "SchemaImage": "bank_balance.jpg",
        "Task": "bank_balance"
      },
      {
        "Domain": "weather",
        "SchemaImage": "weather.jpg",
        "Task": "weather"
      }
    ],
    "WizardTask": "Follow the flow charts and help the user. Assume:\n\n- Today is Thursday the 23rd of June, 5 pm"
  },
  "UserQuestionnaire": [],
  "WizardQuestionnaire": []
}