{
  "AnonymizedUserWorkerID": "239936e4-190b-4d6e-8038-57290b8802d4",
  "AnonymizedWizardWorkerID": "ac9c2dc2-a643-8ec0-d96c-1bc923b2777f",
  "BatchID": "woz_1590168497",
  "CompletionLevel": "Complete",
  "DialogueID": 5554,
  "Events": [
    {
      "Action": "instruct",
      "Agent": "UserGuide",
      "Text": "Use your imagination to generate a conversation about the topics 'finding a flight from San Francisco to New York City' and 'reserving a flight' (in any order), as shown on the left. You may also ask the assistant about the weather.  [instruction 1 of 6]",
      "UnixTime": 1590198223
    },
    {
      "Action": "utter",
      "Agent": "User",
      "Text": "Hi, can you search for a flight for me AI?",
      "UnixTime": 1590198242
    },
    {
      "Action": "request_suggestions",
      "Agent": "Wizard",
      "Text": "Date",
      "UnixTime": 1590198277
    },
    {
      "Action": "pick_suggestion",
      "ActionLabel": "plane_ask_date",
      "ActionLabelOptions": [
        "plane_ask_date",
        "plane_request_optional",
        "goodbye_2"
      ],
      "Agent": "Wizard",
      "Text": "On what day do you want the plane to arrive?",
      "UnixTime": 1590198279
    },
    {
      "Action": "utter",
      "Agent": "User",
      "Text": "16th",
      "UnixTime": 1590198297
    },
    {
      "Action": "request_suggestions",
      "Agent": "Wizard",
      "Text": "Departure ",
      "UnixTime": 1590198308
    },
    {
      "Action": "pick_suggestion",
      "ActionLabel": "ask_departure_location",
      "ActionLabelOptions": [
        "ask_departure_location",
        "goodbye_2",
        "hello"
      ],
      "Agent": "Wizard",
      "Text": "Where are you departing from?",
      "UnixTime": 1590198311
    },
    {
      "Action": "utter",
      "Agent": "User",
      "Text": "San FRancisco",
      "UnixTime": 1590198329
    },
    {
      "Action": "instruct",
      "Agent": "UserGuide",
      "Text": "Please have some smalltalk with the AI Assistant at some point in this dialogue. [instruction 2 of 6]",
      "UnixTime": 1590198329
    },
    {
      "Action": "request_suggestions",
      "Agent": "Wizard",
      "Text": "Arrival location",
      "UnixTime": 1590198342
    },
    {
      "Action": "pick_suggestion",
      "ActionLabel": "plane_ask_arrival_city",
      "ActionLabelOptions": [
        "plane_request_optional",
        "plane_ask_arrival_city",
        "plane_inform_nothing_found"
      ],
      "Agent": "Wizard",
      "Text": "Where are you going to?",
      "UnixTime": 1590198346
    },
    {
      "Action": "utter",
      "Agent": "User",
      "Text": "I hate that I have to go home. San Francisco weather is amazing, It is never too hot or too cold here. ",
      "UnixTime": 1590198394
    },
    {
      "Action": "request_suggestions",
      "Agent": "Wizard",
      "Text": "Arrival ",
      "UnixTime": 1590198422
    },
    {
      "Action": "utter",
      "Agent": "Wizard",
      "Text": "Arrival location ",
      "UnixTime": 1590198435
    },
    {
      "Action": "utter",
      "Agent": "User",
      "Text": "Back to NY",
      "UnixTime": 1590198452
    },
    {
      "Action": "instruct",
      "Agent": "UserGuide",
      "Text": "If you haven't yet, it's time to change topic. You can also go back and forth between topics. [instruction 3 of 6]",
      "UnixTime": 1590198452
    },
    {
      "APIName": "plane_search",
      "Action": "query",
      "Agent": "Wizard",
      "Constraints": [
        {
          "DepartureCity": "\"San Francisco\""
        },
        {
          "ArrivalCity": "\"New York City\""
        },
        {
          "Date": "\"16th\""
        }
      ],
      "UnixTime": 1590198468
    },
    {
      "APIName": "plane_search",
      "Action": "return_item",
      "Agent": "KnowledgeBase",
      "TotalItems": 0
    },
    {
      "Action": "request_suggestions",
      "Agent": "Wizard",
      "Text": "Failed ",
      "UnixTime": 1590198476
    },
    {
      "Action": "pick_suggestion",
      "ActionLabel": "plane_inform_nothing_found",
      "ActionLabelOptions": [
        "out_of_scope",
        "plane_inform_nothing_found",
        "goodbye_2"
      ],
      "Agent": "Wizard",
      "Text": "Unfortunately there are no flights that match your search. Would you like to change any of your criteria?",
      "UnixTime": 1590198479
    },
    {
      "Action": "utter",
      "Agent": "User",
      "Text": "sure, I will go to Los Angeles instead, California weather is so much better",
      "UnixTime": 1590198569
    },
    {
      "Action": "instruct",
      "Agent": "UserGuide",
      "Text": "If it makes sense, use some negations ('I don't want X', or 'anything but Y', etc.) [instruction 4 of 6]",
      "UnixTime": 1590198569
    },
    {
      "APIName": "plane_search",
      "Action": "query",
      "Agent": "Wizard",
      "Constraints": [
        {
          "DepartureCity": "\"San Francisco\""
        },
        {
          "ArrivalCity": "\"Los Angeles\""
        },
        {
          "Date": "\"16th\""
        }
      ],
      "UnixTime": 1590198661
    },
    {
      "APIName": "plane_search",
      "Action": "return_item",
      "Agent": "KnowledgeBase",
      "Item": {
        "APIName": "plane_search",
        "Airline": "Delta",
        "ArrivalCity": "Los Angeles",
        "ArrivalTime": "10 am",
        "Class": "Economy",
        "Date": "16th",
        "DepartureCity": "San Francisco",
        "DurationHours": 6,
        "Price": 272,
        "id": 420
      },
      "TotalItems": 1
    },
    {
      "Action": "request_suggestions",
      "Agent": "Wizard",
      "PrimaryItem": {
        "APIName": "plane_search",
        "Airline": "Delta",
        "ArrivalCity": "Los Angeles",
        "ArrivalTime": "10 am",
        "Class": "Economy",
        "Date": "16th",
        "DepartureCity": "San Francisco",
        "DurationHours": 6,
        "Price": 272,
        "id": 420
      },
      "Text": "Reserved ",
      "UnixTime": 1590198684
    },
    {
      "Action": "request_suggestions",
      "Agent": "Wizard",
      "PrimaryItem": {
        "APIName": "plane_search",
        "Airline": "Delta",
        "ArrivalCity": "Los Angeles",
        "ArrivalTime": "10 am",
        "Class": "Economy",
        "Date": "16th",
        "DepartureCity": "San Francisco",
        "DurationHours": 6,
        "Price": 272,
        "id": 420
      },
      "Text": "Reserved",
      "UnixTime": 1590198710
    },
    {
      "Action": "utter",
      "Agent": "Wizard",
      "PrimaryItem": {
        "APIName": "plane_search",
        "Airline": "Delta",
        "ArrivalCity": "Los Angeles",
        "ArrivalTime": "10 am",
        "Class": "Economy",
        "Date": "16th",
        "DepartureCity": "San Francisco",
        "DurationHours": 6,
        "Price": 272,
        "id": 420
      },
      "Text": "Reserved",
      "UnixTime": 1590198724
    },
    {
      "Action": "utter",
      "Agent": "User",
      "Text": "I was just searching, I did not really want to go to Los Angeles. I do not even know anyone there silly AI!",
      "UnixTime": 1590198823
    },
    {
      "Action": "instruct",
      "Agent": "UserGuide",
      "Text": "Keep going until you've covered all the topics ('finding a flight' and 'booking a flight'). The conversation should continue at least until the last instruction is given. [instruction 5 of 6]",
      "UnixTime": 1590198823
    },
    {
      "APIName": "plane_search",
      "Action": "query",
      "Agent": "Wizard",
      "Constraints": [
        {
          "DepartureCity": "\"San Francisco\""
        },
        {
          "ArrivalCity": "\"New York City\""
        },
        {
          "Date": "\"16th\""
        }
      ],
      "PrimaryItem": {
        "APIName": "plane_search",
        "Airline": "Delta",
        "ArrivalCity": "Los Angeles",
        "ArrivalTime": "10 am",
        "Class": "Economy",
        "Date": "16th",
        "DepartureCity": "San Francisco",
        "DurationHours": 6,
        "Price": 272,
        "id": 420
      },
      "UnixTime": 1590198847
    },
    {
      "APIName": "plane_search",
      "Action": "return_item",
      "Agent": "KnowledgeBase",
      "TotalItems": 0
    },
    {
      "APIName": "plane_search",
      "Action": "query",
      "Agent": "Wizard",
      "Constraints": [
        {
          "DepartureCity": "\"San Francisco\""
        },
        {
          "ArrivalCity": "\"New York City\""
        },
        {
          "Date": "\"18th\""
        }
      ],
      "UnixTime": 1590198852
    },
    {
      "APIName": "plane_search",
      "Action": "return_item",
      "Agent": "KnowledgeBase",
      "TotalItems": 0
    },
    {
      "APIName": "plane_search",
      "Action": "query",
      "Agent": "Wizard",
      "Constraints": [
        {
          "DepartureCity": "\"San Francisco\""
        },
        {
          "ArrivalCity": "\"New York City\""
        },
        {
          "Date": "\"22nd\""
        }
      ],
      "UnixTime": 1590198865
    },
    {
      "APIName": "plane_search",
      "Action": "return_item",
      "Agent": "KnowledgeBase",
      "Item": {
        "APIName": "plane_search",
        "Airline": "American",
        "ArrivalCity": "New York City",
        "ArrivalTime": "8 am",
        "Class": "Economy",
        "Date": "22nd",
        "DepartureCity": "San Francisco",
        "DurationHours": 8,
        "Price": 284,
        "id": 783
      },
      "TotalItems": 1
    },
    {
      "Action": "request_suggestions",
      "Agent": "Wizard",
      "PrimaryItem": {
        "APIName": "plane_search",
        "Airline": "American",
        "ArrivalCity": "New York City",
        "ArrivalTime": "8 am",
        "Class": "Economy",
        "Date": "22nd",
        "DepartureCity": "San Francisco",
        "DurationHours": 8,
        "Price": 284,
        "id": 783
      },
      "Text": "Reserved ",
      "UnixTime": 1590198877
    },
    {
      "Action": "utter",
      "Agent": "Wizard",
      "PrimaryItem": {
        "APIName": "plane_search",
        "Airline": "American",
        "ArrivalCity": "New York City",
        "ArrivalTime": "8 am",
        "Class": "Economy",
        "Date": "22nd",
        "DepartureCity": "San Francisco",
        "DurationHours": 8,
        "Price": 284,
        "id": 783
      },
      "Text": "Rserved",
      "UnixTime": 1590198889
    },
    {
      "Action": "utter",
      "Agent": "User",
      "Text": "lol, I don't want that one. I want to reserve a different one. ",
      "UnixTime": 1590198930
    },
    {
      "Action": "request_suggestions",
      "Agent": "Wizard",
      "PrimaryItem": {
        "APIName": "plane_search",
        "Airline": "American",
        "ArrivalCity": "New York City",
        "ArrivalTime": "8 am",
        "Class": "Economy",
        "Date": "22nd",
        "DepartureCity": "San Francisco",
        "DurationHours": 8,
        "Price": 284,
        "id": 783
      },
      "Text": "What do",
      "UnixTime": 1590198947
    },
    {
      "Action": "pick_suggestion",
      "ActionLabel": "anything_else",
      "ActionLabelOptions": [
        "ask_departure_location",
        "anything_else",
        "plane_ask_arrival_city"
      ],
      "Agent": "Wizard",
      "PrimaryItem": {
        "APIName": "plane_search",
        "Airline": "American",
        "ArrivalCity": "New York City",
        "ArrivalTime": "8 am",
        "Class": "Economy",
        "Date": "22nd",
        "DepartureCity": "San Francisco",
        "DurationHours": 8,
        "Price": 284,
        "id": 783
      },
      "Text": "Is there anything else that I can do for you?",
      "UnixTime": 1590198952
    },
    {
      "Action": "utter",
      "Agent": "User",
      "Text": "I would like to stop searching and book a flight. ",
      "UnixTime": 1590198983
    },
    {
      "Action": "instruct",
      "Agent": "UserGuide",
      "Text": "Ok, once you've touched on all the topics ('finding a flight' and 'booking a flight') and engaged in some smalltalk, you can bring the conversation to a natural close. [instruction 6 of 6]",
      "UnixTime": 1590198983
    },
    {
      "Action": "select_task",
      "Agent": "Wizard",
      "PrimaryItem": {
        "APIName": "plane_search",
        "Airline": "American",
        "ArrivalCity": "New York City",
        "ArrivalTime": "8 am",
        "Class": "Economy",
        "Date": "22nd",
        "DepartureCity": "San Francisco",
        "DurationHours": 8,
        "Price": 284,
        "id": 783
      },
      "Task": "plane_book",
      "UnixTime": 1590199025
    },
    {
      "Action": "request_suggestions",
      "Agent": "Wizard",
      "PrimaryItem": {
        "APIName": "plane_search",
        "Airline": "American",
        "ArrivalCity": "New York City",
        "ArrivalTime": "8 am",
        "Class": "Economy",
        "Date": "22nd",
        "DepartureCity": "San Francisco",
        "DurationHours": 8,
        "Price": 284,
        "id": 783
      },
      "Text": "Name",
      "UnixTime": 1590199046
    },
    {
      "Action": "pick_suggestion",
      "ActionLabel": "ask_name",
      "ActionLabelOptions": [
        "ask_name",
        "goodbye_2",
        "out_of_scope",
        "plane_request_optional",
        "plane_inform_nothing_found",
        "plane_flight_available"
      ],
      "Agent": "Wizard",
      "PrimaryItem": {
        "APIName": "plane_search",
        "Airline": "American",
        "ArrivalCity": "New York City",
        "ArrivalTime": "8 am",
        "Class": "Economy",
        "Date": "22nd",
        "DepartureCity": "San Francisco",
        "DurationHours": 8,
        "Price": 284,
        "id": 783
      },
      "Text": "May I have your name, please?",
      "UnixTime": 1590199051
    },
    {
      "Action": "utter",
      "Agent": "User",
      "Text": "John",
      "UnixTime": 1590199056
    },
    {
      "Action": "request_suggestions",
      "Agent": "Wizard",
      "PrimaryItem": {
        "APIName": "plane_search",
        "Airline": "American",
        "ArrivalCity": "New York City",
        "ArrivalTime": "8 am",
        "Class": "Economy",
        "Date": "22nd",
        "DepartureCity": "San Francisco",
        "DurationHours": 8,
        "Price": 284,
        "id": 783
      },
      "Text": "Id",
      "UnixTime": 1590199071
    },
    {
      "Action": "utter",
      "Agent": "Wizard",
      "PrimaryItem": {
        "APIName": "plane_search",
        "Airline": "American",
        "ArrivalCity": "New York City",
        "ArrivalTime": "8 am",
        "Class": "Economy",
        "Date": "22nd",
        "DepartureCity": "San Francisco",
        "DurationHours": 8,
        "Price": 284,
        "id": 783
      },
      "Text": "Flight id",
      "UnixTime": 1590199082
    },
    {
      "Action": "utter",
      "Agent": "User",
      "Text": "525",
      "UnixTime": 1590199115
    },
    {
      "APIName": "plane_book",
      "Action": "query",
      "Agent": "Wizard",
      "Constraints": [
        {
          "id": "525"
        },
        {
          "CustomerName": "\"John\""
        },
        {
          "RequestType": "\"Book\""
        }
      ],
      "PrimaryItem": {
        "APIName": "plane_search",
        "Airline": "American",
        "ArrivalCity": "New York City",
        "ArrivalTime": "8 am",
        "Class": "Economy",
        "Date": "22nd",
        "DepartureCity": "San Francisco",
        "DurationHours": 8,
        "Price": 284,
        "id": 783
      },
      "UnixTime": 1590199126
    },
    {
      "APIName": "plane_book",
      "Action": "return_item",
      "Agent": "KnowledgeBase",
      "Item": {
        "APIName": "plane_book",
        "ReservationStatus": "Reservation Confirmed",
        "id": 525
      },
      "TotalItems": -1
    },
    {
      "Action": "request_suggestions",
      "Agent": "Wizard",
      "PrimaryItem": {
        "APIName": "plane_book",
        "ReservationStatus": "Reservation Confirmed",
        "id": 525
      },
      "Text": "Reserved",
      "UnixTime": 1590199144
    },
    {
      "Action": "pick_suggestion",
      "ActionLabel": "plane_flight_available",
      "ActionLabelOptions": [
        "plane_flight_available",
        "ask_name",
        "plane_reservation_succeeded"
      ],
      "Agent": "Wizard",
      "PrimaryItem": {
        "APIName": "plane_book",
        "ReservationStatus": "Reservation Confirmed",
        "id": 525
      },
      "Text": "The flight is available. Should I reserve it for you?",
      "UnixTime": 1590199150
    },
    {
      "Action": "utter",
      "Agent": "User",
      "Text": "yes ",
      "UnixTime": 1590199159
    },
    {
      "Action": "request_suggestions",
      "Agent": "Wizard",
      "PrimaryItem": {
        "APIName": "plane_book",
        "ReservationStatus": "Reservation Confirmed",
        "id": 525
      },
      "Text": "Booked",
      "UnixTime": 1590199199
    },
    {
      "Action": "pick_suggestion",
      "ActionLabel": "plane_reservation_succeeded",
      "ActionLabelOptions": [
        "plane_reservation_succeeded",
        "plane_flight_available",
        "plane_inform_nothing_found"
      ],
      "Agent": "Wizard",
      "PrimaryItem": {
        "APIName": "plane_book",
        "ReservationStatus": "Reservation Confirmed",
        "id": 525
      },
      "Text": "Right, your flight is now reserved!",
      "UnixTime": 1590199202
    },
    {
      "Action": "utter",
      "Agent": "User",
      "Text": "what is the weather in Ny  on Friday>",
      "UnixTime": 1590199223
    },
    {
      "Action": "select_task",
      "Agent": "Wizard",
      "PrimaryItem": {
        "APIName": "plane_book",
        "ReservationStatus": "Reservation Confirmed",
        "id": 525
      },
      "Task": "weather",
      "UnixTime": 1590199231
    },
    {
      "APIName": "weather",
      "Action": "query",
      "Agent": "Wizard",
      "Constraints": [
        {
          "Day": "\"Friday\""
        },
        {
          "City": "\"New York City\""
        }
      ],
      "PrimaryItem": {
        "APIName": "plane_book",
        "ReservationStatus": "Reservation Confirmed",
        "id": 525
      },
      "UnixTime": 1590199240
    },
    {
      "APIName": "weather",
      "Action": "return_item",
      "Agent": "KnowledgeBase",
      "Item": {
        "APIName": "weather",
        "City": "New York City",
        "Day": "Friday",
        "TemperatureCelsius": 6,
        "Weather": "Raining",
        "id": 490
      },
      "TotalItems": -1
    },
    {
      "Action": "request_suggestions",
      "Agent": "Wizard",
      "PrimaryItem": {
        "APIName": "weather",
        "City": "New York City",
        "Day": "Friday",
        "TemperatureCelsius": 6,
        "Weather": "Raining",
        "id": 490
      },
      "Text": "Raining ",
      "UnixTime": 1590199253
    },
    {
      "Action": "pick_suggestion",
      "ActionLabel": "weather_inform_forecast",
      "ActionLabelOptions": [
        "goodbye_1",
        "weather_ask_location",
        "weather_inform_forecast"
      ],
      "Agent": "Wizard",
      "PrimaryItem": {
        "APIName": "weather",
        "City": "New York City",
        "Day": "Friday",
        "TemperatureCelsius": 6,
        "Weather": "Raining",
        "id": 490
      },
      "Text": "It will be Raining all day on Friday in New York City, with temperatures of around 6 degrees celsius.",
      "UnixTime": 1590199257
    },
    {
      "Action": "utter",
      "Agent": "User",
      "Text": "How about in San Fran?",
      "UnixTime": 1590199294
    },
    {
      "APIName": "weather",
      "Action": "query",
      "Agent": "Wizard",
      "Constraints": [
        {
          "Day": "\"Friday\""
        },
        {
          "City": "\"San Francisco\""
        }
      ],
      "PrimaryItem": {
        "APIName": "weather",
        "City": "New York City",
        "Day": "Friday",
        "TemperatureCelsius": 6,
        "Weather": "Raining",
        "id": 490
      },
      "UnixTime": 1590199306
    },
    {
      "APIName": "weather",
      "Action": "return_item",
      "Agent": "KnowledgeBase",
      "Item": {
        "APIName": "weather",
        "City": "San Francisco",
        "Day": "Friday",
        "TemperatureCelsius": 10,
        "Weather": "Sunny",
        "id": 538
      },
      "TotalItems": -1
    },
    {
      "Action": "request_suggestions",
      "Agent": "Wizard",
      "PrimaryItem": {
        "APIName": "weather",
        "City": "San Francisco",
        "Day": "Friday",
        "TemperatureCelsius": 10,
        "Weather": "Sunny",
        "id": 538
      },
      "Text": "Sunny",
      "UnixTime": 1590199325
    },
    {
      "Action": "pick_suggestion",
      "ActionLabel": "weather_inform_forecast",
      "ActionLabelOptions": [
        "weather_inform_forecast",
        "goodbye_1",
        "weather_ask_location"
      ],
      "Agent": "Wizard",
      "PrimaryItem": {
        "APIName": "weather",
        "City": "San Francisco",
        "Day": "Friday",
        "TemperatureCelsius": 10,
        "Weather": "Sunny",
        "id": 538
      },
      "Text": "It will be Sunny all day on Friday in San Francisco, with temperatures of around 10 degrees celsius.",
      "UnixTime": 1590199328
    },
    {
      "Action": "utter",
      "Agent": "User",
      "Text": "Thanks. Good night",
      "UnixTime": 1590199349
    },
    {
      "Action": "request_suggestions",
      "Agent": "Wizard",
      "PrimaryItem": {
        "APIName": "weather",
        "City": "San Francisco",
        "Day": "Friday",
        "TemperatureCelsius": 10,
        "Weather": "Sunny",
        "id": 538
      },
      "Text": "Goodbye",
      "UnixTime": 1590199356
    },
    {
      "Action": "pick_suggestion",
      "ActionLabel": "weather_inform_forecast",
      "ActionLabelOptions": [
        "goodbye_1",
        "weather_inform_forecast",
        "weather_ask_day"
      ],
      "Agent": "Wizard",
      "PrimaryItem": {
        "APIName": "weather",
        "City": "San Francisco",
        "Day": "Friday",
        "TemperatureCelsius": 10,
        "Weather": "Sunny",
        "id": 538
      },
      "Text": "It will be Sunny all day on Friday in San Francisco, with temperatures of around 10 degrees celsius.",
      "UnixTime": 1590199360
    },
    {
      "Action": "complete",
      "Agent": "User",
      "UnixTime": 1590199369
    }
  ],
  "FORMAT-VERSION": 7,
  "IntroducesConflicts": false,
  "Scenario": {
    "Domains": [
      "plane",
      "weather"
    ],
    "Happy": false,
    "MultiTask": true,
    "UserTask": "Come up with your own scenario!\n\nAbout you:\n- Your name: John\n\n The AI Assistant can handle:\n- Search for a flight (e.g. from San Francisco to New York City)\n- Book a flight (e.g. with id 525)\n- Checking the weather forecast in different Cities (e.g. Los Angeles or New York City)",
    "WizardCapabilities": [
      {
        "Domain": "plane",
        "SchemaImage": "plane_search.jpg",
        "Task": "plane_search"
      },
      {
        "Domain": "plane",
        "SchemaImage": "plane_book.jpg",
        "Task": "plane_book"
      },
      {
        "Domain": "weather",
        "SchemaImage": "weather.jpg",
        "Task": "weather"
      }
    ],
    "WizardTask": "Follow the flow charts and help the user."
  },
  "UserQuestionnaire": [
    {
      "Answer": true,
      "Question": "Did the assistant stay calm and helpful throughout the dialogue?"
    }
  ],
  "WizardQuestionnaire": [
    {
      "Answer": false,
      "Question": "Did the user change his/her mind about what he/she wants at any time?"
    },
    {
      "Answer": false,
      "Question": "Did the user become aggressive or annoyed during the dialogue? (Note: some users may be instructed to be annoying.)"
    },
    {
      "Answer": false,
      "Question": "Where you unsure about what to do at any time? (Feel free to send us an email with details.)"
    }
  ]
}