{
  "AnonymizedUserWorkerID": "7e46c32f-64e8-9560-702e-82f6b52463d7",
  "AnonymizedWizardWorkerID": "58be375a-caa2-7735-72af-2683a9d7dda2",
  "BatchID": "woz_1590168497",
  "CompletionLevel": "Complete",
  "DialogueID": 5555,
  "Events": [
    {
      "Action": "instruct",
      "Agent": "UserGuide",
      "Text": "Use your imagination to generate a conversation about the topics 'finding a flight from Pittsburgh to Chicago' and 'reserving a flight' (in any order), as shown on the left. You may also ask the assistant about the weather.  [instruction 1 of 6]",
      "UnixTime": 1590198739
    },
    {
      "Action": "utter",
      "Agent": "User",
      "Text": "Hi, I need to book a flight from Pittsburgh to Chicago.",
      "UnixTime": 1590198758
    },
    {
      "Action": "request_suggestions",
      "Agent": "Wizard",
      "Text": "what day",
      "UnixTime": 1590198776
    },
    {
      "Action": "pick_suggestion",
      "ActionLabel": "plane_ask_date",
      "ActionLabelOptions": [
        "plane_ask_date",
        "plane_request_optional",
        "plane_ask_arrival_city"
      ],
      "Agent": "Wizard",
      "Text": "On what day do you want the plane to arrive?",
      "UnixTime": 1590198777
    },
    {
      "Action": "utter",
      "Agent": "User",
      "Text": "Well, I'm not sure. When's the next day the weather will be nice in Chicago?",
      "UnixTime": 1590198795
    },
    {
      "Action": "select_task",
      "Agent": "Wizard",
      "Task": "weather",
      "UnixTime": 1590198800
    },
    {
      "APIName": "weather",
      "Action": "query",
      "Agent": "Wizard",
      "Constraints": [
        {
          "Day": "api.is_equal_to(\"Sunday\")"
        },
        {
          "City": "\"Chicago\""
        }
      ],
      "UnixTime": 1590198807
    },
    {
      "APIName": "weather",
      "Action": "return_item",
      "Agent": "KnowledgeBase",
      "Item": {
        "APIName": "weather",
        "City": "Chicago",
        "Day": "Sunday",
        "TemperatureCelsius": 29,
        "Weather": "Sunny",
        "id": 809
      },
      "TotalItems": -1
    },
    {
      "Action": "request_suggestions",
      "Agent": "Wizard",
      "PrimaryItem": {
        "APIName": "weather",
        "City": "Chicago",
        "Day": "Sunday",
        "TemperatureCelsius": 29,
        "Weather": "Sunny",
        "id": 809
      },
      "Text": "sunday",
      "UnixTime": 1590198810
    },
    {
      "Action": "request_suggestions",
      "Agent": "Wizard",
      "PrimaryItem": {
        "APIName": "weather",
        "City": "Chicago",
        "Day": "Sunday",
        "TemperatureCelsius": 29,
        "Weather": "Sunny",
        "id": 809
      },
      "Text": "sunny",
      "UnixTime": 1590198814
    },
    {
      "Action": "pick_suggestion",
      "ActionLabel": "weather_inform_forecast",
      "ActionLabelOptions": [
        "weather_inform_forecast",
        "goodbye_1",
        "weather_ask_location"
      ],
      "Agent": "Wizard",
      "PrimaryItem": {
        "APIName": "weather",
        "City": "Chicago",
        "Day": "Sunday",
        "TemperatureCelsius": 29,
        "Weather": "Sunny",
        "id": 809
      },
      "Text": "It will be Sunny all day on Sunday in Chicago, with temperatures of around 29 degrees celsius.",
      "UnixTime": 1590198815
    },
    {
      "Action": "utter",
      "Agent": "User",
      "Text": "Okay, I'd like to fly in on Saturday, so I can spend the day on Sunday walking around the city.",
      "UnixTime": 1590198844
    },
    {
      "Action": "instruct",
      "Agent": "UserGuide",
      "Text": "Please have some smalltalk with the AI Assistant at some point in this dialogue. [instruction 2 of 6]",
      "UnixTime": 1590198844
    },
    {
      "Action": "select_task",
      "Agent": "Wizard",
      "PrimaryItem": {
        "APIName": "weather",
        "City": "Chicago",
        "Day": "Sunday",
        "TemperatureCelsius": 29,
        "Weather": "Sunny",
        "id": 809
      },
      "Task": "plane_book",
      "UnixTime": 1590198851
    },
    {
      "Action": "select_task",
      "Agent": "Wizard",
      "PrimaryItem": {
        "APIName": "weather",
        "City": "Chicago",
        "Day": "Sunday",
        "TemperatureCelsius": 29,
        "Weather": "Sunny",
        "id": 809
      },
      "Task": "plane_search",
      "UnixTime": 1590198853
    },
    {
      "Action": "request_suggestions",
      "Agent": "Wizard",
      "PrimaryItem": {
        "APIName": "weather",
        "City": "Chicago",
        "Day": "Sunday",
        "TemperatureCelsius": 29,
        "Weather": "Sunny",
        "id": 809
      },
      "Text": "what date",
      "UnixTime": 1590198860
    },
    {
      "Action": "pick_suggestion",
      "ActionLabel": "plane_ask_date",
      "ActionLabelOptions": [
        "weather_ask_day",
        "plane_ask_date",
        "plane_request_optional",
        "plane_ask_arrival_city",
        "hello",
        "weather_inform_nothing_found"
      ],
      "Agent": "Wizard",
      "PrimaryItem": {
        "APIName": "weather",
        "City": "Chicago",
        "Day": "Sunday",
        "TemperatureCelsius": 29,
        "Weather": "Sunny",
        "id": 809
      },
      "Text": "On what day do you want the plane to arrive?",
      "UnixTime": 1590198866
    },
    {
      "Action": "utter",
      "Agent": "User",
      "Text": "I'd like to arrive on Saturday.",
      "UnixTime": 1590198879
    },
    {
      "Action": "request_suggestions",
      "Agent": "Wizard",
      "PrimaryItem": {
        "APIName": "weather",
        "City": "Chicago",
        "Day": "Sunday",
        "TemperatureCelsius": 29,
        "Weather": "Sunny",
        "id": 809
      },
      "Text": "what number date would you like to arrive",
      "UnixTime": 1590198922
    },
    {
      "Action": "utter",
      "Agent": "Wizard",
      "PrimaryItem": {
        "APIName": "weather",
        "City": "Chicago",
        "Day": "Sunday",
        "TemperatureCelsius": 29,
        "Weather": "Sunny",
        "id": 809
      },
      "Text": "what number date would you like to arrive",
      "UnixTime": 1590198928
    },
    {
      "Action": "utter",
      "Agent": "User",
      "Text": "I guess the 23rd.",
      "UnixTime": 1590198943
    },
    {
      "Action": "instruct",
      "Agent": "UserGuide",
      "Text": "If you haven't yet, it's time to change topic. You can also go back and forth between topics. [instruction 3 of 6]",
      "UnixTime": 1590198943
    },
    {
      "APIName": "plane_search",
      "Action": "query",
      "Agent": "Wizard",
      "Constraints": [
        {
          "DepartureCity": "\"Pittsburgh\""
        },
        {
          "ArrivalCity": "\"Chicago\""
        },
        {
          "Date": "\"23rd\""
        }
      ],
      "PrimaryItem": {
        "APIName": "weather",
        "City": "Chicago",
        "Day": "Sunday",
        "TemperatureCelsius": 29,
        "Weather": "Sunny",
        "id": 809
      },
      "UnixTime": 1590198964
    },
    {
      "APIName": "plane_search",
      "Action": "return_item",
      "Agent": "KnowledgeBase",
      "Item": {
        "APIName": "plane_search",
        "Airline": "American",
        "ArrivalCity": "Chicago",
        "ArrivalTime": "12 pm",
        "Class": "Business",
        "Date": "23rd",
        "DepartureCity": "Pittsburgh",
        "DurationHours": 6,
        "Price": 345,
        "id": 931
      },
      "TotalItems": 2
    },
    {
      "Action": "request_suggestions",
      "Agent": "Wizard",
      "PrimaryItem": {
        "APIName": "plane_search",
        "Airline": "American",
        "ArrivalCity": "Chicago",
        "ArrivalTime": "12 pm",
        "Class": "Business",
        "Date": "23rd",
        "DepartureCity": "Pittsburgh",
        "DurationHours": 6,
        "Price": 345,
        "id": 931
      },
      "Text": "931",
      "UnixTime": 1590198968
    },
    {
      "Action": "request_suggestions",
      "Agent": "Wizard",
      "PrimaryItem": {
        "APIName": "plane_search",
        "Airline": "American",
        "ArrivalCity": "Chicago",
        "ArrivalTime": "12 pm",
        "Class": "Business",
        "Date": "23rd",
        "DepartureCity": "Pittsburgh",
        "DurationHours": 6,
        "Price": 345,
        "id": 931
      },
      "Text": "345",
      "UnixTime": 1590198972
    },
    {
      "Action": "pick_suggestion",
      "ActionLabel": "plane_inform_flight_details",
      "ActionLabelOptions": [
        "plane_ask_arrival_city",
        "plane_inform_flight_details",
        "plane_ask_date"
      ],
      "Agent": "Wizard",
      "PrimaryItem": {
        "APIName": "plane_search",
        "Airline": "American",
        "ArrivalCity": "Chicago",
        "ArrivalTime": "12 pm",
        "Class": "Business",
        "Date": "23rd",
        "DepartureCity": "Pittsburgh",
        "DurationHours": 6,
        "Price": 345,
        "id": 931
      },
      "Text": "Right, I found a Business flight with American for 345 credits\n that takes 6 hours to get to Chicago.",
      "UnixTime": 1590198975
    },
    {
      "Action": "utter",
      "Agent": "User",
      "Text": "Okay, book that.",
      "UnixTime": 1590198990
    },
    {
      "Action": "instruct",
      "Agent": "UserGuide",
      "Text": "If it makes sense, use some negations ('I don't want X', or 'anything but Y', etc.) [instruction 4 of 6]",
      "UnixTime": 1590198990
    },
    {
      "Action": "select_task",
      "Agent": "Wizard",
      "PrimaryItem": {
        "APIName": "plane_search",
        "Airline": "American",
        "ArrivalCity": "Chicago",
        "ArrivalTime": "12 pm",
        "Class": "Business",
        "Date": "23rd",
        "DepartureCity": "Pittsburgh",
        "DurationHours": 6,
        "Price": 345,
        "id": 931
      },
      "Task": "plane_book",
      "UnixTime": 1590199022
    },
    {
      "Action": "request_suggestions",
      "Agent": "Wizard",
      "PrimaryItem": {
        "APIName": "plane_search",
        "Airline": "American",
        "ArrivalCity": "Chicago",
        "ArrivalTime": "12 pm",
        "Class": "Business",
        "Date": "23rd",
        "DepartureCity": "Pittsburgh",
        "DurationHours": 6,
        "Price": 345,
        "id": 931
      },
      "Text": "name",
      "UnixTime": 1590199031
    },
    {
      "Action": "pick_suggestion",
      "ActionLabel": "ask_name",
      "ActionLabelOptions": [
        "ask_name",
        "goodbye_2",
        "out_of_scope",
        "plane_request_optional",
        "plane_inform_nothing_found",
        "plane_flight_available"
      ],
      "Agent": "Wizard",
      "PrimaryItem": {
        "APIName": "plane_search",
        "Airline": "American",
        "ArrivalCity": "Chicago",
        "ArrivalTime": "12 pm",
        "Class": "Business",
        "Date": "23rd",
        "DepartureCity": "Pittsburgh",
        "DurationHours": 6,
        "Price": 345,
        "id": 931
      },
      "Text": "May I have your name, please?",
      "UnixTime": 1590199032
    },
    {
      "Action": "utter",
      "Agent": "User",
      "Text": "Alexis",
      "UnixTime": 1590199040
    },
    {
      "Action": "instruct",
      "Agent": "UserGuide",
      "Text": "Keep going until you've covered all the topics ('finding a flight' and 'booking a flight'). The conversation should continue at least until the last instruction is given. [instruction 5 of 6]",
      "UnixTime": 1590199040
    },
    {
      "APIName": "plane_book",
      "Action": "query",
      "Agent": "Wizard",
      "Constraints": [
        {
          "id": "931"
        },
        {
          "CustomerName": "\"Alexis\""
        },
        {
          "RequestType": "\"Check\""
        }
      ],
      "PrimaryItem": {
        "APIName": "plane_search",
        "Airline": "American",
        "ArrivalCity": "Chicago",
        "ArrivalTime": "12 pm",
        "Class": "Business",
        "Date": "23rd",
        "DepartureCity": "Pittsburgh",
        "DurationHours": 6,
        "Price": 345,
        "id": 931
      },
      "UnixTime": 1590199045
    },
    {
      "APIName": "plane_book",
      "Action": "return_item",
      "Agent": "KnowledgeBase",
      "Item": {
        "APIName": "plane_book",
        "Message": "Available",
        "id": 931
      },
      "TotalItems": -1
    },
    {
      "APIName": "plane_book",
      "Action": "query",
      "Agent": "Wizard",
      "Constraints": [
        {
          "id": "931"
        },
        {
          "CustomerName": "\"Alexis\""
        },
        {
          "RequestType": "\"Book\""
        }
      ],
      "PrimaryItem": {
        "APIName": "plane_book",
        "Message": "Available",
        "id": 931
      },
      "UnixTime": 1590199050
    },
    {
      "APIName": "plane_book",
      "Action": "return_item",
      "Agent": "KnowledgeBase",
      "Item": {
        "APIName": "plane_book",
        "ReservationStatus": "Reservation Failed",
        "id": 931
      },
      "TotalItems": -1
    },
    {
      "Action": "request_suggestions",
      "Agent": "Wizard",
      "PrimaryItem": {
        "APIName": "plane_book",
        "ReservationStatus": "Reservation Failed",
        "id": 931
      },
      "Text": "failed",
      "UnixTime": 1590199053
    },
    {
      "Action": "pick_suggestion",
      "ActionLabel": "plane_reservation_failed",
      "ActionLabelOptions": [
        "plane_reservation_failed",
        "plane_inform_nothing_found",
        "ask_name"
      ],
      "Agent": "Wizard",
      "PrimaryItem": {
        "APIName": "plane_book",
        "ReservationStatus": "Reservation Failed",
        "id": 931
      },
      "Text": "I'm sorry, but your reservation request was unsuccessful.",
      "UnixTime": 1590199054
    },
    {
      "Action": "utter",
      "Agent": "User",
      "Text": "Well, see if you can find a flight for the 22nd instead.",
      "UnixTime": 1590199079
    },
    {
      "Action": "select_task",
      "Agent": "Wizard",
      "PrimaryItem": {
        "APIName": "plane_book",
        "ReservationStatus": "Reservation Failed",
        "id": 931
      },
      "Task": "plane_search",
      "UnixTime": 1590199111
    },
    {
      "APIName": "plane_search",
      "Action": "query",
      "Agent": "Wizard",
      "Constraints": [
        {
          "DepartureCity": "\"Pittsburgh\""
        },
        {
          "ArrivalCity": "\"Chicago\""
        },
        {
          "Date": "\"22nd\""
        }
      ],
      "PrimaryItem": {
        "APIName": "plane_book",
        "ReservationStatus": "Reservation Failed",
        "id": 931
      },
      "UnixTime": 1590199114
    },
    {
      "APIName": "plane_search",
      "Action": "return_item",
      "Agent": "KnowledgeBase",
      "Item": {
        "APIName": "plane_search",
        "Airline": "United",
        "ArrivalCity": "Chicago",
        "ArrivalTime": "12 am",
        "Class": "First",
        "Date": "22nd",
        "DepartureCity": "Pittsburgh",
        "DurationHours": 3,
        "Price": 256,
        "id": 332
      },
      "TotalItems": 2
    },
    {
      "Action": "request_suggestions",
      "Agent": "Wizard",
      "PrimaryItem": {
        "APIName": "plane_search",
        "Airline": "United",
        "ArrivalCity": "Chicago",
        "ArrivalTime": "12 am",
        "Class": "First",
        "Date": "22nd",
        "DepartureCity": "Pittsburgh",
        "DurationHours": 3,
        "Price": 256,
        "id": 332
      },
      "Text": "332",
      "UnixTime": 1590199120
    },
    {
      "Action": "pick_suggestion",
      "ActionLabel": "plane_inform_flight_details",
      "ActionLabelOptions": [
        "plane_inform_flight_details",
        "plane_ask_arrival_city",
        "anything_else"
      ],
      "Agent": "Wizard",
      "PrimaryItem": {
        "APIName": "plane_search",
        "Airline": "United",
        "ArrivalCity": "Chicago",
        "ArrivalTime": "12 am",
        "Class": "First",
        "Date": "22nd",
        "DepartureCity": "Pittsburgh",
        "DurationHours": 3,
        "Price": 256,
        "id": 332
      },
      "Text": "Right, I found a First flight with United for 256 credits\n that takes 3 hours to get to Chicago.",
      "UnixTime": 1590199121
    },
    {
      "Action": "utter",
      "Agent": "User",
      "Text": "That would be fine, book it.",
      "UnixTime": 1590199134
    },
    {
      "Action": "instruct",
      "Agent": "UserGuide",
      "Text": "Ok, once you've touched on all the topics ('finding a flight' and 'booking a flight') and engaged in some smalltalk, you can bring the conversation to a natural close. [instruction 6 of 6]",
      "UnixTime": 1590199134
    },
    {
      "Action": "select_task",
      "Agent": "Wizard",
      "PrimaryItem": {
        "APIName": "plane_search",
        "Airline": "United",
        "ArrivalCity": "Chicago",
        "ArrivalTime": "12 am",
        "Class": "First",
        "Date": "22nd",
        "DepartureCity": "Pittsburgh",
        "DurationHours": 3,
        "Price": 256,
        "id": 332
      },
      "Task": "plane_book",
      "UnixTime": 1590199136
    },
    {
      "APIName": "plane_book",
      "Action": "query",
      "Agent": "Wizard",
      "Constraints": [
        {
          "id": "332"
        },
        {
          "CustomerName": "\"Alexis\""
        },
        {
          "RequestType": "\"Book\""
        }
      ],
      "PrimaryItem": {
        "APIName": "plane_search",
        "Airline": "United",
        "ArrivalCity": "Chicago",
        "ArrivalTime": "12 am",
        "Class": "First",
        "Date": "22nd",
        "DepartureCity": "Pittsburgh",
        "DurationHours": 3,
        "Price": 256,
        "id": 332
      },
      "UnixTime": 1590199142
    },
    {
      "APIName": "plane_book",
      "Action": "return_item",
      "Agent": "KnowledgeBase",
      "Item": {
        "APIName": "plane_book",
        "ReservationStatus": "Reservation Failed",
        "id": 332
      },
      "TotalItems": -1
    },
    {
      "Action": "request_suggestions",
      "Agent": "Wizard",
      "PrimaryItem": {
        "APIName": "plane_book",
        "ReservationStatus": "Reservation Failed",
        "id": 332
      },
      "Text": "failed",
      "UnixTime": 1590199145
    },
    {
      "Action": "pick_suggestion",
      "ActionLabel": "plane_reservation_failed",
      "ActionLabelOptions": [
        "plane_reservation_failed",
        "plane_inform_nothing_found",
        "ask_name"
      ],
      "Agent": "Wizard",
      "PrimaryItem": {
        "APIName": "plane_book",
        "ReservationStatus": "Reservation Failed",
        "id": 332
      },
      "Text": "I'm sorry, but your reservation request was unsuccessful.",
      "UnixTime": 1590199146
    },
    {
      "Action": "utter",
      "Agent": "User",
      "Text": "Well, just find and book a flight for any day before the 23rd.",
      "UnixTime": 1590199167
    },
    {
      "Action": "select_task",
      "Agent": "Wizard",
      "PrimaryItem": {
        "APIName": "plane_book",
        "ReservationStatus": "Reservation Failed",
        "id": 332
      },
      "Task": "plane_search",
      "UnixTime": 1590199225
    },
    {
      "APIName": "plane_search",
      "Action": "query",
      "Agent": "Wizard",
      "Constraints": [
        {
          "DepartureCity": "\"Pittsburgh\""
        },
        {
          "ArrivalCity": "\"Chicago\""
        },
        {
          "Date": "\"21st\""
        }
      ],
      "PrimaryItem": {
        "APIName": "plane_book",
        "ReservationStatus": "Reservation Failed",
        "id": 332
      },
      "UnixTime": 1590199228
    },
    {
      "APIName": "plane_search",
      "Action": "return_item",
      "Agent": "KnowledgeBase",
      "Item": {
        "APIName": "plane_search",
        "Airline": "United",
        "ArrivalCity": "Chicago",
        "ArrivalTime": "7 am",
        "Class": "First",
        "Date": "21st",
        "DepartureCity": "Pittsburgh",
        "DurationHours": 3,
        "Price": 494,
        "id": 122
      },
      "TotalItems": 1
    },
    {
      "Action": "select_task",
      "Agent": "Wizard",
      "PrimaryItem": {
        "APIName": "plane_search",
        "Airline": "United",
        "ArrivalCity": "Chicago",
        "ArrivalTime": "7 am",
        "Class": "First",
        "Date": "21st",
        "DepartureCity": "Pittsburgh",
        "DurationHours": 3,
        "Price": 494,
        "id": 122
      },
      "Task": "plane_book",
      "UnixTime": 1590199229
    },
    {
      "APIName": "plane_book",
      "Action": "query",
      "Agent": "Wizard",
      "Constraints": [
        {
          "id": "122"
        },
        {
          "CustomerName": "\"Alexis\""
        },
        {
          "RequestType": "\"Book\""
        }
      ],
      "PrimaryItem": {
        "APIName": "plane_search",
        "Airline": "United",
        "ArrivalCity": "Chicago",
        "ArrivalTime": "7 am",
        "Class": "First",
        "Date": "21st",
        "DepartureCity": "Pittsburgh",
        "DurationHours": 3,
        "Price": 494,
        "id": 122
      },
      "UnixTime": 1590199233
    },
    {
      "APIName": "plane_book",
      "Action": "return_item",
      "Agent": "KnowledgeBase",
      "Item": {
        "APIName": "plane_book",
        "ReservationStatus": "Reservation Confirmed",
        "id": 122
      },
      "TotalItems": -1
    },
    {
      "Action": "request_suggestions",
      "Agent": "Wizard",
      "PrimaryItem": {
        "APIName": "plane_book",
        "ReservationStatus": "Reservation Confirmed",
        "id": 122
      },
      "Text": "confirmed",
      "UnixTime": 1590199236
    },
    {
      "Action": "pick_suggestion",
      "ActionLabel": "plane_reservation_succeeded",
      "ActionLabelOptions": [
        "plane_reservation_succeeded",
        "plane_inform_nothing_found",
        "out_of_scope"
      ],
      "Agent": "Wizard",
      "PrimaryItem": {
        "APIName": "plane_book",
        "ReservationStatus": "Reservation Confirmed",
        "id": 122
      },
      "Text": "Right, your flight is now reserved!",
      "UnixTime": 1590199237
    },
    {
      "Action": "utter",
      "Agent": "User",
      "Text": "Oh good. I hope I have time to visit Willis Tower.",
      "UnixTime": 1590199265
    },
    {
      "Action": "request_suggestions",
      "Agent": "Wizard",
      "PrimaryItem": {
        "APIName": "plane_book",
        "ReservationStatus": "Reservation Confirmed",
        "id": 122
      },
      "Text": "anything else",
      "UnixTime": 1590199270
    },
    {
      "Action": "pick_suggestion",
      "ActionLabel": "anything_else",
      "ActionLabelOptions": [
        "anything_else",
        "ask_name",
        "out_of_scope"
      ],
      "Agent": "Wizard",
      "PrimaryItem": {
        "APIName": "plane_book",
        "ReservationStatus": "Reservation Confirmed",
        "id": 122
      },
      "Text": "Is there anything else that I can do for you?",
      "UnixTime": 1590199272
    },
    {
      "Action": "utter",
      "Agent": "User",
      "Text": "No, I don't think so.",
      "UnixTime": 1590199280
    },
    {
      "Action": "request_suggestions",
      "Agent": "Wizard",
      "PrimaryItem": {
        "APIName": "plane_book",
        "ReservationStatus": "Reservation Confirmed",
        "id": 122
      },
      "Text": "bye",
      "UnixTime": 1590199283
    },
    {
      "Action": "pick_suggestion",
      "ActionLabel": "goodbye_2",
      "ActionLabelOptions": [
        "goodbye_2",
        "hello",
        "plane_ask_flight_id"
      ],
      "Agent": "Wizard",
      "PrimaryItem": {
        "APIName": "plane_book",
        "ReservationStatus": "Reservation Confirmed",
        "id": 122
      },
      "Text": "Thank you and goodbye.",
      "UnixTime": 1590199284
    },
    {
      "Action": "complete",
      "Agent": "User",
      "UnixTime": 1590199286
    }
  ],
  "FORMAT-VERSION": 7,
  "IntroducesConflicts": false,
  "Scenario": {
    "Domains": [
      "plane",
      "weather"
    ],
    "Happy": false,
    "MultiTask": true,
    "UserTask": "Come up with your own scenario!\n\nAbout you:\n- Your name: Alexis\n\n The AI Assistant can handle:\n- Search for a flight (e.g. from Pittsburgh to Chicago)\n- Book a flight (e.g. with id 60)\n- Checking the weather forecast in different Cities (e.g. New York City or Chicago)",
    "WizardCapabilities": [
      {
        "Domain": "plane",
        "SchemaImage": "plane_search.jpg",
        "Task": "plane_search"
      },
      {
        "Domain": "plane",
        "SchemaImage": "plane_book.jpg",
        "Task": "plane_book"
      },
      {
        "Domain": "weather",
        "SchemaImage": "weather.jpg",
        "Task": "weather"
      }
    ],
    "WizardTask": "Follow the flow charts and help the user."
  },
  "UserQuestionnaire": [
    {
      "Answer": true,
      "Question": "Did the assistant stay calm and helpful throughout the dialogue?"
    }
  ],
  "WizardQuestionnaire": [
    {
      "Answer": false,
      "Question": "Did the user change his/her mind about what he/she wants at any time?"
    },
    {
      "Answer": true,
      "Question": "Did the user become aggressive or annoyed during the dialogue? (Note: some users may be instructed to be annoying.)"
    },
    {
      "Answer": false,
      "Question": "Where you unsure about what to do at any time? (Feel free to send us an email with details.)"
    }
  ]
}