{
  "AnonymizedUserWorkerID": "9f92fdec-85bc-1130-d832-fefd9dcb8b02",
  "AnonymizedWizardWorkerID": "3edcce52-bbdf-48d8-3d95-d45dad2e0182",
  "BatchID": "woz_1590168497",
  "CompletionLevel": "Complete",
  "DialogueID": 5575,
  "Events": [
    {
      "Action": "instruct",
      "Agent": "UserGuide",
      "Text": "Use your imagination to generate a conversation about the topics 'Reserving a table at a restaurant', 'Bank balance checking' and 'Filing a bank fraud report' (in any order), as shown on the left. You may also play up to two rounds of trivia with the assistant.  [instruction 1 of 9]",
      "UnixTime": 1590179261
    },
    {
      "Action": "utter",
      "Agent": "User",
      "Text": "I dropped my wallet earlier today and lost everything.",
      "UnixTime": 1590179312
    },
    {
      "Action": "request_suggestions",
      "Agent": "Wizard",
      "Text": "Oh no, how can i help",
      "UnixTime": 1590179592
    },
    {
      "Action": "pick_suggestion",
      "ActionLabel": "hello",
      "ActionLabelOptions": [
        "out_of_scope",
        "anything_else",
        "hello"
      ],
      "Agent": "Wizard",
      "Text": "Hello, how can I help?",
      "UnixTime": 1590179594
    },
    {
      "Action": "utter",
      "Agent": "User",
      "Text": "I gotta get a new driver's license, I need to cancel my credit card and I need to make sure no one has accessed my bank account.",
      "UnixTime": 1590179639
    },
    {
      "Action": "select_task",
      "Agent": "Wizard",
      "Task": "bank_balance",
      "UnixTime": 1590179670
    },
    {
      "Action": "select_task",
      "Agent": "Wizard",
      "Task": "bank_fraud_report",
      "UnixTime": 1590179672
    },
    {
      "Action": "request_suggestions",
      "Agent": "Wizard",
      "Text": "OKay, i can ehlp you file a fraud report and check your bank balance ",
      "UnixTime": 1590179686
    },
    {
      "Action": "utter",
      "Agent": "Wizard",
      "Text": "OKay, i can ehlp you file a fraud report and check your bank balance ",
      "UnixTime": 1590179690
    },
    {
      "Action": "utter",
      "Agent": "User",
      "Text": "let's start by checking the balance, I don't want to overreact.",
      "UnixTime": 1590179711
    },
    {
      "Action": "instruct",
      "Agent": "UserGuide",
      "Text": "You may attempt to do some smalltalk with the AI Assistant at any time. [instruction 2 of 9]",
      "UnixTime": 1590179711
    },
    {
      "Action": "select_task",
      "Agent": "Wizard",
      "Task": "bank_balance",
      "UnixTime": 1590179729
    },
    {
      "Action": "request_suggestions",
      "Agent": "Wizard",
      "Text": "What is your fill name",
      "UnixTime": 1590179734
    },
    {
      "Action": "pick_suggestion",
      "ActionLabel": "ask_name",
      "ActionLabelOptions": [
        "ask_name",
        "bank_inform_cannot_authenticate",
        "anything_else"
      ],
      "Agent": "Wizard",
      "Text": "Could I get your full name, please?",
      "UnixTime": 1590179735
    },
    {
      "Action": "utter",
      "Agent": "User",
      "Text": "Tyler Jones",
      "UnixTime": 1590179743
    },
    {
      "Action": "request_suggestions",
      "Agent": "Wizard",
      "Text": "What isyour acocunt number",
      "UnixTime": 1590179783
    },
    {
      "Action": "pick_suggestion",
      "ActionLabel": "bank_ask_account_number",
      "ActionLabelOptions": [
        "bank_ask_account_number",
        "bank_ask_dob",
        "bank_inform_cannot_authenticate"
      ],
      "Agent": "Wizard",
      "Text": "Can you tell me your account number, please?",
      "UnixTime": 1590179784
    },
    {
      "Action": "utter",
      "Agent": "User",
      "Text": "153531981 isn't it amazing that I have that remembered off the top of my head? My brain is like a steel trap!",
      "UnixTime": 1590179820
    },
    {
      "Action": "request_suggestions",
      "Agent": "Wizard",
      "Text": "What about your pin",
      "UnixTime": 1590179826
    },
    {
      "Action": "pick_suggestion",
      "ActionLabel": "bank_ask_pin",
      "ActionLabelOptions": [
        "bank_ask_pin",
        "bank_ask_childhood_pets_name",
        "bank_ask_dob"
      ],
      "Agent": "Wizard",
      "Text": "Right, and your PIN as well please.",
      "UnixTime": 1590179827
    },
    {
      "Action": "utter",
      "Agent": "User",
      "Text": "Sorry, I can't remember my PIN number.",
      "UnixTime": 1590179839
    },
    {
      "Action": "request_suggestions",
      "Agent": "Wizard",
      "Text": "What is your date of birth",
      "UnixTime": 1590179858
    },
    {
      "Action": "pick_suggestion",
      "ActionLabel": "bank_ask_dob",
      "ActionLabelOptions": [
        "bank_ask_dob",
        "bank_inform_cannot_authenticate",
        "out_of_scope"
      ],
      "Agent": "Wizard",
      "Text": "Could you provide your date of birth, please?",
      "UnixTime": 1590179868
    },
    {
      "Action": "utter",
      "Agent": "User",
      "Text": "so much for a steel trap! That was kind of embarrassing. Honestly, I'm not dumb.",
      "UnixTime": 1590179905
    },
    {
      "Action": "instruct",
      "Agent": "UserGuide",
      "Text": "If you haven't yet, it's time to change topic. You can also go back and forth between topics. [instruction 3 of 9]",
      "UnixTime": 1590179905
    },
    {
      "Action": "request_suggestions",
      "Agent": "Wizard",
      "Text": "What is your date of birth",
      "UnixTime": 1590179933
    },
    {
      "Action": "pick_suggestion",
      "ActionLabel": "bank_ask_dob",
      "ActionLabelOptions": [
        "bank_ask_dob",
        "bank_inform_cannot_authenticate",
        "out_of_scope"
      ],
      "Agent": "Wizard",
      "Text": "Could you provide your date of birth, please?",
      "UnixTime": 1590179935
    },
    {
      "Action": "utter",
      "Agent": "User",
      "Text": "Oh, no comment. So you think i'm dumb. Alright then, let's play some trivia.",
      "UnixTime": 1590179977
    },
    {
      "Action": "instruct",
      "Agent": "UserGuide",
      "Text": "If it makes sense, use some negations ('I don't want', or 'anything but ...', etc.) [instruction 4 of 9]",
      "UnixTime": 1590179977
    },
    {
      "Action": "select_task",
      "Agent": "Wizard",
      "Task": "bank_fraud_report",
      "UnixTime": 1590180220
    },
    {
      "Action": "select_task",
      "Agent": "Wizard",
      "Task": "trivia",
      "UnixTime": 1590180240
    },
    {
      "APIName": "trivia",
      "Action": "query",
      "Agent": "Wizard",
      "Constraints": [
        {
          "QuestionNum": "1"
        }
      ],
      "UnixTime": 1590180243
    },
    {
      "APIName": "trivia",
      "Action": "return_item",
      "Agent": "KnowledgeBase",
      "Item": {
        "APIName": "trivia",
        "Answer": "cesium",
        "Question": "A ____ atom in an atomic clock beats 9,192,631,770 times a second"
      },
      "TotalItems": -1
    },
    {
      "Action": "request_suggestions",
      "Agent": "Wizard",
      "PrimaryItem": {
        "APIName": "trivia",
        "Answer": "cesium",
        "Question": "A ____ atom in an atomic clock beats 9,192,631,770 times a second"
      },
      "Text": "Atom in atomic clock beats",
      "UnixTime": 1590180255
    },
    {
      "Action": "pick_suggestion",
      "ActionLabel": "trivia_ask_question",
      "ActionLabelOptions": [
        "trivia_ask_question",
        "trivia_inform_answer_2_ask_next",
        "out_of_scope"
      ],
      "Agent": "Wizard",
      "PrimaryItem": {
        "APIName": "trivia",
        "Answer": "cesium",
        "Question": "A ____ atom in an atomic clock beats 9,192,631,770 times a second"
      },
      "Text": "A ____ atom in an atomic clock beats 9,192,631,770 times a second",
      "UnixTime": 1590180257
    },
    {
      "Action": "utter",
      "Agent": "User",
      "Text": "Adam. It's an adam atom.",
      "UnixTime": 1590180301
    },
    {
      "Action": "instruct",
      "Agent": "UserGuide",
      "Text": "If you like, you can ask for a game of trivia at any point. But don't play more than two rounds. [instruction 5 of 9]",
      "UnixTime": 1590180301
    },
    {
      "Action": "request_suggestions",
      "Agent": "Wizard",
      "PrimaryItem": {
        "APIName": "trivia",
        "Answer": "cesium",
        "Question": "A ____ atom in an atomic clock beats 9,192,631,770 times a second"
      },
      "Text": "Nope, it is cesium",
      "UnixTime": 1590180345
    },
    {
      "Action": "pick_suggestion",
      "ActionLabel": "trivia_inform_answer_incorrect_ask_next",
      "ActionLabelOptions": [
        "trivia_inform_answer_incorrect_ask_next",
        "trivia_ask_question",
        "trivia_inform_answer_2_ask_next"
      ],
      "Agent": "Wizard",
      "PrimaryItem": {
        "APIName": "trivia",
        "Answer": "cesium",
        "Question": "A ____ atom in an atomic clock beats 9,192,631,770 times a second"
      },
      "Text": "Unfortunately your answer was wrong. 'cesium' would have been correct.\nWould you like to continue playing?",
      "UnixTime": 1590180346
    },
    {
      "Action": "utter",
      "Agent": "User",
      "Text": "Trivia is stupid anyways. I thought we were checking on my account.",
      "UnixTime": 1590180374
    },
    {
      "Action": "select_task",
      "Agent": "Wizard",
      "PrimaryItem": {
        "APIName": "trivia",
        "Answer": "cesium",
        "Question": "A ____ atom in an atomic clock beats 9,192,631,770 times a second"
      },
      "Task": "restaurant_book",
      "UnixTime": 1590180490
    },
    {
      "Action": "select_task",
      "Agent": "Wizard",
      "PrimaryItem": {
        "APIName": "trivia",
        "Answer": "cesium",
        "Question": "A ____ atom in an atomic clock beats 9,192,631,770 times a second"
      },
      "Task": "bank_balance",
      "UnixTime": 1590180490
    },
    {
      "Action": "request_suggestions",
      "Agent": "Wizard",
      "PrimaryItem": {
        "APIName": "trivia",
        "Answer": "cesium",
        "Question": "A ____ atom in an atomic clock beats 9,192,631,770 times a second"
      },
      "Text": "ok",
      "UnixTime": 1590180494
    },
    {
      "Action": "utter",
      "Agent": "Wizard",
      "PrimaryItem": {
        "APIName": "trivia",
        "Answer": "cesium",
        "Question": "A ____ atom in an atomic clock beats 9,192,631,770 times a second"
      },
      "Text": "Okay, what is your date of birth",
      "UnixTime": 1590180506
    },
    {
      "Action": "utter",
      "Agent": "User",
      "Text": "31/06/1996",
      "UnixTime": 1590180513
    },
    {
      "Action": "instruct",
      "Agent": "UserGuide",
      "Text": "Keep going :) - don't forget some smalltalk. Perhaps say something related to the first topic you talked about. [instruction 6 of 9]",
      "UnixTime": 1590180513
    },
    {
      "APIName": "bank_balance",
      "Action": "query",
      "Agent": "Wizard",
      "Constraints": [
        {
          "FullName": "\"Tyler Jones\""
        },
        {
          "DateOfBirth": "\"31/06/1996\""
        }
      ],
      "PrimaryItem": {
        "APIName": "trivia",
        "Answer": "cesium",
        "Question": "A ____ atom in an atomic clock beats 9,192,631,770 times a second"
      },
      "UnixTime": 1590180522
    },
    {
      "APIName": "bank_balance",
      "Action": "return_item",
      "Agent": "KnowledgeBase",
      "Item": {
        "APIName": "bank_balance",
        "Message": "You must provide either AccountNumber/FullName/PIN or FullName/DateOfBirth/SecurityAnswer1/SecurityAnswer2. We cannot authenticate the user otherwise."
      },
      "TotalItems": -1
    },
    {
      "Action": "request_suggestions",
      "Agent": "Wizard",
      "PrimaryItem": {
        "APIName": "bank_balance",
        "Message": "You must provide either AccountNumber/FullName/PIN or FullName/DateOfBirth/SecurityAnswer1/SecurityAnswer2. We cannot authenticate the user otherwise."
      },
      "Text": "Waht is your mothesr maiden name",
      "UnixTime": 1590180527
    },
    {
      "Action": "pick_suggestion",
      "ActionLabel": "bank_ask_mothers_maiden_name",
      "ActionLabelOptions": [
        "bank_ask_mothers_maiden_name",
        "bank_inform_cannot_authenticate",
        "bank_inform_nothing_found"
      ],
      "Agent": "Wizard",
      "PrimaryItem": {
        "APIName": "bank_balance",
        "Message": "You must provide either AccountNumber/FullName/PIN or FullName/DateOfBirth/SecurityAnswer1/SecurityAnswer2. We cannot authenticate the user otherwise."
      },
      "Text": "What was your mother's maiden name?",
      "UnixTime": 1590180528
    },
    {
      "Action": "utter",
      "Agent": "User",
      "Text": "Sanders",
      "UnixTime": 1590180537
    },
    {
      "Action": "request_suggestions",
      "Agent": "Wizard",
      "PrimaryItem": {
        "APIName": "bank_balance",
        "Message": "You must provide either AccountNumber/FullName/PIN or FullName/DateOfBirth/SecurityAnswer1/SecurityAnswer2. We cannot authenticate the user otherwise."
      },
      "Text": "thnk you! what is your childhood pet",
      "UnixTime": 1590180717
    },
    {
      "Action": "pick_suggestion",
      "ActionLabel": "bank_ask_childhood_pets_name",
      "ActionLabelOptions": [
        "bank_ask_childhood_pets_name",
        "bank_ask_dob",
        "bank_ask_pin"
      ],
      "Agent": "Wizard",
      "PrimaryItem": {
        "APIName": "bank_balance",
        "Message": "You must provide either AccountNumber/FullName/PIN or FullName/DateOfBirth/SecurityAnswer1/SecurityAnswer2. We cannot authenticate the user otherwise."
      },
      "Text": "And what was the name of the pet you had as a child?",
      "UnixTime": 1590180721
    },
    {
      "Action": "utter",
      "Agent": "User",
      "Text": "Buddy, RIP to the little guy. He had breath that could peel paint.",
      "UnixTime": 1590180757
    },
    {
      "Action": "instruct",
      "Agent": "UserGuide",
      "Text": "Keep going until you've covered all the topics (reserving a table at a restaurant, bank balance checking, and bank fraud report). The conversation should continue at least until the last instruction is given. [instruction 7 of 9]",
      "UnixTime": 1590180757
    },
    {
      "APIName": "bank_balance",
      "Action": "query",
      "Agent": "Wizard",
      "Constraints": [
        {
          "FullName": "\"Tyler Jones\""
        },
        {
          "DateOfBirth": "\"31/06/1996\""
        },
        {
          "SecurityAnswer1": "\"Sanders\""
        },
        {
          "SecurityAnswer2": "\"Buddy\""
        }
      ],
      "PrimaryItem": {
        "APIName": "bank_balance",
        "Message": "You must provide either AccountNumber/FullName/PIN or FullName/DateOfBirth/SecurityAnswer1/SecurityAnswer2. We cannot authenticate the user otherwise."
      },
      "UnixTime": 1590180778
    },
    {
      "APIName": "bank_balance",
      "Action": "return_item",
      "Agent": "KnowledgeBase",
      "Item": {
        "APIName": "bank_balance",
        "BankBalance": 1083,
        "BankName": "Wells Fargo",
        "id": 334
      },
      "TotalItems": -1
    },
    {
      "Action": "request_suggestions",
      "Agent": "Wizard",
      "PrimaryItem": {
        "APIName": "bank_balance",
        "BankBalance": 1083,
        "BankName": "Wells Fargo",
        "id": 334
      },
      "Text": "Your balance is 1083",
      "UnixTime": 1590180782
    },
    {
      "Action": "pick_suggestion",
      "ActionLabel": "bank_inform_balance",
      "ActionLabelOptions": [
        "bank_inform_balance",
        "anything_else",
        "bank_ask_mothers_maiden_name"
      ],
      "Agent": "Wizard",
      "PrimaryItem": {
        "APIName": "bank_balance",
        "BankBalance": 1083,
        "BankName": "Wells Fargo",
        "id": 334
      },
      "Text": "Your current balance is 1083 in credit.",
      "UnixTime": 1590180785
    },
    {
      "Action": "utter",
      "Agent": "User",
      "Text": "Just as I was afraid of. Someone must have used my debit card. ",
      "UnixTime": 1590180809
    },
    {
      "Action": "select_task",
      "Agent": "Wizard",
      "PrimaryItem": {
        "APIName": "bank_balance",
        "BankBalance": 1083,
        "BankName": "Wells Fargo",
        "id": 334
      },
      "Task": "bank_fraud_report",
      "UnixTime": 1590180824
    },
    {
      "Action": "request_suggestions",
      "Agent": "Wizard",
      "PrimaryItem": {
        "APIName": "bank_balance",
        "BankBalance": 1083,
        "BankName": "Wells Fargo",
        "id": 334
      },
      "Text": "I can submit a fraud report fo ryu",
      "UnixTime": 1590180856
    },
    {
      "Action": "pick_suggestion",
      "ActionLabel": "bank_ask_fraud_details",
      "ActionLabelOptions": [
        "bank_ask_fraud_details",
        "bank_inform_cannot_authenticate",
        "bank_inform_fraud_report_submitted",
        "bank_ask_mothers_maiden_name",
        "bank_inform_balance",
        "bank_ask_account_number"
      ],
      "Agent": "Wizard",
      "PrimaryItem": {
        "APIName": "bank_balance",
        "BankBalance": 1083,
        "BankName": "Wells Fargo",
        "id": 334
      },
      "Text": "Could you provide a detailed fraud report now, please?",
      "UnixTime": 1590180858
    },
    {
      "Action": "utter",
      "Agent": "User",
      "Text": "lost my debit card and now I noticed that I had missing funds",
      "UnixTime": 1590180882
    },
    {
      "Action": "instruct",
      "Agent": "UserGuide",
      "Text": "Almost there. A few more turns. [instruction 8 of 9]",
      "UnixTime": 1590180882
    },
    {
      "APIName": "bank_fraud_report",
      "Action": "query",
      "Agent": "Wizard",
      "Constraints": [
        {
          "FraudReport": "\"Someone used my debit card\""
        },
        {
          "FullName": "\"Tyler Jones\""
        },
        {
          "DateOfBirth": "\"31/06/1996\""
        },
        {
          "SecurityAnswer1": "\"Sanders\""
        },
        {
          "SecurityAnswer2": "\"Buddy\""
        }
      ],
      "PrimaryItem": {
        "APIName": "bank_balance",
        "BankBalance": 1083,
        "BankName": "Wells Fargo",
        "id": 334
      },
      "UnixTime": 1590180890
    },
    {
      "APIName": "bank_fraud_report",
      "Action": "return_item",
      "Agent": "KnowledgeBase",
      "Item": {
        "APIName": "bank_fraud_report",
        "Confirmation": "Fraud report submitted successfully."
      },
      "TotalItems": -1
    },
    {
      "Action": "request_suggestions",
      "Agent": "Wizard",
      "PrimaryItem": {
        "APIName": "bank_fraud_report",
        "Confirmation": "Fraud report submitted successfully."
      },
      "Text": "Fraud report succesfully compelted",
      "UnixTime": 1590180895
    },
    {
      "Action": "pick_suggestion",
      "ActionLabel": "bank_inform_fraud_report_submitted",
      "ActionLabelOptions": [
        "goodbye_1",
        "bank_inform_fraud_report_submitted",
        "bank_inform_cannot_authenticate"
      ],
      "Agent": "Wizard",
      "PrimaryItem": {
        "APIName": "bank_fraud_report",
        "Confirmation": "Fraud report submitted successfully."
      },
      "Text": "Your report has been successfully submitted.\nWe will have a look at the matter ASAP and will contact you with details in due course.",
      "UnixTime": 1590180897
    },
    {
      "Action": "utter",
      "Agent": "User",
      "Text": "I still need to get something to eat. Let's get a table at Lucca for 7pm",
      "UnixTime": 1590180929
    },
    {
      "Action": "select_task",
      "Agent": "Wizard",
      "PrimaryItem": {
        "APIName": "bank_fraud_report",
        "Confirmation": "Fraud report submitted successfully."
      },
      "Task": "restaurant_book",
      "UnixTime": 1590180935
    },
    {
      "Action": "request_suggestions",
      "Agent": "Wizard",
      "PrimaryItem": {
        "APIName": "bank_fraud_report",
        "Confirmation": "Fraud report submitted successfully."
      },
      "Text": "Hoa many people",
      "UnixTime": 1590180946
    },
    {
      "Action": "pick_suggestion",
      "ActionLabel": "restaurant_ask_size",
      "ActionLabelOptions": [
        "restaurant_ask_size",
        "out_of_scope",
        "goodbye_1",
        "bank_ask_childhood_pets_name",
        "hello",
        "out_of_scope"
      ],
      "Agent": "Wizard",
      "PrimaryItem": {
        "APIName": "bank_fraud_report",
        "Confirmation": "Fraud report submitted successfully."
      },
      "Text": "For how many people should the reservation be made?",
      "UnixTime": 1590180948
    },
    {
      "Action": "utter",
      "Agent": "User",
      "Text": "1",
      "UnixTime": 1590180952
    },
    {
      "APIName": "restaurant_book",
      "Action": "query",
      "Agent": "Wizard",
      "Constraints": [
        {
          "Name": "\"Lucca\""
        },
        {
          "Time": "\"7 pm\""
        },
        {
          "PartySize": "2"
        },
        {
          "CustomerName": "\"tyler\""
        },
        {
          "RequestType": "\"Check\""
        }
      ],
      "PrimaryItem": {
        "APIName": "bank_fraud_report",
        "Confirmation": "Fraud report submitted successfully."
      },
      "UnixTime": 1590180968
    },
    {
      "APIName": "restaurant_book",
      "Action": "return_item",
      "Agent": "KnowledgeBase",
      "Item": {
        "APIName": "restaurant_book",
        "Message": "Available",
        "RestaurantName": "Lucca"
      },
      "TotalItems": -1
    },
    {
      "APIName": "restaurant_book",
      "Action": "query",
      "Agent": "Wizard",
      "Constraints": [
        {
          "Name": "\"Lucca\""
        },
        {
          "Time": "\"7 pm\""
        },
        {
          "PartySize": "2"
        },
        {
          "CustomerName": "\"tyler\""
        },
        {
          "RequestType": "\"Book\""
        }
      ],
      "PrimaryItem": {
        "APIName": "restaurant_book",
        "Message": "Available",
        "RestaurantName": "Lucca"
      },
      "UnixTime": 1590180973
    },
    {
      "APIName": "restaurant_book",
      "Action": "return_item",
      "Agent": "KnowledgeBase",
      "Item": {
        "APIName": "restaurant_book",
        "ReservationStatus": "Reservation Failed",
        "RestaurantName": "Lucca"
      },
      "TotalItems": -1
    },
    {
      "APIName": "restaurant_book",
      "Action": "query",
      "Agent": "Wizard",
      "Constraints": [
        {
          "Name": "\"Lucca\""
        },
        {
          "Time": "\"7 pm\""
        },
        {
          "PartySize": "2"
        },
        {
          "CustomerName": "\"tyler\""
        },
        {
          "RequestType": "\"Book\""
        }
      ],
      "PrimaryItem": {
        "APIName": "restaurant_book",
        "ReservationStatus": "Reservation Failed",
        "RestaurantName": "Lucca"
      },
      "UnixTime": 1590180975
    },
    {
      "APIName": "restaurant_book",
      "Action": "return_item",
      "Agent": "KnowledgeBase",
      "Item": {
        "APIName": "restaurant_book",
        "ReservationStatus": "Reservation Confirmed",
        "RestaurantName": "Lucca"
      },
      "TotalItems": -1
    },
    {
      "Action": "request_suggestions",
      "Agent": "Wizard",
      "PrimaryItem": {
        "APIName": "restaurant_book",
        "ReservationStatus": "Reservation Confirmed",
        "RestaurantName": "Lucca"
      },
      "Text": "Great your reservation si confirmed",
      "UnixTime": 1590180980
    },
    {
      "Action": "pick_suggestion",
      "ActionLabel": "restaurant_inform_booking_successful",
      "ActionLabelOptions": [
        "restaurant_inform_booking_successful",
        "restaurant_ask_confirm_booking",
        "restaurant_inform_nothing_found"
      ],
      "Agent": "Wizard",
      "PrimaryItem": {
        "APIName": "restaurant_book",
        "ReservationStatus": "Reservation Confirmed",
        "RestaurantName": "Lucca"
      },
      "Text": "Excellent, your reservation at the Lucca is confirmed!",
      "UnixTime": 1590180983
    },
    {
      "Action": "utter",
      "Agent": "User",
      "Text": "I hope it's good. I'm starving.",
      "UnixTime": 1590180997
    },
    {
      "Action": "instruct",
      "Agent": "UserGuide",
      "Text": "Ok, once you've touched on all the topics (restaurant, bank balance checking, and bank fraud report) and engaged in some smalltalk, you can bring the conversation to a natural close. [instruction 9 of 9]",
      "UnixTime": 1590180997
    },
    {
      "Action": "request_suggestions",
      "Agent": "Wizard",
      "PrimaryItem": {
        "APIName": "restaurant_book",
        "ReservationStatus": "Reservation Confirmed",
        "RestaurantName": "Lucca"
      },
      "Text": "good, can i do anything else for you",
      "UnixTime": 1590181009
    },
    {
      "Action": "pick_suggestion",
      "ActionLabel": "anything_else",
      "ActionLabelOptions": [
        "anything_else",
        "restaurant_ask_restaurant",
        "restaurant_inform_booking_successful"
      ],
      "Agent": "Wizard",
      "PrimaryItem": {
        "APIName": "restaurant_book",
        "ReservationStatus": "Reservation Confirmed",
        "RestaurantName": "Lucca"
      },
      "Text": "Is there anything else that I can do for you?",
      "UnixTime": 1590181010
    },
    {
      "Action": "utter",
      "Agent": "User",
      "Text": "that's all. I have to get a new driver's license now",
      "UnixTime": 1590181028
    },
    {
      "Action": "request_suggestions",
      "Agent": "Wizard",
      "PrimaryItem": {
        "APIName": "restaurant_book",
        "ReservationStatus": "Reservation Confirmed",
        "RestaurantName": "Lucca"
      },
      "Text": "thank you bye",
      "UnixTime": 1590181038
    },
    {
      "Action": "utter",
      "Agent": "Wizard",
      "PrimaryItem": {
        "APIName": "restaurant_book",
        "ReservationStatus": "Reservation Confirmed",
        "RestaurantName": "Lucca"
      },
      "Text": "Thank you and goodbye",
      "UnixTime": 1590181043
    },
    {
      "Action": "complete",
      "Agent": "User",
      "UnixTime": 1590181046
    }
  ],
  "FORMAT-VERSION": 7,
  "IntroducesConflicts": false,
  "Scenario": {
    "Domains": [
      "bank",
      "restaurant",
      "trivia"
    ],
    "Happy": false,
    "MultiTask": true,
    "UserTask": "Come up with your own scenario!\n\nAbout you:\n- Your name: Tyler Jones\n- Your bank account: 153531981 at Wells Fargo, but you don't know your PIN\n- Your date of birth is 31/06/1996\n- Your mother's maiden name is Sanders\n- Your childhood pet is Buddy\n- Today is Monday the 10th of June, 12 pm\n\n The AI Assistant can handle:\n- Checking bank balance\n- Filing a bank fraud report\n- Reserving a table at a restaurant (e.g. Lucca or Tamarind) for today\n- A game of trivia",
    "WizardCapabilities": [
      {
        "Domain": "restaurant",
        "SchemaImage": "restaurant_book.jpg",
        "Task": "restaurant_book"
      },
      {
        "Domain": "bank",
        "SchemaImage": "bank_balance.jpg",
        "Task": "bank_balance"
      },
      {
        "Domain": "bank",
        "SchemaImage": "bank_fraud_report.jpg",
        "Task": "bank_fraud_report"
      },
      {
        "Domain": "trivia",
        "SchemaImage": "trivia.jpg",
        "Task": "trivia"
      }
    ],
    "WizardTask": "Follow the flow charts and help the user. Assume:\n\n- Today is Monday the 10th of June, 12 pm"
  },
  "UserQuestionnaire": [
    {
      "Answer": true,
      "Question": "Did the assistant stay calm and helpful throughout the dialogue?"
    }
  ],
  "WizardQuestionnaire": [
    {
      "Answer": false,
      "Question": "Did the user change his/her mind about what he/she wants at any time?"
    },
    {
      "Answer": true,
      "Question": "Did the user become aggressive or annoyed during the dialogue? (Note: some users may be instructed to be annoying.)"
    },
    {
      "Answer": false,
      "Question": "Where you unsure about what to do at any time? (Feel free to send us an email with details.)"
    }
  ]
}