{
  "AnonymizedUserWorkerID": "00f54eab-f813-a79e-fabe-cbdd3da9441d",
  "AnonymizedWizardWorkerID": "348e8d2f-ab94-60d9-68e4-3b9a35a75d8b",
  "BatchID": "woz_1590168497",
  "CompletionLevel": "Complete",
  "DialogueID": 5592,
  "Events": [
    {
      "Action": "instruct",
      "Agent": "UserGuide",
      "Text": "Use your imagination to generate a conversation about the topics 'Reserving a table at a restaurant', 'Bank balance checking' and 'Filing a bank fraud report' (in any order), as shown on the left. You may also play up to three rounds of trivia with the assistant.  [instruction 1 of 9]",
      "UnixTime": 1590190080
    },
    {
      "Action": "utter",
      "Agent": "User",
      "Text": "Hello",
      "UnixTime": 1590190091
    },
    {
      "Action": "request_suggestions",
      "Agent": "Wizard",
      "Text": "how can I help you?",
      "UnixTime": 1590190097
    },
    {
      "Action": "pick_suggestion",
      "ActionLabel": "hello",
      "ActionLabelOptions": [
        "out_of_scope",
        "hello",
        "anything_else"
      ],
      "Agent": "Wizard",
      "Text": "Hello, how can I help?",
      "UnixTime": 1590190098
    },
    {
      "Action": "utter",
      "Agent": "User",
      "Text": "I'd like to make a reservation ",
      "UnixTime": 1590190133
    },
    {
      "Action": "select_task",
      "Agent": "Wizard",
      "Task": "bank_balance",
      "UnixTime": 1590190133
    },
    {
      "Action": "select_task",
      "Agent": "Wizard",
      "Task": "bank_fraud_report",
      "UnixTime": 1590190133
    },
    {
      "Action": "select_task",
      "Agent": "Wizard",
      "Task": "restaurant_book",
      "UnixTime": 1590190133
    },
    {
      "Action": "request_suggestions",
      "Agent": "Wizard",
      "Text": "can I have your name",
      "UnixTime": 1590190143
    },
    {
      "Action": "pick_suggestion",
      "ActionLabel": "ask_name",
      "ActionLabelOptions": [
        "ask_name",
        "restaurant_ask_restaurant",
        "restaurant_ask_time"
      ],
      "Agent": "Wizard",
      "Text": "May I have your name, please?",
      "UnixTime": 1590190145
    },
    {
      "Action": "utter",
      "Agent": "User",
      "Text": "It's Katarina Miller.",
      "UnixTime": 1590190153
    },
    {
      "Action": "instruct",
      "Agent": "UserGuide",
      "Text": "You may attempt to do some smalltalk with the AI Assistant at any time. [instruction 2 of 9]",
      "UnixTime": 1590190153
    },
    {
      "Action": "select_task",
      "Agent": "Wizard",
      "Task": "restaurant_book",
      "UnixTime": 1590190153
    },
    {
      "Action": "request_suggestions",
      "Agent": "Wizard",
      "Text": "where ",
      "UnixTime": 1590190167
    },
    {
      "Action": "pick_suggestion",
      "ActionLabel": "restaurant_ask_restaurant",
      "ActionLabelOptions": [
        "restaurant_ask_restaurant",
        "out_of_scope",
        "restaurant_ask_time"
      ],
      "Agent": "Wizard",
      "Text": "What restaurant would you like to go to?",
      "UnixTime": 1590190169
    },
    {
      "Action": "utter",
      "Agent": "User",
      "Text": "I am thinking I want to try the Cactus Club. I hear they have great margaritas.",
      "UnixTime": 1590190192
    },
    {
      "Action": "request_suggestions",
      "Agent": "Wizard",
      "Text": "what time",
      "UnixTime": 1590190204
    },
    {
      "Action": "pick_suggestion",
      "ActionLabel": "restaurant_ask_time",
      "ActionLabelOptions": [
        "restaurant_ask_time",
        "ask_name",
        "restaurant_ask_restaurant"
      ],
      "Agent": "Wizard",
      "Text": "For what time should the reservation be made?",
      "UnixTime": 1590190208
    },
    {
      "Action": "utter",
      "Agent": "User",
      "Text": "8 pm or later, please. I am hoping it will cool off outside by then.",
      "UnixTime": 1590190237
    },
    {
      "Action": "request_suggestions",
      "Agent": "Wizard",
      "Text": "how many people",
      "UnixTime": 1590190243
    },
    {
      "Action": "pick_suggestion",
      "ActionLabel": "restaurant_ask_size",
      "ActionLabelOptions": [
        "restaurant_ask_size",
        "hello",
        "out_of_scope"
      ],
      "Agent": "Wizard",
      "Text": "For how many people should the reservation be made?",
      "UnixTime": 1590190245
    },
    {
      "Action": "utter",
      "Agent": "User",
      "Text": "2, please.",
      "UnixTime": 1590190254
    },
    {
      "Action": "instruct",
      "Agent": "UserGuide",
      "Text": "If you haven't yet, it's time to change topic. You can also go back and forth between topics. [instruction 3 of 9]",
      "UnixTime": 1590190254
    },
    {
      "APIName": "restaurant_book",
      "Action": "query",
      "Agent": "Wizard",
      "Constraints": [
        {
          "Name": "api.is_equal_to(\"Cactus Club\")"
        },
        {
          "Time": "\"8 pm\""
        },
        {
          "PartySize": "2"
        },
        {
          "CustomerName": "\"Katarina Miller\""
        },
        {
          "RequestType": "\"Check\""
        }
      ],
      "UnixTime": 1590190257
    },
    {
      "APIName": "restaurant_book",
      "Action": "return_item",
      "Agent": "KnowledgeBase",
      "Item": {
        "APIName": "restaurant_book",
        "Message": "Available",
        "RestaurantName": "Cactus Club"
      },
      "TotalItems": -1
    },
    {
      "Action": "request_suggestions",
      "Agent": "Wizard",
      "PrimaryItem": {
        "APIName": "restaurant_book",
        "Message": "Available",
        "RestaurantName": "Cactus Club"
      },
      "Text": "The Cactus Club is available for that ime shoudl I book",
      "UnixTime": 1590190266
    },
    {
      "Action": "pick_suggestion",
      "ActionLabel": "restaurant_ask_confirm_booking",
      "ActionLabelOptions": [
        "restaurant_ask_time",
        "ask_name",
        "restaurant_ask_confirm_booking"
      ],
      "Agent": "Wizard",
      "PrimaryItem": {
        "APIName": "restaurant_book",
        "Message": "Available",
        "RestaurantName": "Cactus Club"
      },
      "Text": "Great, the Cactus Club is happy to accommodate you.\nCan I confirm your reservation with them?",
      "UnixTime": 1590190269
    },
    {
      "Action": "utter",
      "Agent": "User",
      "Text": "Hang on- before we confirm, let's be sure I got paid this week! I just bought a computer, too, so I want to make sure that went ok. Can you check my balance?",
      "UnixTime": 1590190295
    },
    {
      "Action": "select_task",
      "Agent": "Wizard",
      "PrimaryItem": {
        "APIName": "restaurant_book",
        "Message": "Available",
        "RestaurantName": "Cactus Club"
      },
      "Task": "bank_balance",
      "UnixTime": 1590190304
    },
    {
      "Action": "request_suggestions",
      "Agent": "Wizard",
      "PrimaryItem": {
        "APIName": "restaurant_book",
        "Message": "Available",
        "RestaurantName": "Cactus Club"
      },
      "Text": "account number",
      "UnixTime": 1590190311
    },
    {
      "Action": "pick_suggestion",
      "ActionLabel": "bank_ask_account_number",
      "ActionLabelOptions": [
        "bank_ask_account_number",
        "ask_name",
        "restaurant_inform_unavailable",
        "restaurant_ask_size",
        "goodbye_1",
        "bank_ask_mothers_maiden_name"
      ],
      "Agent": "Wizard",
      "PrimaryItem": {
        "APIName": "restaurant_book",
        "Message": "Available",
        "RestaurantName": "Cactus Club"
      },
      "Text": "Can you tell me your account number, please?",
      "UnixTime": 1590190314
    },
    {
      "Action": "utter",
      "Agent": "User",
      "Text": "93418043810",
      "UnixTime": 1590190324
    },
    {
      "Action": "instruct",
      "Agent": "UserGuide",
      "Text": "If it makes sense, use some negations ('I don't want', or 'anything but ...', etc.) [instruction 4 of 9]",
      "UnixTime": 1590190324
    },
    {
      "Action": "request_suggestions",
      "Agent": "Wizard",
      "PrimaryItem": {
        "APIName": "restaurant_book",
        "Message": "Available",
        "RestaurantName": "Cactus Club"
      },
      "Text": "pin",
      "UnixTime": 1590190331
    },
    {
      "Action": "pick_suggestion",
      "ActionLabel": "bank_ask_pin",
      "ActionLabelOptions": [
        "bank_ask_pin",
        "ask_name",
        "restaurant_inform_booking_failed",
        "out_of_scope",
        "out_of_scope",
        "bank_ask_childhood_pets_name"
      ],
      "Agent": "Wizard",
      "PrimaryItem": {
        "APIName": "restaurant_book",
        "Message": "Available",
        "RestaurantName": "Cactus Club"
      },
      "Text": "Right, and your PIN as well please.",
      "UnixTime": 1590190335
    },
    {
      "Action": "utter",
      "Agent": "User",
      "Text": "My pin is 0314. It's my daughter's birthday, so I always remember.",
      "UnixTime": 1590190361
    },
    {
      "Action": "instruct",
      "Agent": "UserGuide",
      "Text": "If you like, you can ask for a game of trivia at any point. But don't play more than three rounds. [instruction 5 of 9]",
      "UnixTime": 1590190361
    },
    {
      "APIName": "bank_balance",
      "Action": "query",
      "Agent": "Wizard",
      "Constraints": [
        {
          "FullName": "\"Katarina Miller\""
        },
        {
          "AccountNumber": " 93418043810"
        },
        {
          "PIN": "0314"
        }
      ],
      "PrimaryItem": {
        "APIName": "restaurant_book",
        "Message": "Available",
        "RestaurantName": "Cactus Club"
      },
      "UnixTime": 1590190374
    },
    {
      "APIName": "bank_balance",
      "Action": "return_item",
      "Agent": "KnowledgeBase",
      "Item": {
        "APIName": "bank_balance",
        "BankBalance": 2629,
        "BankName": "Chase",
        "id": 175
      },
      "TotalItems": -1
    },
    {
      "Action": "request_suggestions",
      "Agent": "Wizard",
      "PrimaryItem": {
        "APIName": "bank_balance",
        "BankBalance": 2629,
        "BankName": "Chase",
        "id": 175
      },
      "Text": "balane is 2629",
      "UnixTime": 1590190380
    },
    {
      "Action": "pick_suggestion",
      "ActionLabel": "bank_inform_balance",
      "ActionLabelOptions": [
        "bank_inform_balance",
        "anything_else",
        "out_of_scope"
      ],
      "Agent": "Wizard",
      "PrimaryItem": {
        "APIName": "bank_balance",
        "BankBalance": 2629,
        "BankName": "Chase",
        "id": 175
      },
      "Text": "Your current balance is 2629 in credit.",
      "UnixTime": 1590190382
    },
    {
      "Action": "utter",
      "Agent": "User",
      "Text": "Ok, sounds good. I'm waiting on a text from my husband to make sure he's good with the Cactus Club. Let's play some trivia while we wait.",
      "UnixTime": 1590190419
    },
    {
      "Action": "select_task",
      "Agent": "Wizard",
      "PrimaryItem": {
        "APIName": "bank_balance",
        "BankBalance": 2629,
        "BankName": "Chase",
        "id": 175
      },
      "Task": "restaurant_book",
      "UnixTime": 1590190419
    },
    {
      "Action": "select_task",
      "Agent": "Wizard",
      "PrimaryItem": {
        "APIName": "bank_balance",
        "BankBalance": 2629,
        "BankName": "Chase",
        "id": 175
      },
      "Task": "trivia",
      "UnixTime": 1590190431
    },
    {
      "Action": "request_suggestions",
      "Agent": "Wizard",
      "PrimaryItem": {
        "APIName": "bank_balance",
        "BankBalance": 2629,
        "BankName": "Chase",
        "id": 175
      },
      "Text": "trivia",
      "UnixTime": 1590190435
    },
    {
      "Action": "request_suggestions",
      "Agent": "Wizard",
      "PrimaryItem": {
        "APIName": "bank_balance",
        "BankBalance": 2629,
        "BankName": "Chase",
        "id": 175
      },
      "Text": "what number would you like to start",
      "UnixTime": 1590190444
    },
    {
      "Action": "pick_suggestion",
      "ActionLabel": "trivia_ask_question_number",
      "ActionLabelOptions": [
        "trivia_ask_question_number",
        "anything_else",
        "out_of_scope",
        "bank_ask_dob",
        "hello",
        "anything_else"
      ],
      "Agent": "Wizard",
      "PrimaryItem": {
        "APIName": "bank_balance",
        "BankBalance": 2629,
        "BankName": "Chase",
        "id": 175
      },
      "Text": "At what question would you like to start?",
      "UnixTime": 1590190447
    },
    {
      "Action": "utter",
      "Agent": "User",
      "Text": "3",
      "UnixTime": 1590190453
    },
    {
      "Action": "instruct",
      "Agent": "UserGuide",
      "Text": "Keep going :) - don't forget some smalltalk. Perhaps say something related to the first topic you talked about. [instruction 6 of 9]",
      "UnixTime": 1590190453
    },
    {
      "Action": "select_task",
      "Agent": "Wizard",
      "PrimaryItem": {
        "APIName": "bank_balance",
        "BankBalance": 2629,
        "BankName": "Chase",
        "id": 175
      },
      "Task": "trivia",
      "UnixTime": 1590190460
    },
    {
      "APIName": "trivia",
      "Action": "query",
      "Agent": "Wizard",
      "Constraints": [
        {
          "QuestionNum": "3"
        }
      ],
      "PrimaryItem": {
        "APIName": "bank_balance",
        "BankBalance": 2629,
        "BankName": "Chase",
        "id": 175
      },
      "UnixTime": 1590190463
    },
    {
      "APIName": "trivia",
      "Action": "return_item",
      "Agent": "KnowledgeBase",
      "Item": {
        "APIName": "trivia",
        "Answer": "snail",
        "Question": "A ____ takes 33 hours to crawl one mile"
      },
      "TotalItems": -1
    },
    {
      "Action": "request_suggestions",
      "Agent": "Wizard",
      "PrimaryItem": {
        "APIName": "trivia",
        "Answer": "snail",
        "Question": "A ____ takes 33 hours to crawl one mile"
      },
      "Text": "a takes 33 hours to crawl one mile",
      "UnixTime": 1590190472
    },
    {
      "Action": "pick_suggestion",
      "ActionLabel": "trivia_ask_question",
      "ActionLabelOptions": [
        "trivia_ask_question",
        "trivia_inform_answer_2_ask_next",
        "trivia_bye"
      ],
      "Agent": "Wizard",
      "PrimaryItem": {
        "APIName": "trivia",
        "Answer": "snail",
        "Question": "A ____ takes 33 hours to crawl one mile"
      },
      "Text": "A ____ takes 33 hours to crawl one mile",
      "UnixTime": 1590190475
    },
    {
      "Action": "utter",
      "Agent": "User",
      "Text": "My brother after a night drinking? Haha... no, let's try a snail.",
      "UnixTime": 1590190497
    },
    {
      "Action": "request_suggestions",
      "Agent": "Wizard",
      "PrimaryItem": {
        "APIName": "trivia",
        "Answer": "snail",
        "Question": "A ____ takes 33 hours to crawl one mile"
      },
      "Text": "you are correct",
      "UnixTime": 1590190509
    },
    {
      "Action": "pick_suggestion",
      "ActionLabel": "trivia_inform_answer_correct_ask_next",
      "ActionLabelOptions": [
        "trivia_inform_answer_correct_ask_next",
        "out_of_scope",
        "trivia_bye"
      ],
      "Agent": "Wizard",
      "PrimaryItem": {
        "APIName": "trivia",
        "Answer": "snail",
        "Question": "A ____ takes 33 hours to crawl one mile"
      },
      "Text": "Your answer was correct! Great job! Would you like to continue playing?",
      "UnixTime": 1590190512
    },
    {
      "Action": "utter",
      "Agent": "User",
      "Text": "Sure, next question, please.",
      "UnixTime": 1590190522
    },
    {
      "Action": "instruct",
      "Agent": "UserGuide",
      "Text": "Keep going until you've covered all the topics (reserving a table at a restaurant, bank balance checking, and bank fraud report). The conversation should continue at least until the last instruction is given. [instruction 7 of 9]",
      "UnixTime": 1590190522
    },
    {
      "APIName": "trivia",
      "Action": "query",
      "Agent": "Wizard",
      "Constraints": [
        {
          "QuestionNum": "4"
        }
      ],
      "PrimaryItem": {
        "APIName": "trivia",
        "Answer": "snail",
        "Question": "A ____ takes 33 hours to crawl one mile"
      },
      "UnixTime": 1590190526
    },
    {
      "APIName": "trivia",
      "Action": "return_item",
      "Agent": "KnowledgeBase",
      "Item": {
        "APIName": "trivia",
        "Answer": "poem",
        "Question": "A ____ written to celebrate a wedding is called a epithalamium"
      },
      "TotalItems": -1
    },
    {
      "Action": "request_suggestions",
      "Agent": "Wizard",
      "PrimaryItem": {
        "APIName": "trivia",
        "Answer": "poem",
        "Question": "A ____ written to celebrate a wedding is called a epithalamium"
      },
      "Text": "written to celebrate a wedding",
      "UnixTime": 1590190533
    },
    {
      "Action": "pick_suggestion",
      "ActionLabel": "trivia_ask_question",
      "ActionLabelOptions": [
        "trivia_ask_question",
        "trivia_ask_question_number",
        "hello"
      ],
      "Agent": "Wizard",
      "PrimaryItem": {
        "APIName": "trivia",
        "Answer": "poem",
        "Question": "A ____ written to celebrate a wedding is called a epithalamium"
      },
      "Text": "A ____ written to celebrate a wedding is called a epithalamium",
      "UnixTime": 1590190535
    },
    {
      "Action": "utter",
      "Agent": "User",
      "Text": "I have no clue! And I can't believe I still haven't heard back from my husband.",
      "UnixTime": 1590190553
    },
    {
      "Action": "request_suggestions",
      "Agent": "Wizard",
      "PrimaryItem": {
        "APIName": "trivia",
        "Answer": "poem",
        "Question": "A ____ written to celebrate a wedding is called a epithalamium"
      },
      "Text": "poem",
      "UnixTime": 1590190561
    },
    {
      "Action": "pick_suggestion",
      "ActionLabel": "trivia_inform_answer_2_ask_next",
      "ActionLabelOptions": [
        "trivia_ask_question",
        "trivia_bye",
        "trivia_inform_answer_2_ask_next"
      ],
      "Agent": "Wizard",
      "PrimaryItem": {
        "APIName": "trivia",
        "Answer": "poem",
        "Question": "A ____ written to celebrate a wedding is called a epithalamium"
      },
      "Text": "The answer to this question would have been 'poem'. Would you like to continue playing?",
      "UnixTime": 1590190566
    },
    {
      "Action": "utter",
      "Agent": "User",
      "Text": "No, but now that I'm thinking about it, I need to file a bank fraud report.",
      "UnixTime": 1590190579
    },
    {
      "Action": "instruct",
      "Agent": "UserGuide",
      "Text": "Almost there. A few more turns. [instruction 8 of 9]",
      "UnixTime": 1590190579
    },
    {
      "Action": "select_task",
      "Agent": "Wizard",
      "PrimaryItem": {
        "APIName": "trivia",
        "Answer": "poem",
        "Question": "A ____ written to celebrate a wedding is called a epithalamium"
      },
      "Task": "bank_fraud_report",
      "UnixTime": 1590190586
    },
    {
      "Action": "request_suggestions",
      "Agent": "Wizard",
      "PrimaryItem": {
        "APIName": "trivia",
        "Answer": "poem",
        "Question": "A ____ written to celebrate a wedding is called a epithalamium"
      },
      "Text": "birthdate",
      "UnixTime": 1590190616
    },
    {
      "Action": "pick_suggestion",
      "ActionLabel": "bank_ask_dob",
      "ActionLabelOptions": [
        "bank_ask_dob",
        "trivia_ask_question_number",
        "hello",
        "trivia_ask_question",
        "bank_ask_fraud_details",
        "goodbye_1"
      ],
      "Agent": "Wizard",
      "PrimaryItem": {
        "APIName": "trivia",
        "Answer": "poem",
        "Question": "A ____ written to celebrate a wedding is called a epithalamium"
      },
      "Text": "Could you provide your date of birth, please?",
      "UnixTime": 1590190618
    },
    {
      "Action": "utter",
      "Agent": "User",
      "Text": "My PIN number is 0314. Do you need my date of birth if you have my PIN?",
      "UnixTime": 1590190647
    },
    {
      "Action": "request_suggestions",
      "Agent": "Wizard",
      "PrimaryItem": {
        "APIName": "trivia",
        "Answer": "poem",
        "Question": "A ____ written to celebrate a wedding is called a epithalamium"
      },
      "Text": "If you do want to give  your date of birth I could ask security questions",
      "UnixTime": 1590190671
    },
    {
      "Action": "utter",
      "Agent": "Wizard",
      "PrimaryItem": {
        "APIName": "trivia",
        "Answer": "poem",
        "Question": "A ____ written to celebrate a wedding is called a epithalamium"
      },
      "Text": "If you do not want to provide your date of birth I can ask security questions",
      "UnixTime": 1590190690
    },
    {
      "Action": "utter",
      "Agent": "User",
      "Text": "My date of birth is 06/01/1968.",
      "UnixTime": 1590190710
    },
    {
      "Action": "request_suggestions",
      "Agent": "Wizard",
      "PrimaryItem": {
        "APIName": "trivia",
        "Answer": "poem",
        "Question": "A ____ written to celebrate a wedding is called a epithalamium"
      },
      "Text": "details of fraud report",
      "UnixTime": 1590190731
    },
    {
      "Action": "pick_suggestion",
      "ActionLabel": "bank_ask_fraud_details",
      "ActionLabelOptions": [
        "bank_ask_fraud_details",
        "trivia_ask_question",
        "hello",
        "trivia_bye",
        "bank_inform_fraud_report_submitted",
        "goodbye_1"
      ],
      "Agent": "Wizard",
      "PrimaryItem": {
        "APIName": "trivia",
        "Answer": "poem",
        "Question": "A ____ written to celebrate a wedding is called a epithalamium"
      },
      "Text": "Could you provide a detailed fraud report now, please?",
      "UnixTime": 1590190734
    },
    {
      "Action": "utter",
      "Agent": "User",
      "Text": "I made a 500 credit deposit last night but it's not in my account.",
      "UnixTime": 1590190789
    },
    {
      "Action": "instruct",
      "Agent": "UserGuide",
      "Text": "Ok, once you've touched on all the topics (restaurant, bank balance checking, and bank fraud report) and engaged in some smalltalk, you can bring the conversation to a natural close. [instruction 9 of 9]",
      "UnixTime": 1590190789
    },
    {
      "APIName": "bank_fraud_report",
      "Action": "query",
      "Agent": "Wizard",
      "Constraints": [
        {
          "FraudReport": "\"made a 500 deposit last night not in my account \""
        },
        {
          "FullName": "\"Katarina miller\""
        },
        {
          "AccountNumber": "93418043810"
        },
        {
          "PIN": "0314"
        },
        {
          "DateOfBirth": "\"06/01/2968\""
        }
      ],
      "PrimaryItem": {
        "APIName": "trivia",
        "Answer": "poem",
        "Question": "A ____ written to celebrate a wedding is called a epithalamium"
      },
      "UnixTime": 1590190801
    },
    {
      "APIName": "bank_fraud_report",
      "Action": "return_item",
      "Agent": "KnowledgeBase",
      "Item": {
        "APIName": "bank_fraud_report",
        "Confirmation": "Fraud report submitted successfully."
      },
      "TotalItems": -1
    },
    {
      "Action": "request_suggestions",
      "Agent": "Wizard",
      "PrimaryItem": {
        "APIName": "bank_fraud_report",
        "Confirmation": "Fraud report submitted successfully."
      },
      "Text": "fraud report submitted",
      "UnixTime": 1590190807
    },
    {
      "Action": "pick_suggestion",
      "ActionLabel": "bank_inform_fraud_report_submitted",
      "ActionLabelOptions": [
        "bank_inform_fraud_report_submitted",
        "bank_ask_fraud_details",
        "goodbye_1"
      ],
      "Agent": "Wizard",
      "PrimaryItem": {
        "APIName": "bank_fraud_report",
        "Confirmation": "Fraud report submitted successfully."
      },
      "Text": "Your report has been successfully submitted.\nWe will have a look at the matter ASAP and will contact you with details in due course.",
      "UnixTime": 1590190808
    },
    {
      "Action": "utter",
      "Agent": "User",
      "Text": "Great. I've heard back from my husband. Let's go ahead and confirm that dinner reservation, please.",
      "UnixTime": 1590190831
    },
    {
      "Action": "select_task",
      "Agent": "Wizard",
      "PrimaryItem": {
        "APIName": "bank_fraud_report",
        "Confirmation": "Fraud report submitted successfully."
      },
      "Task": "restaurant_book",
      "UnixTime": 1590190838
    },
    {
      "APIName": "restaurant_book",
      "Action": "query",
      "Agent": "Wizard",
      "Constraints": [
        {
          "Name": "api.is_equal_to(\"Cactus Club\")"
        },
        {
          "Time": "\"8 pm\""
        },
        {
          "PartySize": "2"
        },
        {
          "CustomerName": "\"Katarina Miller\""
        },
        {
          "RequestType": "\"Book\""
        }
      ],
      "PrimaryItem": {
        "APIName": "bank_fraud_report",
        "Confirmation": "Fraud report submitted successfully."
      },
      "UnixTime": 1590190840
    },
    {
      "APIName": "restaurant_book",
      "Action": "return_item",
      "Agent": "KnowledgeBase",
      "Item": {
        "APIName": "restaurant_book",
        "ReservationStatus": "Reservation Confirmed",
        "RestaurantName": "Cactus Club"
      },
      "TotalItems": -1
    },
    {
      "Action": "request_suggestions",
      "Agent": "Wizard",
      "PrimaryItem": {
        "APIName": "restaurant_book",
        "ReservationStatus": "Reservation Confirmed",
        "RestaurantName": "Cactus Club"
      },
      "Text": "I have you confrimed reservations",
      "UnixTime": 1590190849
    },
    {
      "Action": "pick_suggestion",
      "ActionLabel": "restaurant_ask_confirm_booking",
      "ActionLabelOptions": [
        "restaurant_ask_confirm_booking",
        "restaurant_inform_booking_failed",
        "ask_name"
      ],
      "Agent": "Wizard",
      "PrimaryItem": {
        "APIName": "restaurant_book",
        "ReservationStatus": "Reservation Confirmed",
        "RestaurantName": "Cactus Club"
      },
      "Text": "Great, the Cactus Club is happy to accommodate you.\nCan I confirm your reservation with them?",
      "UnixTime": 1590190851
    },
    {
      "Action": "utter",
      "Agent": "User",
      "Text": "Please do.",
      "UnixTime": 1590190861
    },
    {
      "Action": "request_suggestions",
      "Agent": "Wizard",
      "PrimaryItem": {
        "APIName": "restaurant_book",
        "ReservationStatus": "Reservation Confirmed",
        "RestaurantName": "Cactus Club"
      },
      "Text": "confirmed",
      "UnixTime": 1590190864
    },
    {
      "Action": "pick_suggestion",
      "ActionLabel": "restaurant_inform_booking_successful",
      "ActionLabelOptions": [
        "restaurant_inform_booking_successful",
        "restaurant_inform_nothing_found",
        "restaurant_ask_confirm_booking"
      ],
      "Agent": "Wizard",
      "PrimaryItem": {
        "APIName": "restaurant_book",
        "ReservationStatus": "Reservation Confirmed",
        "RestaurantName": "Cactus Club"
      },
      "Text": "Excellent, your reservation at the Cactus Club is confirmed!",
      "UnixTime": 1590190866
    },
    {
      "Action": "utter",
      "Agent": "User",
      "Text": "Thank you for your help.",
      "UnixTime": 1590190874
    },
    {
      "Action": "request_suggestions",
      "Agent": "Wizard",
      "PrimaryItem": {
        "APIName": "restaurant_book",
        "ReservationStatus": "Reservation Confirmed",
        "RestaurantName": "Cactus Club"
      },
      "Text": "you are welcome",
      "UnixTime": 1590190879
    },
    {
      "Action": "pick_suggestion",
      "ActionLabel": "anything_else",
      "ActionLabelOptions": [
        "restaurant_inform_booking_successful",
        "anything_else",
        "hello"
      ],
      "Agent": "Wizard",
      "PrimaryItem": {
        "APIName": "restaurant_book",
        "ReservationStatus": "Reservation Confirmed",
        "RestaurantName": "Cactus Club"
      },
      "Text": "Is there anything else that I can do for you?",
      "UnixTime": 1590190882
    },
    {
      "Action": "utter",
      "Agent": "User",
      "Text": "No thank you. Goodbye.",
      "UnixTime": 1590190891
    },
    {
      "Action": "request_suggestions",
      "Agent": "Wizard",
      "PrimaryItem": {
        "APIName": "restaurant_book",
        "ReservationStatus": "Reservation Confirmed",
        "RestaurantName": "Cactus Club"
      },
      "Text": "goodbye",
      "UnixTime": 1590190902
    },
    {
      "Action": "utter",
      "Agent": "Wizard",
      "PrimaryItem": {
        "APIName": "restaurant_book",
        "ReservationStatus": "Reservation Confirmed",
        "RestaurantName": "Cactus Club"
      },
      "Text": "Goodbye!",
      "UnixTime": 1590190918
    },
    {
      "Action": "complete",
      "Agent": "User",
      "UnixTime": 1590190920
    }
  ],
  "FORMAT-VERSION": 7,
  "IntroducesConflicts": false,
  "Scenario": {
    "Domains": [
      "bank",
      "restaurant",
      "trivia"
    ],
    "Happy": false,
    "MultiTask": true,
    "UserTask": "Come up with your own scenario!\n\nAbout you:\n- Your name: Katarina Miller\n- Your bank account: 93418043810, with PIN 0314\n- Today is Friday the 16th of June, 7 pm\n\n The AI Assistant can handle:\n- Checking bank balance\n- Filing a bank fraud report\n- Reserving a table at a restaurant (e.g. Cactus Club or The Porch) for today\n- A game of trivia",
    "WizardCapabilities": [
      {
        "Domain": "restaurant",
        "SchemaImage": "restaurant_book.jpg",
        "Task": "restaurant_book"
      },
      {
        "Domain": "bank",
        "SchemaImage": "bank_balance.jpg",
        "Task": "bank_balance"
      },
      {
        "Domain": "bank",
        "SchemaImage": "bank_fraud_report.jpg",
        "Task": "bank_fraud_report"
      },
      {
        "Domain": "trivia",
        "SchemaImage": "trivia.jpg",
        "Task": "trivia"
      }
    ],
    "WizardTask": "Follow the flow charts and help the user. Assume:\n\n- Today is Friday the 16th of June, 7 pm"
  },
  "UserQuestionnaire": [
    {
      "Answer": true,
      "Question": "Did the assistant stay calm and helpful throughout the dialogue?"
    }
  ],
  "WizardQuestionnaire": [
    {
      "Answer": true,
      "Question": "Did the user change his/her mind about what he/she wants at any time?"
    },
    {
      "Answer": false,
      "Question": "Did the user become aggressive or annoyed during the dialogue? (Note: some users may be instructed to be annoying.)"
    },
    {
      "Answer": false,
      "Question": "Where you unsure about what to do at any time? (Feel free to send us an email with details.)"
    }
  ]
}