{
  "AnonymizedUserWorkerID": "66c768ec-c1a7-affc-8806-fa55a561e851",
  "AnonymizedWizardWorkerID": "ac9c2dc2-a643-8ec0-d96c-1bc923b2777f",
  "BatchID": "woz_1590168497",
  "CompletionLevel": "Complete",
  "DialogueID": 5597,
  "Events": [
    {
      "Action": "instruct",
      "Agent": "UserGuide",
      "Text": "Use your imagination to generate a conversation about the topics 'Reserving a table at a restaurant' and 'Bank balance checking' (in any order), as shown on the left. You may also ask the assistant about the weather.  [instruction 1 of 6]",
      "UnixTime": 1590189711
    },
    {
      "Action": "utter",
      "Agent": "User",
      "Text": "hello",
      "UnixTime": 1590189719
    },
    {
      "Action": "request_suggestions",
      "Agent": "Wizard",
      "Text": "How",
      "UnixTime": 1590189726
    },
    {
      "Action": "pick_suggestion",
      "ActionLabel": "hello",
      "ActionLabelOptions": [
        "out_of_scope",
        "restaurant_ask_restaurant",
        "hello"
      ],
      "Agent": "Wizard",
      "Text": "Hello, how can I help?",
      "UnixTime": 1590189729
    },
    {
      "Action": "utter",
      "Agent": "User",
      "Text": "yes i need to check my bank balance ",
      "UnixTime": 1590189774
    },
    {
      "Action": "select_task",
      "Agent": "Wizard",
      "Task": "bank_balance",
      "UnixTime": 1590189779
    },
    {
      "Action": "request_suggestions",
      "Agent": "Wizard",
      "Text": "Your name",
      "UnixTime": 1590189785
    },
    {
      "Action": "pick_suggestion",
      "ActionLabel": "ask_name",
      "ActionLabelOptions": [
        "ask_name",
        "bank_ask_dob",
        "anything_else"
      ],
      "Agent": "Wizard",
      "Text": "Could I get your full name, please?",
      "UnixTime": 1590189788
    },
    {
      "Action": "utter",
      "Agent": "User",
      "Text": "yes its John Smith",
      "UnixTime": 1590189834
    },
    {
      "Action": "instruct",
      "Agent": "UserGuide",
      "Text": "Please have some smalltalk with the AI Assistant at some point in this dialogue. [instruction 2 of 6]",
      "UnixTime": 1590189834
    },
    {
      "Action": "request_suggestions",
      "Agent": "Wizard",
      "Text": "Account number ",
      "UnixTime": 1590189842
    },
    {
      "Action": "utter",
      "Agent": "Wizard",
      "Text": "Account number and pin",
      "UnixTime": 1590189850
    },
    {
      "Action": "utter",
      "Agent": "User",
      "Text": "84318931431",
      "UnixTime": 1590189886
    },
    {
      "Action": "request_suggestions",
      "Agent": "Wizard",
      "Text": "Pin",
      "UnixTime": 1590189899
    },
    {
      "Action": "pick_suggestion",
      "ActionLabel": "bank_ask_pin",
      "ActionLabelOptions": [
        "bank_ask_pin",
        "out_of_scope",
        "bank_ask_childhood_pets_name"
      ],
      "Agent": "Wizard",
      "Text": "Right, and your PIN as well please.",
      "UnixTime": 1590189902
    },
    {
      "Action": "utter",
      "Agent": "User",
      "Text": "5380",
      "UnixTime": 1590189911
    },
    {
      "Action": "instruct",
      "Agent": "UserGuide",
      "Text": "If you haven't yet, it's time to change topic. You can also go back and forth between topics. [instruction 3 of 6]",
      "UnixTime": 1590189911
    },
    {
      "APIName": "bank_balance",
      "Action": "query",
      "Agent": "Wizard",
      "Constraints": [
        {
          "FullName": "\"John smith\""
        },
        {
          "AccountNumber": "84318931431"
        },
        {
          "PIN": "5380"
        }
      ],
      "UnixTime": 1590189935
    },
    {
      "APIName": "bank_balance",
      "Action": "return_item",
      "Agent": "KnowledgeBase",
      "Item": {
        "APIName": "bank_balance",
        "BankBalance": 3189,
        "BankName": "Bank of America",
        "id": 114
      },
      "TotalItems": -1
    },
    {
      "Action": "request_suggestions",
      "Agent": "Wizard",
      "PrimaryItem": {
        "APIName": "bank_balance",
        "BankBalance": 3189,
        "BankName": "Bank of America",
        "id": 114
      },
      "Text": "318o",
      "UnixTime": 1590189942
    },
    {
      "Action": "pick_suggestion",
      "ActionLabel": "bank_inform_balance",
      "ActionLabelOptions": [
        "bank_ask_dob",
        "bank_inform_balance",
        "out_of_scope"
      ],
      "Agent": "Wizard",
      "PrimaryItem": {
        "APIName": "bank_balance",
        "BankBalance": 3189,
        "BankName": "Bank of America",
        "id": 114
      },
      "Text": "Your current balance is 3189 in credit.",
      "UnixTime": 1590189945
    },
    {
      "Action": "utter",
      "Agent": "User",
      "Text": "Can you lease tell me to weather in Detroit tomorrow. Thinking about going an would likt to know how it will be",
      "UnixTime": 1590190019
    },
    {
      "Action": "instruct",
      "Agent": "UserGuide",
      "Text": "If it makes sense, use some negations ('I don't want X', or 'anything but Y', etc.) [instruction 4 of 6]",
      "UnixTime": 1590190019
    },
    {
      "Action": "select_task",
      "Agent": "Wizard",
      "PrimaryItem": {
        "APIName": "bank_balance",
        "BankBalance": 3189,
        "BankName": "Bank of America",
        "id": 114
      },
      "Task": "weather",
      "UnixTime": 1590190023
    },
    {
      "APIName": "weather",
      "Action": "query",
      "Agent": "Wizard",
      "Constraints": [
        {
          "Day": "\"Tuesday\""
        },
        {
          "City": "\"Detroit\""
        }
      ],
      "PrimaryItem": {
        "APIName": "bank_balance",
        "BankBalance": 3189,
        "BankName": "Bank of America",
        "id": 114
      },
      "UnixTime": 1590190040
    },
    {
      "APIName": "weather",
      "Action": "return_item",
      "Agent": "KnowledgeBase",
      "Item": {
        "APIName": "weather",
        "City": "Detroit",
        "Day": "Tuesday",
        "TemperatureCelsius": 0,
        "Weather": "Raining",
        "id": 847
      },
      "TotalItems": -1
    },
    {
      "Action": "request_suggestions",
      "Agent": "Wizard",
      "PrimaryItem": {
        "APIName": "weather",
        "City": "Detroit",
        "Day": "Tuesday",
        "TemperatureCelsius": 0,
        "Weather": "Raining",
        "id": 847
      },
      "Text": "Raining",
      "UnixTime": 1590190049
    },
    {
      "Action": "pick_suggestion",
      "ActionLabel": "weather_inform_forecast",
      "ActionLabelOptions": [
        "goodbye_1",
        "weather_ask_location",
        "weather_inform_forecast"
      ],
      "Agent": "Wizard",
      "PrimaryItem": {
        "APIName": "weather",
        "City": "Detroit",
        "Day": "Tuesday",
        "TemperatureCelsius": 0,
        "Weather": "Raining",
        "id": 847
      },
      "Text": "It will be Raining all day on Tuesday in Detroit, with temperatures of around 0 degrees celsius.",
      "UnixTime": 1590190054
    },
    {
      "Action": "utter",
      "Agent": "User",
      "Text": "great! What about in New York City?",
      "UnixTime": 1590190107
    },
    {
      "Action": "instruct",
      "Agent": "UserGuide",
      "Text": "Keep going until you've covered all the topics (reserving a table at a restaurant and bank balance checking). The conversation should continue at least until the last instruction is given. [instruction 5 of 6]",
      "UnixTime": 1590190107
    },
    {
      "APIName": "weather",
      "Action": "query",
      "Agent": "Wizard",
      "Constraints": [
        {
          "Day": "\"Tuesday\""
        },
        {
          "City": "\"New York City\""
        }
      ],
      "PrimaryItem": {
        "APIName": "weather",
        "City": "Detroit",
        "Day": "Tuesday",
        "TemperatureCelsius": 0,
        "Weather": "Raining",
        "id": 847
      },
      "UnixTime": 1590190120
    },
    {
      "APIName": "weather",
      "Action": "return_item",
      "Agent": "KnowledgeBase",
      "Item": {
        "APIName": "weather",
        "City": "New York City",
        "Day": "Tuesday",
        "TemperatureCelsius": 16,
        "Weather": "Partly Cloudy",
        "id": 413
      },
      "TotalItems": -1
    },
    {
      "Action": "request_suggestions",
      "Agent": "Wizard",
      "PrimaryItem": {
        "APIName": "weather",
        "City": "New York City",
        "Day": "Tuesday",
        "TemperatureCelsius": 16,
        "Weather": "Partly Cloudy",
        "id": 413
      },
      "Text": "Partly cloudy ",
      "UnixTime": 1590190130
    },
    {
      "Action": "pick_suggestion",
      "ActionLabel": "weather_inform_forecast",
      "ActionLabelOptions": [
        "weather_inform_forecast",
        "weather_ask_location",
        "goodbye_1"
      ],
      "Agent": "Wizard",
      "PrimaryItem": {
        "APIName": "weather",
        "City": "New York City",
        "Day": "Tuesday",
        "TemperatureCelsius": 16,
        "Weather": "Partly Cloudy",
        "id": 413
      },
      "Text": "It will be Partly Cloudy all day on Tuesday in New York City, with temperatures of around 16 degrees celsius.",
      "UnixTime": 1590190133
    },
    {
      "Action": "utter",
      "Agent": "User",
      "Text": "will it be sunny any time next week?",
      "UnixTime": 1590190195
    },
    {
      "APIName": "weather",
      "Action": "query",
      "Agent": "Wizard",
      "Constraints": [
        {
          "Day": "\"Sunday\""
        },
        {
          "City": "\"New York City\""
        }
      ],
      "PrimaryItem": {
        "APIName": "weather",
        "City": "New York City",
        "Day": "Tuesday",
        "TemperatureCelsius": 16,
        "Weather": "Partly Cloudy",
        "id": 413
      },
      "UnixTime": 1590190206
    },
    {
      "APIName": "weather",
      "Action": "return_item",
      "Agent": "KnowledgeBase",
      "Item": {
        "APIName": "weather",
        "City": "New York City",
        "Day": "Sunday",
        "TemperatureCelsius": 17,
        "Weather": "Sunny",
        "id": 864
      },
      "TotalItems": -1
    },
    {
      "Action": "request_suggestions",
      "Agent": "Wizard",
      "PrimaryItem": {
        "APIName": "weather",
        "City": "New York City",
        "Day": "Sunday",
        "TemperatureCelsius": 17,
        "Weather": "Sunny",
        "id": 864
      },
      "Text": "Sunny",
      "UnixTime": 1590190214
    },
    {
      "Action": "pick_suggestion",
      "ActionLabel": "weather_inform_forecast",
      "ActionLabelOptions": [
        "weather_inform_forecast",
        "goodbye_1",
        "weather_ask_location"
      ],
      "Agent": "Wizard",
      "PrimaryItem": {
        "APIName": "weather",
        "City": "New York City",
        "Day": "Sunday",
        "TemperatureCelsius": 17,
        "Weather": "Sunny",
        "id": 864
      },
      "Text": "It will be Sunny all day on Sunday in New York City, with temperatures of around 17 degrees celsius.",
      "UnixTime": 1590190217
    },
    {
      "Action": "utter",
      "Agent": "User",
      "Text": "oh great, thanks",
      "UnixTime": 1590190232
    },
    {
      "Action": "instruct",
      "Agent": "UserGuide",
      "Text": "Ok, once you've touched on all the topics (restaurant and bank balance checking) and engaged in some smalltalk, you can bring the conversation to a natural close. [instruction 6 of 6]",
      "UnixTime": 1590190232
    },
    {
      "Action": "request_suggestions",
      "Agent": "Wizard",
      "PrimaryItem": {
        "APIName": "weather",
        "City": "New York City",
        "Day": "Sunday",
        "TemperatureCelsius": 17,
        "Weather": "Sunny",
        "id": 864
      },
      "Text": "That",
      "UnixTime": 1590190266
    },
    {
      "Action": "pick_suggestion",
      "ActionLabel": "goodbye_1",
      "ActionLabelOptions": [
        "hello",
        "out_of_scope",
        "goodbye_1"
      ],
      "Agent": "Wizard",
      "PrimaryItem": {
        "APIName": "weather",
        "City": "New York City",
        "Day": "Sunday",
        "TemperatureCelsius": 17,
        "Weather": "Sunny",
        "id": 864
      },
      "Text": "Thank you and goodbye.",
      "UnixTime": 1590190271
    },
    {
      "Action": "utter",
      "Agent": "User",
      "Text": "i would like to reserve a table at the Legume restaurant please ",
      "UnixTime": 1590190305
    },
    {
      "Action": "select_task",
      "Agent": "Wizard",
      "PrimaryItem": {
        "APIName": "weather",
        "City": "New York City",
        "Day": "Sunday",
        "TemperatureCelsius": 17,
        "Weather": "Sunny",
        "id": 864
      },
      "Task": "restaurant_book",
      "UnixTime": 1590190313
    },
    {
      "Action": "request_suggestions",
      "Agent": "Wizard",
      "PrimaryItem": {
        "APIName": "weather",
        "City": "New York City",
        "Day": "Sunday",
        "TemperatureCelsius": 17,
        "Weather": "Sunny",
        "id": 864
      },
      "Text": "Time",
      "UnixTime": 1590190322
    },
    {
      "Action": "pick_suggestion",
      "ActionLabel": "hello",
      "ActionLabelOptions": [
        "restaurant_ask_time",
        "weather_ask_location",
        "goodbye_1",
        "out_of_scope",
        "hello",
        "ask_name"
      ],
      "Agent": "Wizard",
      "PrimaryItem": {
        "APIName": "weather",
        "City": "New York City",
        "Day": "Sunday",
        "TemperatureCelsius": 17,
        "Weather": "Sunny",
        "id": 864
      },
      "Text": "Hello, how can I help?",
      "UnixTime": 1590190324
    },
    {
      "Action": "utter",
      "Agent": "User",
      "Text": " i would like to reserve a table at the Legume restaurant please at 5 pm tonight for 2 people",
      "UnixTime": 1590190351
    },
    {
      "APIName": "restaurant_book",
      "Action": "query",
      "Agent": "Wizard",
      "Constraints": [
        {
          "Name": "\"Legume\""
        },
        {
          "Time": "\"5 pm\""
        },
        {
          "PartySize": "2"
        },
        {
          "CustomerName": "\"John Smith\""
        },
        {
          "RequestType": "\"Book\""
        }
      ],
      "PrimaryItem": {
        "APIName": "weather",
        "City": "New York City",
        "Day": "Sunday",
        "TemperatureCelsius": 17,
        "Weather": "Sunny",
        "id": 864
      },
      "UnixTime": 1590190402
    },
    {
      "APIName": "restaurant_book",
      "Action": "return_item",
      "Agent": "KnowledgeBase",
      "Item": {
        "APIName": "restaurant_book",
        "ReservationStatus": "Reservation Failed",
        "RestaurantName": "Legume"
      },
      "TotalItems": -1
    },
    {
      "Action": "request_suggestions",
      "Agent": "Wizard",
      "PrimaryItem": {
        "APIName": "restaurant_book",
        "ReservationStatus": "Reservation Failed",
        "RestaurantName": "Legume"
      },
      "Text": "Failed",
      "UnixTime": 1590190423
    },
    {
      "Action": "pick_suggestion",
      "ActionLabel": "restaurant_inform_booking_failed",
      "ActionLabelOptions": [
        "restaurant_inform_booking_failed",
        "restaurant_inform_nothing_found",
        "ask_name"
      ],
      "Agent": "Wizard",
      "PrimaryItem": {
        "APIName": "restaurant_book",
        "ReservationStatus": "Reservation Failed",
        "RestaurantName": "Legume"
      },
      "Text": "I am sorry, but the reservation request was not successful.",
      "UnixTime": 1590190425
    },
    {
      "Action": "utter",
      "Agent": "User",
      "Text": "okay thank you for your help. have a good day",
      "UnixTime": 1590190444
    },
    {
      "Action": "request_suggestions",
      "Agent": "Wizard",
      "PrimaryItem": {
        "APIName": "restaurant_book",
        "ReservationStatus": "Reservation Failed",
        "RestaurantName": "Legume"
      },
      "Text": "Thanks",
      "UnixTime": 1590190458
    },
    {
      "Action": "request_suggestions",
      "Agent": "Wizard",
      "PrimaryItem": {
        "APIName": "restaurant_book",
        "ReservationStatus": "Reservation Failed",
        "RestaurantName": "Legume"
      },
      "Text": "Thanks goodbye ",
      "UnixTime": 1590190468
    },
    {
      "Action": "pick_suggestion",
      "ActionLabel": "anything_else",
      "ActionLabelOptions": [
        "anything_else",
        "hello",
        "restaurant_ask_confirm_booking"
      ],
      "Agent": "Wizard",
      "PrimaryItem": {
        "APIName": "restaurant_book",
        "ReservationStatus": "Reservation Failed",
        "RestaurantName": "Legume"
      },
      "Text": "Is there anything else that I can do for you?",
      "UnixTime": 1590190480
    },
    {
      "Action": "utter",
      "Agent": "User",
      "Text": "no",
      "UnixTime": 1590190484
    },
    {
      "Action": "request_suggestions",
      "Agent": "Wizard",
      "PrimaryItem": {
        "APIName": "restaurant_book",
        "ReservationStatus": "Reservation Failed",
        "RestaurantName": "Legume"
      },
      "Text": "Thanks",
      "UnixTime": 1590190504
    },
    {
      "Action": "utter",
      "Agent": "Wizard",
      "PrimaryItem": {
        "APIName": "restaurant_book",
        "ReservationStatus": "Reservation Failed",
        "RestaurantName": "Legume"
      },
      "Text": "Goodbye",
      "UnixTime": 1590190510
    },
    {
      "Action": "complete",
      "Agent": "User",
      "UnixTime": 1590190513
    }
  ],
  "FORMAT-VERSION": 7,
  "IntroducesConflicts": false,
  "Scenario": {
    "Domains": [
      "bank",
      "restaurant",
      "weather"
    ],
    "Happy": false,
    "MultiTask": true,
    "UserTask": "Come up with your own scenario!\n\nAbout you:\n- Your name: John Smith\n- Your bank account: 84318931431, with PIN 5380\n- Today is Monday the 16th of June, 11 am\n\n The AI Assistant can handle:\n- Checking bank balance\n- Reserving a table at a restaurant (e.g. Legume or Cactus Club) for today\n- Checking the weather forecast in different Cities (e.g. Detroit or New York City)",
    "WizardCapabilities": [
      {
        "Domain": "restaurant",
        "SchemaImage": "restaurant_book.jpg",
        "Task": "restaurant_book"
      },
      {
        "Domain": "bank",
        "SchemaImage": "bank_balance.jpg",
        "Task": "bank_balance"
      },
      {
        "Domain": "weather",
        "SchemaImage": "weather.jpg",
        "Task": "weather"
      }
    ],
    "WizardTask": "Follow the flow charts and help the user. Assume:\n\n- Today is Monday the 16th of June, 11 am"
  },
  "UserQuestionnaire": [
    {
      "Answer": true,
      "Question": "Did the assistant stay calm and helpful throughout the dialogue?"
    }
  ],
  "WizardQuestionnaire": [
    {
      "Answer": false,
      "Question": "Did the user change his/her mind about what he/she wants at any time?"
    },
    {
      "Answer": false,
      "Question": "Did the user become aggressive or annoyed during the dialogue? (Note: some users may be instructed to be annoying.)"
    },
    {
      "Answer": false,
      "Question": "Where you unsure about what to do at any time? (Feel free to send us an email with details.)"
    }
  ]
}