{
  "AnonymizedUserWorkerID": "14919914-710a-eee6-acf9-4a4b56ee1641",
  "AnonymizedWizardWorkerID": "dc410db6-99a7-fbc2-7a24-3166850dd658",
  "BatchID": "woz_1590168497",
  "CompletionLevel": "EarlyDisconnectDuringDialogue",
  "DialogueID": 5609,
  "Events": [
    {
      "Action": "instruct",
      "Agent": "UserGuide",
      "Text": "Use your imagination to generate a conversation about the topics 'finding a hotel' and 'reserving a room at a hotel' (in any order), as shown on the left. You may also ask the assistant about the weather.  [instruction 1 of 6]",
      "UnixTime": 1590192563
    }
  ],
  "FORMAT-VERSION": 7,
  "IntroducesConflicts": false,
  "Scenario": {
    "Domains": [
      "hotel",
      "weather"
    ],
    "Happy": false,
    "MultiTask": true,
    "UserTask": "Come up with your own scenario!\n\nAbout you:\n- Your name: Sarah Brown\n- Today is Friday the 23rd, 2 pm\n\n The AI Assistant can handle:\n- Search for a hotel (e.g. in the North of town`)\n- Book a room at a hotel (e.g. Shadyside Inn or whatever the assistant can find for you; e.g. from 9th to 23rd)\n- Checking the weather forecast in different Cities (e.g. New York City or San Francisco)",
    "WizardCapabilities": [
      {
        "Domain": "hotel",
        "SchemaImage": "hotel_search.jpg",
        "Task": "hotel_search"
      },
      {
        "Domain": "hotel",
        "SchemaImage": "hotel_book.jpg",
        "Task": "hotel_book"
      },
      {
        "Domain": "weather",
        "SchemaImage": "weather.jpg",
        "Task": "weather"
      }
    ],
    "WizardTask": "Follow the flow charts and help the user. Assume:\n\n- Today is Friday the 23rd, 2 pm"
  },
  "UserQuestionnaire": [],
  "WizardQuestionnaire": []
}