{
  "AnonymizedUserWorkerID": "7e46c32f-64e8-9560-702e-82f6b52463d7",
  "AnonymizedWizardWorkerID": "dc410db6-99a7-fbc2-7a24-3166850dd658",
  "BatchID": "woz_1590168497",
  "CompletionLevel": "EarlyDisconnectDuringDialogue",
  "DialogueID": 5635,
  "Events": [
    {
      "Action": "instruct",
      "Agent": "UserGuide",
      "Text": "Say hello and ask for directions (see left panel). [instruction 1 of 4]",
      "UnixTime": 1590191648
    },
    {
      "Action": "utter",
      "Agent": "User",
      "Text": "Hi, I need directions from 5th and Main to Airport.",
      "UnixTime": 1590191668
    }
  ],
  "FORMAT-VERSION": 7,
  "IntroducesConflicts": false,
  "Scenario": {
    "Domains": [
      "trip",
      "trivia"
    ],
    "Happy": false,
    "MultiTask": true,
    "UserTask": "You want directions from '5th and Main' to 'Airport', leaving now (10 pm). As the assistant gives you the directions, alternate randomly between (i) asking for the next instruction, (ii) asking for more details, and (iii) asking for the next trivia question (start at question 4)\n\n The AI Assistant can handle:\n- Giving trip directions\n- Playing trivia",
    "WizardCapabilities": [
      {
        "Domain": "trip",
        "SchemaImage": "trip_directions.jpg",
        "Task": "trip_directions"
      },
      {
        "Domain": "trivia",
        "SchemaImage": "trivia.jpg",
        "Task": "trivia"
      }
    ],
    "WizardTask": "Follow the flow charts and help the user. Assume:\n\n- Today is Wednesday the 18th, 10 pm"
  },
  "UserQuestionnaire": [],
  "WizardQuestionnaire": []
}