{
  "AnonymizedUserWorkerID": "58be375a-caa2-7735-72af-2683a9d7dda2",
  "AnonymizedWizardWorkerID": "c1208bee-cdbb-9f1e-d0dc-1602f7771900",
  "BatchID": "woz_1590168497",
  "CompletionLevel": "Complete",
  "DialogueID": 5641,
  "Events": [
    {
      "Action": "instruct",
      "Agent": "UserGuide",
      "Text": "Use your imagination to generate a conversation about the topics 'Find apartment', 'Schedule apartment viewing' and 'Calling a ride' (in any order), as shown on the left. You may also ask the assistant to check the weather.  [instruction 1 of 8]",
      "UnixTime": 1590203037
    },
    {
      "Action": "utter",
      "Agent": "User",
      "Text": "hi, I'd like to find an apartment",
      "UnixTime": 1590203055
    },
    {
      "Action": "request_suggestions",
      "Agent": "Wizard",
      "Text": "apartment",
      "UnixTime": 1590203064
    },
    {
      "Action": "request_suggestions",
      "Agent": "Wizard",
      "Text": "search",
      "UnixTime": 1590203072
    },
    {
      "Action": "pick_suggestion",
      "ActionLabel": "apartment_inform_search_criteria",
      "ActionLabelOptions": [
        "apartment_inform_search_criteria",
        "apartment_inform_nothing_found",
        "apartment_ask_balcony"
      ],
      "Agent": "Wizard",
      "Text": "I can apply the following filters: number of bedrooms, price, floor, balcony, elevator and nearby POIs.",
      "UnixTime": 1590203075
    },
    {
      "Action": "utter",
      "Agent": "User",
      "Text": "2 bedrooms please. anything but the first floor",
      "UnixTime": 1590203092
    },
    {
      "Action": "instruct",
      "Agent": "UserGuide",
      "Text": "You may attempt to do some smalltalk with the AI Assistant at any time. [instruction 2 of 8]",
      "UnixTime": 1590203092
    },
    {
      "APIName": "apartment_search",
      "Action": "query",
      "Agent": "Wizard",
      "Constraints": [
        {
          "Level": "api.is_greater_than(1)"
        },
        {
          "NumRooms": "2"
        }
      ],
      "UnixTime": 1590203121
    },
    {
      "APIName": "apartment_search",
      "Action": "return_item",
      "Agent": "KnowledgeBase",
      "Item": {
        "APIName": "apartment_search",
        "BalconySide": "south",
        "FloorSquareMeters": 70,
        "HasBalcony": true,
        "HasElevator": true,
        "Level": 5,
        "MaxLevel": 13,
        "Name": "Shadyside Apartments",
        "NearbyPOIs": [
          "Museum",
          "User's office"
        ],
        "NumRooms": 2,
        "Price": 1421,
        "id": 233
      },
      "TotalItems": 103
    },
    {
      "Action": "request_suggestions",
      "Agent": "Wizard",
      "PrimaryItem": {
        "APIName": "apartment_search",
        "BalconySide": "south",
        "FloorSquareMeters": 70,
        "HasBalcony": true,
        "HasElevator": true,
        "Level": 5,
        "MaxLevel": 13,
        "Name": "Shadyside Apartments",
        "NearbyPOIs": [
          "Museum",
          "User's office"
        ],
        "NumRooms": 2,
        "Price": 1421,
        "id": 233
      },
      "Text": "233",
      "UnixTime": 1590203127
    },
    {
      "Action": "pick_suggestion",
      "ActionLabel": "apartment_inform_search_result",
      "ActionLabelOptions": [
        "apartment_ask_nearby_pois",
        "apartment_inform_search_result",
        "hello"
      ],
      "Agent": "Wizard",
      "PrimaryItem": {
        "APIName": "apartment_search",
        "BalconySide": "south",
        "FloorSquareMeters": 70,
        "HasBalcony": true,
        "HasElevator": true,
        "Level": 5,
        "MaxLevel": 13,
        "Name": "Shadyside Apartments",
        "NearbyPOIs": [
          "Museum",
          "User's office"
        ],
        "NumRooms": 2,
        "Price": 1421,
        "id": 233
      },
      "Text": "OK, I found a free flat in Shadyside Apartments, located near a Museum and a User's office, that is matching your search criteria.\nIt is on level 5, has 70 square meters and 2 bedrooms.\nIt has a south facing balcony and has an elevator, and comes at the price of 1421 per month.",
      "UnixTime": 1590203129
    },
    {
      "Action": "utter",
      "Agent": "User",
      "Text": "ooh ok great. can i schedule a viewing for that? I just moved to the area and need someplace to live fast",
      "UnixTime": 1590203208
    },
    {
      "Action": "select_task",
      "Agent": "Wizard",
      "PrimaryItem": {
        "APIName": "apartment_search",
        "BalconySide": "south",
        "FloorSquareMeters": 70,
        "HasBalcony": true,
        "HasElevator": true,
        "Level": 5,
        "MaxLevel": 13,
        "Name": "Shadyside Apartments",
        "NearbyPOIs": [
          "Museum",
          "User's office"
        ],
        "NumRooms": 2,
        "Price": 1421,
        "id": 233
      },
      "Task": "apartment_schedule",
      "UnixTime": 1590203208
    },
    {
      "Action": "request_suggestions",
      "Agent": "Wizard",
      "PrimaryItem": {
        "APIName": "apartment_search",
        "BalconySide": "south",
        "FloorSquareMeters": 70,
        "HasBalcony": true,
        "HasElevator": true,
        "Level": 5,
        "MaxLevel": 13,
        "Name": "Shadyside Apartments",
        "NearbyPOIs": [
          "Museum",
          "User's office"
        ],
        "NumRooms": 2,
        "Price": 1421,
        "id": 233
      },
      "Text": "name",
      "UnixTime": 1590203219
    },
    {
      "Action": "pick_suggestion",
      "ActionLabel": "ask_name",
      "ActionLabelOptions": [
        "ask_name",
        "apartment_inform_search_result",
        "apartment_inform_nothing_found",
        "goodbye_2",
        "apartment_ask_start_time",
        "apartment_ask_apartment_name"
      ],
      "Agent": "Wizard",
      "PrimaryItem": {
        "APIName": "apartment_search",
        "BalconySide": "south",
        "FloorSquareMeters": 70,
        "HasBalcony": true,
        "HasElevator": true,
        "Level": 5,
        "MaxLevel": 13,
        "Name": "Shadyside Apartments",
        "NearbyPOIs": [
          "Museum",
          "User's office"
        ],
        "NumRooms": 2,
        "Price": 1421,
        "id": 233
      },
      "Text": "Could you give me your name, please?",
      "UnixTime": 1590203221
    },
    {
      "Action": "utter",
      "Agent": "User",
      "Text": "Alexis",
      "UnixTime": 1590203258
    },
    {
      "Action": "request_suggestions",
      "Agent": "Wizard",
      "PrimaryItem": {
        "APIName": "apartment_search",
        "BalconySide": "south",
        "FloorSquareMeters": 70,
        "HasBalcony": true,
        "HasElevator": true,
        "Level": 5,
        "MaxLevel": 13,
        "Name": "Shadyside Apartments",
        "NearbyPOIs": [
          "Museum",
          "User's office"
        ],
        "NumRooms": 2,
        "Price": 1421,
        "id": 233
      },
      "Text": "Day and time please.",
      "UnixTime": 1590203296
    },
    {
      "Action": "pick_suggestion",
      "ActionLabel": "apartment_ask_day",
      "ActionLabelOptions": [
        "apartment_ask_day",
        "apartment_ask_nearby_pois",
        "anything_else",
        "hello",
        "apartment_inform_viewing_available",
        "apartment_ask_start_time"
      ],
      "Agent": "Wizard",
      "PrimaryItem": {
        "APIName": "apartment_search",
        "BalconySide": "south",
        "FloorSquareMeters": 70,
        "HasBalcony": true,
        "HasElevator": true,
        "Level": 5,
        "MaxLevel": 13,
        "Name": "Shadyside Apartments",
        "NearbyPOIs": [
          "Museum",
          "User's office"
        ],
        "NumRooms": 2,
        "Price": 1421,
        "id": 233
      },
      "Text": "What day would you like to make the booking for?",
      "UnixTime": 1590203300
    },
    {
      "Action": "utter",
      "Agent": "User",
      "Text": "Tomorrow please",
      "UnixTime": 1590203308
    },
    {
      "Action": "instruct",
      "Agent": "UserGuide",
      "Text": "If you haven't yet, it's time to change topic. You can also go back and forth between topics. [instruction 3 of 8]",
      "UnixTime": 1590203308
    },
    {
      "Action": "request_suggestions",
      "Agent": "Wizard",
      "PrimaryItem": {
        "APIName": "apartment_search",
        "BalconySide": "south",
        "FloorSquareMeters": 70,
        "HasBalcony": true,
        "HasElevator": true,
        "Level": 5,
        "MaxLevel": 13,
        "Name": "Shadyside Apartments",
        "NearbyPOIs": [
          "Museum",
          "User's office"
        ],
        "NumRooms": 2,
        "Price": 1421,
        "id": 233
      },
      "Text": "Time?",
      "UnixTime": 1590203315
    },
    {
      "Action": "utter",
      "Agent": "Wizard",
      "PrimaryItem": {
        "APIName": "apartment_search",
        "BalconySide": "south",
        "FloorSquareMeters": 70,
        "HasBalcony": true,
        "HasElevator": true,
        "Level": 5,
        "MaxLevel": 13,
        "Name": "Shadyside Apartments",
        "NearbyPOIs": [
          "Museum",
          "User's office"
        ],
        "NumRooms": 2,
        "Price": 1421,
        "id": 233
      },
      "Text": "What time?",
      "UnixTime": 1590203324
    },
    {
      "Action": "utter",
      "Agent": "User",
      "Text": "8 am",
      "UnixTime": 1590203340
    },
    {
      "APIName": "apartment_schedule",
      "Action": "query",
      "Agent": "Wizard",
      "Constraints": [
        {
          "Name": "\"Shadyside Apartments\""
        },
        {
          "RenterName": "\"Alexis\""
        },
        {
          "Day": "\"Wednesday\""
        },
        {
          "StartTimeHour": "\"8 am\""
        },
        {
          "ApplicationFeePaid": "api.is_equal_to(\"Yes\")"
        },
        {
          "RequestType": "\"Check\""
        }
      ],
      "PrimaryItem": {
        "APIName": "apartment_search",
        "BalconySide": "south",
        "FloorSquareMeters": 70,
        "HasBalcony": true,
        "HasElevator": true,
        "Level": 5,
        "MaxLevel": 13,
        "Name": "Shadyside Apartments",
        "NearbyPOIs": [
          "Museum",
          "User's office"
        ],
        "NumRooms": 2,
        "Price": 1421,
        "id": 233
      },
      "UnixTime": 1590203356
    },
    {
      "APIName": "apartment_schedule",
      "Action": "return_item",
      "Agent": "KnowledgeBase",
      "Item": {
        "APIName": "apartment_schedule",
        "Message": "The time slot is available."
      },
      "TotalItems": -1
    },
    {
      "Action": "request_suggestions",
      "Agent": "Wizard",
      "PrimaryItem": {
        "APIName": "apartment_schedule",
        "Message": "The time slot is available."
      },
      "Text": "avialble",
      "UnixTime": 1590203362
    },
    {
      "Action": "pick_suggestion",
      "ActionLabel": "apartment_inform_viewing_available",
      "ActionLabelOptions": [
        "apartment_inform_viewing_available",
        "ask_name",
        "anything_else"
      ],
      "Agent": "Wizard",
      "PrimaryItem": {
        "APIName": "apartment_schedule",
        "Message": "The time slot is available."
      },
      "Text": "Great, there is still a viewing available at that time. Would you like me to book it for you?",
      "UnixTime": 1590203365
    },
    {
      "Action": "utter",
      "Agent": "User",
      "Text": "yes please! I also need to call a taxi too whenever you have a chance",
      "UnixTime": 1590203391
    },
    {
      "Action": "select_task",
      "Agent": "Wizard",
      "PrimaryItem": {
        "APIName": "apartment_schedule",
        "Message": "The time slot is available."
      },
      "Task": "ride_book",
      "UnixTime": 1590203391
    },
    {
      "Action": "select_task",
      "Agent": "Wizard",
      "PrimaryItem": {
        "APIName": "apartment_schedule",
        "Message": "The time slot is available."
      },
      "Task": "apartment_schedule",
      "UnixTime": 1590203391
    },
    {
      "Action": "request_suggestions",
      "Agent": "Wizard",
      "PrimaryItem": {
        "APIName": "apartment_schedule",
        "Message": "The time slot is available."
      },
      "Text": "Have you paid the apt, application fee? What is your destination?",
      "UnixTime": 1590203427
    },
    {
      "Action": "pick_suggestion",
      "ActionLabel": "apartment_ask_application_fee_paid",
      "ActionLabelOptions": [
        "apartment_ask_application_fee_paid",
        "apartment_ask_apartment_name",
        "apartment_ask_end_time"
      ],
      "Agent": "Wizard",
      "PrimaryItem": {
        "APIName": "apartment_schedule",
        "Message": "The time slot is available."
      },
      "Text": "Have you already paid the application fee for the apartment?",
      "UnixTime": 1590203430
    },
    {
      "Action": "utter",
      "Agent": "User",
      "Text": "yes",
      "UnixTime": 1590203437
    },
    {
      "Action": "request_suggestions",
      "Agent": "Wizard",
      "PrimaryItem": {
        "APIName": "apartment_schedule",
        "Message": "The time slot is available."
      },
      "Text": "What is your destination?",
      "UnixTime": 1590203449
    },
    {
      "Action": "select_task",
      "Agent": "Wizard",
      "PrimaryItem": {
        "APIName": "apartment_schedule",
        "Message": "The time slot is available."
      },
      "Task": "ride_book",
      "UnixTime": 1590203459
    },
    {
      "Action": "request_suggestions",
      "Agent": "Wizard",
      "PrimaryItem": {
        "APIName": "apartment_schedule",
        "Message": "The time slot is available."
      },
      "Text": "destination",
      "UnixTime": 1590203474
    },
    {
      "Action": "pick_suggestion",
      "ActionLabel": "ride_ask_destination",
      "ActionLabelOptions": [
        "ride_ask_destination",
        "apartment_inform_viewing_available",
        "out_of_scope",
        "apartment_ask_apartment_name",
        "ride_inform_search_criteria",
        "anything_else"
      ],
      "Agent": "Wizard",
      "PrimaryItem": {
        "APIName": "apartment_schedule",
        "Message": "The time slot is available."
      },
      "Text": "Alright, where do you want to go?",
      "UnixTime": 1590203477
    },
    {
      "Action": "utter",
      "Agent": "User",
      "Text": "the museum near my new apartment please",
      "UnixTime": 1590203506
    },
    {
      "Action": "instruct",
      "Agent": "UserGuide",
      "Text": "If it makes sense, use some negations ('I don't want', or 'anything but ...', etc.) [instruction 4 of 8]",
      "UnixTime": 1590203506
    },
    {
      "Action": "select_task",
      "Agent": "Wizard",
      "PrimaryItem": {
        "APIName": "apartment_schedule",
        "Message": "The time slot is available."
      },
      "Task": "apartment_schedule",
      "UnixTime": 1590203506
    },
    {
      "APIName": "apartment_schedule",
      "Action": "query",
      "Agent": "Wizard",
      "Constraints": [
        {
          "Name": "\"Shadyside Apartments\""
        },
        {
          "RenterName": "\"Alexis\""
        },
        {
          "Day": "\"Wednesday\""
        },
        {
          "StartTimeHour": "\"8 am\""
        },
        {
          "ApplicationFeePaid": "api.is_equal_to(\"Yes\")"
        },
        {
          "RequestType": "\"Book\""
        }
      ],
      "PrimaryItem": {
        "APIName": "apartment_schedule",
        "Message": "The time slot is available."
      },
      "UnixTime": 1590203515
    },
    {
      "APIName": "apartment_schedule",
      "Action": "return_item",
      "Agent": "KnowledgeBase",
      "Item": {
        "APIName": "apartment_schedule",
        "Message": "Your apartment viewing has been successfuly scheduled. Please bring Bank Statement and SCHUFA certificate with you."
      },
      "TotalItems": -1
    },
    {
      "Action": "request_suggestions",
      "Agent": "Wizard",
      "PrimaryItem": {
        "APIName": "apartment_schedule",
        "Message": "Your apartment viewing has been successfuly scheduled. Please bring Bank Statement and SCHUFA certificate with you."
      },
      "Text": "a",
      "UnixTime": 1590203532
    },
    {
      "Action": "utter",
      "Agent": "Wizard",
      "PrimaryItem": {
        "APIName": "apartment_schedule",
        "Message": "Your apartment viewing has been successfuly scheduled. Please bring Bank Statement and SCHUFA certificate with you."
      },
      "Text": "Your apartment viewing has been successfuly scheduled. Please bring Bank Statement and SCHUFA certificate with you. ... What are you starting from?",
      "UnixTime": 1590203548
    },
    {
      "Action": "utter",
      "Agent": "User",
      "Text": "i'll be starting from the airport i have to go pick up my boyfriend. I do",
      "UnixTime": 1590203565
    },
    {
      "Action": "select_task",
      "Agent": "Wizard",
      "PrimaryItem": {
        "APIName": "apartment_schedule",
        "Message": "Your apartment viewing has been successfuly scheduled. Please bring Bank Statement and SCHUFA certificate with you."
      },
      "Task": "ride_book",
      "UnixTime": 1590203565
    },
    {
      "APIName": "ride_book",
      "Action": "query",
      "Agent": "Wizard",
      "Constraints": [
        {
          "CustomerName": "\"Alexis\""
        },
        {
          "DepartureLocation": "\"airport\""
        },
        {
          "ArrivalLocation": "\"museum\""
        },
        {
          "RequestType": "\"Check\""
        }
      ],
      "PrimaryItem": {
        "APIName": "apartment_schedule",
        "Message": "Your apartment viewing has been successfuly scheduled. Please bring Bank Statement and SCHUFA certificate with you."
      },
      "UnixTime": 1590203581
    },
    {
      "APIName": "ride_book",
      "Action": "return_item",
      "Agent": "KnowledgeBase",
      "Item": {
        "APIName": "ride_book",
        "AllowsChanges": true,
        "ArrivalLocation": "museum",
        "CarModel": "Honda",
        "CustomerName": "Alexis",
        "DepartureLocation": "airport",
        "DriverName": "Alex",
        "LicensePlate": "432 LSA",
        "MinutesTillPickup": 20,
        "Price": 37,
        "ServiceProvider": "Taxi",
        "id": 174
      },
      "TotalItems": -1
    },
    {
      "Action": "request_suggestions",
      "Agent": "Wizard",
      "PrimaryItem": {
        "APIName": "ride_book",
        "AllowsChanges": true,
        "ArrivalLocation": "museum",
        "CarModel": "Honda",
        "CustomerName": "Alexis",
        "DepartureLocation": "airport",
        "DriverName": "Alex",
        "LicensePlate": "432 LSA",
        "MinutesTillPickup": 20,
        "Price": 37,
        "ServiceProvider": "Taxi",
        "id": 174
      },
      "Text": "174",
      "UnixTime": 1590203586
    },
    {
      "Action": "utter",
      "Agent": "Wizard",
      "PrimaryItem": {
        "APIName": "ride_book",
        "AllowsChanges": true,
        "ArrivalLocation": "museum",
        "CarModel": "Honda",
        "CustomerName": "Alexis",
        "DepartureLocation": "airport",
        "DriverName": "Alex",
        "LicensePlate": "432 LSA",
        "MinutesTillPickup": 20,
        "Price": 37,
        "ServiceProvider": "Taxi",
        "id": 174
      },
      "Text": "Your taxi will be arriving shortly. License 432 USA Honda.",
      "UnixTime": 1590203638
    },
    {
      "Action": "utter",
      "Agent": "User",
      "Text": "awesome thank you",
      "UnixTime": 1590203720
    },
    {
      "Action": "instruct",
      "Agent": "UserGuide",
      "Text": "Keep going :) - don't forget some smalltalk. Perhaps say something related to the first topic you talked about. [instruction 5 of 8]",
      "UnixTime": 1590203720
    },
    {
      "Action": "request_suggestions",
      "Agent": "Wizard",
      "PrimaryItem": {
        "APIName": "ride_book",
        "AllowsChanges": true,
        "ArrivalLocation": "museum",
        "CarModel": "Honda",
        "CustomerName": "Alexis",
        "DepartureLocation": "airport",
        "DriverName": "Alex",
        "LicensePlate": "432 LSA",
        "MinutesTillPickup": 20,
        "Price": 37,
        "ServiceProvider": "Taxi",
        "id": 174
      },
      "Text": "anything",
      "UnixTime": 1590203727
    },
    {
      "Action": "select_task",
      "Agent": "Wizard",
      "PrimaryItem": {
        "APIName": "ride_book",
        "AllowsChanges": true,
        "ArrivalLocation": "museum",
        "CarModel": "Honda",
        "CustomerName": "Alexis",
        "DepartureLocation": "airport",
        "DriverName": "Alex",
        "LicensePlate": "432 LSA",
        "MinutesTillPickup": 20,
        "Price": 37,
        "ServiceProvider": "Taxi",
        "id": 174
      },
      "Task": "apartment_search",
      "UnixTime": 1590203733
    },
    {
      "Action": "request_suggestions",
      "Agent": "Wizard",
      "PrimaryItem": {
        "APIName": "ride_book",
        "AllowsChanges": true,
        "ArrivalLocation": "museum",
        "CarModel": "Honda",
        "CustomerName": "Alexis",
        "DepartureLocation": "airport",
        "DriverName": "Alex",
        "LicensePlate": "432 LSA",
        "MinutesTillPickup": 20,
        "Price": 37,
        "ServiceProvider": "Taxi",
        "id": 174
      },
      "Text": "anything",
      "UnixTime": 1590203736
    },
    {
      "Action": "pick_suggestion",
      "ActionLabel": "anything_else",
      "ActionLabelOptions": [
        "apartment_inform_nothing_found",
        "anything_else",
        "ride_inform_search_criteria",
        "apartment_ask_floor",
        "ask_name",
        "ride_bye"
      ],
      "Agent": "Wizard",
      "PrimaryItem": {
        "APIName": "ride_book",
        "AllowsChanges": true,
        "ArrivalLocation": "museum",
        "CarModel": "Honda",
        "CustomerName": "Alexis",
        "DepartureLocation": "airport",
        "DriverName": "Alex",
        "LicensePlate": "432 LSA",
        "MinutesTillPickup": 20,
        "Price": 37,
        "ServiceProvider": "Taxi",
        "id": 174
      },
      "Text": "Is there anything else that I can do for you?",
      "UnixTime": 1590203739
    },
    {
      "Action": "utter",
      "Agent": "User",
      "Text": "i'm excited to see this apartment. hopefully my boyfriend likes it too",
      "UnixTime": 1590203800
    },
    {
      "Action": "request_suggestions",
      "Agent": "Wizard",
      "PrimaryItem": {
        "APIName": "ride_book",
        "AllowsChanges": true,
        "ArrivalLocation": "museum",
        "CarModel": "Honda",
        "CustomerName": "Alexis",
        "DepartureLocation": "airport",
        "DriverName": "Alex",
        "LicensePlate": "432 LSA",
        "MinutesTillPickup": 20,
        "Price": 37,
        "ServiceProvider": "Taxi",
        "id": 174
      },
      "Text": "goodbye",
      "UnixTime": 1590203836
    },
    {
      "Action": "pick_suggestion",
      "ActionLabel": "ride_ask_confirm_booking",
      "ActionLabelOptions": [
        "goodbye_2",
        "ride_bye",
        "ride_inform_search_criteria",
        "ride_ask_confirm_booking",
        "apartment_inform_nothing_found",
        "apartment_ask_num_bedrooms"
      ],
      "Agent": "Wizard",
      "PrimaryItem": {
        "APIName": "ride_book",
        "AllowsChanges": true,
        "ArrivalLocation": "museum",
        "CarModel": "Honda",
        "CustomerName": "Alexis",
        "DepartureLocation": "airport",
        "DriverName": "Alex",
        "LicensePlate": "432 LSA",
        "MinutesTillPickup": 20,
        "Price": 37,
        "ServiceProvider": "Taxi",
        "id": 174
      },
      "Text": "I found a Taxi ride for you from 'airport' to 'museum' for 37 credits\nthat could pick you up in 20 minutes. Should I book that for you?",
      "UnixTime": 1590203846
    },
    {
      "Action": "utter",
      "Agent": "User",
      "Text": "yeah pleasse do",
      "UnixTime": 1590203856
    },
    {
      "Action": "instruct",
      "Agent": "UserGuide",
      "Text": "Keep going until you've covered all the topics ('Find apartment', 'Schedule apartment viewing' and 'Calling a ride'). The conversation should continue at least until the last instruction is given. [instruction 6 of 8]",
      "UnixTime": 1590203856
    },
    {
      "Action": "select_task",
      "Agent": "Wizard",
      "PrimaryItem": {
        "APIName": "ride_book",
        "AllowsChanges": true,
        "ArrivalLocation": "museum",
        "CarModel": "Honda",
        "CustomerName": "Alexis",
        "DepartureLocation": "airport",
        "DriverName": "Alex",
        "LicensePlate": "432 LSA",
        "MinutesTillPickup": 20,
        "Price": 37,
        "ServiceProvider": "Taxi",
        "id": 174
      },
      "Task": "ride_book",
      "UnixTime": 1590203858
    },
    {
      "APIName": "ride_book",
      "Action": "query",
      "Agent": "Wizard",
      "Constraints": [
        {
          "CustomerName": "\"Alexis\""
        },
        {
          "DepartureLocation": "\"airport\""
        },
        {
          "ArrivalLocation": "\"museum\""
        },
        {
          "RequestType": "\"Book\""
        }
      ],
      "PrimaryItem": {
        "APIName": "ride_book",
        "AllowsChanges": true,
        "ArrivalLocation": "museum",
        "CarModel": "Honda",
        "CustomerName": "Alexis",
        "DepartureLocation": "airport",
        "DriverName": "Alex",
        "LicensePlate": "432 LSA",
        "MinutesTillPickup": 20,
        "Price": 37,
        "ServiceProvider": "Taxi",
        "id": 174
      },
      "UnixTime": 1590203864
    },
    {
      "APIName": "ride_book",
      "Action": "return_item",
      "Agent": "KnowledgeBase",
      "Item": {
        "APIName": "ride_book",
        "Message": "Ride booked."
      },
      "TotalItems": -1
    },
    {
      "Action": "request_suggestions",
      "Agent": "Wizard",
      "PrimaryItem": {
        "APIName": "ride_book",
        "Message": "Ride booked."
      },
      "Text": "booked",
      "UnixTime": 1590203869
    },
    {
      "Action": "request_suggestions",
      "Agent": "Wizard",
      "PrimaryItem": {
        "APIName": "ride_book",
        "Message": "Ride booked."
      },
      "Text": "ride",
      "UnixTime": 1590203874
    },
    {
      "Action": "request_suggestions",
      "Agent": "Wizard",
      "PrimaryItem": {
        "APIName": "ride_book",
        "Message": "Ride booked."
      },
      "Text": "ride booked",
      "UnixTime": 1590203882
    },
    {
      "Action": "request_suggestions",
      "Agent": "Wizard",
      "PrimaryItem": {
        "APIName": "ride_book",
        "Message": "Ride booked."
      },
      "Text": "ride",
      "UnixTime": 1590203887
    },
    {
      "Action": "utter",
      "Agent": "Wizard",
      "PrimaryItem": {
        "APIName": "ride_book",
        "Message": "Ride booked."
      },
      "Text": "Ride Booked.",
      "UnixTime": 1590203903
    },
    {
      "Action": "utter",
      "Agent": "User",
      "Text": "awesome thanks so much",
      "UnixTime": 1590203915
    },
    {
      "Action": "request_suggestions",
      "Agent": "Wizard",
      "PrimaryItem": {
        "APIName": "ride_book",
        "Message": "Ride booked."
      },
      "Text": "anything",
      "UnixTime": 1590203921
    },
    {
      "Action": "select_task",
      "Agent": "Wizard",
      "PrimaryItem": {
        "APIName": "ride_book",
        "Message": "Ride booked."
      },
      "Task": "apartment_search",
      "UnixTime": 1590203925
    },
    {
      "Action": "request_suggestions",
      "Agent": "Wizard",
      "PrimaryItem": {
        "APIName": "ride_book",
        "Message": "Ride booked."
      },
      "Text": "anything",
      "UnixTime": 1590203929
    },
    {
      "Action": "pick_suggestion",
      "ActionLabel": "anything_else",
      "ActionLabelOptions": [
        "apartment_inform_nothing_found",
        "anything_else",
        "ride_inform_search_criteria",
        "apartment_ask_floor",
        "ask_name",
        "ride_bye"
      ],
      "Agent": "Wizard",
      "PrimaryItem": {
        "APIName": "ride_book",
        "Message": "Ride booked."
      },
      "Text": "Is there anything else that I can do for you?",
      "UnixTime": 1590203932
    },
    {
      "Action": "utter",
      "Agent": "User",
      "Text": "do you know the name of the driver?",
      "UnixTime": 1590203995
    },
    {
      "Action": "instruct",
      "Agent": "UserGuide",
      "Text": "Almost there. A few more turns. [instruction 7 of 8]",
      "UnixTime": 1590203995
    },
    {
      "Action": "select_task",
      "Agent": "Wizard",
      "PrimaryItem": {
        "APIName": "ride_book",
        "Message": "Ride booked."
      },
      "Task": "weather",
      "UnixTime": 1590203995
    },
    {
      "Action": "request_suggestions",
      "Agent": "Wizard",
      "PrimaryItem": {
        "APIName": "ride_book",
        "Message": "Ride booked."
      },
      "Text": "Alex.",
      "UnixTime": 1590204022
    },
    {
      "Action": "utter",
      "Agent": "Wizard",
      "PrimaryItem": {
        "APIName": "ride_book",
        "Message": "Ride booked."
      },
      "Text": "Alex.",
      "UnixTime": 1590204029
    },
    {
      "Action": "utter",
      "Agent": "User",
      "Text": "ok cool. what is the license number?",
      "UnixTime": 1590204052
    },
    {
      "Action": "request_suggestions",
      "Agent": "Wizard",
      "PrimaryItem": {
        "APIName": "ride_book",
        "Message": "Ride booked."
      },
      "Text": "432 LSA",
      "UnixTime": 1590204066
    },
    {
      "Action": "pick_suggestion",
      "ActionLabel": "custom",
      "ActionLabelOptions": [
        "custom"
      ],
      "Agent": "Wizard",
      "PrimaryItem": {
        "APIName": "ride_book",
        "Message": "Ride booked."
      },
      "Text": "432 LSA",
      "UnixTime": 1590204069
    },
    {
      "Action": "utter",
      "Agent": "User",
      "Text": "cool thanks",
      "UnixTime": 1590204078
    },
    {
      "Action": "request_suggestions",
      "Agent": "Wizard",
      "PrimaryItem": {
        "APIName": "ride_book",
        "Message": "Ride booked."
      },
      "Text": "anything",
      "UnixTime": 1590204085
    },
    {
      "Action": "pick_suggestion",
      "ActionLabel": "anything_else",
      "ActionLabelOptions": [
        "hello",
        "ride_inform_search_criteria",
        "anything_else",
        "ask_name",
        "ride_bye",
        "weather_inform_nothing_found"
      ],
      "Agent": "Wizard",
      "PrimaryItem": {
        "APIName": "ride_book",
        "Message": "Ride booked."
      },
      "Text": "Is there anything else that I can do for you?",
      "UnixTime": 1590204089
    },
    {
      "Action": "utter",
      "Agent": "User",
      "Text": "can you tell me the weather in NYC",
      "UnixTime": 1590204114
    },
    {
      "Action": "instruct",
      "Agent": "UserGuide",
      "Text": "Ok, once you've touched on all the topics ('Find apartment', 'Schedule apartment viewing' and 'Calling a ride') and engaged in some smalltalk, you can bring the conversation to a natural close. [instruction 8 of 8]",
      "UnixTime": 1590204114
    },
    {
      "Action": "request_suggestions",
      "Agent": "Wizard",
      "PrimaryItem": {
        "APIName": "ride_book",
        "Message": "Ride booked."
      },
      "Text": "day",
      "UnixTime": 1590204128
    },
    {
      "Action": "pick_suggestion",
      "ActionLabel": "weather_ask_day",
      "ActionLabelOptions": [
        "weather_ask_day",
        "ride_ask_destination",
        "anything_else",
        "hello",
        "goodbye_1",
        "hello"
      ],
      "Agent": "Wizard",
      "PrimaryItem": {
        "APIName": "ride_book",
        "Message": "Ride booked."
      },
      "Text": "For what day would you like the weather forecast?",
      "UnixTime": 1590204131
    },
    {
      "Action": "utter",
      "Agent": "User",
      "Text": "tomorrow",
      "UnixTime": 1590204141
    },
    {
      "APIName": "weather",
      "Action": "query",
      "Agent": "Wizard",
      "Constraints": [
        {
          "Day": "\"Wednesday\""
        },
        {
          "City": "\"New York City\""
        }
      ],
      "PrimaryItem": {
        "APIName": "ride_book",
        "Message": "Ride booked."
      },
      "UnixTime": 1590204152
    },
    {
      "APIName": "weather",
      "Action": "return_item",
      "Agent": "KnowledgeBase",
      "Item": {
        "APIName": "weather",
        "City": "New York City",
        "Day": "Wednesday",
        "TemperatureCelsius": -5,
        "Weather": "Partly Cloudy",
        "id": 198
      },
      "TotalItems": -1
    },
    {
      "Action": "request_suggestions",
      "Agent": "Wizard",
      "PrimaryItem": {
        "APIName": "weather",
        "City": "New York City",
        "Day": "Wednesday",
        "TemperatureCelsius": -5,
        "Weather": "Partly Cloudy",
        "id": 198
      },
      "Text": "198",
      "UnixTime": 1590204157
    },
    {
      "Action": "request_suggestions",
      "Agent": "Wizard",
      "PrimaryItem": {
        "APIName": "weather",
        "City": "New York City",
        "Day": "Wednesday",
        "TemperatureCelsius": -5,
        "Weather": "Partly Cloudy",
        "id": 198
      },
      "Text": "new york",
      "UnixTime": 1590204166
    },
    {
      "Action": "pick_suggestion",
      "ActionLabel": "weather_inform_forecast",
      "ActionLabelOptions": [
        "weather_ask_location",
        "weather_inform_forecast",
        "out_of_scope"
      ],
      "Agent": "Wizard",
      "PrimaryItem": {
        "APIName": "weather",
        "City": "New York City",
        "Day": "Wednesday",
        "TemperatureCelsius": -5,
        "Weather": "Partly Cloudy",
        "id": 198
      },
      "Text": "It will be Partly Cloudy all day on Wednesday in New York City, with temperatures of around -5 degrees celsius.",
      "UnixTime": 1590204168
    },
    {
      "Action": "complete",
      "Agent": "User",
      "UnixTime": 1590204173
    }
  ],
  "FORMAT-VERSION": 7,
  "IntroducesConflicts": false,
  "Scenario": {
    "Domains": [
      "apartment",
      "ride",
      "weather"
    ],
    "Happy": false,
    "MultiTask": true,
    "UserTask": "Come up with your own scenario!\n\nAbout you:\n- Your name: Alexis\n- Today is Tuesday\n\n The AI Assistant can handle:\n- Find an apartment (prices are in 'credits')\n- Schedule an apartment viewing \n- Calling a Taxi/Uber/Lyft ride \n- Checking the weather forecast in different Cities (e.g. Chicago or New York City)",
    "WizardCapabilities": [
      {
        "Domain": "apartment",
        "SchemaImage": "apartment_search.jpg",
        "Task": "apartment_search"
      },
      {
        "Domain": "apartment",
        "SchemaImage": "apartment_schedule.jpg",
        "Task": "apartment_schedule"
      },
      {
        "Domain": "ride",
        "SchemaImage": "ride_book.jpg",
        "Task": "ride_book"
      },
      {
        "Domain": "weather",
        "SchemaImage": "weather.jpg",
        "Task": "weather"
      }
    ],
    "WizardTask": "Follow the flow charts and help the user. Assume:\n\n- Today is Tuesday"
  },
  "UserQuestionnaire": [
    {
      "Answer": true,
      "Question": "Did the assistant stay calm and helpful throughout the dialogue?"
    }
  ],
  "WizardQuestionnaire": [
    {
      "Answer": false,
      "Question": "Did the user change his/her mind about what he/she wants at any time?"
    },
    {
      "Answer": false,
      "Question": "Did the user become aggressive or annoyed during the dialogue? (Note: some users may be instructed to be annoying.)"
    },
    {
      "Answer": false,
      "Question": "Where you unsure about what to do at any time? (Feel free to send us an email with details.)"
    }
  ]
}