{
  "AnonymizedUserWorkerID": "3e489804-5a5c-0422-f71f-c3df0ed166b8",
  "AnonymizedWizardWorkerID": "dc410db6-99a7-fbc2-7a24-3166850dd658",
  "BatchID": "woz_1590168497",
  "CompletionLevel": "EarlyDisconnectDuringDialogue",
  "DialogueID": 5653,
  "Events": [
    {
      "Action": "instruct",
      "Agent": "UserGuide",
      "Text": "Use your imagination to generate a conversation about the topics 'Find apartment', 'Schedule apartment viewing' and 'Calling a ride' (in any order), as shown on the left. You may also ask the assistant to check the weather.  [instruction 1 of 8]",
      "UnixTime": 1590191682
    }
  ],
  "FORMAT-VERSION": 7,
  "IntroducesConflicts": false,
  "Scenario": {
    "Domains": [
      "apartment",
      "ride",
      "weather"
    ],
    "Happy": false,
    "MultiTask": true,
    "UserTask": "Come up with your own scenario!\n\nAbout you:\n- Your name: Angela\n- Today is Friday\n\n The AI Assistant can handle:\n- Find an apartment (prices are in 'credits')\n- Schedule an apartment viewing \n- Calling a Taxi/Uber/Lyft ride \n- Checking the weather forecast in different Cities (e.g. Pittsburgh or New York City)",
    "WizardCapabilities": [
      {
        "Domain": "apartment",
        "SchemaImage": "apartment_search.jpg",
        "Task": "apartment_search"
      },
      {
        "Domain": "apartment",
        "SchemaImage": "apartment_schedule.jpg",
        "Task": "apartment_schedule"
      },
      {
        "Domain": "ride",
        "SchemaImage": "ride_book.jpg",
        "Task": "ride_book"
      },
      {
        "Domain": "weather",
        "SchemaImage": "weather.jpg",
        "Task": "weather"
      }
    ],
    "WizardTask": "Follow the flow charts and help the user. Assume:\n\n- Today is Friday"
  },
  "UserQuestionnaire": [],
  "WizardQuestionnaire": []
}