{
  "AnonymizedUserWorkerID": "ac9c2dc2-a643-8ec0-d96c-1bc923b2777f",
  "AnonymizedWizardWorkerID": "7e46c32f-64e8-9560-702e-82f6b52463d7",
  "BatchID": "woz_1590168497",
  "CompletionLevel": "Complete",
  "DialogueID": 5672,
  "Events": [
    {
      "Action": "instruct",
      "Agent": "UserGuide",
      "Text": "Use your imagination to generate a conversation about the topics 'Reserving a table at a restaurant', 'Bank balance checking' and 'Filing a bank fraud report' (in any order), as shown on the left. You may also play up to three rounds of trivia with the assistant.  [instruction 1 of 9]",
      "UnixTime": 1590190371
    },
    {
      "Action": "utter",
      "Agent": "User",
      "Text": "Hi",
      "UnixTime": 1590190378
    },
    {
      "Action": "request_suggestions",
      "Agent": "Wizard",
      "Text": "hello",
      "UnixTime": 1590190385
    },
    {
      "Action": "pick_suggestion",
      "ActionLabel": "hello",
      "ActionLabelOptions": [
        "hello",
        "restaurant_ask_size",
        "restaurant_ask_time"
      ],
      "Agent": "Wizard",
      "Text": "Hello, how can I help?",
      "UnixTime": 1590190387
    },
    {
      "Action": "utter",
      "Agent": "User",
      "Text": "I want to check my bank balance",
      "UnixTime": 1590190416
    },
    {
      "Action": "select_task",
      "Agent": "Wizard",
      "Task": "bank_balance",
      "UnixTime": 1590190419
    },
    {
      "Action": "request_suggestions",
      "Agent": "Wizard",
      "Text": "full name",
      "UnixTime": 1590190424
    },
    {
      "Action": "pick_suggestion",
      "ActionLabel": "ask_name",
      "ActionLabelOptions": [
        "ask_name",
        "goodbye_1",
        "bank_ask_pin"
      ],
      "Agent": "Wizard",
      "Text": "Could I get your full name, please?",
      "UnixTime": 1590190426
    },
    {
      "Action": "utter",
      "Agent": "User",
      "Text": "Katarina Miller",
      "UnixTime": 1590190448
    },
    {
      "Action": "instruct",
      "Agent": "UserGuide",
      "Text": "You may attempt to do some smalltalk with the AI Assistant at any time. [instruction 2 of 9]",
      "UnixTime": 1590190448
    },
    {
      "Action": "request_suggestions",
      "Agent": "Wizard",
      "Text": "account number",
      "UnixTime": 1590190454
    },
    {
      "Action": "pick_suggestion",
      "ActionLabel": "bank_ask_account_number",
      "ActionLabelOptions": [
        "bank_ask_account_number",
        "goodbye_1",
        "bank_ask_mothers_maiden_name"
      ],
      "Agent": "Wizard",
      "Text": "Can you tell me your account number, please?",
      "UnixTime": 1590190456
    },
    {
      "Action": "utter",
      "Agent": "User",
      "Text": "351531510 pin 5380",
      "UnixTime": 1590190498
    },
    {
      "Action": "select_task",
      "Agent": "Wizard",
      "Task": "bank_fraud_report",
      "UnixTime": 1590190498
    },
    {
      "Action": "select_task",
      "Agent": "Wizard",
      "Task": "restaurant_book",
      "UnixTime": 1590190498
    },
    {
      "Action": "select_task",
      "Agent": "Wizard",
      "Task": "bank_balance",
      "UnixTime": 1590190498
    },
    {
      "Action": "select_task",
      "Agent": "Wizard",
      "Task": "bank_fraud_report",
      "UnixTime": 1590190498
    },
    {
      "Action": "select_task",
      "Agent": "Wizard",
      "Task": "bank_balance",
      "UnixTime": 1590190498
    },
    {
      "APIName": "bank_balance",
      "Action": "query",
      "Agent": "Wizard",
      "Constraints": [
        {
          "FullName": "\"Katarina Miller\""
        },
        {
          "AccountNumber": "351531510 "
        },
        {
          "PIN": "5380"
        }
      ],
      "UnixTime": 1590190509
    },
    {
      "APIName": "bank_balance",
      "Action": "return_item",
      "Agent": "KnowledgeBase",
      "Item": {
        "APIName": "bank_balance",
        "BankBalance": 3224,
        "BankName": "Bank of America",
        "id": 154
      },
      "TotalItems": -1
    },
    {
      "Action": "request_suggestions",
      "Agent": "Wizard",
      "PrimaryItem": {
        "APIName": "bank_balance",
        "BankBalance": 3224,
        "BankName": "Bank of America",
        "id": 154
      },
      "Text": "balance",
      "UnixTime": 1590190514
    },
    {
      "Action": "pick_suggestion",
      "ActionLabel": "bank_inform_balance",
      "ActionLabelOptions": [
        "bank_inform_balance",
        "goodbye_1",
        "bank_inform_nothing_found"
      ],
      "Agent": "Wizard",
      "PrimaryItem": {
        "APIName": "bank_balance",
        "BankBalance": 3224,
        "BankName": "Bank of America",
        "id": 154
      },
      "Text": "Your current balance is 3224 in credit.",
      "UnixTime": 1590190515
    },
    {
      "Action": "utter",
      "Agent": "User",
      "Text": "Oh that's not right",
      "UnixTime": 1590190541
    },
    {
      "Action": "select_task",
      "Agent": "Wizard",
      "PrimaryItem": {
        "APIName": "bank_balance",
        "BankBalance": 3224,
        "BankName": "Bank of America",
        "id": 154
      },
      "Task": "bank_fraud_report",
      "UnixTime": 1590190541
    },
    {
      "Action": "request_suggestions",
      "Agent": "Wizard",
      "PrimaryItem": {
        "APIName": "bank_balance",
        "BankBalance": 3224,
        "BankName": "Bank of America",
        "id": 154
      },
      "Text": "fraud report",
      "UnixTime": 1590190548
    },
    {
      "Action": "request_suggestions",
      "Agent": "Wizard",
      "PrimaryItem": {
        "APIName": "bank_balance",
        "BankBalance": 3224,
        "BankName": "Bank of America",
        "id": 154
      },
      "Text": "I don't understand",
      "UnixTime": 1590190559
    },
    {
      "Action": "pick_suggestion",
      "ActionLabel": "out_of_scope",
      "ActionLabelOptions": [
        "out_of_scope",
        "out_of_scope",
        "bank_ask_mothers_maiden_name",
        "bank_ask_pin",
        "bank_ask_account_number",
        "bank_inform_cannot_authenticate"
      ],
      "Agent": "Wizard",
      "PrimaryItem": {
        "APIName": "bank_balance",
        "BankBalance": 3224,
        "BankName": "Bank of America",
        "id": 154
      },
      "Text": "I am sorry, I don't quite understand what you mean. I am only able to retrieve your bank balance.",
      "UnixTime": 1590190563
    },
    {
      "Action": "utter",
      "Agent": "User",
      "Text": "Good",
      "UnixTime": 1590190575
    },
    {
      "Action": "instruct",
      "Agent": "UserGuide",
      "Text": "If you haven't yet, it's time to change topic. You can also go back and forth between topics. [instruction 3 of 9]",
      "UnixTime": 1590190575
    },
    {
      "Action": "request_suggestions",
      "Agent": "Wizard",
      "PrimaryItem": {
        "APIName": "bank_balance",
        "BankBalance": 3224,
        "BankName": "Bank of America",
        "id": 154
      },
      "Text": "I don't understand",
      "UnixTime": 1590190585
    },
    {
      "Action": "pick_suggestion",
      "ActionLabel": "out_of_scope",
      "ActionLabelOptions": [
        "out_of_scope",
        "out_of_scope",
        "bank_ask_mothers_maiden_name",
        "bank_ask_pin",
        "bank_ask_account_number",
        "bank_inform_cannot_authenticate"
      ],
      "Agent": "Wizard",
      "PrimaryItem": {
        "APIName": "bank_balance",
        "BankBalance": 3224,
        "BankName": "Bank of America",
        "id": 154
      },
      "Text": "I am sorry, I don't quite understand what you mean. I am only able to retrieve your bank balance.",
      "UnixTime": 1590190588
    },
    {
      "Action": "utter",
      "Agent": "User",
      "Text": "I want to fill a fraud report",
      "UnixTime": 1590190603
    },
    {
      "Action": "request_suggestions",
      "Agent": "Wizard",
      "PrimaryItem": {
        "APIName": "bank_balance",
        "BankBalance": 3224,
        "BankName": "Bank of America",
        "id": 154
      },
      "Text": "fraud report",
      "UnixTime": 1590190614
    },
    {
      "Action": "pick_suggestion",
      "ActionLabel": "bank_ask_fraud_details",
      "ActionLabelOptions": [
        "bank_ask_fraud_details",
        "bank_inform_cannot_authenticate",
        "bank_inform_fraud_report_submitted",
        "bank_ask_account_number",
        "goodbye_1",
        "goodbye_1"
      ],
      "Agent": "Wizard",
      "PrimaryItem": {
        "APIName": "bank_balance",
        "BankBalance": 3224,
        "BankName": "Bank of America",
        "id": 154
      },
      "Text": "Could you provide a detailed fraud report now, please?",
      "UnixTime": 1590190620
    },
    {
      "Action": "utter",
      "Agent": "User",
      "Text": "Deducted balances",
      "UnixTime": 1590190635
    },
    {
      "Action": "instruct",
      "Agent": "UserGuide",
      "Text": "If it makes sense, use some negations ('I don't want', or 'anything but ...', etc.) [instruction 4 of 9]",
      "UnixTime": 1590190635
    },
    {
      "APIName": "bank_fraud_report",
      "Action": "query",
      "Agent": "Wizard",
      "Constraints": [
        {
          "FraudReport": "\"deducted balances\""
        },
        {
          "FullName": "\"Katarina Miller\""
        },
        {
          "AccountNumber": "351531510 "
        },
        {
          "PIN": "5380"
        }
      ],
      "PrimaryItem": {
        "APIName": "bank_balance",
        "BankBalance": 3224,
        "BankName": "Bank of America",
        "id": 154
      },
      "UnixTime": 1590190642
    },
    {
      "APIName": "bank_fraud_report",
      "Action": "return_item",
      "Agent": "KnowledgeBase",
      "Item": {
        "APIName": "bank_fraud_report",
        "Confirmation": "Fraud report submitted successfully."
      },
      "TotalItems": -1
    },
    {
      "Action": "request_suggestions",
      "Agent": "Wizard",
      "PrimaryItem": {
        "APIName": "bank_fraud_report",
        "Confirmation": "Fraud report submitted successfully."
      },
      "Text": "report submitted",
      "UnixTime": 1590190649
    },
    {
      "Action": "pick_suggestion",
      "ActionLabel": "bank_inform_fraud_report_submitted",
      "ActionLabelOptions": [
        "bank_inform_fraud_report_submitted",
        "bank_ask_fraud_details",
        "hello"
      ],
      "Agent": "Wizard",
      "PrimaryItem": {
        "APIName": "bank_fraud_report",
        "Confirmation": "Fraud report submitted successfully."
      },
      "Text": "Your report has been successfully submitted.\nWe will have a look at the matter ASAP and will contact you with details in due course.",
      "UnixTime": 1590190652
    },
    {
      "Action": "utter",
      "Agent": "User",
      "Text": "Play a trivia ",
      "UnixTime": 1590190663
    },
    {
      "Action": "instruct",
      "Agent": "UserGuide",
      "Text": "If you like, you can ask for a game of trivia at any point. But don't play more than three rounds. [instruction 5 of 9]",
      "UnixTime": 1590190663
    },
    {
      "Action": "select_task",
      "Agent": "Wizard",
      "PrimaryItem": {
        "APIName": "bank_fraud_report",
        "Confirmation": "Fraud report submitted successfully."
      },
      "Task": "trivia",
      "UnixTime": 1590190665
    },
    {
      "Action": "request_suggestions",
      "Agent": "Wizard",
      "PrimaryItem": {
        "APIName": "bank_fraud_report",
        "Confirmation": "Fraud report submitted successfully."
      },
      "Text": "question number",
      "UnixTime": 1590190670
    },
    {
      "Action": "pick_suggestion",
      "ActionLabel": "trivia_ask_question_number",
      "ActionLabelOptions": [
        "trivia_ask_question_number",
        "bank_ask_dob",
        "bank_ask_account_number",
        "bank_ask_pin",
        "trivia_inform_nothing_found",
        "anything_else"
      ],
      "Agent": "Wizard",
      "PrimaryItem": {
        "APIName": "bank_fraud_report",
        "Confirmation": "Fraud report submitted successfully."
      },
      "Text": "At what question would you like to start?",
      "UnixTime": 1590190672
    },
    {
      "Action": "utter",
      "Agent": "User",
      "Text": "3",
      "UnixTime": 1590190682
    },
    {
      "APIName": "trivia",
      "Action": "query",
      "Agent": "Wizard",
      "Constraints": [
        {
          "QuestionNum": "3"
        }
      ],
      "PrimaryItem": {
        "APIName": "bank_fraud_report",
        "Confirmation": "Fraud report submitted successfully."
      },
      "UnixTime": 1590190686
    },
    {
      "APIName": "trivia",
      "Action": "return_item",
      "Agent": "KnowledgeBase",
      "Item": {
        "APIName": "trivia",
        "Answer": "snail",
        "Question": "A ____ takes 33 hours to crawl one mile"
      },
      "TotalItems": -1
    },
    {
      "Action": "request_suggestions",
      "Agent": "Wizard",
      "PrimaryItem": {
        "APIName": "trivia",
        "Answer": "snail",
        "Question": "A ____ takes 33 hours to crawl one mile"
      },
      "Text": "A ____ takes 33 hours to crawl one mile",
      "UnixTime": 1590190692
    },
    {
      "Action": "pick_suggestion",
      "ActionLabel": "trivia_ask_question",
      "ActionLabelOptions": [
        "trivia_ask_question",
        "trivia_inform_answer_2_ask_next",
        "hello"
      ],
      "Agent": "Wizard",
      "PrimaryItem": {
        "APIName": "trivia",
        "Answer": "snail",
        "Question": "A ____ takes 33 hours to crawl one mile"
      },
      "Text": "A ____ takes 33 hours to crawl one mile",
      "UnixTime": 1590190694
    },
    {
      "Action": "utter",
      "Agent": "User",
      "Text": "Snail ",
      "UnixTime": 1590190717
    },
    {
      "Action": "instruct",
      "Agent": "UserGuide",
      "Text": "Keep going :) - don't forget some smalltalk. Perhaps say something related to the first topic you talked about. [instruction 6 of 9]",
      "UnixTime": 1590190717
    },
    {
      "Action": "request_suggestions",
      "Agent": "Wizard",
      "PrimaryItem": {
        "APIName": "trivia",
        "Answer": "snail",
        "Question": "A ____ takes 33 hours to crawl one mile"
      },
      "Text": "correct",
      "UnixTime": 1590190722
    },
    {
      "Action": "pick_suggestion",
      "ActionLabel": "trivia_inform_answer_correct_ask_next",
      "ActionLabelOptions": [
        "trivia_inform_answer_correct_ask_next",
        "out_of_scope",
        "trivia_inform_answer_incorrect_ask_next"
      ],
      "Agent": "Wizard",
      "PrimaryItem": {
        "APIName": "trivia",
        "Answer": "snail",
        "Question": "A ____ takes 33 hours to crawl one mile"
      },
      "Text": "Your answer was correct! Great job! Would you like to continue playing?",
      "UnixTime": 1590190724
    },
    {
      "Action": "utter",
      "Agent": "User",
      "Text": "No",
      "UnixTime": 1590190729
    },
    {
      "Action": "request_suggestions",
      "Agent": "Wizard",
      "PrimaryItem": {
        "APIName": "trivia",
        "Answer": "snail",
        "Question": "A ____ takes 33 hours to crawl one mile"
      },
      "Text": "anything else",
      "UnixTime": 1590190735
    },
    {
      "Action": "pick_suggestion",
      "ActionLabel": "anything_else",
      "ActionLabelOptions": [
        "anything_else",
        "trivia_inform_answer_2_ask_next",
        "trivia_inform_answer_correct_ask_next"
      ],
      "Agent": "Wizard",
      "PrimaryItem": {
        "APIName": "trivia",
        "Answer": "snail",
        "Question": "A ____ takes 33 hours to crawl one mile"
      },
      "Text": "Is there anything else that I can do for you?",
      "UnixTime": 1590190737
    },
    {
      "Action": "utter",
      "Agent": "User",
      "Text": "I'm in love with rasa research ",
      "UnixTime": 1590190749
    },
    {
      "Action": "instruct",
      "Agent": "UserGuide",
      "Text": "Keep going until you've covered all the topics (reserving a table at a restaurant, bank balance checking, and bank fraud report). The conversation should continue at least until the last instruction is given. [instruction 7 of 9]",
      "UnixTime": 1590190749
    },
    {
      "Action": "request_suggestions",
      "Agent": "Wizard",
      "PrimaryItem": {
        "APIName": "trivia",
        "Answer": "snail",
        "Question": "A ____ takes 33 hours to crawl one mile"
      },
      "Text": "I don't understand",
      "UnixTime": 1590190758
    },
    {
      "Action": "pick_suggestion",
      "ActionLabel": "out_of_scope",
      "ActionLabelOptions": [
        "out_of_scope",
        "trivia_inform_answer_2_ask_next",
        "anything_else"
      ],
      "Agent": "Wizard",
      "PrimaryItem": {
        "APIName": "trivia",
        "Answer": "snail",
        "Question": "A ____ takes 33 hours to crawl one mile"
      },
      "Text": "I am sorry, I don't quite understand what you mean. I am only able to play trivia with you.",
      "UnixTime": 1590190760
    },
    {
      "Action": "utter",
      "Agent": "User",
      "Text": "I want to reserve a table ",
      "UnixTime": 1590190780
    },
    {
      "Action": "select_task",
      "Agent": "Wizard",
      "PrimaryItem": {
        "APIName": "trivia",
        "Answer": "snail",
        "Question": "A ____ takes 33 hours to crawl one mile"
      },
      "Task": "restaurant_book",
      "UnixTime": 1590190783
    },
    {
      "Action": "request_suggestions",
      "Agent": "Wizard",
      "PrimaryItem": {
        "APIName": "trivia",
        "Answer": "snail",
        "Question": "A ____ takes 33 hours to crawl one mile"
      },
      "Text": "restaurant name",
      "UnixTime": 1590190789
    },
    {
      "Action": "pick_suggestion",
      "ActionLabel": "restaurant_ask_restaurant",
      "ActionLabelOptions": [
        "restaurant_ask_restaurant",
        "trivia_ask_question_number",
        "trivia_inform_nothing_found",
        "ask_name",
        "trivia_ask_question",
        "anything_else"
      ],
      "Agent": "Wizard",
      "PrimaryItem": {
        "APIName": "trivia",
        "Answer": "snail",
        "Question": "A ____ takes 33 hours to crawl one mile"
      },
      "Text": "What restaurant would you like to go to?",
      "UnixTime": 1590190791
    },
    {
      "Action": "utter",
      "Agent": "User",
      "Text": "Cactus ",
      "UnixTime": 1590190804
    },
    {
      "Action": "instruct",
      "Agent": "UserGuide",
      "Text": "Almost there. A few more turns. [instruction 8 of 9]",
      "UnixTime": 1590190804
    },
    {
      "Action": "request_suggestions",
      "Agent": "Wizard",
      "PrimaryItem": {
        "APIName": "trivia",
        "Answer": "snail",
        "Question": "A ____ takes 33 hours to crawl one mile"
      },
      "Text": "party size",
      "UnixTime": 1590190810
    },
    {
      "Action": "pick_suggestion",
      "ActionLabel": "restaurant_ask_size",
      "ActionLabelOptions": [
        "restaurant_ask_size",
        "trivia_ask_question",
        "restaurant_inform_unavailable",
        "hello",
        "trivia_ask_question_number",
        "hello"
      ],
      "Agent": "Wizard",
      "PrimaryItem": {
        "APIName": "trivia",
        "Answer": "snail",
        "Question": "A ____ takes 33 hours to crawl one mile"
      },
      "Text": "For how many people should the reservation be made?",
      "UnixTime": 1590190812
    },
    {
      "Action": "utter",
      "Agent": "User",
      "Text": "3",
      "UnixTime": 1590190837
    },
    {
      "Action": "request_suggestions",
      "Agent": "Wizard",
      "PrimaryItem": {
        "APIName": "trivia",
        "Answer": "snail",
        "Question": "A ____ takes 33 hours to crawl one mile"
      },
      "Text": "time",
      "UnixTime": 1590190842
    },
    {
      "Action": "pick_suggestion",
      "ActionLabel": "restaurant_ask_time",
      "ActionLabelOptions": [
        "restaurant_ask_time",
        "trivia_ask_question",
        "trivia_bye",
        "hello",
        "hello",
        "ask_name"
      ],
      "Agent": "Wizard",
      "PrimaryItem": {
        "APIName": "trivia",
        "Answer": "snail",
        "Question": "A ____ takes 33 hours to crawl one mile"
      },
      "Text": "For what time should the reservation be made?",
      "UnixTime": 1590190845
    },
    {
      "Action": "utter",
      "Agent": "User",
      "Text": "4pm",
      "UnixTime": 1590190852
    },
    {
      "APIName": "restaurant_book",
      "Action": "query",
      "Agent": "Wizard",
      "Constraints": [
        {
          "Name": "api.is_equal_to(\"Cactus Club\")"
        },
        {
          "Time": "\"4 pm\""
        },
        {
          "PartySize": "3"
        },
        {
          "CustomerName": "\"Katarina Miller\""
        },
        {
          "RequestType": "\"Check\""
        }
      ],
      "PrimaryItem": {
        "APIName": "trivia",
        "Answer": "snail",
        "Question": "A ____ takes 33 hours to crawl one mile"
      },
      "UnixTime": 1590190858
    },
    {
      "APIName": "restaurant_book",
      "Action": "return_item",
      "Agent": "KnowledgeBase",
      "Item": {
        "APIName": "restaurant_book",
        "Message": "Unavailable",
        "RestaurantName": "Cactus Club"
      },
      "TotalItems": -1
    },
    {
      "Action": "request_suggestions",
      "Agent": "Wizard",
      "PrimaryItem": {
        "APIName": "restaurant_book",
        "Message": "Unavailable",
        "RestaurantName": "Cactus Club"
      },
      "Text": "unavailable",
      "UnixTime": 1590190863
    },
    {
      "Action": "pick_suggestion",
      "ActionLabel": "restaurant_inform_unavailable",
      "ActionLabelOptions": [
        "hello",
        "restaurant_inform_unavailable",
        "restaurant_inform_booking_failed"
      ],
      "Agent": "Wizard",
      "PrimaryItem": {
        "APIName": "restaurant_book",
        "Message": "Unavailable",
        "RestaurantName": "Cactus Club"
      },
      "Text": "I am sorry, but it looks like the restaurant is not able to accomodate you.",
      "UnixTime": 1590190869
    },
    {
      "Action": "utter",
      "Agent": "User",
      "Text": "2pm",
      "UnixTime": 1590190881
    },
    {
      "Action": "instruct",
      "Agent": "UserGuide",
      "Text": "Ok, once you've touched on all the topics (restaurant, bank balance checking, and bank fraud report) and engaged in some smalltalk, you can bring the conversation to a natural close. [instruction 9 of 9]",
      "UnixTime": 1590190881
    },
    {
      "APIName": "restaurant_book",
      "Action": "query",
      "Agent": "Wizard",
      "Constraints": [
        {
          "Name": "api.is_equal_to(\"Cactus Club\")"
        },
        {
          "Time": "\"2 pm\""
        },
        {
          "PartySize": "3"
        },
        {
          "CustomerName": "\"Katarina Miller\""
        },
        {
          "RequestType": "\"Check\""
        }
      ],
      "PrimaryItem": {
        "APIName": "restaurant_book",
        "Message": "Unavailable",
        "RestaurantName": "Cactus Club"
      },
      "UnixTime": 1590190886
    },
    {
      "APIName": "restaurant_book",
      "Action": "return_item",
      "Agent": "KnowledgeBase",
      "Item": {
        "APIName": "restaurant_book",
        "Message": "Available",
        "RestaurantName": "Cactus Club"
      },
      "TotalItems": -1
    },
    {
      "Action": "request_suggestions",
      "Agent": "Wizard",
      "PrimaryItem": {
        "APIName": "restaurant_book",
        "Message": "Available",
        "RestaurantName": "Cactus Club"
      },
      "Text": "available",
      "UnixTime": 1590190890
    },
    {
      "Action": "pick_suggestion",
      "ActionLabel": "restaurant_ask_confirm_booking",
      "ActionLabelOptions": [
        "restaurant_inform_booking_successful",
        "restaurant_ask_confirm_booking",
        "hello"
      ],
      "Agent": "Wizard",
      "PrimaryItem": {
        "APIName": "restaurant_book",
        "Message": "Available",
        "RestaurantName": "Cactus Club"
      },
      "Text": "Great, the Cactus Club is happy to accommodate you.\nCan I confirm your reservation with them?",
      "UnixTime": 1590190893
    },
    {
      "Action": "utter",
      "Agent": "User",
      "Text": "Charlie ",
      "UnixTime": 1590190901
    },
    {
      "Action": "request_suggestions",
      "Agent": "Wizard",
      "PrimaryItem": {
        "APIName": "restaurant_book",
        "Message": "Available",
        "RestaurantName": "Cactus Club"
      },
      "Text": "I don't understand",
      "UnixTime": 1590190909
    },
    {
      "Action": "pick_suggestion",
      "ActionLabel": "out_of_scope",
      "ActionLabelOptions": [
        "out_of_scope",
        "restaurant_inform_nothing_found",
        "restaurant_inform_booking_successful"
      ],
      "Agent": "Wizard",
      "PrimaryItem": {
        "APIName": "restaurant_book",
        "Message": "Available",
        "RestaurantName": "Cactus Club"
      },
      "Text": "I am sorry, I don't quite understand what you mean. I am only able to help you with restaurant reservations.",
      "UnixTime": 1590190912
    },
    {
      "Action": "utter",
      "Agent": "User",
      "Text": "Confirm ",
      "UnixTime": 1590190923
    },
    {
      "APIName": "restaurant_book",
      "Action": "query",
      "Agent": "Wizard",
      "Constraints": [
        {
          "Name": "api.is_equal_to(\"Cactus Club\")"
        },
        {
          "Time": "\"2 pm\""
        },
        {
          "PartySize": "3"
        },
        {
          "CustomerName": "\"Katarina Miller\""
        },
        {
          "RequestType": "\"Book\""
        }
      ],
      "PrimaryItem": {
        "APIName": "restaurant_book",
        "Message": "Available",
        "RestaurantName": "Cactus Club"
      },
      "UnixTime": 1590190930
    },
    {
      "APIName": "restaurant_book",
      "Action": "return_item",
      "Agent": "KnowledgeBase",
      "Item": {
        "APIName": "restaurant_book",
        "ReservationStatus": "Reservation Confirmed",
        "RestaurantName": "Cactus Club"
      },
      "TotalItems": -1
    },
    {
      "Action": "request_suggestions",
      "Agent": "Wizard",
      "PrimaryItem": {
        "APIName": "restaurant_book",
        "ReservationStatus": "Reservation Confirmed",
        "RestaurantName": "Cactus Club"
      },
      "Text": "reservation confirmed",
      "UnixTime": 1590190936
    },
    {
      "Action": "pick_suggestion",
      "ActionLabel": "restaurant_inform_booking_successful",
      "ActionLabelOptions": [
        "restaurant_inform_booking_failed",
        "restaurant_inform_booking_successful",
        "restaurant_ask_confirm_booking"
      ],
      "Agent": "Wizard",
      "PrimaryItem": {
        "APIName": "restaurant_book",
        "ReservationStatus": "Reservation Confirmed",
        "RestaurantName": "Cactus Club"
      },
      "Text": "Excellent, your reservation at the Cactus Club is confirmed!",
      "UnixTime": 1590190940
    },
    {
      "Action": "utter",
      "Agent": "User",
      "Text": "Thanks",
      "UnixTime": 1590190946
    },
    {
      "Action": "request_suggestions",
      "Agent": "Wizard",
      "PrimaryItem": {
        "APIName": "restaurant_book",
        "ReservationStatus": "Reservation Confirmed",
        "RestaurantName": "Cactus Club"
      },
      "Text": "anything else",
      "UnixTime": 1590190951
    },
    {
      "Action": "pick_suggestion",
      "ActionLabel": "anything_else",
      "ActionLabelOptions": [
        "anything_else",
        "ask_name",
        "restaurant_inform_booking_failed"
      ],
      "Agent": "Wizard",
      "PrimaryItem": {
        "APIName": "restaurant_book",
        "ReservationStatus": "Reservation Confirmed",
        "RestaurantName": "Cactus Club"
      },
      "Text": "Is there anything else that I can do for you?",
      "UnixTime": 1590190953
    },
    {
      "Action": "utter",
      "Agent": "User",
      "Text": "No",
      "UnixTime": 1590190957
    },
    {
      "Action": "request_suggestions",
      "Agent": "Wizard",
      "PrimaryItem": {
        "APIName": "restaurant_book",
        "ReservationStatus": "Reservation Confirmed",
        "RestaurantName": "Cactus Club"
      },
      "Text": "goodbye",
      "UnixTime": 1590190963
    },
    {
      "Action": "request_suggestions",
      "Agent": "Wizard",
      "PrimaryItem": {
        "APIName": "restaurant_book",
        "ReservationStatus": "Reservation Confirmed",
        "RestaurantName": "Cactus Club"
      },
      "Text": "thank you",
      "UnixTime": 1590190969
    },
    {
      "Action": "select_task",
      "Agent": "Wizard",
      "PrimaryItem": {
        "APIName": "restaurant_book",
        "ReservationStatus": "Reservation Confirmed",
        "RestaurantName": "Cactus Club"
      },
      "Task": "bank_fraud_report",
      "UnixTime": 1590190972
    },
    {
      "Action": "request_suggestions",
      "Agent": "Wizard",
      "PrimaryItem": {
        "APIName": "restaurant_book",
        "ReservationStatus": "Reservation Confirmed",
        "RestaurantName": "Cactus Club"
      },
      "Text": "thank you",
      "UnixTime": 1590190976
    },
    {
      "Action": "pick_suggestion",
      "ActionLabel": "goodbye_1",
      "ActionLabelOptions": [
        "goodbye_1",
        "hello",
        "restaurant_ask_size",
        "bank_inform_fraud_report_submitted",
        "anything_else",
        "ask_name"
      ],
      "Agent": "Wizard",
      "PrimaryItem": {
        "APIName": "restaurant_book",
        "ReservationStatus": "Reservation Confirmed",
        "RestaurantName": "Cactus Club"
      },
      "Text": "Thank you and goodbye.",
      "UnixTime": 1590190977
    },
    {
      "Action": "complete",
      "Agent": "User",
      "UnixTime": 1590190981
    }
  ],
  "FORMAT-VERSION": 7,
  "IntroducesConflicts": false,
  "Scenario": {
    "Domains": [
      "bank",
      "restaurant",
      "trivia"
    ],
    "Happy": false,
    "MultiTask": true,
    "UserTask": "Come up with your own scenario!\n\nAbout you:\n- Your name: Katarina Miller\n- Your bank account: 351531510, with PIN 5380\n- Today is Friday the 22nd of June, 7 pm\n\n The AI Assistant can handle:\n- Checking bank balance\n- Filing a bank fraud report\n- Reserving a table at a restaurant (e.g. Cactus Club or Legume) for today\n- A game of trivia",
    "WizardCapabilities": [
      {
        "Domain": "restaurant",
        "SchemaImage": "restaurant_book.jpg",
        "Task": "restaurant_book"
      },
      {
        "Domain": "bank",
        "SchemaImage": "bank_balance.jpg",
        "Task": "bank_balance"
      },
      {
        "Domain": "bank",
        "SchemaImage": "bank_fraud_report.jpg",
        "Task": "bank_fraud_report"
      },
      {
        "Domain": "trivia",
        "SchemaImage": "trivia.jpg",
        "Task": "trivia"
      }
    ],
    "WizardTask": "Follow the flow charts and help the user. Assume:\n\n- Today is Friday the 22nd of June, 7 pm"
  },
  "UserQuestionnaire": [
    {
      "Answer": true,
      "Question": "Did the assistant stay calm and helpful throughout the dialogue?"
    }
  ],
  "WizardQuestionnaire": [
    {
      "Answer": true,
      "Question": "Did the user change his/her mind about what he/she wants at any time?"
    },
    {
      "Answer": false,
      "Question": "Did the user become aggressive or annoyed during the dialogue? (Note: some users may be instructed to be annoying.)"
    },
    {
      "Answer": false,
      "Question": "Where you unsure about what to do at any time? (Feel free to send us an email with details.)"
    }
  ]
}