{
  "AnonymizedUserWorkerID": "ba5d80d9-b753-9dfd-8f0f-8985984d3ada",
  "AnonymizedWizardWorkerID": "4b56e0fa-e086-4b01-d3c6-840b91b26164",
  "BatchID": "woz_1590168497",
  "CompletionLevel": "Complete",
  "DialogueID": 5693,
  "Events": [
    {
      "Action": "instruct",
      "Agent": "UserGuide",
      "Text": "Use your imagination to generate a conversation about the topics 'Find apartment', 'Schedule apartment viewing' and 'Calling a ride' (in any order), as shown on the left. You may also ask the assistant to check the weather.  [instruction 1 of 8]",
      "UnixTime": 1590194563
    },
    {
      "Action": "utter",
      "Agent": "User",
      "Text": "Hi I would like to find a new apartment I need at least 2 bedrooms on the 2nd floor and HAS to have a balcony",
      "UnixTime": 1590194608
    },
    {
      "APIName": "apartment_search",
      "Action": "query",
      "Agent": "Wizard",
      "Constraints": [
        {
          "MaxLevel": "2"
        },
        {
          "HasBalcony": "True"
        },
        {
          "NumRooms": "api.is_at_least(2)"
        }
      ],
      "UnixTime": 1590194651
    },
    {
      "APIName": "apartment_search",
      "Action": "return_item",
      "Agent": "KnowledgeBase",
      "Item": {
        "APIName": "apartment_search",
        "BalconySide": "east",
        "FloorSquareMeters": 303,
        "HasBalcony": true,
        "HasElevator": false,
        "Level": 2,
        "MaxLevel": 2,
        "Name": "North Hill Apartments",
        "NearbyPOIs": [
          "TrainStation",
          "Museum"
        ],
        "NumRooms": 7,
        "Price": 4753,
        "id": 141
      },
      "TotalItems": 5
    },
    {
      "Action": "request_suggestions",
      "Agent": "Wizard",
      "PrimaryItem": {
        "APIName": "apartment_search",
        "BalconySide": "east",
        "FloorSquareMeters": 303,
        "HasBalcony": true,
        "HasElevator": false,
        "Level": 2,
        "MaxLevel": 2,
        "Name": "North Hill Apartments",
        "NearbyPOIs": [
          "TrainStation",
          "Museum"
        ],
        "NumRooms": 7,
        "Price": 4753,
        "id": 141
      },
      "Text": "north hill",
      "UnixTime": 1590194655
    },
    {
      "Action": "pick_suggestion",
      "ActionLabel": "apartment_inform_search_result",
      "ActionLabelOptions": [
        "apartment_inform_search_result",
        "apartment_ask_nearby_pois",
        "hello"
      ],
      "Agent": "Wizard",
      "PrimaryItem": {
        "APIName": "apartment_search",
        "BalconySide": "east",
        "FloorSquareMeters": 303,
        "HasBalcony": true,
        "HasElevator": false,
        "Level": 2,
        "MaxLevel": 2,
        "Name": "North Hill Apartments",
        "NearbyPOIs": [
          "TrainStation",
          "Museum"
        ],
        "NumRooms": 7,
        "Price": 4753,
        "id": 141
      },
      "Text": "OK, I found a free flat in North Hill Apartments, located near a TrainStation and a Museum, that is matching your search criteria.\nIt is on level 2, has 303 square meters and 7 bedrooms.\nIt has a east facing balcony and does not have an elevator, and comes at the price of 4753 per month.",
      "UnixTime": 1590194656
    },
    {
      "Action": "utter",
      "Agent": "User",
      "Text": "That sound great can I see it on Saturday",
      "UnixTime": 1590194742
    },
    {
      "Action": "instruct",
      "Agent": "UserGuide",
      "Text": "You may attempt to do some smalltalk with the AI Assistant at any time. [instruction 2 of 8]",
      "UnixTime": 1590194742
    },
    {
      "Action": "select_task",
      "Agent": "Wizard",
      "PrimaryItem": {
        "APIName": "apartment_search",
        "BalconySide": "east",
        "FloorSquareMeters": 303,
        "HasBalcony": true,
        "HasElevator": false,
        "Level": 2,
        "MaxLevel": 2,
        "Name": "North Hill Apartments",
        "NearbyPOIs": [
          "TrainStation",
          "Museum"
        ],
        "NumRooms": 7,
        "Price": 4753,
        "id": 141
      },
      "Task": "apartment_schedule",
      "UnixTime": 1590194746
    },
    {
      "Action": "request_suggestions",
      "Agent": "Wizard",
      "PrimaryItem": {
        "APIName": "apartment_search",
        "BalconySide": "east",
        "FloorSquareMeters": 303,
        "HasBalcony": true,
        "HasElevator": false,
        "Level": 2,
        "MaxLevel": 2,
        "Name": "North Hill Apartments",
        "NearbyPOIs": [
          "TrainStation",
          "Museum"
        ],
        "NumRooms": 7,
        "Price": 4753,
        "id": 141
      },
      "Text": "name",
      "UnixTime": 1590194752
    },
    {
      "Action": "pick_suggestion",
      "ActionLabel": "ask_name",
      "ActionLabelOptions": [
        "ask_name",
        "apartment_inform_search_result",
        "apartment_inform_nothing_found",
        "goodbye_2",
        "apartment_ask_start_time",
        "apartment_ask_apartment_name"
      ],
      "Agent": "Wizard",
      "PrimaryItem": {
        "APIName": "apartment_search",
        "BalconySide": "east",
        "FloorSquareMeters": 303,
        "HasBalcony": true,
        "HasElevator": false,
        "Level": 2,
        "MaxLevel": 2,
        "Name": "North Hill Apartments",
        "NearbyPOIs": [
          "TrainStation",
          "Museum"
        ],
        "NumRooms": 7,
        "Price": 4753,
        "id": 141
      },
      "Text": "Could you give me your name, please?",
      "UnixTime": 1590194753
    },
    {
      "Action": "utter",
      "Agent": "User",
      "Text": "Ben",
      "UnixTime": 1590194757
    },
    {
      "Action": "request_suggestions",
      "Agent": "Wizard",
      "PrimaryItem": {
        "APIName": "apartment_search",
        "BalconySide": "east",
        "FloorSquareMeters": 303,
        "HasBalcony": true,
        "HasElevator": false,
        "Level": 2,
        "MaxLevel": 2,
        "Name": "North Hill Apartments",
        "NearbyPOIs": [
          "TrainStation",
          "Museum"
        ],
        "NumRooms": 7,
        "Price": 4753,
        "id": 141
      },
      "Text": "what time",
      "UnixTime": 1590194763
    },
    {
      "Action": "pick_suggestion",
      "ActionLabel": "apartment_ask_start_time",
      "ActionLabelOptions": [
        "apartment_ask_nearby_pois",
        "apartment_ask_end_time",
        "apartment_inform_viewing_unavailable",
        "apartment_ask_start_time",
        "anything_else",
        "apartment_ask_num_bedrooms"
      ],
      "Agent": "Wizard",
      "PrimaryItem": {
        "APIName": "apartment_search",
        "BalconySide": "east",
        "FloorSquareMeters": 303,
        "HasBalcony": true,
        "HasElevator": false,
        "Level": 2,
        "MaxLevel": 2,
        "Name": "North Hill Apartments",
        "NearbyPOIs": [
          "TrainStation",
          "Museum"
        ],
        "NumRooms": 7,
        "Price": 4753,
        "id": 141
      },
      "Text": "When would you like the viewing to start?",
      "UnixTime": 1590194767
    },
    {
      "Action": "utter",
      "Agent": "User",
      "Text": "1pm",
      "UnixTime": 1590194783
    },
    {
      "Action": "request_suggestions",
      "Agent": "Wizard",
      "PrimaryItem": {
        "APIName": "apartment_search",
        "BalconySide": "east",
        "FloorSquareMeters": 303,
        "HasBalcony": true,
        "HasElevator": false,
        "Level": 2,
        "MaxLevel": 2,
        "Name": "North Hill Apartments",
        "NearbyPOIs": [
          "TrainStation",
          "Museum"
        ],
        "NumRooms": 7,
        "Price": 4753,
        "id": 141
      },
      "Text": "fee",
      "UnixTime": 1590194798
    },
    {
      "Action": "pick_suggestion",
      "ActionLabel": "apartment_ask_application_fee_paid",
      "ActionLabelOptions": [
        "apartment_inform_viewing_available",
        "apartment_ask_application_fee_paid",
        "goodbye_2",
        "apartment_inform_search_criteria",
        "apartment_inform_nothing_found",
        "out_of_scope"
      ],
      "Agent": "Wizard",
      "PrimaryItem": {
        "APIName": "apartment_search",
        "BalconySide": "east",
        "FloorSquareMeters": 303,
        "HasBalcony": true,
        "HasElevator": false,
        "Level": 2,
        "MaxLevel": 2,
        "Name": "North Hill Apartments",
        "NearbyPOIs": [
          "TrainStation",
          "Museum"
        ],
        "NumRooms": 7,
        "Price": 4753,
        "id": 141
      },
      "Text": "Have you already paid the application fee for the apartment?",
      "UnixTime": 1590194800
    },
    {
      "Action": "utter",
      "Agent": "User",
      "Text": "no yet I have to see if first",
      "UnixTime": 1590194831
    },
    {
      "Action": "instruct",
      "Agent": "UserGuide",
      "Text": "If you haven't yet, it's time to change topic. You can also go back and forth between topics. [instruction 3 of 8]",
      "UnixTime": 1590194831
    },
    {
      "APIName": "apartment_schedule",
      "Action": "query",
      "Agent": "Wizard",
      "Constraints": [
        {
          "Name": "\"North Hill Apartments\""
        },
        {
          "RenterName": "\"Ben\""
        },
        {
          "Day": "\"Saturday\""
        },
        {
          "StartTimeHour": "\"1 pm\""
        },
        {
          "ApplicationFeePaid": "\"No\""
        },
        {
          "RequestType": "\"Check\""
        }
      ],
      "PrimaryItem": {
        "APIName": "apartment_search",
        "BalconySide": "east",
        "FloorSquareMeters": 303,
        "HasBalcony": true,
        "HasElevator": false,
        "Level": 2,
        "MaxLevel": 2,
        "Name": "North Hill Apartments",
        "NearbyPOIs": [
          "TrainStation",
          "Museum"
        ],
        "NumRooms": 7,
        "Price": 4753,
        "id": 141
      },
      "UnixTime": 1590194835
    },
    {
      "APIName": "apartment_schedule",
      "Action": "return_item",
      "Agent": "KnowledgeBase",
      "Item": {
        "APIName": "apartment_schedule",
        "Message": "That time is unavailable. Please try another time."
      },
      "TotalItems": -1
    },
    {
      "Action": "request_suggestions",
      "Agent": "Wizard",
      "PrimaryItem": {
        "APIName": "apartment_schedule",
        "Message": "That time is unavailable. Please try another time."
      },
      "Text": "unavailable",
      "UnixTime": 1590194840
    },
    {
      "Action": "pick_suggestion",
      "ActionLabel": "apartment_inform_viewing_unavailable",
      "ActionLabelOptions": [
        "apartment_inform_viewing_unavailable",
        "apartment_ask_end_time",
        "goodbye_2"
      ],
      "Agent": "Wizard",
      "PrimaryItem": {
        "APIName": "apartment_schedule",
        "Message": "That time is unavailable. Please try another time."
      },
      "Text": "I am sorry, but there is no viewing available at your preferred time.",
      "UnixTime": 1590194842
    },
    {
      "Action": "utter",
      "Agent": "User",
      "Text": "okay what about 3. I have to make sure it isn't raining can you check to see what the weather is that day in LA",
      "UnixTime": 1590194865
    },
    {
      "APIName": "apartment_schedule",
      "Action": "query",
      "Agent": "Wizard",
      "Constraints": [
        {
          "Name": "\"North Hill Apartments\""
        },
        {
          "RenterName": "\"Ben\""
        },
        {
          "Day": "\"Saturday\""
        },
        {
          "StartTimeHour": "\"3 pm\""
        },
        {
          "ApplicationFeePaid": "\"No\""
        },
        {
          "RequestType": "\"Check\""
        }
      ],
      "PrimaryItem": {
        "APIName": "apartment_schedule",
        "Message": "That time is unavailable. Please try another time."
      },
      "UnixTime": 1590194873
    },
    {
      "APIName": "apartment_schedule",
      "Action": "return_item",
      "Agent": "KnowledgeBase",
      "Item": {
        "APIName": "apartment_schedule",
        "Message": "The time slot is available."
      },
      "TotalItems": -1
    },
    {
      "Action": "request_suggestions",
      "Agent": "Wizard",
      "PrimaryItem": {
        "APIName": "apartment_schedule",
        "Message": "The time slot is available."
      },
      "Text": "available",
      "UnixTime": 1590194879
    },
    {
      "Action": "pick_suggestion",
      "ActionLabel": "apartment_inform_viewing_available",
      "ActionLabelOptions": [
        "apartment_inform_viewing_available",
        "apartment_ask_custom_message",
        "out_of_scope"
      ],
      "Agent": "Wizard",
      "PrimaryItem": {
        "APIName": "apartment_schedule",
        "Message": "The time slot is available."
      },
      "Text": "Great, there is still a viewing available at that time. Would you like me to book it for you?",
      "UnixTime": 1590194881
    },
    {
      "Action": "utter",
      "Agent": "User",
      "Text": "yes but need to ensure it isnt raining on saturday",
      "UnixTime": 1590194898
    },
    {
      "Action": "select_task",
      "Agent": "Wizard",
      "PrimaryItem": {
        "APIName": "apartment_schedule",
        "Message": "The time slot is available."
      },
      "Task": "weather",
      "UnixTime": 1590194914
    },
    {
      "Action": "request_suggestions",
      "Agent": "Wizard",
      "PrimaryItem": {
        "APIName": "apartment_schedule",
        "Message": "The time slot is available."
      },
      "Text": "what city",
      "UnixTime": 1590194921
    },
    {
      "Action": "pick_suggestion",
      "ActionLabel": "weather_ask_location",
      "ActionLabelOptions": [
        "weather_ask_location",
        "apartment_ask_apartment_name",
        "ask_name",
        "apartment_ask_day",
        "out_of_scope",
        "weather_inform_nothing_found"
      ],
      "Agent": "Wizard",
      "PrimaryItem": {
        "APIName": "apartment_schedule",
        "Message": "The time slot is available."
      },
      "Text": "For what location would you like the weather forecast?",
      "UnixTime": 1590194923
    },
    {
      "Action": "utter",
      "Agent": "User",
      "Text": "LA",
      "UnixTime": 1590194936
    },
    {
      "APIName": "weather",
      "Action": "query",
      "Agent": "Wizard",
      "Constraints": [
        {
          "Day": "\"Saturday\""
        },
        {
          "City": "api.is_equal_to(\"Los Angeles\")"
        }
      ],
      "PrimaryItem": {
        "APIName": "apartment_schedule",
        "Message": "The time slot is available."
      },
      "UnixTime": 1590194943
    },
    {
      "APIName": "weather",
      "Action": "return_item",
      "Agent": "KnowledgeBase",
      "Item": {
        "APIName": "weather",
        "City": "Los Angeles",
        "Day": "Saturday",
        "TemperatureCelsius": 22,
        "Weather": "Snowing",
        "id": 839
      },
      "TotalItems": -1
    },
    {
      "Action": "request_suggestions",
      "Agent": "Wizard",
      "PrimaryItem": {
        "APIName": "weather",
        "City": "Los Angeles",
        "Day": "Saturday",
        "TemperatureCelsius": 22,
        "Weather": "Snowing",
        "id": 839
      },
      "Text": "snowing",
      "UnixTime": 1590194947
    },
    {
      "Action": "pick_suggestion",
      "ActionLabel": "weather_inform_forecast",
      "ActionLabelOptions": [
        "weather_inform_forecast",
        "hello",
        "weather_ask_location"
      ],
      "Agent": "Wizard",
      "PrimaryItem": {
        "APIName": "weather",
        "City": "Los Angeles",
        "Day": "Saturday",
        "TemperatureCelsius": 22,
        "Weather": "Snowing",
        "id": 839
      },
      "Text": "It will be Snowing all day on Saturday in Los Angeles, with temperatures of around 22 degrees celsius.",
      "UnixTime": 1590194948
    },
    {
      "Action": "utter",
      "Agent": "User",
      "Text": "man I hate the cold.. well I will need a ride to the grocery store today can you book that for me from 5th and Jupiter to the downtown Kroger",
      "UnixTime": 1590194981
    },
    {
      "Action": "instruct",
      "Agent": "UserGuide",
      "Text": "If it makes sense, use some negations ('I don't want', or 'anything but ...', etc.) [instruction 4 of 8]",
      "UnixTime": 1590194981
    },
    {
      "Action": "select_task",
      "Agent": "Wizard",
      "PrimaryItem": {
        "APIName": "weather",
        "City": "Los Angeles",
        "Day": "Saturday",
        "TemperatureCelsius": 22,
        "Weather": "Snowing",
        "id": 839
      },
      "Task": "ride_book",
      "UnixTime": 1590194990
    },
    {
      "APIName": "ride_book",
      "Action": "query",
      "Agent": "Wizard",
      "Constraints": [
        {
          "CustomerName": "\"Ben\""
        },
        {
          "DepartureLocation": "\"5th and Jupiter\""
        },
        {
          "ArrivalLocation": "\"Downtown Kroger\""
        },
        {
          "RequestType": "\"Check\""
        }
      ],
      "PrimaryItem": {
        "APIName": "weather",
        "City": "Los Angeles",
        "Day": "Saturday",
        "TemperatureCelsius": 22,
        "Weather": "Snowing",
        "id": 839
      },
      "UnixTime": 1590195020
    },
    {
      "APIName": "ride_book",
      "Action": "return_item",
      "Agent": "KnowledgeBase",
      "Item": {
        "APIName": "ride_book",
        "AllowsChanges": false,
        "ArrivalLocation": "Downtown Kroger",
        "CarModel": "BMW",
        "CustomerName": "Ben",
        "DepartureLocation": "5th and Jupiter",
        "DriverName": "Sirius",
        "LicensePlate": "313 EA9",
        "MinutesTillPickup": 12,
        "Price": 35,
        "ServiceProvider": "Taxi",
        "id": 256
      },
      "TotalItems": -1
    },
    {
      "Action": "request_suggestions",
      "Agent": "Wizard",
      "PrimaryItem": {
        "APIName": "ride_book",
        "AllowsChanges": false,
        "ArrivalLocation": "Downtown Kroger",
        "CarModel": "BMW",
        "CustomerName": "Ben",
        "DepartureLocation": "5th and Jupiter",
        "DriverName": "Sirius",
        "LicensePlate": "313 EA9",
        "MinutesTillPickup": 12,
        "Price": 35,
        "ServiceProvider": "Taxi",
        "id": 256
      },
      "Text": "taxi",
      "UnixTime": 1590195023
    },
    {
      "Action": "pick_suggestion",
      "ActionLabel": "ride_ask_confirm_booking",
      "ActionLabelOptions": [
        "ride_ask_destination",
        "ride_ask_confirm_booking",
        "ride_inform_search_criteria"
      ],
      "Agent": "Wizard",
      "PrimaryItem": {
        "APIName": "ride_book",
        "AllowsChanges": false,
        "ArrivalLocation": "Downtown Kroger",
        "CarModel": "BMW",
        "CustomerName": "Ben",
        "DepartureLocation": "5th and Jupiter",
        "DriverName": "Sirius",
        "LicensePlate": "313 EA9",
        "MinutesTillPickup": 12,
        "Price": 35,
        "ServiceProvider": "Taxi",
        "id": 256
      },
      "Text": "I found a Taxi ride for you from '5th and Jupiter' to 'Downtown Kroger' for 35 credits\nthat could pick you up in 12 minutes. Should I book that for you?",
      "UnixTime": 1590195025
    },
    {
      "Action": "utter",
      "Agent": "User",
      "Text": "oh no I dont want to be in a BMW can you tell me what type of car?",
      "UnixTime": 1590195045
    },
    {
      "Action": "request_suggestions",
      "Agent": "Wizard",
      "PrimaryItem": {
        "APIName": "ride_book",
        "AllowsChanges": false,
        "ArrivalLocation": "Downtown Kroger",
        "CarModel": "BMW",
        "CustomerName": "Ben",
        "DepartureLocation": "5th and Jupiter",
        "DriverName": "Sirius",
        "LicensePlate": "313 EA9",
        "MinutesTillPickup": 12,
        "Price": 35,
        "ServiceProvider": "Taxi",
        "id": 256
      },
      "Text": "bmw",
      "UnixTime": 1590195059
    },
    {
      "Action": "utter",
      "Agent": "Wizard",
      "PrimaryItem": {
        "APIName": "ride_book",
        "AllowsChanges": false,
        "ArrivalLocation": "Downtown Kroger",
        "CarModel": "BMW",
        "CustomerName": "Ben",
        "DepartureLocation": "5th and Jupiter",
        "DriverName": "Sirius",
        "LicensePlate": "313 EA9",
        "MinutesTillPickup": 12,
        "Price": 35,
        "ServiceProvider": "Taxi",
        "id": 256
      },
      "Text": "The car is a BMW",
      "UnixTime": 1590195071
    },
    {
      "Action": "utter",
      "Agent": "User",
      "Text": "no I don't want a BMW can you find me another driver",
      "UnixTime": 1590195084
    },
    {
      "Action": "instruct",
      "Agent": "UserGuide",
      "Text": "Keep going :) - don't forget some smalltalk. Perhaps say something related to the first topic you talked about. [instruction 5 of 8]",
      "UnixTime": 1590195084
    },
    {
      "APIName": "ride_book",
      "Action": "query",
      "Agent": "Wizard",
      "Constraints": [
        {
          "CustomerName": "\"Ben\""
        },
        {
          "DepartureLocation": "\"5th and Jupiter\""
        },
        {
          "ArrivalLocation": "\"Downtown Kroger\""
        },
        {
          "RequestType": "\"Check\""
        },
        {
          "CarModel": "api.is_one_of([\"Toyota\"])"
        }
      ],
      "PrimaryItem": {
        "APIName": "ride_book",
        "AllowsChanges": false,
        "ArrivalLocation": "Downtown Kroger",
        "CarModel": "BMW",
        "CustomerName": "Ben",
        "DepartureLocation": "5th and Jupiter",
        "DriverName": "Sirius",
        "LicensePlate": "313 EA9",
        "MinutesTillPickup": 12,
        "Price": 35,
        "ServiceProvider": "Taxi",
        "id": 256
      },
      "UnixTime": 1590195140
    },
    {
      "APIName": "ride_book",
      "Action": "return_item",
      "Agent": "KnowledgeBase",
      "Item": {
        "APIName": "ride_book",
        "AllowsChanges": true,
        "ArrivalLocation": "Downtown Kroger",
        "CarModel": "Toyota",
        "CustomerName": "Ben",
        "DepartureLocation": "5th and Jupiter",
        "DriverName": "Mark",
        "LicensePlate": "901 FSA",
        "MinutesTillPickup": 30,
        "Price": 11,
        "ServiceProvider": "Uber",
        "id": 798
      },
      "TotalItems": -1
    },
    {
      "Action": "request_suggestions",
      "Agent": "Wizard",
      "PrimaryItem": {
        "APIName": "ride_book",
        "AllowsChanges": true,
        "ArrivalLocation": "Downtown Kroger",
        "CarModel": "Toyota",
        "CustomerName": "Ben",
        "DepartureLocation": "5th and Jupiter",
        "DriverName": "Mark",
        "LicensePlate": "901 FSA",
        "MinutesTillPickup": 30,
        "Price": 11,
        "ServiceProvider": "Uber",
        "id": 798
      },
      "Text": "uber",
      "UnixTime": 1590195143
    },
    {
      "Action": "pick_suggestion",
      "ActionLabel": "ride_ask_confirm_booking",
      "ActionLabelOptions": [
        "ride_ask_destination",
        "ride_ask_confirm_booking",
        "ride_inform_search_criteria"
      ],
      "Agent": "Wizard",
      "PrimaryItem": {
        "APIName": "ride_book",
        "AllowsChanges": true,
        "ArrivalLocation": "Downtown Kroger",
        "CarModel": "Toyota",
        "CustomerName": "Ben",
        "DepartureLocation": "5th and Jupiter",
        "DriverName": "Mark",
        "LicensePlate": "901 FSA",
        "MinutesTillPickup": 30,
        "Price": 11,
        "ServiceProvider": "Uber",
        "id": 798
      },
      "Text": "I found a Uber ride for you from '5th and Jupiter' to 'Downtown Kroger' for 11 credits\nthat could pick you up in 30 minutes. Should I book that for you?",
      "UnixTime": 1590195145
    },
    {
      "Action": "utter",
      "Agent": "User",
      "Text": "okay what type of car. My car is in the shop until next week and I have to get groceries",
      "UnixTime": 1590195166
    },
    {
      "Action": "request_suggestions",
      "Agent": "Wizard",
      "PrimaryItem": {
        "APIName": "ride_book",
        "AllowsChanges": true,
        "ArrivalLocation": "Downtown Kroger",
        "CarModel": "Toyota",
        "CustomerName": "Ben",
        "DepartureLocation": "5th and Jupiter",
        "DriverName": "Mark",
        "LicensePlate": "901 FSA",
        "MinutesTillPickup": 30,
        "Price": 11,
        "ServiceProvider": "Uber",
        "id": 798
      },
      "Text": "toyota",
      "UnixTime": 1590195184
    },
    {
      "Action": "utter",
      "Agent": "Wizard",
      "PrimaryItem": {
        "APIName": "ride_book",
        "AllowsChanges": true,
        "ArrivalLocation": "Downtown Kroger",
        "CarModel": "Toyota",
        "CustomerName": "Ben",
        "DepartureLocation": "5th and Jupiter",
        "DriverName": "Mark",
        "LicensePlate": "901 FSA",
        "MinutesTillPickup": 30,
        "Price": 11,
        "ServiceProvider": "Uber",
        "id": 798
      },
      "Text": "The car is a Toyota",
      "UnixTime": 1590195192
    },
    {
      "Action": "utter",
      "Agent": "User",
      "Text": "perfect book it",
      "UnixTime": 1590195253
    },
    {
      "Action": "instruct",
      "Agent": "UserGuide",
      "Text": "Keep going until you've covered all the topics ('Find apartment', 'Schedule apartment viewing' and 'Calling a ride'). The conversation should continue at least until the last instruction is given. [instruction 6 of 8]",
      "UnixTime": 1590195253
    },
    {
      "APIName": "ride_book",
      "Action": "query",
      "Agent": "Wizard",
      "Constraints": [
        {
          "CustomerName": "\"Ben\""
        },
        {
          "DepartureLocation": "\"5th and Jupiter\""
        },
        {
          "ArrivalLocation": "\"Downtown Kroger\""
        },
        {
          "RequestType": "\"Book\""
        },
        {
          "CarModel": "api.is_one_of([\"Toyota\"])"
        }
      ],
      "PrimaryItem": {
        "APIName": "ride_book",
        "AllowsChanges": true,
        "ArrivalLocation": "Downtown Kroger",
        "CarModel": "Toyota",
        "CustomerName": "Ben",
        "DepartureLocation": "5th and Jupiter",
        "DriverName": "Mark",
        "LicensePlate": "901 FSA",
        "MinutesTillPickup": 30,
        "Price": 11,
        "ServiceProvider": "Uber",
        "id": 798
      },
      "UnixTime": 1590195263
    },
    {
      "APIName": "ride_book",
      "Action": "return_item",
      "Agent": "KnowledgeBase",
      "Item": {
        "APIName": "ride_book",
        "Message": "Ride booked."
      },
      "TotalItems": -1
    },
    {
      "Action": "request_suggestions",
      "Agent": "Wizard",
      "PrimaryItem": {
        "APIName": "ride_book",
        "Message": "Ride booked."
      },
      "Text": "booked",
      "UnixTime": 1590195266
    },
    {
      "Action": "select_primary",
      "Agent": "Wizard",
      "PrimaryItem": {
        "APIName": "ride_book",
        "Message": "Ride booked."
      },
      "UnixTime": 1590195272
    },
    {
      "Action": "request_suggestions",
      "Agent": "Wizard",
      "PrimaryItem": {
        "APIName": "ride_book",
        "AllowsChanges": true,
        "ArrivalLocation": "Downtown Kroger",
        "CarModel": "Toyota",
        "CustomerName": "Ben",
        "DepartureLocation": "5th and Jupiter",
        "DriverName": "Mark",
        "LicensePlate": "901 FSA",
        "MinutesTillPickup": 30,
        "Price": 11,
        "ServiceProvider": "Uber",
        "id": 798
      },
      "Text": "ride id",
      "UnixTime": 1590195279
    },
    {
      "Action": "utter",
      "Agent": "Wizard",
      "PrimaryItem": {
        "APIName": "ride_book",
        "AllowsChanges": true,
        "ArrivalLocation": "Downtown Kroger",
        "CarModel": "Toyota",
        "CustomerName": "Ben",
        "DepartureLocation": "5th and Jupiter",
        "DriverName": "Mark",
        "LicensePlate": "901 FSA",
        "MinutesTillPickup": 30,
        "Price": 11,
        "ServiceProvider": "Uber",
        "id": 798
      },
      "Text": "Your ride is booked. Your ID is 798. The license plate is 901 FSA",
      "UnixTime": 1590195314
    },
    {
      "Action": "utter",
      "Agent": "User",
      "Text": "What is the name of the driver. I had a bad experience with Mary last time",
      "UnixTime": 1590195335
    },
    {
      "Action": "request_suggestions",
      "Agent": "Wizard",
      "PrimaryItem": {
        "APIName": "ride_book",
        "AllowsChanges": true,
        "ArrivalLocation": "Downtown Kroger",
        "CarModel": "Toyota",
        "CustomerName": "Ben",
        "DepartureLocation": "5th and Jupiter",
        "DriverName": "Mark",
        "LicensePlate": "901 FSA",
        "MinutesTillPickup": 30,
        "Price": 11,
        "ServiceProvider": "Uber",
        "id": 798
      },
      "Text": "mark",
      "UnixTime": 1590195353
    },
    {
      "Action": "pick_suggestion",
      "ActionLabel": "ride_provide_driver_details",
      "ActionLabelOptions": [
        "ride_provide_driver_details",
        "ride_ask_confirm_booking",
        "out_of_scope"
      ],
      "Agent": "Wizard",
      "PrimaryItem": {
        "APIName": "ride_book",
        "AllowsChanges": true,
        "ArrivalLocation": "Downtown Kroger",
        "CarModel": "Toyota",
        "CustomerName": "Ben",
        "DepartureLocation": "5th and Jupiter",
        "DriverName": "Mark",
        "LicensePlate": "901 FSA",
        "MinutesTillPickup": 30,
        "Price": 11,
        "ServiceProvider": "Uber",
        "id": 798
      },
      "Text": "Your driver will be Mark.",
      "UnixTime": 1590195354
    },
    {
      "Action": "utter",
      "Agent": "User",
      "Text": "oh I like him he was super friendly last time. Can my friend come along as well?",
      "UnixTime": 1590195376
    },
    {
      "Action": "instruct",
      "Agent": "UserGuide",
      "Text": "Almost there. A few more turns. [instruction 7 of 8]",
      "UnixTime": 1590195376
    },
    {
      "Action": "request_suggestions",
      "Agent": "Wizard",
      "PrimaryItem": {
        "APIName": "ride_book",
        "AllowsChanges": true,
        "ArrivalLocation": "Downtown Kroger",
        "CarModel": "Toyota",
        "CustomerName": "Ben",
        "DepartureLocation": "5th and Jupiter",
        "DriverName": "Mark",
        "LicensePlate": "901 FSA",
        "MinutesTillPickup": 30,
        "Price": 11,
        "ServiceProvider": "Uber",
        "id": 798
      },
      "Text": "yes",
      "UnixTime": 1590195405
    },
    {
      "Action": "utter",
      "Agent": "Wizard",
      "PrimaryItem": {
        "APIName": "ride_book",
        "AllowsChanges": true,
        "ArrivalLocation": "Downtown Kroger",
        "CarModel": "Toyota",
        "CustomerName": "Ben",
        "DepartureLocation": "5th and Jupiter",
        "DriverName": "Mark",
        "LicensePlate": "901 FSA",
        "MinutesTillPickup": 30,
        "Price": 11,
        "ServiceProvider": "Uber",
        "id": 798
      },
      "Text": "Yes they can.",
      "UnixTime": 1590195419
    },
    {
      "Action": "utter",
      "Agent": "User",
      "Text": "oh great and you update that on the notes?",
      "UnixTime": 1590195428
    },
    {
      "Action": "request_suggestions",
      "Agent": "Wizard",
      "PrimaryItem": {
        "APIName": "ride_book",
        "AllowsChanges": true,
        "ArrivalLocation": "Downtown Kroger",
        "CarModel": "Toyota",
        "CustomerName": "Ben",
        "DepartureLocation": "5th and Jupiter",
        "DriverName": "Mark",
        "LicensePlate": "901 FSA",
        "MinutesTillPickup": 30,
        "Price": 11,
        "ServiceProvider": "Uber",
        "id": 798
      },
      "Text": "i can't do that",
      "UnixTime": 1590195457
    },
    {
      "Action": "pick_suggestion",
      "ActionLabel": "out_of_scope",
      "ActionLabelOptions": [
        "out_of_scope",
        "ride_ask_departure",
        "ride_inform_nothing_found"
      ],
      "Agent": "Wizard",
      "PrimaryItem": {
        "APIName": "ride_book",
        "AllowsChanges": true,
        "ArrivalLocation": "Downtown Kroger",
        "CarModel": "Toyota",
        "CustomerName": "Ben",
        "DepartureLocation": "5th and Jupiter",
        "DriverName": "Mark",
        "LicensePlate": "901 FSA",
        "MinutesTillPickup": 30,
        "Price": 11,
        "ServiceProvider": "Uber",
        "id": 798
      },
      "Text": "I am sorry, I don't quite understand what you mean. I am only able to help you book a ride.",
      "UnixTime": 1590195459
    },
    {
      "Action": "utter",
      "Agent": "User",
      "Text": "okay I thought that had to be noted so the driver would know",
      "UnixTime": 1590195475
    },
    {
      "Action": "request_suggestions",
      "Agent": "Wizard",
      "PrimaryItem": {
        "APIName": "ride_book",
        "AllowsChanges": true,
        "ArrivalLocation": "Downtown Kroger",
        "CarModel": "Toyota",
        "CustomerName": "Ben",
        "DepartureLocation": "5th and Jupiter",
        "DriverName": "Mark",
        "LicensePlate": "901 FSA",
        "MinutesTillPickup": 30,
        "Price": 11,
        "ServiceProvider": "Uber",
        "id": 798
      },
      "Text": "anything else",
      "UnixTime": 1590195493
    },
    {
      "Action": "pick_suggestion",
      "ActionLabel": "anything_else",
      "ActionLabelOptions": [
        "anything_else",
        "ride_provide_driver_details",
        "ride_bye"
      ],
      "Agent": "Wizard",
      "PrimaryItem": {
        "APIName": "ride_book",
        "AllowsChanges": true,
        "ArrivalLocation": "Downtown Kroger",
        "CarModel": "Toyota",
        "CustomerName": "Ben",
        "DepartureLocation": "5th and Jupiter",
        "DriverName": "Mark",
        "LicensePlate": "901 FSA",
        "MinutesTillPickup": 30,
        "Price": 11,
        "ServiceProvider": "Uber",
        "id": 798
      },
      "Text": "Is there anything else that I can do for you?",
      "UnixTime": 1590195495
    },
    {
      "Action": "utter",
      "Agent": "User",
      "Text": "Just one more thing, I was debating to fly out to see my sister in Detroit on Sat what does the weather look like?",
      "UnixTime": 1590195520
    },
    {
      "Action": "instruct",
      "Agent": "UserGuide",
      "Text": "Ok, once you've touched on all the topics ('Find apartment', 'Schedule apartment viewing' and 'Calling a ride') and engaged in some smalltalk, you can bring the conversation to a natural close. [instruction 8 of 8]",
      "UnixTime": 1590195520
    },
    {
      "Action": "select_task",
      "Agent": "Wizard",
      "PrimaryItem": {
        "APIName": "ride_book",
        "AllowsChanges": true,
        "ArrivalLocation": "Downtown Kroger",
        "CarModel": "Toyota",
        "CustomerName": "Ben",
        "DepartureLocation": "5th and Jupiter",
        "DriverName": "Mark",
        "LicensePlate": "901 FSA",
        "MinutesTillPickup": 30,
        "Price": 11,
        "ServiceProvider": "Uber",
        "id": 798
      },
      "Task": "weather",
      "UnixTime": 1590195531
    },
    {
      "APIName": "weather",
      "Action": "query",
      "Agent": "Wizard",
      "Constraints": [
        {
          "Day": "\"Saturday\""
        },
        {
          "City": "\"Detroit\""
        }
      ],
      "PrimaryItem": {
        "APIName": "ride_book",
        "AllowsChanges": true,
        "ArrivalLocation": "Downtown Kroger",
        "CarModel": "Toyota",
        "CustomerName": "Ben",
        "DepartureLocation": "5th and Jupiter",
        "DriverName": "Mark",
        "LicensePlate": "901 FSA",
        "MinutesTillPickup": 30,
        "Price": 11,
        "ServiceProvider": "Uber",
        "id": 798
      },
      "UnixTime": 1590195537
    },
    {
      "APIName": "weather",
      "Action": "return_item",
      "Agent": "KnowledgeBase",
      "Item": {
        "APIName": "weather",
        "City": "Detroit",
        "Day": "Saturday",
        "TemperatureCelsius": 17,
        "Weather": "Sunny",
        "id": 653
      },
      "TotalItems": -1
    },
    {
      "Action": "request_suggestions",
      "Agent": "Wizard",
      "PrimaryItem": {
        "APIName": "weather",
        "City": "Detroit",
        "Day": "Saturday",
        "TemperatureCelsius": 17,
        "Weather": "Sunny",
        "id": 653
      },
      "Text": "sunny",
      "UnixTime": 1590195539
    },
    {
      "Action": "pick_suggestion",
      "ActionLabel": "weather_inform_forecast",
      "ActionLabelOptions": [
        "weather_inform_forecast",
        "goodbye_1",
        "weather_ask_location"
      ],
      "Agent": "Wizard",
      "PrimaryItem": {
        "APIName": "weather",
        "City": "Detroit",
        "Day": "Saturday",
        "TemperatureCelsius": 17,
        "Weather": "Sunny",
        "id": 653
      },
      "Text": "It will be Sunny all day on Saturday in Detroit, with temperatures of around 17 degrees celsius.",
      "UnixTime": 1590195540
    },
    {
      "Action": "utter",
      "Agent": "User",
      "Text": "oh that's great news thanks so much for all your help. Goodbye",
      "UnixTime": 1590195554
    },
    {
      "Action": "request_suggestions",
      "Agent": "Wizard",
      "PrimaryItem": {
        "APIName": "weather",
        "City": "Detroit",
        "Day": "Saturday",
        "TemperatureCelsius": 17,
        "Weather": "Sunny",
        "id": 653
      },
      "Text": "bye",
      "UnixTime": 1590195605
    },
    {
      "Action": "pick_suggestion",
      "ActionLabel": "goodbye_1",
      "ActionLabelOptions": [
        "goodbye_1",
        "weather_inform_forecast",
        "hello"
      ],
      "Agent": "Wizard",
      "PrimaryItem": {
        "APIName": "weather",
        "City": "Detroit",
        "Day": "Saturday",
        "TemperatureCelsius": 17,
        "Weather": "Sunny",
        "id": 653
      },
      "Text": "Thank you and goodbye.",
      "UnixTime": 1590195607
    },
    {
      "Action": "complete",
      "Agent": "User",
      "UnixTime": 1590195610
    }
  ],
  "FORMAT-VERSION": 7,
  "IntroducesConflicts": false,
  "Scenario": {
    "Domains": [
      "apartment",
      "ride",
      "weather"
    ],
    "Happy": false,
    "MultiTask": true,
    "UserTask": "Come up with your own scenario!\n\nAbout you:\n- Your name: Ben\n- Today is Saturday\n\n The AI Assistant can handle:\n- Find an apartment (prices are in 'credits')\n- Schedule an apartment viewing \n- Calling a Taxi/Uber/Lyft ride \n- Checking the weather forecast in different Cities (e.g. Detroit or Los Angeles)",
    "WizardCapabilities": [
      {
        "Domain": "apartment",
        "SchemaImage": "apartment_search.jpg",
        "Task": "apartment_search"
      },
      {
        "Domain": "apartment",
        "SchemaImage": "apartment_schedule.jpg",
        "Task": "apartment_schedule"
      },
      {
        "Domain": "ride",
        "SchemaImage": "ride_book.jpg",
        "Task": "ride_book"
      },
      {
        "Domain": "weather",
        "SchemaImage": "weather.jpg",
        "Task": "weather"
      }
    ],
    "WizardTask": "Follow the flow charts and help the user. Assume:\n\n- Today is Saturday"
  },
  "UserQuestionnaire": [
    {
      "Answer": true,
      "Question": "Did the assistant stay calm and helpful throughout the dialogue?"
    }
  ],
  "WizardQuestionnaire": [
    {
      "Answer": true,
      "Question": "Did the user change his/her mind about what he/she wants at any time?"
    },
    {
      "Answer": false,
      "Question": "Did the user become aggressive or annoyed during the dialogue? (Note: some users may be instructed to be annoying.)"
    },
    {
      "Answer": false,
      "Question": "Where you unsure about what to do at any time? (Feel free to send us an email with details.)"
    }
  ]
}