{
  "AnonymizedUserWorkerID": "ab9f01dc-2cad-988e-9e96-f7509ea2a536",
  "AnonymizedWizardWorkerID": "7e46c32f-64e8-9560-702e-82f6b52463d7",
  "BatchID": "woz_1590168497",
  "CompletionLevel": "Complete",
  "DialogueID": 5733,
  "Events": [
    {
      "Action": "instruct",
      "Agent": "UserGuide",
      "Text": "Say hello and ask for directions (see left panel). [instruction 1 of 4]",
      "UnixTime": 1590194614
    },
    {
      "Action": "utter",
      "Agent": "User",
      "Text": "hello",
      "UnixTime": 1590194620
    },
    {
      "Action": "request_suggestions",
      "Agent": "Wizard",
      "Text": "how help",
      "UnixTime": 1590194627
    },
    {
      "Action": "request_suggestions",
      "Agent": "Wizard",
      "Text": "hello",
      "UnixTime": 1590194631
    },
    {
      "Action": "pick_suggestion",
      "ActionLabel": "hello",
      "ActionLabelOptions": [
        "hello",
        "trip_inform_nothing_found",
        "ask_departure_location"
      ],
      "Agent": "Wizard",
      "Text": "Hello, how can I help?",
      "UnixTime": 1590194633
    },
    {
      "Action": "utter",
      "Agent": "User",
      "Text": "I am lost. I really have no idea how to get anywhere. Can you help with dirctions?",
      "UnixTime": 1590194658
    },
    {
      "Action": "request_suggestions",
      "Agent": "Wizard",
      "Text": "departure",
      "UnixTime": 1590194669
    },
    {
      "Action": "request_suggestions",
      "Agent": "Wizard",
      "Text": "departure location",
      "UnixTime": 1590194678
    },
    {
      "Action": "select_task",
      "Agent": "Wizard",
      "Task": "trivia",
      "UnixTime": 1590194680
    },
    {
      "Action": "select_task",
      "Agent": "Wizard",
      "Task": "trip_directions",
      "UnixTime": 1590194681
    },
    {
      "Action": "request_suggestions",
      "Agent": "Wizard",
      "Text": "travel mode",
      "UnixTime": 1590194690
    },
    {
      "Action": "pick_suggestion",
      "ActionLabel": "trip_ask_travel_mode",
      "ActionLabelOptions": [
        "trip_ask_travel_mode",
        "trip_inform_simple_step_ask_proceed",
        "trip_instructions_done"
      ],
      "Agent": "Wizard",
      "Text": "Do you want to drive, walk, or use public transit?",
      "UnixTime": 1590194693
    },
    {
      "Action": "utter",
      "Agent": "User",
      "Text": "walk",
      "UnixTime": 1590194704
    },
    {
      "Action": "instruct",
      "Agent": "UserGuide",
      "Text": "If you haven't yet, start a game of trivia with the assistant while you're getting directions (see left panel). [instruction 2 of 4]",
      "UnixTime": 1590194704
    },
    {
      "Action": "request_suggestions",
      "Agent": "Wizard",
      "Text": "departure time",
      "UnixTime": 1590194712
    },
    {
      "Action": "pick_suggestion",
      "ActionLabel": "trip_ask_departure_time",
      "ActionLabelOptions": [
        "trip_ask_departure_time",
        "trip_instructions_done",
        "goodbye_1"
      ],
      "Agent": "Wizard",
      "Text": "When are you going to start your trip?",
      "UnixTime": 1590194714
    },
    {
      "Action": "utter",
      "Agent": "User",
      "Text": "8Am",
      "UnixTime": 1590194742
    },
    {
      "Action": "request_suggestions",
      "Agent": "Wizard",
      "Text": "destination",
      "UnixTime": 1590194750
    },
    {
      "Action": "pick_suggestion",
      "ActionLabel": "trip_ask_arrival_location",
      "ActionLabelOptions": [
        "trip_ask_arrival_location",
        "trip_instructions_done",
        "trip_inform_simple_step_ask_proceed"
      ],
      "Agent": "Wizard",
      "Text": "Where do you need to go?",
      "UnixTime": 1590194754
    },
    {
      "Action": "utter",
      "Agent": "User",
      "Text": "I am so nervous. I forgot where I was headed. Ugh! Can we play some trivia to calm me down?",
      "UnixTime": 1590194786
    },
    {
      "Action": "select_task",
      "Agent": "Wizard",
      "Task": "trivia",
      "UnixTime": 1590194791
    },
    {
      "Action": "request_suggestions",
      "Agent": "Wizard",
      "Text": "question",
      "UnixTime": 1590194794
    },
    {
      "Action": "request_suggestions",
      "Agent": "Wizard",
      "Text": "question number",
      "UnixTime": 1590194801
    },
    {
      "Action": "pick_suggestion",
      "ActionLabel": "trivia_ask_question_number",
      "ActionLabelOptions": [
        "trivia_ask_question_number",
        "trivia_inform_nothing_found",
        "anything_else"
      ],
      "Agent": "Wizard",
      "Text": "At what question would you like to start?",
      "UnixTime": 1590194803
    },
    {
      "Action": "utter",
      "Agent": "User",
      "Text": "5",
      "UnixTime": 1590194813
    },
    {
      "Action": "instruct",
      "Agent": "UserGuide",
      "Text": "Also ask for more details on some instructions. [instruction 3 of 4]",
      "UnixTime": 1590194813
    },
    {
      "APIName": "trivia",
      "Action": "query",
      "Agent": "Wizard",
      "Constraints": [
        {
          "QuestionNum": "5"
        }
      ],
      "UnixTime": 1590194817
    },
    {
      "APIName": "trivia",
      "Action": "return_item",
      "Agent": "KnowledgeBase",
      "Item": {
        "APIName": "trivia",
        "Answer": "wind",
        "Question": "A 'sirocco' refers to a type of ____"
      },
      "TotalItems": -1
    },
    {
      "Action": "request_suggestions",
      "Agent": "Wizard",
      "PrimaryItem": {
        "APIName": "trivia",
        "Answer": "wind",
        "Question": "A 'sirocco' refers to a type of ____"
      },
      "Text": "A 'sirocco' refers to a type of ____",
      "UnixTime": 1590194823
    },
    {
      "Action": "pick_suggestion",
      "ActionLabel": "trivia_ask_question",
      "ActionLabelOptions": [
        "trivia_ask_question",
        "trivia_inform_answer_2_ask_next",
        "hello"
      ],
      "Agent": "Wizard",
      "PrimaryItem": {
        "APIName": "trivia",
        "Answer": "wind",
        "Question": "A 'sirocco' refers to a type of ____"
      },
      "Text": "A 'sirocco' refers to a type of ____",
      "UnixTime": 1590194825
    },
    {
      "Action": "utter",
      "Agent": "User",
      "Text": "Sorry. I meant question 6. I did this one yesterday.",
      "UnixTime": 1590194852
    },
    {
      "Action": "instruct",
      "Agent": "UserGuide",
      "Text": "Keep going until you've arrived at your destination. Then bring the conversation to a natural close. [instruction 4 of 4]",
      "UnixTime": 1590194852
    },
    {
      "APIName": "trivia",
      "Action": "query",
      "Agent": "Wizard",
      "Constraints": [
        {
          "QuestionNum": "6"
        }
      ],
      "PrimaryItem": {
        "APIName": "trivia",
        "Answer": "wind",
        "Question": "A 'sirocco' refers to a type of ____"
      },
      "UnixTime": 1590194857
    },
    {
      "APIName": "trivia",
      "Action": "return_item",
      "Agent": "KnowledgeBase",
      "Item": {
        "APIName": "trivia",
        "Answer": "three",
        "Question": "A 3 1/2' floppy disk measures ____ & 1/2 inches across"
      },
      "TotalItems": -1
    },
    {
      "Action": "request_suggestions",
      "Agent": "Wizard",
      "PrimaryItem": {
        "APIName": "trivia",
        "Answer": "three",
        "Question": "A 3 1/2' floppy disk measures ____ & 1/2 inches across"
      },
      "Text": "A 3 1/2' floppy disk measures ____ & 1/2 inches across",
      "UnixTime": 1590194865
    },
    {
      "Action": "pick_suggestion",
      "ActionLabel": "trivia_ask_question",
      "ActionLabelOptions": [
        "trivia_ask_question",
        "trivia_inform_answer_2_ask_next",
        "hello"
      ],
      "Agent": "Wizard",
      "PrimaryItem": {
        "APIName": "trivia",
        "Answer": "three",
        "Question": "A 3 1/2' floppy disk measures ____ & 1/2 inches across"
      },
      "Text": "A 3 1/2' floppy disk measures ____ & 1/2 inches across",
      "UnixTime": 1590194867
    },
    {
      "Action": "utter",
      "Agent": "User",
      "Text": "3 is my answer. Oh, I remember now. 5th and Main to University. That is what I need.",
      "UnixTime": 1590194896
    },
    {
      "Action": "select_task",
      "Agent": "Wizard",
      "PrimaryItem": {
        "APIName": "trivia",
        "Answer": "three",
        "Question": "A 3 1/2' floppy disk measures ____ & 1/2 inches across"
      },
      "Task": "trip_directions",
      "UnixTime": 1590194906
    },
    {
      "APIName": "trip_directions",
      "Action": "query",
      "Agent": "Wizard",
      "Constraints": [
        {
          "DepartureLocation": "\"5th and Main\""
        },
        {
          "ArrivalLocation": "\"University\""
        },
        {
          "TravelMode": "\"Walking\""
        },
        {
          "DepartureTime": "\"8 am\""
        }
      ],
      "PrimaryItem": {
        "APIName": "trivia",
        "Answer": "three",
        "Question": "A 3 1/2' floppy disk measures ____ & 1/2 inches across"
      },
      "UnixTime": 1590194917
    },
    {
      "APIName": "trip_directions",
      "Action": "return_item",
      "Agent": "KnowledgeBase",
      "Item": {
        "APIName": "trip_directions",
        "DetailedWalkingInstructions": [
          "Walk 2 blocks east on Forbes Avenue towards Murray. You will pass a fire station on your left.",
          "Turn right and walk for 3 blocks until you arrive at the tall brown church. Cross the street after arriving at the church.",
          "Turn left and walk for 5 minutes. You will pass a school on your right. Keep going until you see the park on your left.",
          "Your destination will be on the right besides the Starbucks."
        ],
        "TravelMode": "Walking",
        "TripLengthMinutes": 24,
        "WalkingInstructions": [
          "Walk 2 blocks east on Forbes Avenue, towards Murray",
          "Turn right and walk for 3 blocks until you arrive at the church",
          "Turn left and walk for 5 minutes until you see the park on your left.",
          "Your destination will be on the right"
        ],
        "id": 398
      },
      "TotalItems": -1
    },
    {
      "Action": "request_suggestions",
      "Agent": "Wizard",
      "PrimaryItem": {
        "APIName": "trip_directions",
        "DetailedWalkingInstructions": [
          "Walk 2 blocks east on Forbes Avenue towards Murray. You will pass a fire station on your left.",
          "Turn right and walk for 3 blocks until you arrive at the tall brown church. Cross the street after arriving at the church.",
          "Turn left and walk for 5 minutes. You will pass a school on your right. Keep going until you see the park on your left.",
          "Your destination will be on the right besides the Starbucks."
        ],
        "TravelMode": "Walking",
        "TripLengthMinutes": 24,
        "WalkingInstructions": [
          "Walk 2 blocks east on Forbes Avenue, towards Murray",
          "Turn right and walk for 3 blocks until you arrive at the church",
          "Turn left and walk for 5 minutes until you see the park on your left.",
          "Your destination will be on the right"
        ],
        "id": 398
      },
      "Text": "Walk 2 blocks east on Forbes Avenue, towards Murray",
      "UnixTime": 1590194923
    },
    {
      "Action": "pick_suggestion",
      "ActionLabel": "trip_inform_simple_step_ask_proceed",
      "ActionLabelOptions": [
        "trip_inform_simple_step_ask_proceed",
        "out_of_scope",
        "trip_ask_arrival_location"
      ],
      "Agent": "Wizard",
      "PrimaryItem": {
        "APIName": "trip_directions",
        "DetailedWalkingInstructions": [
          "Walk 2 blocks east on Forbes Avenue towards Murray. You will pass a fire station on your left.",
          "Turn right and walk for 3 blocks until you arrive at the tall brown church. Cross the street after arriving at the church.",
          "Turn left and walk for 5 minutes. You will pass a school on your right. Keep going until you see the park on your left.",
          "Your destination will be on the right besides the Starbucks."
        ],
        "TravelMode": "Walking",
        "TripLengthMinutes": 24,
        "WalkingInstructions": [
          "Walk 2 blocks east on Forbes Avenue, towards Murray",
          "Turn right and walk for 3 blocks until you arrive at the church",
          "Turn left and walk for 5 minutes until you see the park on your left.",
          "Your destination will be on the right"
        ],
        "id": 398
      },
      "Text": "Walk 2 blocks east on Forbes Avenue, towards Murray. Can I proceed or do you require more detailed instructions?",
      "UnixTime": 1590194926
    },
    {
      "Action": "utter",
      "Agent": "User",
      "Text": "More details. I'm confused.",
      "UnixTime": 1590194943
    },
    {
      "Action": "request_suggestions",
      "Agent": "Wizard",
      "PrimaryItem": {
        "APIName": "trip_directions",
        "DetailedWalkingInstructions": [
          "Walk 2 blocks east on Forbes Avenue towards Murray. You will pass a fire station on your left.",
          "Turn right and walk for 3 blocks until you arrive at the tall brown church. Cross the street after arriving at the church.",
          "Turn left and walk for 5 minutes. You will pass a school on your right. Keep going until you see the park on your left.",
          "Your destination will be on the right besides the Starbucks."
        ],
        "TravelMode": "Walking",
        "TripLengthMinutes": 24,
        "WalkingInstructions": [
          "Walk 2 blocks east on Forbes Avenue, towards Murray",
          "Turn right and walk for 3 blocks until you arrive at the church",
          "Turn left and walk for 5 minutes until you see the park on your left.",
          "Your destination will be on the right"
        ],
        "id": 398
      },
      "Text": "Walk 2 blocks east on Forbes Avenue towards Murray. You will pass a fire station on your left.",
      "UnixTime": 1590194954
    },
    {
      "Action": "pick_suggestion",
      "ActionLabel": "trip_inform_detailed_step",
      "ActionLabelOptions": [
        "trip_inform_detailed_step",
        "trip_instructions_done",
        "trip_inform_nothing_found"
      ],
      "Agent": "Wizard",
      "PrimaryItem": {
        "APIName": "trip_directions",
        "DetailedWalkingInstructions": [
          "Walk 2 blocks east on Forbes Avenue towards Murray. You will pass a fire station on your left.",
          "Turn right and walk for 3 blocks until you arrive at the tall brown church. Cross the street after arriving at the church.",
          "Turn left and walk for 5 minutes. You will pass a school on your right. Keep going until you see the park on your left.",
          "Your destination will be on the right besides the Starbucks."
        ],
        "TravelMode": "Walking",
        "TripLengthMinutes": 24,
        "WalkingInstructions": [
          "Walk 2 blocks east on Forbes Avenue, towards Murray",
          "Turn right and walk for 3 blocks until you arrive at the church",
          "Turn left and walk for 5 minutes until you see the park on your left.",
          "Your destination will be on the right"
        ],
        "id": 398
      },
      "Text": "Walk 2 blocks east on Forbes Avenue towards Murray. You will pass a fire station on your left.",
      "UnixTime": 1590194957
    },
    {
      "Action": "utter",
      "Agent": "User",
      "Text": "Ok. I got that so far. While I walk there, what was the next trivia question?",
      "UnixTime": 1590194985
    },
    {
      "Action": "select_task",
      "Agent": "Wizard",
      "PrimaryItem": {
        "APIName": "trip_directions",
        "DetailedWalkingInstructions": [
          "Walk 2 blocks east on Forbes Avenue towards Murray. You will pass a fire station on your left.",
          "Turn right and walk for 3 blocks until you arrive at the tall brown church. Cross the street after arriving at the church.",
          "Turn left and walk for 5 minutes. You will pass a school on your right. Keep going until you see the park on your left.",
          "Your destination will be on the right besides the Starbucks."
        ],
        "TravelMode": "Walking",
        "TripLengthMinutes": 24,
        "WalkingInstructions": [
          "Walk 2 blocks east on Forbes Avenue, towards Murray",
          "Turn right and walk for 3 blocks until you arrive at the church",
          "Turn left and walk for 5 minutes until you see the park on your left.",
          "Your destination will be on the right"
        ],
        "id": 398
      },
      "Task": "trivia",
      "UnixTime": 1590194992
    },
    {
      "APIName": "trivia",
      "Action": "query",
      "Agent": "Wizard",
      "Constraints": [
        {
          "QuestionNum": "7"
        }
      ],
      "PrimaryItem": {
        "APIName": "trip_directions",
        "DetailedWalkingInstructions": [
          "Walk 2 blocks east on Forbes Avenue towards Murray. You will pass a fire station on your left.",
          "Turn right and walk for 3 blocks until you arrive at the tall brown church. Cross the street after arriving at the church.",
          "Turn left and walk for 5 minutes. You will pass a school on your right. Keep going until you see the park on your left.",
          "Your destination will be on the right besides the Starbucks."
        ],
        "TravelMode": "Walking",
        "TripLengthMinutes": 24,
        "WalkingInstructions": [
          "Walk 2 blocks east on Forbes Avenue, towards Murray",
          "Turn right and walk for 3 blocks until you arrive at the church",
          "Turn left and walk for 5 minutes until you see the park on your left.",
          "Your destination will be on the right"
        ],
        "id": 398
      },
      "UnixTime": 1590194996
    },
    {
      "APIName": "trivia",
      "Action": "return_item",
      "Agent": "KnowledgeBase",
      "Item": {
        "APIName": "trivia",
        "Answer": "do not iron",
        "Question": "A 300,000 pound wedding dress made of platinum was once exhibited, and in the instructions from the designer was a warning. What was it"
      },
      "TotalItems": -1
    },
    {
      "Action": "request_suggestions",
      "Agent": "Wizard",
      "PrimaryItem": {
        "APIName": "trivia",
        "Answer": "do not iron",
        "Question": "A 300,000 pound wedding dress made of platinum was once exhibited, and in the instructions from the designer was a warning. What was it"
      },
      "Text": "A 300,000 pound wedding dress made of platinum was once exhibited, and in the instructions from the designer was a warning. What was it",
      "UnixTime": 1590195003
    },
    {
      "Action": "pick_suggestion",
      "ActionLabel": "trivia_ask_question",
      "ActionLabelOptions": [
        "trivia_ask_question",
        "trivia_inform_answer_2_ask_next",
        "hello"
      ],
      "Agent": "Wizard",
      "PrimaryItem": {
        "APIName": "trivia",
        "Answer": "do not iron",
        "Question": "A 300,000 pound wedding dress made of platinum was once exhibited, and in the instructions from the designer was a warning. What was it"
      },
      "Text": "A 300,000 pound wedding dress made of platinum was once exhibited, and in the instructions from the designer was a warning. What was it",
      "UnixTime": 1590195006
    },
    {
      "Action": "utter",
      "Agent": "User",
      "Text": "Do not iron?",
      "UnixTime": 1590195020
    },
    {
      "Action": "request_suggestions",
      "Agent": "Wizard",
      "PrimaryItem": {
        "APIName": "trivia",
        "Answer": "do not iron",
        "Question": "A 300,000 pound wedding dress made of platinum was once exhibited, and in the instructions from the designer was a warning. What was it"
      },
      "Text": "correct",
      "UnixTime": 1590195026
    },
    {
      "Action": "pick_suggestion",
      "ActionLabel": "trivia_inform_answer_correct_ask_next",
      "ActionLabelOptions": [
        "trivia_inform_answer_correct_ask_next",
        "out_of_scope",
        "trivia_inform_answer_incorrect_ask_next"
      ],
      "Agent": "Wizard",
      "PrimaryItem": {
        "APIName": "trivia",
        "Answer": "do not iron",
        "Question": "A 300,000 pound wedding dress made of platinum was once exhibited, and in the instructions from the designer was a warning. What was it"
      },
      "Text": "Your answer was correct! Great job! Would you like to continue playing?",
      "UnixTime": 1590195028
    },
    {
      "Action": "utter",
      "Agent": "User",
      "Text": "I see the fire station now. What is next directions?",
      "UnixTime": 1590195046
    },
    {
      "Action": "select_task",
      "Agent": "Wizard",
      "PrimaryItem": {
        "APIName": "trivia",
        "Answer": "do not iron",
        "Question": "A 300,000 pound wedding dress made of platinum was once exhibited, and in the instructions from the designer was a warning. What was it"
      },
      "Task": "trip_directions",
      "UnixTime": 1590195052
    },
    {
      "Action": "request_suggestions",
      "Agent": "Wizard",
      "PrimaryItem": {
        "APIName": "trivia",
        "Answer": "do not iron",
        "Question": "A 300,000 pound wedding dress made of platinum was once exhibited, and in the instructions from the designer was a warning. What was it"
      },
      "Text": "Turn right and walk for 3 blocks until you arrive at the church",
      "UnixTime": 1590195058
    },
    {
      "Action": "pick_suggestion",
      "ActionLabel": "trip_inform_simple_step_ask_proceed",
      "ActionLabelOptions": [
        "trip_inform_simple_step_ask_proceed",
        "trivia_ask_question",
        "trivia_inform_answer_2_ask_next",
        "trivia_ask_question_number",
        "trip_inform_detailed_step",
        "out_of_scope"
      ],
      "Agent": "Wizard",
      "PrimaryItem": {
        "APIName": "trivia",
        "Answer": "do not iron",
        "Question": "A 300,000 pound wedding dress made of platinum was once exhibited, and in the instructions from the designer was a warning. What was it"
      },
      "Text": "Turn right and walk for 3 blocks until you arrive at the church. Can I proceed or do you require more detailed instructions?",
      "UnixTime": 1590195061
    },
    {
      "Action": "utter",
      "Agent": "User",
      "Text": "Proceed.",
      "UnixTime": 1590195066
    },
    {
      "Action": "request_suggestions",
      "Agent": "Wizard",
      "PrimaryItem": {
        "APIName": "trivia",
        "Answer": "do not iron",
        "Question": "A 300,000 pound wedding dress made of platinum was once exhibited, and in the instructions from the designer was a warning. What was it"
      },
      "Text": "Turn left and walk for 5 minutes until you see the park on your left.",
      "UnixTime": 1590195075
    },
    {
      "Action": "pick_suggestion",
      "ActionLabel": "trip_inform_simple_step_ask_proceed",
      "ActionLabelOptions": [
        "trip_inform_simple_step_ask_proceed",
        "trivia_ask_question",
        "trivia_inform_nothing_found",
        "trivia_ask_question_number",
        "trip_inform_detailed_step",
        "out_of_scope"
      ],
      "Agent": "Wizard",
      "PrimaryItem": {
        "APIName": "trivia",
        "Answer": "do not iron",
        "Question": "A 300,000 pound wedding dress made of platinum was once exhibited, and in the instructions from the designer was a warning. What was it"
      },
      "Text": "Turn left and walk for 5 minutes until you see the park on your left. Can I proceed or do you require more detailed instructions?",
      "UnixTime": 1590195078
    },
    {
      "Action": "utter",
      "Agent": "User",
      "Text": "I'm going to need more details, but how about one last trivia question while I continue walking.",
      "UnixTime": 1590195106
    },
    {
      "Action": "select_task",
      "Agent": "Wizard",
      "PrimaryItem": {
        "APIName": "trivia",
        "Answer": "do not iron",
        "Question": "A 300,000 pound wedding dress made of platinum was once exhibited, and in the instructions from the designer was a warning. What was it"
      },
      "Task": "trivia",
      "UnixTime": 1590195111
    },
    {
      "APIName": "trivia",
      "Action": "query",
      "Agent": "Wizard",
      "Constraints": [
        {
          "QuestionNum": "8"
        }
      ],
      "PrimaryItem": {
        "APIName": "trivia",
        "Answer": "do not iron",
        "Question": "A 300,000 pound wedding dress made of platinum was once exhibited, and in the instructions from the designer was a warning. What was it"
      },
      "UnixTime": 1590195114
    },
    {
      "APIName": "trivia",
      "Action": "return_item",
      "Agent": "KnowledgeBase",
      "Item": {
        "APIName": "trivia",
        "Answer": "two in the bush",
        "Question": "A bird in the hand is worth ____"
      },
      "TotalItems": -1
    },
    {
      "Action": "request_suggestions",
      "Agent": "Wizard",
      "PrimaryItem": {
        "APIName": "trivia",
        "Answer": "two in the bush",
        "Question": "A bird in the hand is worth ____"
      },
      "Text": "\tA bird in the hand is worth ____",
      "UnixTime": 1590195119
    },
    {
      "Action": "request_suggestions",
      "Agent": "Wizard",
      "PrimaryItem": {
        "APIName": "trivia",
        "Answer": "two in the bush",
        "Question": "A bird in the hand is worth ____"
      },
      "Text": "A bird in the hand is worth ____",
      "UnixTime": 1590195127
    },
    {
      "Action": "pick_suggestion",
      "ActionLabel": "trivia_ask_question",
      "ActionLabelOptions": [
        "trivia_ask_question",
        "trivia_inform_answer_2_ask_next",
        "trivia_bye"
      ],
      "Agent": "Wizard",
      "PrimaryItem": {
        "APIName": "trivia",
        "Answer": "two in the bush",
        "Question": "A bird in the hand is worth ____"
      },
      "Text": "A bird in the hand is worth ____",
      "UnixTime": 1590195128
    },
    {
      "Action": "utter",
      "Agent": "User",
      "Text": "50 cents.",
      "UnixTime": 1590195137
    },
    {
      "Action": "request_suggestions",
      "Agent": "Wizard",
      "PrimaryItem": {
        "APIName": "trivia",
        "Answer": "two in the bush",
        "Question": "A bird in the hand is worth ____"
      },
      "Text": "two in the bush",
      "UnixTime": 1590195149
    },
    {
      "Action": "request_suggestions",
      "Agent": "Wizard",
      "PrimaryItem": {
        "APIName": "trivia",
        "Answer": "two in the bush",
        "Question": "A bird in the hand is worth ____"
      },
      "Text": "incorrect",
      "UnixTime": 1590195156
    },
    {
      "Action": "pick_suggestion",
      "ActionLabel": "trivia_inform_answer_incorrect_ask_next",
      "ActionLabelOptions": [
        "trivia_inform_answer_incorrect_ask_next",
        "trivia_bye",
        "trivia_ask_question"
      ],
      "Agent": "Wizard",
      "PrimaryItem": {
        "APIName": "trivia",
        "Answer": "two in the bush",
        "Question": "A bird in the hand is worth ____"
      },
      "Text": "Unfortunately your answer was wrong. 'two in the bush' would have been correct.\nWould you like to continue playing?",
      "UnixTime": 1590195158
    },
    {
      "Action": "utter",
      "Agent": "User",
      "Text": "I'm at the church now. How do I get to my destination?",
      "UnixTime": 1590195173
    },
    {
      "Action": "select_task",
      "Agent": "Wizard",
      "PrimaryItem": {
        "APIName": "trivia",
        "Answer": "two in the bush",
        "Question": "A bird in the hand is worth ____"
      },
      "Task": "trip_directions",
      "UnixTime": 1590195173
    },
    {
      "Action": "request_suggestions",
      "Agent": "Wizard",
      "PrimaryItem": {
        "APIName": "trivia",
        "Answer": "two in the bush",
        "Question": "A bird in the hand is worth ____"
      },
      "Text": "Turn left and walk for 5 minutes. You will pass a school on your right. Keep going until you see the park on your left.",
      "UnixTime": 1590195182
    },
    {
      "Action": "pick_suggestion",
      "ActionLabel": "trip_inform_detailed_step",
      "ActionLabelOptions": [
        "trip_inform_detailed_step",
        "trivia_ask_question",
        "trivia_ask_question_number",
        "trivia_inform_nothing_found",
        "trip_instructions_done",
        "trip_inform_nothing_found"
      ],
      "Agent": "Wizard",
      "PrimaryItem": {
        "APIName": "trivia",
        "Answer": "two in the bush",
        "Question": "A bird in the hand is worth ____"
      },
      "Text": "Turn left and walk for 5 minutes. You will pass a school on your right. Keep going until you see the park on your left.",
      "UnixTime": 1590195187
    },
    {
      "Action": "utter",
      "Agent": "User",
      "Text": "More detail",
      "UnixTime": 1590195198
    },
    {
      "Action": "request_suggestions",
      "Agent": "Wizard",
      "PrimaryItem": {
        "APIName": "trivia",
        "Answer": "two in the bush",
        "Question": "A bird in the hand is worth ____"
      },
      "Text": "Turn left and walk for 5 minutes. You will pass a school on your right. Keep going until you see the park on your left.",
      "UnixTime": 1590195206
    },
    {
      "Action": "pick_suggestion",
      "ActionLabel": "trip_inform_detailed_step",
      "ActionLabelOptions": [
        "trip_inform_detailed_step",
        "trivia_ask_question",
        "trivia_ask_question_number",
        "trivia_inform_nothing_found",
        "trip_instructions_done",
        "trip_inform_nothing_found"
      ],
      "Agent": "Wizard",
      "PrimaryItem": {
        "APIName": "trivia",
        "Answer": "two in the bush",
        "Question": "A bird in the hand is worth ____"
      },
      "Text": "Turn left and walk for 5 minutes. You will pass a school on your right. Keep going until you see the park on your left.",
      "UnixTime": 1590195214
    },
    {
      "Action": "utter",
      "Agent": "User",
      "Text": "I see it now.",
      "UnixTime": 1590195232
    },
    {
      "Action": "request_suggestions",
      "Agent": "Wizard",
      "PrimaryItem": {
        "APIName": "trivia",
        "Answer": "two in the bush",
        "Question": "A bird in the hand is worth ____"
      },
      "Text": "Your destination will be on the right",
      "UnixTime": 1590195243
    },
    {
      "Action": "pick_suggestion",
      "ActionLabel": "trip_inform_last_step_and_done",
      "ActionLabelOptions": [
        "trip_inform_last_step_and_done",
        "trivia_ask_question",
        "trivia_inform_nothing_found",
        "trivia_inform_answer_correct_ask_next",
        "trip_ask_travel_mode",
        "trip_ask_arrival_location"
      ],
      "Agent": "Wizard",
      "PrimaryItem": {
        "APIName": "trivia",
        "Answer": "two in the bush",
        "Question": "A bird in the hand is worth ____"
      },
      "Text": "Your destination will be on the right. Do you know how to reach your destination or would you require more detailed instructions?",
      "UnixTime": 1590195247
    },
    {
      "Action": "utter",
      "Agent": "User",
      "Text": "More detail.",
      "UnixTime": 1590195265
    },
    {
      "Action": "request_suggestions",
      "Agent": "Wizard",
      "PrimaryItem": {
        "APIName": "trivia",
        "Answer": "two in the bush",
        "Question": "A bird in the hand is worth ____"
      },
      "Text": "Your destination will be on the right besides the Starbucks.",
      "UnixTime": 1590195274
    },
    {
      "Action": "pick_suggestion",
      "ActionLabel": "trip_inform_last_step_and_done",
      "ActionLabelOptions": [
        "trip_inform_last_step_and_done",
        "trivia_ask_question",
        "trivia_inform_answer_correct_ask_next",
        "trivia_inform_answer_2_ask_next",
        "trip_ask_travel_mode",
        "anything_else"
      ],
      "Agent": "Wizard",
      "PrimaryItem": {
        "APIName": "trivia",
        "Answer": "two in the bush",
        "Question": "A bird in the hand is worth ____"
      },
      "Text": "Your destination will be on the right besides the Starbucks. Do you know how to reach your destination or would you require more detailed instructions?",
      "UnixTime": 1590195277
    },
    {
      "Action": "utter",
      "Agent": "User",
      "Text": "Proceed.",
      "UnixTime": 1590195291
    },
    {
      "Action": "request_suggestions",
      "Agent": "Wizard",
      "PrimaryItem": {
        "APIName": "trivia",
        "Answer": "two in the bush",
        "Question": "A bird in the hand is worth ____"
      },
      "Text": "you arrived",
      "UnixTime": 1590195299
    },
    {
      "Action": "pick_suggestion",
      "ActionLabel": "trip_instructions_done",
      "ActionLabelOptions": [
        "trip_instructions_done",
        "hello",
        "trivia_bye",
        "trivia_ask_question_number",
        "hello",
        "trip_inform_last_step_and_done"
      ],
      "Agent": "Wizard",
      "PrimaryItem": {
        "APIName": "trivia",
        "Answer": "two in the bush",
        "Question": "A bird in the hand is worth ____"
      },
      "Text": "There are no more directions - you have reached your destination.",
      "UnixTime": 1590195302
    },
    {
      "Action": "utter",
      "Agent": "User",
      "Text": "Oh, here I am. Thanks so much.",
      "UnixTime": 1590195313
    },
    {
      "Action": "request_suggestions",
      "Agent": "Wizard",
      "PrimaryItem": {
        "APIName": "trivia",
        "Answer": "two in the bush",
        "Question": "A bird in the hand is worth ____"
      },
      "Text": "anything else",
      "UnixTime": 1590195319
    },
    {
      "Action": "pick_suggestion",
      "ActionLabel": "anything_else",
      "ActionLabelOptions": [
        "anything_else",
        "anything_else",
        "trivia_inform_answer_2_ask_next",
        "trivia_inform_answer_correct_ask_next",
        "goodbye_1",
        "ask_departure_location"
      ],
      "Agent": "Wizard",
      "PrimaryItem": {
        "APIName": "trivia",
        "Answer": "two in the bush",
        "Question": "A bird in the hand is worth ____"
      },
      "Text": "Is there anything else that I can do for you?",
      "UnixTime": 1590195321
    },
    {
      "Action": "utter",
      "Agent": "User",
      "Text": "That is all. Bye.",
      "UnixTime": 1590195328
    },
    {
      "Action": "request_suggestions",
      "Agent": "Wizard",
      "PrimaryItem": {
        "APIName": "trivia",
        "Answer": "two in the bush",
        "Question": "A bird in the hand is worth ____"
      },
      "Text": "goodbye",
      "UnixTime": 1590195333
    },
    {
      "Action": "pick_suggestion",
      "ActionLabel": "goodbye_1",
      "ActionLabelOptions": [
        "trivia_bye",
        "goodbye_1",
        "anything_else",
        "trip_ask_arrival_location",
        "trivia_inform_nothing_found",
        "anything_else"
      ],
      "Agent": "Wizard",
      "PrimaryItem": {
        "APIName": "trivia",
        "Answer": "two in the bush",
        "Question": "A bird in the hand is worth ____"
      },
      "Text": "Thank you and goodbye.",
      "UnixTime": 1590195337
    },
    {
      "Action": "complete",
      "Agent": "User",
      "UnixTime": 1590195340
    }
  ],
  "FORMAT-VERSION": 7,
  "IntroducesConflicts": false,
  "Scenario": {
    "Domains": [
      "trip",
      "trivia"
    ],
    "Happy": false,
    "MultiTask": true,
    "UserTask": "You want directions from '5th and Main' to 'University', leaving now (8 am). As the assistant gives you the directions, alternate randomly between (i) asking for the next instruction, (ii) asking for more details, and (iii) asking for the next trivia question (start at question 6)\n\n The AI Assistant can handle:\n- Giving trip directions\n- Playing trivia",
    "WizardCapabilities": [
      {
        "Domain": "trip",
        "SchemaImage": "trip_directions.jpg",
        "Task": "trip_directions"
      },
      {
        "Domain": "trivia",
        "SchemaImage": "trivia.jpg",
        "Task": "trivia"
      }
    ],
    "WizardTask": "Follow the flow charts and help the user. Assume:\n\n- Today is Tuesday the 25th, 8 am"
  },
  "UserQuestionnaire": [
    {
      "Answer": true,
      "Question": "Did the assistant stay calm and helpful throughout the dialogue?"
    }
  ],
  "WizardQuestionnaire": [
    {
      "Answer": false,
      "Question": "Did the user change his/her mind about what he/she wants at any time?"
    },
    {
      "Answer": false,
      "Question": "Did the user become aggressive or annoyed during the dialogue? (Note: some users may be instructed to be annoying.)"
    },
    {
      "Answer": false,
      "Question": "Where you unsure about what to do at any time? (Feel free to send us an email with details.)"
    }
  ]
}