{
  "AnonymizedUserWorkerID": "62eeec70-6c47-578d-fd46-fef2b9b6d543",
  "AnonymizedWizardWorkerID": "91b16ed4-3c20-2cd4-e99c-ff1316c27cf2",
  "BatchID": "woz_1590168497",
  "CompletionLevel": "Complete",
  "DialogueID": 5783,
  "Events": [
    {
      "Action": "instruct",
      "Agent": "UserGuide",
      "Text": "Use your imagination to generate a conversation about the topics 'Find apartment', 'Schedule apartment viewing' and 'Calling a ride' (in any order), as shown on the left. You may also ask the assistant to check the weather.  [instruction 1 of 8]",
      "UnixTime": 1590205887
    },
    {
      "Action": "utter",
      "Agent": "User",
      "Text": "Hi!",
      "UnixTime": 1590205898
    },
    {
      "Action": "request_suggestions",
      "Agent": "Wizard",
      "Text": "hello",
      "UnixTime": 1590205902
    },
    {
      "Action": "pick_suggestion",
      "ActionLabel": "hello",
      "ActionLabelOptions": [
        "hello",
        "apartment_ask_balcony",
        "apartment_ask_num_bedrooms"
      ],
      "Agent": "Wizard",
      "Text": "Hello, how can I help?",
      "UnixTime": 1590205903
    },
    {
      "Action": "utter",
      "Agent": "User",
      "Text": "I'll be moving to Chicago, and I need to look for an apartment. ",
      "UnixTime": 1590205919
    },
    {
      "Action": "instruct",
      "Agent": "UserGuide",
      "Text": "You may attempt to do some smalltalk with the AI Assistant at any time. [instruction 2 of 8]",
      "UnixTime": 1590205919
    },
    {
      "Action": "request_suggestions",
      "Agent": "Wizard",
      "Text": "i can search",
      "UnixTime": 1590205936
    },
    {
      "Action": "pick_suggestion",
      "ActionLabel": "apartment_inform_search_criteria",
      "ActionLabelOptions": [
        "apartment_ask_search_more",
        "apartment_inform_search_criteria",
        "apartment_inform_nothing_found"
      ],
      "Agent": "Wizard",
      "Text": "I can apply the following filters: number of bedrooms, price, floor, balcony, elevator and nearby POIs.",
      "UnixTime": 1590205938
    },
    {
      "Action": "utter",
      "Agent": "User",
      "Text": "I'm looking for one with at least 2 bedrooms, is located on the 1st to 3rd floor, and has a balcony. ",
      "UnixTime": 1590205977
    },
    {
      "APIName": "apartment_search",
      "Action": "query",
      "Agent": "Wizard",
      "Constraints": [
        {
          "HasBalcony": "True"
        },
        {
          "NumRooms": "2"
        },
        {
          "MaxLevel": "3"
        }
      ],
      "UnixTime": 1590206010
    },
    {
      "APIName": "apartment_search",
      "Action": "return_item",
      "Agent": "KnowledgeBase",
      "Item": {
        "APIName": "apartment_search",
        "BalconySide": "east",
        "FloorSquareMeters": 62,
        "HasBalcony": true,
        "HasElevator": true,
        "Level": 1,
        "MaxLevel": 3,
        "Name": "North Hill Apartments",
        "NearbyPOIs": [
          "University",
          "Club"
        ],
        "NumRooms": 2,
        "Price": 921,
        "id": 80
      },
      "TotalItems": 1
    },
    {
      "Action": "request_suggestions",
      "Agent": "Wizard",
      "PrimaryItem": {
        "APIName": "apartment_search",
        "BalconySide": "east",
        "FloorSquareMeters": 62,
        "HasBalcony": true,
        "HasElevator": true,
        "Level": 1,
        "MaxLevel": 3,
        "Name": "North Hill Apartments",
        "NearbyPOIs": [
          "University",
          "Club"
        ],
        "NumRooms": 2,
        "Price": 921,
        "id": 80
      },
      "Text": "I have found",
      "UnixTime": 1590206061
    },
    {
      "Action": "pick_suggestion",
      "ActionLabel": "apartment_inform_search_result",
      "ActionLabelOptions": [
        "apartment_inform_search_result",
        "apartment_ask_search_more",
        "goodbye_2"
      ],
      "Agent": "Wizard",
      "PrimaryItem": {
        "APIName": "apartment_search",
        "BalconySide": "east",
        "FloorSquareMeters": 62,
        "HasBalcony": true,
        "HasElevator": true,
        "Level": 1,
        "MaxLevel": 3,
        "Name": "North Hill Apartments",
        "NearbyPOIs": [
          "University",
          "Club"
        ],
        "NumRooms": 2,
        "Price": 921,
        "id": 80
      },
      "Text": "OK, I found a free flat in North Hill Apartments, located near a University and a Club, that is matching your search criteria.\nIt is on level 1, has 62 square meters and 2 bedrooms.\nIt has a east facing balcony and has an elevator, and comes at the price of 921 per month.",
      "UnixTime": 1590206068
    },
    {
      "Action": "utter",
      "Agent": "User",
      "Text": "Could you find me another one that is less than 800?",
      "UnixTime": 1590206097
    },
    {
      "APIName": "apartment_search",
      "Action": "query",
      "Agent": "Wizard",
      "Constraints": [
        {
          "HasBalcony": "True"
        },
        {
          "NumRooms": "2"
        },
        {
          "MaxLevel": "3"
        },
        {
          "Price": "api.is_less_than(800)"
        }
      ],
      "PrimaryItem": {
        "APIName": "apartment_search",
        "BalconySide": "east",
        "FloorSquareMeters": 62,
        "HasBalcony": true,
        "HasElevator": true,
        "Level": 1,
        "MaxLevel": 3,
        "Name": "North Hill Apartments",
        "NearbyPOIs": [
          "University",
          "Club"
        ],
        "NumRooms": 2,
        "Price": 921,
        "id": 80
      },
      "UnixTime": 1590206115
    },
    {
      "APIName": "apartment_search",
      "Action": "return_item",
      "Agent": "KnowledgeBase",
      "TotalItems": 0
    },
    {
      "Action": "request_suggestions",
      "Agent": "Wizard",
      "Text": "nothing found",
      "UnixTime": 1590206120
    },
    {
      "Action": "pick_suggestion",
      "ActionLabel": "apartment_inform_nothing_found",
      "ActionLabelOptions": [
        "apartment_inform_nothing_found",
        "anything_else",
        "apartment_ask_floor"
      ],
      "Agent": "Wizard",
      "Text": "Unfortunately there are no apartments that match your search. Would you like to change any of your criteria?",
      "UnixTime": 1590206122
    },
    {
      "Action": "utter",
      "Agent": "User",
      "Text": " I guess it's ok. I'm just trying to save some money since I'll be spending a lot moving there. Can I schedule a viewing for the first one?",
      "UnixTime": 1590206170
    },
    {
      "Action": "instruct",
      "Agent": "UserGuide",
      "Text": "If you haven't yet, it's time to change topic. You can also go back and forth between topics. [instruction 3 of 8]",
      "UnixTime": 1590206170
    },
    {
      "Action": "select_task",
      "Agent": "Wizard",
      "Task": "apartment_schedule",
      "UnixTime": 1590206199
    },
    {
      "Action": "select_task",
      "Agent": "Wizard",
      "Task": "apartment_search",
      "UnixTime": 1590206204
    },
    {
      "Action": "select_task",
      "Agent": "Wizard",
      "Task": "apartment_schedule",
      "UnixTime": 1590206208
    },
    {
      "Action": "request_suggestions",
      "Agent": "Wizard",
      "Text": "name",
      "UnixTime": 1590206221
    },
    {
      "Action": "pick_suggestion",
      "ActionLabel": "ask_name",
      "ActionLabelOptions": [
        "ask_name",
        "apartment_ask_start_time",
        "apartment_ask_apartment_name"
      ],
      "Agent": "Wizard",
      "Text": "Could you give me your name, please?",
      "UnixTime": 1590206222
    },
    {
      "Action": "utter",
      "Agent": "User",
      "Text": "Yes, it's Alexis. ",
      "UnixTime": 1590206232
    },
    {
      "Action": "request_suggestions",
      "Agent": "Wizard",
      "Text": "what day",
      "UnixTime": 1590206241
    },
    {
      "Action": "pick_suggestion",
      "ActionLabel": "apartment_ask_day",
      "ActionLabelOptions": [
        "apartment_ask_day",
        "out_of_scope",
        "hello"
      ],
      "Agent": "Wizard",
      "Text": "What day would you like to make the booking for?",
      "UnixTime": 1590206243
    },
    {
      "Action": "utter",
      "Agent": "User",
      "Text": "I'll be arriving on Thursday night and staying with my aunt. I can see it anytime from Friday to Sunday.",
      "UnixTime": 1590206305
    },
    {
      "Action": "request_suggestions",
      "Agent": "Wizard",
      "Text": "start time",
      "UnixTime": 1590206319
    },
    {
      "Action": "pick_suggestion",
      "ActionLabel": "apartment_ask_start_time",
      "ActionLabelOptions": [
        "apartment_ask_start_time",
        "goodbye_2",
        "apartment_inform_viewing_available"
      ],
      "Agent": "Wizard",
      "Text": "When would you like the viewing to start?",
      "UnixTime": 1590206321
    },
    {
      "Action": "utter",
      "Agent": "User",
      "Text": "At 11 am would be good. ",
      "UnixTime": 1590206332
    },
    {
      "Action": "request_suggestions",
      "Agent": "Wizard",
      "Text": "application fee",
      "UnixTime": 1590206352
    },
    {
      "Action": "pick_suggestion",
      "ActionLabel": "apartment_ask_application_fee_paid",
      "ActionLabelOptions": [
        "apartment_ask_application_fee_paid",
        "apartment_inform_viewing_available",
        "out_of_scope"
      ],
      "Agent": "Wizard",
      "Text": "Have you already paid the application fee for the apartment?",
      "UnixTime": 1590206353
    },
    {
      "Action": "utter",
      "Agent": "User",
      "Text": "No not yet. ",
      "UnixTime": 1590206364
    },
    {
      "Action": "instruct",
      "Agent": "UserGuide",
      "Text": "If it makes sense, use some negations ('I don't want', or 'anything but ...', etc.) [instruction 4 of 8]",
      "UnixTime": 1590206364
    },
    {
      "APIName": "apartment_schedule",
      "Action": "query",
      "Agent": "Wizard",
      "Constraints": [
        {
          "Name": "\"North Hill Apartments\""
        },
        {
          "RenterName": "\"Alexis\""
        },
        {
          "Day": "\"Friday\""
        },
        {
          "StartTimeHour": "\"11 am\""
        },
        {
          "ApplicationFeePaid": "\"No\""
        },
        {
          "RequestType": "\"Check\""
        }
      ],
      "UnixTime": 1590206370
    },
    {
      "APIName": "apartment_schedule",
      "Action": "return_item",
      "Agent": "KnowledgeBase",
      "Item": {
        "APIName": "apartment_schedule",
        "Message": "The time slot is available."
      },
      "TotalItems": -1
    },
    {
      "Action": "request_suggestions",
      "Agent": "Wizard",
      "PrimaryItem": {
        "APIName": "apartment_schedule",
        "Message": "The time slot is available."
      },
      "Text": "time slot is available",
      "UnixTime": 1590206378
    },
    {
      "Action": "pick_suggestion",
      "ActionLabel": "apartment_inform_viewing_available",
      "ActionLabelOptions": [
        "apartment_inform_viewing_available",
        "apartment_inform_viewing_unavailable",
        "apartment_ask_start_time"
      ],
      "Agent": "Wizard",
      "PrimaryItem": {
        "APIName": "apartment_schedule",
        "Message": "The time slot is available."
      },
      "Text": "Great, there is still a viewing available at that time. Would you like me to book it for you?",
      "UnixTime": 1590206381
    },
    {
      "Action": "utter",
      "Agent": "User",
      "Text": "Before that, could you check the weather in Chicago on Friday?",
      "UnixTime": 1590206398
    },
    {
      "Action": "select_task",
      "Agent": "Wizard",
      "PrimaryItem": {
        "APIName": "apartment_schedule",
        "Message": "The time slot is available."
      },
      "Task": "weather",
      "UnixTime": 1590206415
    },
    {
      "APIName": "weather",
      "Action": "query",
      "Agent": "Wizard",
      "Constraints": [
        {
          "Day": "\"Friday\""
        },
        {
          "City": "\"Chicago\""
        }
      ],
      "PrimaryItem": {
        "APIName": "apartment_schedule",
        "Message": "The time slot is available."
      },
      "UnixTime": 1590206423
    },
    {
      "APIName": "weather",
      "Action": "return_item",
      "Agent": "KnowledgeBase",
      "Item": {
        "APIName": "weather",
        "City": "Chicago",
        "Day": "Friday",
        "TemperatureCelsius": -2,
        "Weather": "Snowing",
        "id": 472
      },
      "TotalItems": -1
    },
    {
      "Action": "request_suggestions",
      "Agent": "Wizard",
      "PrimaryItem": {
        "APIName": "weather",
        "City": "Chicago",
        "Day": "Friday",
        "TemperatureCelsius": -2,
        "Weather": "Snowing",
        "id": 472
      },
      "Text": "snowing",
      "UnixTime": 1590206426
    },
    {
      "Action": "pick_suggestion",
      "ActionLabel": "weather_inform_forecast",
      "ActionLabelOptions": [
        "weather_inform_forecast",
        "hello",
        "weather_ask_location"
      ],
      "Agent": "Wizard",
      "PrimaryItem": {
        "APIName": "weather",
        "City": "Chicago",
        "Day": "Friday",
        "TemperatureCelsius": -2,
        "Weather": "Snowing",
        "id": 472
      },
      "Text": "It will be Snowing all day on Friday in Chicago, with temperatures of around -2 degrees celsius.",
      "UnixTime": 1590206427
    },
    {
      "Action": "utter",
      "Agent": "User",
      "Text": "Oh no! What about Saturday?",
      "UnixTime": 1590206442
    },
    {
      "Action": "instruct",
      "Agent": "UserGuide",
      "Text": "Keep going :) - don't forget some smalltalk. Perhaps say something related to the first topic you talked about. [instruction 5 of 8]",
      "UnixTime": 1590206442
    },
    {
      "APIName": "weather",
      "Action": "query",
      "Agent": "Wizard",
      "Constraints": [
        {
          "Day": "\"Saturday\""
        },
        {
          "City": "\"Chicago\""
        }
      ],
      "PrimaryItem": {
        "APIName": "weather",
        "City": "Chicago",
        "Day": "Friday",
        "TemperatureCelsius": -2,
        "Weather": "Snowing",
        "id": 472
      },
      "UnixTime": 1590206452
    },
    {
      "APIName": "weather",
      "Action": "return_item",
      "Agent": "KnowledgeBase",
      "Item": {
        "APIName": "weather",
        "City": "Chicago",
        "Day": "Saturday",
        "TemperatureCelsius": 12,
        "Weather": "Raining",
        "id": 560
      },
      "TotalItems": -1
    },
    {
      "Action": "request_suggestions",
      "Agent": "Wizard",
      "PrimaryItem": {
        "APIName": "weather",
        "City": "Chicago",
        "Day": "Saturday",
        "TemperatureCelsius": 12,
        "Weather": "Raining",
        "id": 560
      },
      "Text": "raining",
      "UnixTime": 1590206455
    },
    {
      "Action": "pick_suggestion",
      "ActionLabel": "weather_inform_forecast",
      "ActionLabelOptions": [
        "goodbye_1",
        "weather_ask_location",
        "weather_inform_forecast"
      ],
      "Agent": "Wizard",
      "PrimaryItem": {
        "APIName": "weather",
        "City": "Chicago",
        "Day": "Saturday",
        "TemperatureCelsius": 12,
        "Weather": "Raining",
        "id": 560
      },
      "Text": "It will be Raining all day on Saturday in Chicago, with temperatures of around 12 degrees celsius.",
      "UnixTime": 1590206457
    },
    {
      "Action": "utter",
      "Agent": "User",
      "Text": "What is up with this weather? Could you check Sunday as well?",
      "UnixTime": 1590206476
    },
    {
      "APIName": "weather",
      "Action": "query",
      "Agent": "Wizard",
      "Constraints": [
        {
          "Day": "\"Sunday\""
        },
        {
          "City": "\"Chicago\""
        }
      ],
      "PrimaryItem": {
        "APIName": "weather",
        "City": "Chicago",
        "Day": "Saturday",
        "TemperatureCelsius": 12,
        "Weather": "Raining",
        "id": 560
      },
      "UnixTime": 1590206495
    },
    {
      "APIName": "weather",
      "Action": "return_item",
      "Agent": "KnowledgeBase",
      "Item": {
        "APIName": "weather",
        "City": "Chicago",
        "Day": "Sunday",
        "TemperatureCelsius": 29,
        "Weather": "Sunny",
        "id": 809
      },
      "TotalItems": -1
    },
    {
      "Action": "request_suggestions",
      "Agent": "Wizard",
      "PrimaryItem": {
        "APIName": "weather",
        "City": "Chicago",
        "Day": "Sunday",
        "TemperatureCelsius": 29,
        "Weather": "Sunny",
        "id": 809
      },
      "Text": "sunny",
      "UnixTime": 1590206498
    },
    {
      "Action": "pick_suggestion",
      "ActionLabel": "weather_inform_forecast",
      "ActionLabelOptions": [
        "weather_inform_forecast",
        "goodbye_1",
        "weather_ask_location"
      ],
      "Agent": "Wizard",
      "PrimaryItem": {
        "APIName": "weather",
        "City": "Chicago",
        "Day": "Sunday",
        "TemperatureCelsius": 29,
        "Weather": "Sunny",
        "id": 809
      },
      "Text": "It will be Sunny all day on Sunday in Chicago, with temperatures of around 29 degrees celsius.",
      "UnixTime": 1590206539
    },
    {
      "Action": "utter",
      "Agent": "User",
      "Text": "Oh good! Could you book the viewing on Sunday? I don't really want to go out in bad weather.",
      "UnixTime": 1590206568
    },
    {
      "Action": "instruct",
      "Agent": "UserGuide",
      "Text": "Keep going until you've covered all the topics ('Find apartment', 'Schedule apartment viewing' and 'Calling a ride'). The conversation should continue at least until the last instruction is given. [instruction 6 of 8]",
      "UnixTime": 1590206568
    },
    {
      "Action": "select_task",
      "Agent": "Wizard",
      "PrimaryItem": {
        "APIName": "weather",
        "City": "Chicago",
        "Day": "Sunday",
        "TemperatureCelsius": 29,
        "Weather": "Sunny",
        "id": 809
      },
      "Task": "apartment_schedule",
      "UnixTime": 1590206572
    },
    {
      "APIName": "apartment_schedule",
      "Action": "query",
      "Agent": "Wizard",
      "Constraints": [
        {
          "Name": "\"North Hill Apartments\""
        },
        {
          "RenterName": "\"Alexis\""
        },
        {
          "Day": "\"Friday\""
        },
        {
          "StartTimeHour": "\"11 am\""
        },
        {
          "ApplicationFeePaid": "\"No\""
        },
        {
          "RequestType": "\"Book\""
        }
      ],
      "PrimaryItem": {
        "APIName": "weather",
        "City": "Chicago",
        "Day": "Sunday",
        "TemperatureCelsius": 29,
        "Weather": "Sunny",
        "id": 809
      },
      "UnixTime": 1590206575
    },
    {
      "APIName": "apartment_schedule",
      "Action": "return_item",
      "Agent": "KnowledgeBase",
      "Item": {
        "APIName": "apartment_schedule",
        "Message": "Your apartment viewing has been successfuly scheduled. Please bring Bank Statement and Passport with you."
      },
      "TotalItems": -1
    },
    {
      "Action": "request_suggestions",
      "Agent": "Wizard",
      "PrimaryItem": {
        "APIName": "apartment_schedule",
        "Message": "Your apartment viewing has been successfuly scheduled. Please bring Bank Statement and Passport with you."
      },
      "Text": " apartment viewing",
      "UnixTime": 1590206580
    },
    {
      "Action": "utter",
      "Agent": "Wizard",
      "PrimaryItem": {
        "APIName": "apartment_schedule",
        "Message": "Your apartment viewing has been successfuly scheduled. Please bring Bank Statement and Passport with you."
      },
      "Text": "Your apartment viewing has been successfuly scheduled. Please bring Bank Statement and Passport with you.",
      "UnixTime": 1590206595
    },
    {
      "Action": "utter",
      "Agent": "User",
      "Text": "Awesome thank you!",
      "UnixTime": 1590206606
    },
    {
      "Action": "request_suggestions",
      "Agent": "Wizard",
      "PrimaryItem": {
        "APIName": "apartment_schedule",
        "Message": "Your apartment viewing has been successfuly scheduled. Please bring Bank Statement and Passport with you."
      },
      "Text": "anyting else",
      "UnixTime": 1590206623
    },
    {
      "Action": "pick_suggestion",
      "ActionLabel": "anything_else",
      "ActionLabelOptions": [
        "anything_else",
        "goodbye_2",
        "apartment_inform_booking_successful"
      ],
      "Agent": "Wizard",
      "PrimaryItem": {
        "APIName": "apartment_schedule",
        "Message": "Your apartment viewing has been successfuly scheduled. Please bring Bank Statement and Passport with you."
      },
      "Text": "Is there anything else that I can do for you?",
      "UnixTime": 1590206625
    },
    {
      "Action": "utter",
      "Agent": "User",
      "Text": "Yes, can you book me an Uber so I can go pick up my bank statement?",
      "UnixTime": 1590206647
    },
    {
      "Action": "instruct",
      "Agent": "UserGuide",
      "Text": "Almost there. A few more turns. [instruction 7 of 8]",
      "UnixTime": 1590206647
    },
    {
      "Action": "select_task",
      "Agent": "Wizard",
      "PrimaryItem": {
        "APIName": "apartment_schedule",
        "Message": "Your apartment viewing has been successfuly scheduled. Please bring Bank Statement and Passport with you."
      },
      "Task": "ride_book",
      "UnixTime": 1590206651
    },
    {
      "Action": "request_suggestions",
      "Agent": "Wizard",
      "PrimaryItem": {
        "APIName": "apartment_schedule",
        "Message": "Your apartment viewing has been successfuly scheduled. Please bring Bank Statement and Passport with you."
      },
      "Text": "departure",
      "UnixTime": 1590206661
    },
    {
      "Action": "pick_suggestion",
      "ActionLabel": "ride_ask_departure",
      "ActionLabelOptions": [
        "ride_ask_departure",
        "apartment_inform_viewing_available",
        "ride_bye",
        "goodbye_2",
        "apartment_ask_end_time",
        "ride_inform_search_criteria"
      ],
      "Agent": "Wizard",
      "PrimaryItem": {
        "APIName": "apartment_schedule",
        "Message": "Your apartment viewing has been successfuly scheduled. Please bring Bank Statement and Passport with you."
      },
      "Text": "OK, and where are you departing from?",
      "UnixTime": 1590206663
    },
    {
      "Action": "utter",
      "Agent": "User",
      "Text": "I'm at Broadway and Main. ",
      "UnixTime": 1590206678
    },
    {
      "Action": "select_task",
      "Agent": "Wizard",
      "PrimaryItem": {
        "APIName": "apartment_schedule",
        "Message": "Your apartment viewing has been successfuly scheduled. Please bring Bank Statement and Passport with you."
      },
      "Task": "apartment_search",
      "UnixTime": 1590206678
    },
    {
      "Action": "select_task",
      "Agent": "Wizard",
      "PrimaryItem": {
        "APIName": "apartment_schedule",
        "Message": "Your apartment viewing has been successfuly scheduled. Please bring Bank Statement and Passport with you."
      },
      "Task": "apartment_schedule",
      "UnixTime": 1590206678
    },
    {
      "Action": "select_task",
      "Agent": "Wizard",
      "PrimaryItem": {
        "APIName": "apartment_schedule",
        "Message": "Your apartment viewing has been successfuly scheduled. Please bring Bank Statement and Passport with you."
      },
      "Task": "ride_book",
      "UnixTime": 1590206678
    },
    {
      "Action": "request_suggestions",
      "Agent": "Wizard",
      "PrimaryItem": {
        "APIName": "apartment_schedule",
        "Message": "Your apartment viewing has been successfuly scheduled. Please bring Bank Statement and Passport with you."
      },
      "Text": "arrival",
      "UnixTime": 1590206686
    },
    {
      "Action": "pick_suggestion",
      "ActionLabel": "ride_ask_destination",
      "ActionLabelOptions": [
        "ride_ask_destination",
        "apartment_inform_viewing_available",
        "out_of_scope",
        "apartment_ask_day",
        "ask_name",
        "ride_bye"
      ],
      "Agent": "Wizard",
      "PrimaryItem": {
        "APIName": "apartment_schedule",
        "Message": "Your apartment viewing has been successfuly scheduled. Please bring Bank Statement and Passport with you."
      },
      "Text": "Alright, where do you want to go?",
      "UnixTime": 1590206688
    },
    {
      "Action": "utter",
      "Agent": "User",
      "Text": "The Chase bank at 5th and South",
      "UnixTime": 1590206708
    },
    {
      "APIName": "ride_book",
      "Action": "query",
      "Agent": "Wizard",
      "Constraints": [
        {
          "CustomerName": "\"Alexis\""
        },
        {
          "DepartureLocation": "\"Broadway and Main\""
        },
        {
          "ArrivalLocation": "\"5th and South\""
        },
        {
          "RequestType": "\"Check\""
        }
      ],
      "PrimaryItem": {
        "APIName": "apartment_schedule",
        "Message": "Your apartment viewing has been successfuly scheduled. Please bring Bank Statement and Passport with you."
      },
      "UnixTime": 1590206716
    },
    {
      "APIName": "ride_book",
      "Action": "return_item",
      "Agent": "KnowledgeBase",
      "Item": {
        "APIName": "ride_book",
        "AllowsChanges": true,
        "ArrivalLocation": "5th and South",
        "CarModel": "Toyota",
        "CustomerName": "Alexis",
        "DepartureLocation": "Broadway and Main",
        "DriverName": "Sirius",
        "LicensePlate": "901 FSA",
        "MinutesTillPickup": 25,
        "Price": 33,
        "ServiceProvider": "Lyft",
        "id": 169
      },
      "TotalItems": -1
    },
    {
      "Action": "request_suggestions",
      "Agent": "Wizard",
      "PrimaryItem": {
        "APIName": "ride_book",
        "AllowsChanges": true,
        "ArrivalLocation": "5th and South",
        "CarModel": "Toyota",
        "CustomerName": "Alexis",
        "DepartureLocation": "Broadway and Main",
        "DriverName": "Sirius",
        "LicensePlate": "901 FSA",
        "MinutesTillPickup": 25,
        "Price": 33,
        "ServiceProvider": "Lyft",
        "id": 169
      },
      "Text": "any special requests",
      "UnixTime": 1590206722
    },
    {
      "Action": "pick_suggestion",
      "ActionLabel": "ride_inform_search_criteria",
      "ActionLabelOptions": [
        "anything_else",
        "ride_ask_destination",
        "ride_inform_search_criteria"
      ],
      "Agent": "Wizard",
      "PrimaryItem": {
        "APIName": "ride_book",
        "AllowsChanges": true,
        "ArrivalLocation": "5th and South",
        "CarModel": "Toyota",
        "CustomerName": "Alexis",
        "DepartureLocation": "Broadway and Main",
        "DriverName": "Sirius",
        "LicensePlate": "901 FSA",
        "MinutesTillPickup": 25,
        "Price": 33,
        "ServiceProvider": "Lyft",
        "id": 169
      },
      "Text": "I can also filter for service provider, driver name, and the car\u2019s model.",
      "UnixTime": 1590206727
    },
    {
      "Action": "utter",
      "Agent": "User",
      "Text": "Just make sure that the driver isn't Sirius. ",
      "UnixTime": 1590206758
    },
    {
      "Action": "instruct",
      "Agent": "UserGuide",
      "Text": "Ok, once you've touched on all the topics ('Find apartment', 'Schedule apartment viewing' and 'Calling a ride') and engaged in some smalltalk, you can bring the conversation to a natural close. [instruction 8 of 8]",
      "UnixTime": 1590206758
    },
    {
      "APIName": "ride_book",
      "Action": "query",
      "Agent": "Wizard",
      "Constraints": [
        {
          "CustomerName": "\"Alexis\""
        },
        {
          "DepartureLocation": "\"Broadway and Main\""
        },
        {
          "ArrivalLocation": "\"5th and South\""
        },
        {
          "RequestType": "\"Check\""
        }
      ],
      "PrimaryItem": {
        "APIName": "ride_book",
        "AllowsChanges": true,
        "ArrivalLocation": "5th and South",
        "CarModel": "Toyota",
        "CustomerName": "Alexis",
        "DepartureLocation": "Broadway and Main",
        "DriverName": "Sirius",
        "LicensePlate": "901 FSA",
        "MinutesTillPickup": 25,
        "Price": 33,
        "ServiceProvider": "Lyft",
        "id": 169
      },
      "UnixTime": 1590206775
    },
    {
      "APIName": "ride_book",
      "Action": "return_item",
      "Agent": "KnowledgeBase",
      "Item": {
        "APIName": "ride_book",
        "AllowsChanges": true,
        "ArrivalLocation": "5th and South",
        "CarModel": "Ford",
        "CustomerName": "Alexis",
        "DepartureLocation": "Broadway and Main",
        "DriverName": "Mark",
        "LicensePlate": "019 EAS",
        "MinutesTillPickup": 29,
        "Price": 15,
        "ServiceProvider": "Lyft",
        "id": 276
      },
      "TotalItems": -1
    },
    {
      "Action": "request_suggestions",
      "Agent": "Wizard",
      "PrimaryItem": {
        "APIName": "ride_book",
        "AllowsChanges": true,
        "ArrivalLocation": "5th and South",
        "CarModel": "Ford",
        "CustomerName": "Alexis",
        "DepartureLocation": "Broadway and Main",
        "DriverName": "Mark",
        "LicensePlate": "019 EAS",
        "MinutesTillPickup": 29,
        "Price": 15,
        "ServiceProvider": "Lyft",
        "id": 276
      },
      "Text": "availabe",
      "UnixTime": 1590206782
    },
    {
      "Action": "request_suggestions",
      "Agent": "Wizard",
      "PrimaryItem": {
        "APIName": "ride_book",
        "AllowsChanges": true,
        "ArrivalLocation": "5th and South",
        "CarModel": "Ford",
        "CustomerName": "Alexis",
        "DepartureLocation": "Broadway and Main",
        "DriverName": "Mark",
        "LicensePlate": "019 EAS",
        "MinutesTillPickup": 29,
        "Price": 15,
        "ServiceProvider": "Lyft",
        "id": 276
      },
      "Text": "I have found",
      "UnixTime": 1590206792
    },
    {
      "Action": "pick_suggestion",
      "ActionLabel": "ride_ask_confirm_booking",
      "ActionLabelOptions": [
        "ride_ask_confirm_booking",
        "hello",
        "ride_ask_departure"
      ],
      "Agent": "Wizard",
      "PrimaryItem": {
        "APIName": "ride_book",
        "AllowsChanges": true,
        "ArrivalLocation": "5th and South",
        "CarModel": "Ford",
        "CustomerName": "Alexis",
        "DepartureLocation": "Broadway and Main",
        "DriverName": "Mark",
        "LicensePlate": "019 EAS",
        "MinutesTillPickup": 29,
        "Price": 15,
        "ServiceProvider": "Lyft",
        "id": 276
      },
      "Text": "I found a Lyft ride for you from 'Broadway and Main' to '5th and South' for 15 credits\nthat could pick you up in 29 minutes. Should I book that for you?",
      "UnixTime": 1590206795
    },
    {
      "Action": "utter",
      "Agent": "User",
      "Text": "Is there one that can pick me up sooner?",
      "UnixTime": 1590206807
    },
    {
      "APIName": "ride_book",
      "Action": "query",
      "Agent": "Wizard",
      "Constraints": [
        {
          "CustomerName": "\"Alexis\""
        },
        {
          "DepartureLocation": "\"Broadway and Main\""
        },
        {
          "ArrivalLocation": "\"5th and South\""
        },
        {
          "RequestType": "\"Check\""
        },
        {
          "MinutesTillPickup": "5"
        }
      ],
      "PrimaryItem": {
        "APIName": "ride_book",
        "AllowsChanges": true,
        "ArrivalLocation": "5th and South",
        "CarModel": "Ford",
        "CustomerName": "Alexis",
        "DepartureLocation": "Broadway and Main",
        "DriverName": "Mark",
        "LicensePlate": "019 EAS",
        "MinutesTillPickup": 29,
        "Price": 15,
        "ServiceProvider": "Lyft",
        "id": 276
      },
      "UnixTime": 1590206818
    },
    {
      "APIName": "ride_book",
      "Action": "return_item",
      "Agent": "KnowledgeBase",
      "Item": {
        "APIName": "ride_book",
        "AllowsChanges": true,
        "ArrivalLocation": "5th and South",
        "CarModel": "Tesla",
        "CustomerName": "Alexis",
        "DepartureLocation": "Broadway and Main",
        "DriverName": "Ella",
        "LicensePlate": "313 EA9",
        "MinutesTillPickup": 5,
        "Price": 42,
        "ServiceProvider": "Taxi",
        "id": 579
      },
      "TotalItems": -1
    },
    {
      "Action": "request_suggestions",
      "Agent": "Wizard",
      "PrimaryItem": {
        "APIName": "ride_book",
        "AllowsChanges": true,
        "ArrivalLocation": "5th and South",
        "CarModel": "Tesla",
        "CustomerName": "Alexis",
        "DepartureLocation": "Broadway and Main",
        "DriverName": "Ella",
        "LicensePlate": "313 EA9",
        "MinutesTillPickup": 5,
        "Price": 42,
        "ServiceProvider": "Taxi",
        "id": 579
      },
      "Text": "I have found",
      "UnixTime": 1590206823
    },
    {
      "Action": "pick_suggestion",
      "ActionLabel": "ride_ask_confirm_booking",
      "ActionLabelOptions": [
        "ride_ask_confirm_booking",
        "hello",
        "ride_ask_departure"
      ],
      "Agent": "Wizard",
      "PrimaryItem": {
        "APIName": "ride_book",
        "AllowsChanges": true,
        "ArrivalLocation": "5th and South",
        "CarModel": "Tesla",
        "CustomerName": "Alexis",
        "DepartureLocation": "Broadway and Main",
        "DriverName": "Ella",
        "LicensePlate": "313 EA9",
        "MinutesTillPickup": 5,
        "Price": 42,
        "ServiceProvider": "Taxi",
        "id": 579
      },
      "Text": "I found a Taxi ride for you from 'Broadway and Main' to '5th and South' for 42 credits\nthat could pick you up in 5 minutes. Should I book that for you?",
      "UnixTime": 1590206825
    },
    {
      "Action": "utter",
      "Agent": "User",
      "Text": "Yes perfect!",
      "UnixTime": 1590206832
    },
    {
      "APIName": "ride_book",
      "Action": "query",
      "Agent": "Wizard",
      "Constraints": [
        {
          "CustomerName": "\"Alexis\""
        },
        {
          "DepartureLocation": "\"Broadway and Main\""
        },
        {
          "ArrivalLocation": "\"5th and South\""
        },
        {
          "RequestType": "\"Book\""
        },
        {
          "MinutesTillPickup": "5"
        }
      ],
      "PrimaryItem": {
        "APIName": "ride_book",
        "AllowsChanges": true,
        "ArrivalLocation": "5th and South",
        "CarModel": "Tesla",
        "CustomerName": "Alexis",
        "DepartureLocation": "Broadway and Main",
        "DriverName": "Ella",
        "LicensePlate": "313 EA9",
        "MinutesTillPickup": 5,
        "Price": 42,
        "ServiceProvider": "Taxi",
        "id": 579
      },
      "UnixTime": 1590206837
    },
    {
      "APIName": "ride_book",
      "Action": "return_item",
      "Agent": "KnowledgeBase",
      "Item": {
        "APIName": "ride_book",
        "Message": "Ride booked."
      },
      "TotalItems": -1
    },
    {
      "Action": "request_suggestions",
      "Agent": "Wizard",
      "PrimaryItem": {
        "APIName": "ride_book",
        "Message": "Ride booked."
      },
      "Text": "ride booked",
      "UnixTime": 1590206841
    },
    {
      "Action": "utter",
      "Agent": "Wizard",
      "PrimaryItem": {
        "APIName": "ride_book",
        "Message": "Ride booked."
      },
      "Text": "Your ride has been booked.",
      "UnixTime": 1590206849
    },
    {
      "Action": "utter",
      "Agent": "User",
      "Text": "Thanks for all your help! That's all I needed, bye!",
      "UnixTime": 1590206867
    },
    {
      "Action": "request_suggestions",
      "Agent": "Wizard",
      "PrimaryItem": {
        "APIName": "ride_book",
        "Message": "Ride booked."
      },
      "Text": "thank you",
      "UnixTime": 1590206871
    },
    {
      "Action": "pick_suggestion",
      "ActionLabel": "ride_bye",
      "ActionLabelOptions": [
        "ride_bye",
        "anything_else",
        "ask_name"
      ],
      "Agent": "Wizard",
      "PrimaryItem": {
        "APIName": "ride_book",
        "Message": "Ride booked."
      },
      "Text": "Goodbye. Enjoy your ride!",
      "UnixTime": 1590206874
    },
    {
      "Action": "complete",
      "Agent": "User",
      "UnixTime": 1590206878
    }
  ],
  "FORMAT-VERSION": 7,
  "IntroducesConflicts": false,
  "Scenario": {
    "Domains": [
      "apartment",
      "ride",
      "weather"
    ],
    "Happy": false,
    "MultiTask": true,
    "UserTask": "Come up with your own scenario!\n\nAbout you:\n- Your name: Alexis\n- Today is Tuesday\n\n The AI Assistant can handle:\n- Find an apartment (prices are in 'credits')\n- Schedule an apartment viewing \n- Calling a Taxi/Uber/Lyft ride \n- Checking the weather forecast in different Cities (e.g. Detroit or Chicago)",
    "WizardCapabilities": [
      {
        "Domain": "apartment",
        "SchemaImage": "apartment_search.jpg",
        "Task": "apartment_search"
      },
      {
        "Domain": "apartment",
        "SchemaImage": "apartment_schedule.jpg",
        "Task": "apartment_schedule"
      },
      {
        "Domain": "ride",
        "SchemaImage": "ride_book.jpg",
        "Task": "ride_book"
      },
      {
        "Domain": "weather",
        "SchemaImage": "weather.jpg",
        "Task": "weather"
      }
    ],
    "WizardTask": "Follow the flow charts and help the user. Assume:\n\n- Today is Tuesday"
  },
  "UserQuestionnaire": [
    {
      "Answer": true,
      "Question": "Did the assistant stay calm and helpful throughout the dialogue?"
    }
  ],
  "WizardQuestionnaire": [
    {
      "Answer": false,
      "Question": "Did the user change his/her mind about what he/she wants at any time?"
    },
    {
      "Answer": false,
      "Question": "Did the user become aggressive or annoyed during the dialogue? (Note: some users may be instructed to be annoying.)"
    },
    {
      "Answer": false,
      "Question": "Where you unsure about what to do at any time? (Feel free to send us an email with details.)"
    }
  ]
}