{
  "AnonymizedUserWorkerID": "ba5d80d9-b753-9dfd-8f0f-8985984d3ada",
  "AnonymizedWizardWorkerID": "9f21d8b6-df7e-edd4-ef00-9da97dbb279f",
  "BatchID": "woz_1590168497",
  "CompletionLevel": "Complete",
  "DialogueID": 5823,
  "Events": [
    {
      "Action": "instruct",
      "Agent": "UserGuide",
      "Text": "Use your imagination to generate a conversation about the topics 'Reserving a table at a restaurant' and 'Bank balance checking' (in any order), as shown on the left. You may also ask the assistant about the weather.  [instruction 1 of 6]",
      "UnixTime": 1590189004
    },
    {
      "Action": "utter",
      "Agent": "User",
      "Text": "Hello I would like to check my balance to see if I have enough money to go out to eat my account number is 9931939443153, with PIN 1596",
      "UnixTime": 1590189052
    },
    {
      "Action": "select_task",
      "Agent": "Wizard",
      "Task": "bank_balance",
      "UnixTime": 1590189066
    },
    {
      "Action": "request_suggestions",
      "Agent": "Wizard",
      "Text": "name",
      "UnixTime": 1590189072
    },
    {
      "Action": "pick_suggestion",
      "ActionLabel": "ask_name",
      "ActionLabelOptions": [
        "ask_name",
        "bank_ask_childhood_pets_name",
        "bank_ask_pin"
      ],
      "Agent": "Wizard",
      "Text": "Could I get your full name, please?",
      "UnixTime": 1590189074
    },
    {
      "Action": "utter",
      "Agent": "User",
      "Text": "John Smith",
      "UnixTime": 1590189080
    },
    {
      "APIName": "bank_balance",
      "Action": "query",
      "Agent": "Wizard",
      "Constraints": [
        {
          "FullName": "\"John Smith\""
        },
        {
          "AccountNumber": "9931939443153"
        },
        {
          "PIN": "1596"
        }
      ],
      "UnixTime": 1590189090
    },
    {
      "APIName": "bank_balance",
      "Action": "return_item",
      "Agent": "KnowledgeBase",
      "Item": {
        "APIName": "bank_balance",
        "BankBalance": 2546,
        "BankName": "Wells Fargo",
        "id": 194
      },
      "TotalItems": -1
    },
    {
      "Action": "request_suggestions",
      "Agent": "Wizard",
      "PrimaryItem": {
        "APIName": "bank_balance",
        "BankBalance": 2546,
        "BankName": "Wells Fargo",
        "id": 194
      },
      "Text": "2546",
      "UnixTime": 1590189092
    },
    {
      "Action": "pick_suggestion",
      "ActionLabel": "bank_inform_balance",
      "ActionLabelOptions": [
        "bank_inform_balance",
        "hello",
        "out_of_scope"
      ],
      "Agent": "Wizard",
      "PrimaryItem": {
        "APIName": "bank_balance",
        "BankBalance": 2546,
        "BankName": "Wells Fargo",
        "id": 194
      },
      "Text": "Your current balance is 2546 in credit.",
      "UnixTime": 1590189094
    },
    {
      "Action": "utter",
      "Agent": "User",
      "Text": "okay great I can go out then. What is the weather like on Saturday in Pittsburgh",
      "UnixTime": 1590189135
    },
    {
      "Action": "instruct",
      "Agent": "UserGuide",
      "Text": "Please have some smalltalk with the AI Assistant at some point in this dialogue. [instruction 2 of 6]",
      "UnixTime": 1590189135
    },
    {
      "Action": "select_task",
      "Agent": "Wizard",
      "PrimaryItem": {
        "APIName": "bank_balance",
        "BankBalance": 2546,
        "BankName": "Wells Fargo",
        "id": 194
      },
      "Task": "restaurant_book",
      "UnixTime": 1590189135
    },
    {
      "Action": "select_task",
      "Agent": "Wizard",
      "PrimaryItem": {
        "APIName": "bank_balance",
        "BankBalance": 2546,
        "BankName": "Wells Fargo",
        "id": 194
      },
      "Task": "weather",
      "UnixTime": 1590189167
    },
    {
      "APIName": "weather",
      "Action": "query",
      "Agent": "Wizard",
      "Constraints": [
        {
          "Day": "\"Saturday\""
        },
        {
          "City": "\"Pittsburgh\""
        }
      ],
      "PrimaryItem": {
        "APIName": "bank_balance",
        "BankBalance": 2546,
        "BankName": "Wells Fargo",
        "id": 194
      },
      "UnixTime": 1590189174
    },
    {
      "APIName": "weather",
      "Action": "return_item",
      "Agent": "KnowledgeBase",
      "Item": {
        "APIName": "weather",
        "City": "Pittsburgh",
        "Day": "Saturday",
        "TemperatureCelsius": 24,
        "Weather": "Cloudy",
        "id": 40
      },
      "TotalItems": -1
    },
    {
      "Action": "request_suggestions",
      "Agent": "Wizard",
      "PrimaryItem": {
        "APIName": "weather",
        "City": "Pittsburgh",
        "Day": "Saturday",
        "TemperatureCelsius": 24,
        "Weather": "Cloudy",
        "id": 40
      },
      "Text": "cloudy",
      "UnixTime": 1590189176
    },
    {
      "Action": "pick_suggestion",
      "ActionLabel": "weather_inform_forecast",
      "ActionLabelOptions": [
        "weather_inform_forecast",
        "weather_ask_location",
        "hello"
      ],
      "Agent": "Wizard",
      "PrimaryItem": {
        "APIName": "weather",
        "City": "Pittsburgh",
        "Day": "Saturday",
        "TemperatureCelsius": 24,
        "Weather": "Cloudy",
        "id": 40
      },
      "Text": "It will be Cloudy all day on Saturday in Pittsburgh, with temperatures of around 24 degrees celsius.",
      "UnixTime": 1590189178
    },
    {
      "Action": "utter",
      "Agent": "User",
      "Text": "okay then I would like to book The Cactus at 4PM Saturday any tables available I want to be sure there aren't too many people at the place ",
      "UnixTime": 1590189237
    },
    {
      "Action": "select_task",
      "Agent": "Wizard",
      "PrimaryItem": {
        "APIName": "weather",
        "City": "Pittsburgh",
        "Day": "Saturday",
        "TemperatureCelsius": 24,
        "Weather": "Cloudy",
        "id": 40
      },
      "Task": "restaurant_book",
      "UnixTime": 1590189260
    },
    {
      "Action": "request_suggestions",
      "Agent": "Wizard",
      "PrimaryItem": {
        "APIName": "weather",
        "City": "Pittsburgh",
        "Day": "Saturday",
        "TemperatureCelsius": 24,
        "Weather": "Cloudy",
        "id": 40
      },
      "Text": "guests",
      "UnixTime": 1590189275
    },
    {
      "Action": "select_task",
      "Agent": "Wizard",
      "PrimaryItem": {
        "APIName": "weather",
        "City": "Pittsburgh",
        "Day": "Saturday",
        "TemperatureCelsius": 24,
        "Weather": "Cloudy",
        "id": 40
      },
      "Task": "restaurant_book",
      "UnixTime": 1590189280
    },
    {
      "Action": "select_task",
      "Agent": "Wizard",
      "PrimaryItem": {
        "APIName": "weather",
        "City": "Pittsburgh",
        "Day": "Saturday",
        "TemperatureCelsius": 24,
        "Weather": "Cloudy",
        "id": 40
      },
      "Task": "restaurant_book",
      "UnixTime": 1590189280
    },
    {
      "Action": "request_suggestions",
      "Agent": "Wizard",
      "PrimaryItem": {
        "APIName": "weather",
        "City": "Pittsburgh",
        "Day": "Saturday",
        "TemperatureCelsius": 24,
        "Weather": "Cloudy",
        "id": 40
      },
      "Text": "guests",
      "UnixTime": 1590189284
    },
    {
      "Action": "select_task",
      "Agent": "Wizard",
      "PrimaryItem": {
        "APIName": "weather",
        "City": "Pittsburgh",
        "Day": "Saturday",
        "TemperatureCelsius": 24,
        "Weather": "Cloudy",
        "id": 40
      },
      "Task": "bank_balance",
      "UnixTime": 1590189289
    },
    {
      "Action": "select_task",
      "Agent": "Wizard",
      "PrimaryItem": {
        "APIName": "weather",
        "City": "Pittsburgh",
        "Day": "Saturday",
        "TemperatureCelsius": 24,
        "Weather": "Cloudy",
        "id": 40
      },
      "Task": "restaurant_book",
      "UnixTime": 1590189289
    },
    {
      "Action": "request_suggestions",
      "Agent": "Wizard",
      "PrimaryItem": {
        "APIName": "weather",
        "City": "Pittsburgh",
        "Day": "Saturday",
        "TemperatureCelsius": 24,
        "Weather": "Cloudy",
        "id": 40
      },
      "Text": "How many guests",
      "UnixTime": 1590189294
    },
    {
      "Action": "pick_suggestion",
      "ActionLabel": "restaurant_ask_size",
      "ActionLabelOptions": [
        "restaurant_ask_size",
        "weather_ask_day",
        "weather_ask_location",
        "weather_inform_forecast",
        "restaurant_inform_unavailable",
        "hello"
      ],
      "Agent": "Wizard",
      "PrimaryItem": {
        "APIName": "weather",
        "City": "Pittsburgh",
        "Day": "Saturday",
        "TemperatureCelsius": 24,
        "Weather": "Cloudy",
        "id": 40
      },
      "Text": "For how many people should the reservation be made?",
      "UnixTime": 1590189295
    },
    {
      "Action": "utter",
      "Agent": "User",
      "Text": "only 3 ",
      "UnixTime": 1590189318
    },
    {
      "Action": "instruct",
      "Agent": "UserGuide",
      "Text": "If you haven't yet, it's time to change topic. You can also go back and forth between topics. [instruction 3 of 6]",
      "UnixTime": 1590189318
    },
    {
      "APIName": "restaurant_book",
      "Action": "query",
      "Agent": "Wizard",
      "Constraints": [
        {
          "Name": "api.is_equal_to(\"Cactus Club\")"
        },
        {
          "Time": "\"4 pm\""
        },
        {
          "PartySize": "3"
        },
        {
          "CustomerName": "\"John Smith\""
        },
        {
          "RequestType": "\"Book\""
        }
      ],
      "PrimaryItem": {
        "APIName": "weather",
        "City": "Pittsburgh",
        "Day": "Saturday",
        "TemperatureCelsius": 24,
        "Weather": "Cloudy",
        "id": 40
      },
      "UnixTime": 1590189325
    },
    {
      "APIName": "restaurant_book",
      "Action": "return_item",
      "Agent": "KnowledgeBase",
      "Item": {
        "APIName": "restaurant_book",
        "ReservationStatus": "Reservation Failed",
        "RestaurantName": "Cactus Club"
      },
      "TotalItems": -1
    },
    {
      "Action": "request_suggestions",
      "Agent": "Wizard",
      "PrimaryItem": {
        "APIName": "restaurant_book",
        "ReservationStatus": "Reservation Failed",
        "RestaurantName": "Cactus Club"
      },
      "Text": "failed",
      "UnixTime": 1590189328
    },
    {
      "Action": "pick_suggestion",
      "ActionLabel": "restaurant_inform_booking_failed",
      "ActionLabelOptions": [
        "restaurant_inform_booking_failed",
        "restaurant_inform_nothing_found",
        "ask_name"
      ],
      "Agent": "Wizard",
      "PrimaryItem": {
        "APIName": "restaurant_book",
        "ReservationStatus": "Reservation Failed",
        "RestaurantName": "Cactus Club"
      },
      "Text": "I am sorry, but the reservation request was not successful.",
      "UnixTime": 1590189329
    },
    {
      "Action": "utter",
      "Agent": "User",
      "Text": "oh darn okay try The porch then for Sat 4pm",
      "UnixTime": 1590189343
    },
    {
      "Action": "instruct",
      "Agent": "UserGuide",
      "Text": "If it makes sense, use some negations ('I don't want X', or 'anything but Y', etc.) [instruction 4 of 6]",
      "UnixTime": 1590189343
    },
    {
      "APIName": "restaurant_book",
      "Action": "query",
      "Agent": "Wizard",
      "Constraints": [
        {
          "Name": "\"The Porch\""
        },
        {
          "Time": "\"4 pm\""
        },
        {
          "PartySize": "3"
        },
        {
          "CustomerName": "\"John Smith\""
        },
        {
          "RequestType": "\"Book\""
        }
      ],
      "PrimaryItem": {
        "APIName": "restaurant_book",
        "ReservationStatus": "Reservation Failed",
        "RestaurantName": "Cactus Club"
      },
      "UnixTime": 1590189371
    },
    {
      "APIName": "restaurant_book",
      "Action": "return_item",
      "Agent": "KnowledgeBase",
      "Item": {
        "APIName": "restaurant_book",
        "ReservationStatus": "Reservation Failed",
        "RestaurantName": "The Porch"
      },
      "TotalItems": -1
    },
    {
      "Action": "request_suggestions",
      "Agent": "Wizard",
      "PrimaryItem": {
        "APIName": "restaurant_book",
        "ReservationStatus": "Reservation Failed",
        "RestaurantName": "The Porch"
      },
      "Text": "failed",
      "UnixTime": 1590189373
    },
    {
      "Action": "pick_suggestion",
      "ActionLabel": "restaurant_inform_booking_failed",
      "ActionLabelOptions": [
        "restaurant_inform_booking_failed",
        "restaurant_inform_nothing_found",
        "ask_name"
      ],
      "Agent": "Wizard",
      "PrimaryItem": {
        "APIName": "restaurant_book",
        "ReservationStatus": "Reservation Failed",
        "RestaurantName": "The Porch"
      },
      "Text": "I am sorry, but the reservation request was not successful.",
      "UnixTime": 1590189375
    },
    {
      "Action": "utter",
      "Agent": "User",
      "Text": "well I don't want to have to sit outside when it is too hot what about 6pm then",
      "UnixTime": 1590189405
    },
    {
      "Action": "instruct",
      "Agent": "UserGuide",
      "Text": "Keep going until you've covered all the topics (reserving a table at a restaurant and bank balance checking). The conversation should continue at least until the last instruction is given. [instruction 5 of 6]",
      "UnixTime": 1590189405
    },
    {
      "APIName": "restaurant_book",
      "Action": "query",
      "Agent": "Wizard",
      "Constraints": [
        {
          "Name": "\"The Porch\""
        },
        {
          "Time": "\"6 pm\""
        },
        {
          "PartySize": "3"
        },
        {
          "CustomerName": "\"John Smith\""
        },
        {
          "RequestType": "\"Book\""
        }
      ],
      "PrimaryItem": {
        "APIName": "restaurant_book",
        "ReservationStatus": "Reservation Failed",
        "RestaurantName": "The Porch"
      },
      "UnixTime": 1590189416
    },
    {
      "APIName": "restaurant_book",
      "Action": "return_item",
      "Agent": "KnowledgeBase",
      "Item": {
        "APIName": "restaurant_book",
        "ReservationStatus": "Reservation Confirmed",
        "RestaurantName": "The Porch"
      },
      "TotalItems": -1
    },
    {
      "Action": "request_suggestions",
      "Agent": "Wizard",
      "PrimaryItem": {
        "APIName": "restaurant_book",
        "ReservationStatus": "Reservation Confirmed",
        "RestaurantName": "The Porch"
      },
      "Text": "confirmed",
      "UnixTime": 1590189423
    },
    {
      "Action": "pick_suggestion",
      "ActionLabel": "restaurant_inform_booking_successful",
      "ActionLabelOptions": [
        "restaurant_inform_booking_successful",
        "restaurant_inform_nothing_found",
        "restaurant_ask_confirm_booking"
      ],
      "Agent": "Wizard",
      "PrimaryItem": {
        "APIName": "restaurant_book",
        "ReservationStatus": "Reservation Confirmed",
        "RestaurantName": "The Porch"
      },
      "Text": "Excellent, your reservation at the The Porch is confirmed!",
      "UnixTime": 1590189425
    },
    {
      "Action": "utter",
      "Agent": "User",
      "Text": "perfect..thanks for all your help",
      "UnixTime": 1590189433
    },
    {
      "Action": "request_suggestions",
      "Agent": "Wizard",
      "PrimaryItem": {
        "APIName": "restaurant_book",
        "ReservationStatus": "Reservation Confirmed",
        "RestaurantName": "The Porch"
      },
      "Text": "good bye",
      "UnixTime": 1590189454
    },
    {
      "Action": "utter",
      "Agent": "Wizard",
      "PrimaryItem": {
        "APIName": "restaurant_book",
        "ReservationStatus": "Reservation Confirmed",
        "RestaurantName": "The Porch"
      },
      "Text": "Good bye!",
      "UnixTime": 1590189461
    },
    {
      "Action": "utter",
      "Agent": "User",
      "Text": "Was this booked for outside or inside?",
      "UnixTime": 1590189471
    },
    {
      "Action": "instruct",
      "Agent": "UserGuide",
      "Text": "Ok, once you've touched on all the topics (restaurant and bank balance checking) and engaged in some smalltalk, you can bring the conversation to a natural close. [instruction 6 of 6]",
      "UnixTime": 1590189471
    },
    {
      "Action": "request_suggestions",
      "Agent": "Wizard",
      "PrimaryItem": {
        "APIName": "restaurant_book",
        "ReservationStatus": "Reservation Confirmed",
        "RestaurantName": "The Porch"
      },
      "Text": "Indoors",
      "UnixTime": 1590189483
    },
    {
      "Action": "utter",
      "Agent": "Wizard",
      "PrimaryItem": {
        "APIName": "restaurant_book",
        "ReservationStatus": "Reservation Confirmed",
        "RestaurantName": "The Porch"
      },
      "Text": "Indoors. There is no outdoors option.",
      "UnixTime": 1590189494
    },
    {
      "Action": "utter",
      "Agent": "User",
      "Text": "okay great even better thanks good bye",
      "UnixTime": 1590189507
    },
    {
      "Action": "request_suggestions",
      "Agent": "Wizard",
      "PrimaryItem": {
        "APIName": "restaurant_book",
        "ReservationStatus": "Reservation Confirmed",
        "RestaurantName": "The Porch"
      },
      "Text": "Bye",
      "UnixTime": 1590189510
    },
    {
      "Action": "utter",
      "Agent": "Wizard",
      "PrimaryItem": {
        "APIName": "restaurant_book",
        "ReservationStatus": "Reservation Confirmed",
        "RestaurantName": "The Porch"
      },
      "Text": "Good bye.",
      "UnixTime": 1590189515
    },
    {
      "Action": "complete",
      "Agent": "User",
      "UnixTime": 1590189524
    }
  ],
  "FORMAT-VERSION": 7,
  "IntroducesConflicts": false,
  "Scenario": {
    "Domains": [
      "bank",
      "restaurant",
      "weather"
    ],
    "Happy": false,
    "MultiTask": true,
    "UserTask": "Come up with your own scenario!\n\nAbout you:\n- Your name: John Smith\n- Your bank account: 9931939443153, with PIN 1596\n- Today is Sunday the 27th of June, 2 pm\n\n The AI Assistant can handle:\n- Checking bank balance\n- Reserving a table at a restaurant (e.g. Cactus Club or The Porch) for today\n- Checking the weather forecast in different Cities (e.g. Los Angeles or Pittsburgh)",
    "WizardCapabilities": [
      {
        "Domain": "restaurant",
        "SchemaImage": "restaurant_book.jpg",
        "Task": "restaurant_book"
      },
      {
        "Domain": "bank",
        "SchemaImage": "bank_balance.jpg",
        "Task": "bank_balance"
      },
      {
        "Domain": "weather",
        "SchemaImage": "weather.jpg",
        "Task": "weather"
      }
    ],
    "WizardTask": "Follow the flow charts and help the user. Assume:\n\n- Today is Sunday the 27th of June, 2 pm"
  },
  "UserQuestionnaire": [
    {
      "Answer": true,
      "Question": "Did the assistant stay calm and helpful throughout the dialogue?"
    }
  ],
  "WizardQuestionnaire": [
    {
      "Answer": false,
      "Question": "Did the user change his/her mind about what he/she wants at any time?"
    },
    {
      "Answer": false,
      "Question": "Did the user become aggressive or annoyed during the dialogue? (Note: some users may be instructed to be annoying.)"
    },
    {
      "Answer": false,
      "Question": "Where you unsure about what to do at any time? (Feel free to send us an email with details.)"
    }
  ]
}