{
  "AnonymizedUserWorkerID": "73bd63b7-5463-b221-d8f5-2611db2cf2a3",
  "AnonymizedWizardWorkerID": "ac9c2dc2-a643-8ec0-d96c-1bc923b2777f",
  "BatchID": "woz_1590168497",
  "CompletionLevel": "Complete",
  "DialogueID": 5865,
  "Events": [
    {
      "Action": "instruct",
      "Agent": "UserGuide",
      "Text": "Use your imagination to generate a conversation about the topics 'Reserving a table at a restaurant' and 'Bank balance checking' (in any order), as shown on the left. You may also ask the assistant about the weather.  [instruction 1 of 6]",
      "UnixTime": 1590192553
    },
    {
      "Action": "utter",
      "Agent": "User",
      "Text": "Hi, I'd like to reserve a table at Lucca. I have a date tonight.",
      "UnixTime": 1590192586
    },
    {
      "Action": "request_suggestions",
      "Agent": "Wizard",
      "Text": "Your name",
      "UnixTime": 1590192603
    },
    {
      "Action": "pick_suggestion",
      "ActionLabel": "ask_name",
      "ActionLabelOptions": [
        "ask_name",
        "restaurant_ask_restaurant",
        "restaurant_ask_time"
      ],
      "Agent": "Wizard",
      "Text": "May I have your name, please?",
      "UnixTime": 1590192606
    },
    {
      "Action": "utter",
      "Agent": "User",
      "Text": "Katarina Miller",
      "UnixTime": 1590192626
    },
    {
      "Action": "request_suggestions",
      "Agent": "Wizard",
      "Text": "Time",
      "UnixTime": 1590192644
    },
    {
      "Action": "pick_suggestion",
      "ActionLabel": "restaurant_ask_time",
      "ActionLabelOptions": [
        "restaurant_ask_time",
        "hello",
        "ask_name"
      ],
      "Agent": "Wizard",
      "Text": "For what time should the reservation be made?",
      "UnixTime": 1590192647
    },
    {
      "Action": "utter",
      "Agent": "User",
      "Text": "6pm",
      "UnixTime": 1590192666
    },
    {
      "Action": "instruct",
      "Agent": "UserGuide",
      "Text": "Please have some smalltalk with the AI Assistant at some point in this dialogue. [instruction 2 of 6]",
      "UnixTime": 1590192666
    },
    {
      "Action": "request_suggestions",
      "Agent": "Wizard",
      "Text": "Guests",
      "UnixTime": 1590192705
    },
    {
      "Action": "pick_suggestion",
      "ActionLabel": "custom",
      "ActionLabelOptions": [
        "custom"
      ],
      "Agent": "Wizard",
      "Text": "Guests",
      "UnixTime": 1590192711
    },
    {
      "Action": "utter",
      "Agent": "User",
      "Text": "2",
      "UnixTime": 1590192746
    },
    {
      "APIName": "restaurant_book",
      "Action": "query",
      "Agent": "Wizard",
      "Constraints": [
        {
          "Name": "\"Lucca\""
        },
        {
          "Time": "\"6 pm\""
        },
        {
          "PartySize": "2"
        },
        {
          "CustomerName": "\"Katarina Miller \""
        },
        {
          "RequestType": "\"Book\""
        }
      ],
      "UnixTime": 1590192783
    },
    {
      "APIName": "restaurant_book",
      "Action": "return_item",
      "Agent": "KnowledgeBase",
      "Item": {
        "APIName": "restaurant_book",
        "ReservationStatus": "Reservation Confirmed",
        "RestaurantName": "Lucca"
      },
      "TotalItems": -1
    },
    {
      "Action": "request_suggestions",
      "Agent": "Wizard",
      "PrimaryItem": {
        "APIName": "restaurant_book",
        "ReservationStatus": "Reservation Confirmed",
        "RestaurantName": "Lucca"
      },
      "Text": "Reserved ",
      "UnixTime": 1590192804
    },
    {
      "Action": "pick_suggestion",
      "ActionLabel": "restaurant_inform_booking_successful",
      "ActionLabelOptions": [
        "restaurant_inform_booking_successful",
        "ask_name",
        "restaurant_inform_nothing_found"
      ],
      "Agent": "Wizard",
      "PrimaryItem": {
        "APIName": "restaurant_book",
        "ReservationStatus": "Reservation Confirmed",
        "RestaurantName": "Lucca"
      },
      "Text": "Excellent, your reservation at the Lucca is confirmed!",
      "UnixTime": 1590192807
    },
    {
      "Action": "utter",
      "Agent": "User",
      "Text": "Great, I need to check my bank account balance please",
      "UnixTime": 1590192832
    },
    {
      "Action": "instruct",
      "Agent": "UserGuide",
      "Text": "If you haven't yet, it's time to change topic. You can also go back and forth between topics. [instruction 3 of 6]",
      "UnixTime": 1590192832
    },
    {
      "Action": "select_task",
      "Agent": "Wizard",
      "PrimaryItem": {
        "APIName": "restaurant_book",
        "ReservationStatus": "Reservation Confirmed",
        "RestaurantName": "Lucca"
      },
      "Task": "bank_balance",
      "UnixTime": 1590192839
    },
    {
      "Action": "request_suggestions",
      "Agent": "Wizard",
      "PrimaryItem": {
        "APIName": "restaurant_book",
        "ReservationStatus": "Reservation Confirmed",
        "RestaurantName": "Lucca"
      },
      "Text": "Your name ",
      "UnixTime": 1590192844
    },
    {
      "Action": "pick_suggestion",
      "ActionLabel": "ask_name",
      "ActionLabelOptions": [
        "ask_name",
        "ask_name",
        "bank_ask_dob",
        "anything_else",
        "restaurant_ask_restaurant",
        "restaurant_ask_time"
      ],
      "Agent": "Wizard",
      "PrimaryItem": {
        "APIName": "restaurant_book",
        "ReservationStatus": "Reservation Confirmed",
        "RestaurantName": "Lucca"
      },
      "Text": "Could I get your full name, please?",
      "UnixTime": 1590192848
    },
    {
      "Action": "utter",
      "Agent": "User",
      "Text": "Katarina Miller",
      "UnixTime": 1590192872
    },
    {
      "Action": "instruct",
      "Agent": "UserGuide",
      "Text": "If it makes sense, use some negations ('I don't want X', or 'anything but Y', etc.) [instruction 4 of 6]",
      "UnixTime": 1590192872
    },
    {
      "Action": "request_suggestions",
      "Agent": "Wizard",
      "PrimaryItem": {
        "APIName": "restaurant_book",
        "ReservationStatus": "Reservation Confirmed",
        "RestaurantName": "Lucca"
      },
      "Text": "Pin",
      "UnixTime": 1590192878
    },
    {
      "Action": "utter",
      "Agent": "Wizard",
      "PrimaryItem": {
        "APIName": "restaurant_book",
        "ReservationStatus": "Reservation Confirmed",
        "RestaurantName": "Lucca"
      },
      "Text": "Account number and pin ",
      "UnixTime": 1590192890
    },
    {
      "Action": "utter",
      "Agent": "User",
      "Text": "153531981 and PIN 1596",
      "UnixTime": 1590192909
    },
    {
      "Action": "instruct",
      "Agent": "UserGuide",
      "Text": "Keep going until you've covered all the topics (reserving a table at a restaurant and bank balance checking). The conversation should continue at least until the last instruction is given. [instruction 5 of 6]",
      "UnixTime": 1590192909
    },
    {
      "APIName": "bank_balance",
      "Action": "query",
      "Agent": "Wizard",
      "Constraints": [
        {
          "PIN": "1596"
        },
        {
          "AccountNumber": "153531981 "
        },
        {
          "FullName": "\"Katarina Miller\""
        }
      ],
      "PrimaryItem": {
        "APIName": "restaurant_book",
        "ReservationStatus": "Reservation Confirmed",
        "RestaurantName": "Lucca"
      },
      "UnixTime": 1590192933
    },
    {
      "APIName": "bank_balance",
      "Action": "return_item",
      "Agent": "KnowledgeBase",
      "Item": {
        "APIName": "bank_balance",
        "BankBalance": 257,
        "BankName": "Bank of America",
        "id": 854
      },
      "TotalItems": -1
    },
    {
      "Action": "request_suggestions",
      "Agent": "Wizard",
      "PrimaryItem": {
        "APIName": "bank_balance",
        "BankBalance": 257,
        "BankName": "Bank of America",
        "id": 854
      },
      "Text": "257",
      "UnixTime": 1590192938
    },
    {
      "Action": "pick_suggestion",
      "ActionLabel": "bank_inform_balance",
      "ActionLabelOptions": [
        "bank_inform_balance",
        "hello",
        "anything_else"
      ],
      "Agent": "Wizard",
      "PrimaryItem": {
        "APIName": "bank_balance",
        "BankBalance": 257,
        "BankName": "Bank of America",
        "id": 854
      },
      "Text": "Your current balance is 257 in credit.",
      "UnixTime": 1590192942
    },
    {
      "Action": "utter",
      "Agent": "User",
      "Text": "okay I should have enough, I hope. That'd be embarrassing. I would like to know the weather too.",
      "UnixTime": 1590193002
    },
    {
      "Action": "select_task",
      "Agent": "Wizard",
      "PrimaryItem": {
        "APIName": "bank_balance",
        "BankBalance": 257,
        "BankName": "Bank of America",
        "id": 854
      },
      "Task": "weather",
      "UnixTime": 1590193002
    },
    {
      "Action": "request_suggestions",
      "Agent": "Wizard",
      "PrimaryItem": {
        "APIName": "bank_balance",
        "BankBalance": 257,
        "BankName": "Bank of America",
        "id": 854
      },
      "Text": "Day",
      "UnixTime": 1590193015
    },
    {
      "Action": "pick_suggestion",
      "ActionLabel": "weather_ask_day",
      "ActionLabelOptions": [
        "weather_ask_day",
        "bank_ask_dob",
        "anything_else",
        "bank_inform_cannot_authenticate",
        "goodbye_1",
        "hello"
      ],
      "Agent": "Wizard",
      "PrimaryItem": {
        "APIName": "bank_balance",
        "BankBalance": 257,
        "BankName": "Bank of America",
        "id": 854
      },
      "Text": "For what day would you like the weather forecast?",
      "UnixTime": 1590193019
    },
    {
      "Action": "utter",
      "Agent": "User",
      "Text": "Tuesday",
      "UnixTime": 1590193105
    },
    {
      "Action": "instruct",
      "Agent": "UserGuide",
      "Text": "Ok, once you've touched on all the topics (restaurant and bank balance checking) and engaged in some smalltalk, you can bring the conversation to a natural close. [instruction 6 of 6]",
      "UnixTime": 1590193105
    },
    {
      "APIName": "weather",
      "Action": "query",
      "Agent": "Wizard",
      "Constraints": [
        {
          "Day": "\"Tuesday\""
        }
      ],
      "PrimaryItem": {
        "APIName": "bank_balance",
        "BankBalance": 257,
        "BankName": "Bank of America",
        "id": 854
      },
      "UnixTime": 1590193112
    },
    {
      "APIName": "weather",
      "Action": "return_item",
      "Agent": "KnowledgeBase",
      "Item": {
        "APIName": "weather",
        "City": "Pittsburgh",
        "Day": "Tuesday",
        "TemperatureCelsius": 12,
        "Weather": "Partly Cloudy",
        "id": 345
      },
      "TotalItems": -1
    },
    {
      "Action": "request_suggestions",
      "Agent": "Wizard",
      "PrimaryItem": {
        "APIName": "weather",
        "City": "Pittsburgh",
        "Day": "Tuesday",
        "TemperatureCelsius": 12,
        "Weather": "Partly Cloudy",
        "id": 345
      },
      "Text": "Partly cloudy ",
      "UnixTime": 1590193122
    },
    {
      "Action": "pick_suggestion",
      "ActionLabel": "weather_inform_forecast",
      "ActionLabelOptions": [
        "weather_inform_forecast",
        "weather_ask_location",
        "goodbye_1"
      ],
      "Agent": "Wizard",
      "PrimaryItem": {
        "APIName": "weather",
        "City": "Pittsburgh",
        "Day": "Tuesday",
        "TemperatureCelsius": 12,
        "Weather": "Partly Cloudy",
        "id": 345
      },
      "Text": "It will be Partly Cloudy all day on Tuesday in Pittsburgh, with temperatures of around 12 degrees celsius.",
      "UnixTime": 1590193126
    },
    {
      "Action": "utter",
      "Agent": "User",
      "Text": "That's perfect. Thank you!",
      "UnixTime": 1590193139
    },
    {
      "Action": "request_suggestions",
      "Agent": "Wizard",
      "PrimaryItem": {
        "APIName": "weather",
        "City": "Pittsburgh",
        "Day": "Tuesday",
        "TemperatureCelsius": 12,
        "Weather": "Partly Cloudy",
        "id": 345
      },
      "Text": "That",
      "UnixTime": 1590193173
    },
    {
      "Action": "pick_suggestion",
      "ActionLabel": "hello",
      "ActionLabelOptions": [
        "hello",
        "out_of_scope",
        "goodbye_1"
      ],
      "Agent": "Wizard",
      "PrimaryItem": {
        "APIName": "weather",
        "City": "Pittsburgh",
        "Day": "Tuesday",
        "TemperatureCelsius": 12,
        "Weather": "Partly Cloudy",
        "id": 345
      },
      "Text": "Hello, how can I help?",
      "UnixTime": 1590193179
    },
    {
      "Action": "complete",
      "Agent": "User",
      "UnixTime": 1590193209
    }
  ],
  "FORMAT-VERSION": 7,
  "IntroducesConflicts": false,
  "Scenario": {
    "Domains": [
      "bank",
      "restaurant",
      "weather"
    ],
    "Happy": false,
    "MultiTask": true,
    "UserTask": "Come up with your own scenario!\n\nAbout you:\n- Your name: Katarina Miller\n- Your bank account: 153531981, with PIN 1596\n- Today is Tuesday the 7th of June, 1 pm\n\n The AI Assistant can handle:\n- Checking bank balance\n- Reserving a table at a restaurant (e.g. Lucca or Cactus Club) for today\n- Checking the weather forecast in different Cities (e.g. Pittsburgh or San Francisco)",
    "WizardCapabilities": [
      {
        "Domain": "restaurant",
        "SchemaImage": "restaurant_book.jpg",
        "Task": "restaurant_book"
      },
      {
        "Domain": "bank",
        "SchemaImage": "bank_balance.jpg",
        "Task": "bank_balance"
      },
      {
        "Domain": "weather",
        "SchemaImage": "weather.jpg",
        "Task": "weather"
      }
    ],
    "WizardTask": "Follow the flow charts and help the user. Assume:\n\n- Today is Tuesday the 7th of June, 1 pm"
  },
  "UserQuestionnaire": [
    {
      "Answer": true,
      "Question": "Did the assistant stay calm and helpful throughout the dialogue?"
    }
  ],
  "WizardQuestionnaire": [
    {
      "Answer": false,
      "Question": "Did the user change his/her mind about what he/she wants at any time?"
    },
    {
      "Answer": false,
      "Question": "Did the user become aggressive or annoyed during the dialogue? (Note: some users may be instructed to be annoying.)"
    },
    {
      "Answer": false,
      "Question": "Where you unsure about what to do at any time? (Feel free to send us an email with details.)"
    }
  ]
}