{
  "AnonymizedUserWorkerID": "00f54eab-f813-a79e-fabe-cbdd3da9441d",
  "AnonymizedWizardWorkerID": "a2d15359-e691-350e-8034-7685cce53920",
  "BatchID": "woz_1590081561",
  "CompletionLevel": "Complete",
  "DialogueID": 5921,
  "Events": [
    {
      "Action": "instruct",
      "Agent": "UserGuide",
      "Text": "Use your imagination to generate a conversation about the topics 'Reserving a table at a restaurant' and 'Bank balance checking' (in any order), as shown on the left. You may also ask the assistant about the weather.  [instruction 1 of 6]",
      "UnixTime": 1590090076
    },
    {
      "Action": "utter",
      "Agent": "User",
      "Text": "Hello",
      "UnixTime": 1590090126
    },
    {
      "Action": "request_suggestions",
      "Agent": "Wizard",
      "Text": "hello how can i help",
      "UnixTime": 1590090134
    },
    {
      "Action": "pick_suggestion",
      "ActionLabel": "hello",
      "ActionLabelOptions": [
        "hello",
        "out_of_scope",
        "restaurant_ask_size"
      ],
      "Agent": "Wizard",
      "Text": "Hello, how can I help?",
      "UnixTime": 1590090135
    },
    {
      "Action": "utter",
      "Agent": "User",
      "Text": "I need to make a reservation for tonight, please.",
      "UnixTime": 1590090152
    },
    {
      "Action": "request_suggestions",
      "Agent": "Wizard",
      "Text": "can i get your name",
      "UnixTime": 1590090168
    },
    {
      "Action": "pick_suggestion",
      "ActionLabel": "ask_name",
      "ActionLabelOptions": [
        "ask_name",
        "restaurant_ask_restaurant",
        "restaurant_ask_time"
      ],
      "Agent": "Wizard",
      "Text": "May I have your name, please?",
      "UnixTime": 1590090170
    },
    {
      "Action": "utter",
      "Agent": "User",
      "Text": "Sarah Brown",
      "UnixTime": 1590090175
    },
    {
      "Action": "instruct",
      "Agent": "UserGuide",
      "Text": "Please have some smalltalk with the AI Assistant at some point in this dialogue. [instruction 2 of 6]",
      "UnixTime": 1590090175
    },
    {
      "Action": "request_suggestions",
      "Agent": "Wizard",
      "Text": "how many people?",
      "UnixTime": 1590090197
    },
    {
      "Action": "pick_suggestion",
      "ActionLabel": "restaurant_ask_size",
      "ActionLabelOptions": [
        "restaurant_ask_size",
        "out_of_scope",
        "hello"
      ],
      "Agent": "Wizard",
      "Text": "For how many people should the reservation be made?",
      "UnixTime": 1590090198
    },
    {
      "Action": "utter",
      "Agent": "User",
      "Text": "I'm hoping to take 6 of my girlfriends out for dinner- so a reservation for 7. But before we do that, let's check my bank balance and make sure I can afford it.",
      "UnixTime": 1590090232
    },
    {
      "Action": "select_task",
      "Agent": "Wizard",
      "Task": "bank_balance",
      "UnixTime": 1590090243
    },
    {
      "Action": "select_task",
      "Agent": "Wizard",
      "Task": "restaurant_book",
      "UnixTime": 1590090245
    },
    {
      "Action": "select_task",
      "Agent": "Wizard",
      "Task": "bank_balance",
      "UnixTime": 1590090247
    },
    {
      "Action": "select_task",
      "Agent": "Wizard",
      "Task": "restaurant_book",
      "UnixTime": 1590090259
    },
    {
      "Action": "select_task",
      "Agent": "Wizard",
      "Task": "bank_balance",
      "UnixTime": 1590090262
    },
    {
      "Action": "request_suggestions",
      "Agent": "Wizard",
      "Text": "can i have your account number",
      "UnixTime": 1590090273
    },
    {
      "Action": "pick_suggestion",
      "ActionLabel": "bank_ask_account_number",
      "ActionLabelOptions": [
        "bank_ask_account_number",
        "goodbye_1",
        "bank_inform_cannot_authenticate"
      ],
      "Agent": "Wizard",
      "Text": "Can you tell me your account number, please?",
      "UnixTime": 1590090275
    },
    {
      "Action": "utter",
      "Agent": "User",
      "Text": "It is 351531510",
      "UnixTime": 1590090288
    },
    {
      "Action": "instruct",
      "Agent": "UserGuide",
      "Text": "If you haven't yet, it's time to change topic. You can also go back and forth between topics. [instruction 3 of 6]",
      "UnixTime": 1590090288
    },
    {
      "Action": "request_suggestions",
      "Agent": "Wizard",
      "Text": "and your pin",
      "UnixTime": 1590090299
    },
    {
      "Action": "pick_suggestion",
      "ActionLabel": "bank_ask_pin",
      "ActionLabelOptions": [
        "bank_ask_pin",
        "bank_ask_childhood_pets_name",
        "anything_else"
      ],
      "Agent": "Wizard",
      "Text": "Right, and your PIN as well please.",
      "UnixTime": 1590090301
    },
    {
      "Action": "utter",
      "Agent": "User",
      "Text": "My pin is 1596.",
      "UnixTime": 1590090310
    },
    {
      "Action": "instruct",
      "Agent": "UserGuide",
      "Text": "If it makes sense, use some negations ('I don't want X', or 'anything but Y', etc.) [instruction 4 of 6]",
      "UnixTime": 1590090310
    },
    {
      "APIName": "bank_balance",
      "Action": "query",
      "Agent": "Wizard",
      "Constraints": [
        {
          "FullName": "\"Sarah Brown\""
        },
        {
          "AccountNumber": "351531510"
        },
        {
          "PIN": "1596"
        }
      ],
      "UnixTime": 1590090324
    },
    {
      "APIName": "bank_balance",
      "Action": "return_item",
      "Agent": "KnowledgeBase",
      "Item": {
        "APIName": "bank_balance",
        "BankBalance": 3142,
        "BankName": "Wells Fargo",
        "id": 796
      },
      "TotalItems": -1
    },
    {
      "Action": "request_suggestions",
      "Agent": "Wizard",
      "PrimaryItem": {
        "APIName": "bank_balance",
        "BankBalance": 3142,
        "BankName": "Wells Fargo",
        "id": 796
      },
      "Text": "your balance is 3142",
      "UnixTime": 1590090329
    },
    {
      "Action": "pick_suggestion",
      "ActionLabel": "bank_inform_balance",
      "ActionLabelOptions": [
        "bank_inform_balance",
        "hello",
        "anything_else"
      ],
      "Agent": "Wizard",
      "PrimaryItem": {
        "APIName": "bank_balance",
        "BankBalance": 3142,
        "BankName": "Wells Fargo",
        "id": 796
      },
      "Text": "Your current balance is 3142 in credit.",
      "UnixTime": 1590090331
    },
    {
      "Action": "utter",
      "Agent": "User",
      "Text": "Great! I have plenty of money- woohoo! Now back to the reservation- I don't want anything before 7 pm.",
      "UnixTime": 1590090358
    },
    {
      "Action": "instruct",
      "Agent": "UserGuide",
      "Text": "Keep going until you've covered all the topics (reserving a table at a restaurant and bank balance checking). The conversation should continue at least until the last instruction is given. [instruction 5 of 6]",
      "UnixTime": 1590090358
    },
    {
      "Action": "select_task",
      "Agent": "Wizard",
      "PrimaryItem": {
        "APIName": "bank_balance",
        "BankBalance": 3142,
        "BankName": "Wells Fargo",
        "id": 796
      },
      "Task": "restaurant_book",
      "UnixTime": 1590090358
    },
    {
      "Action": "request_suggestions",
      "Agent": "Wizard",
      "PrimaryItem": {
        "APIName": "bank_balance",
        "BankBalance": 3142,
        "BankName": "Wells Fargo",
        "id": 796
      },
      "Text": "which restaurant?",
      "UnixTime": 1590090379
    },
    {
      "Action": "pick_suggestion",
      "ActionLabel": "restaurant_ask_restaurant",
      "ActionLabelOptions": [
        "restaurant_ask_restaurant",
        "bank_ask_childhood_pets_name",
        "hello",
        "ask_name",
        "restaurant_ask_time",
        "out_of_scope"
      ],
      "Agent": "Wizard",
      "PrimaryItem": {
        "APIName": "bank_balance",
        "BankBalance": 3142,
        "BankName": "Wells Fargo",
        "id": 796
      },
      "Text": "What restaurant would you like to go to?",
      "UnixTime": 1590090381
    },
    {
      "Action": "utter",
      "Agent": "User",
      "Text": "Let's try Lucca- I've heard their dessert is amazing!",
      "UnixTime": 1590090398
    },
    {
      "APIName": "restaurant_book",
      "Action": "query",
      "Agent": "Wizard",
      "Constraints": [
        {
          "Name": "\"Lucca\""
        },
        {
          "Time": "\"8 pm\""
        },
        {
          "PartySize": "7"
        },
        {
          "CustomerName": "\"Sarah Brown\""
        },
        {
          "RequestType": "\"Check\""
        }
      ],
      "PrimaryItem": {
        "APIName": "bank_balance",
        "BankBalance": 3142,
        "BankName": "Wells Fargo",
        "id": 796
      },
      "UnixTime": 1590090402
    },
    {
      "APIName": "restaurant_book",
      "Action": "return_item",
      "Agent": "KnowledgeBase",
      "Item": {
        "APIName": "restaurant_book",
        "Message": "Available",
        "RestaurantName": "Lucca"
      },
      "TotalItems": -1
    },
    {
      "Action": "request_suggestions",
      "Agent": "Wizard",
      "PrimaryItem": {
        "APIName": "restaurant_book",
        "Message": "Available",
        "RestaurantName": "Lucca"
      },
      "Text": "Lucca is available",
      "UnixTime": 1590090407
    },
    {
      "Action": "pick_suggestion",
      "ActionLabel": "restaurant_ask_confirm_booking",
      "ActionLabelOptions": [
        "restaurant_ask_confirm_booking",
        "restaurant_inform_booking_successful",
        "restaurant_inform_unavailable"
      ],
      "Agent": "Wizard",
      "PrimaryItem": {
        "APIName": "restaurant_book",
        "Message": "Available",
        "RestaurantName": "Lucca"
      },
      "Text": "Great, the Lucca is happy to accommodate you.\nCan I confirm your reservation with them?",
      "UnixTime": 1590090410
    },
    {
      "Action": "utter",
      "Agent": "User",
      "Text": "Please do!",
      "UnixTime": 1590090419
    },
    {
      "Action": "instruct",
      "Agent": "UserGuide",
      "Text": "Ok, once you've touched on all the topics (restaurant and bank balance checking) and engaged in some smalltalk, you can bring the conversation to a natural close. [instruction 6 of 6]",
      "UnixTime": 1590090419
    },
    {
      "APIName": "restaurant_book",
      "Action": "query",
      "Agent": "Wizard",
      "Constraints": [
        {
          "Name": "\"Lucca\""
        },
        {
          "Time": "\"8 pm\""
        },
        {
          "PartySize": "7"
        },
        {
          "CustomerName": "\"Sarah Brown\""
        },
        {
          "RequestType": "\"Book\""
        }
      ],
      "PrimaryItem": {
        "APIName": "restaurant_book",
        "Message": "Available",
        "RestaurantName": "Lucca"
      },
      "UnixTime": 1590090423
    },
    {
      "APIName": "restaurant_book",
      "Action": "return_item",
      "Agent": "KnowledgeBase",
      "Item": {
        "APIName": "restaurant_book",
        "ReservationStatus": "Reservation Confirmed",
        "RestaurantName": "Lucca"
      },
      "TotalItems": -1
    },
    {
      "Action": "request_suggestions",
      "Agent": "Wizard",
      "PrimaryItem": {
        "APIName": "restaurant_book",
        "ReservationStatus": "Reservation Confirmed",
        "RestaurantName": "Lucca"
      },
      "Text": "your reservation is confirmed",
      "UnixTime": 1590090432
    },
    {
      "Action": "pick_suggestion",
      "ActionLabel": "restaurant_inform_booking_successful",
      "ActionLabelOptions": [
        "restaurant_inform_booking_successful",
        "restaurant_inform_nothing_found",
        "restaurant_ask_confirm_booking"
      ],
      "Agent": "Wizard",
      "PrimaryItem": {
        "APIName": "restaurant_book",
        "ReservationStatus": "Reservation Confirmed",
        "RestaurantName": "Lucca"
      },
      "Text": "Excellent, your reservation at the Lucca is confirmed!",
      "UnixTime": 1590090434
    },
    {
      "Action": "utter",
      "Agent": "User",
      "Text": "Thank you for your help! Goodbye!",
      "UnixTime": 1590090444
    },
    {
      "Action": "request_suggestions",
      "Agent": "Wizard",
      "PrimaryItem": {
        "APIName": "restaurant_book",
        "ReservationStatus": "Reservation Confirmed",
        "RestaurantName": "Lucca"
      },
      "Text": "Thank you and goodbye",
      "UnixTime": 1590090451
    },
    {
      "Action": "utter",
      "ActionLabel": "restaurant_bye",
      "Agent": "Wizard",
      "PrimaryItem": {
        "APIName": "restaurant_book",
        "ReservationStatus": "Reservation Confirmed",
        "RestaurantName": "Lucca"
      },
      "Text": "Thank you and goodbye!",
      "UnixTime": 1590090464
    },
    {
      "Action": "complete",
      "Agent": "User",
      "UnixTime": 1590090468
    }
  ],
  "FORMAT-VERSION": 7,
  "IntroducesConflicts": false,
  "Scenario": {
    "Domains": [
      "bank",
      "restaurant",
      "weather"
    ],
    "Happy": false,
    "MultiTask": true,
    "UserTask": "Come up with your own scenario!\n\nAbout you:\n- Your name: Sarah Brown\n- Your bank account: 351531510, with PIN 1596\n- Today is Wednesday the 6th of June, 4 pm\n\n The AI Assistant can handle:\n- Checking bank balance\n- Reserving a table at a restaurant (e.g. Legume or Lucca) for today\n- Checking the weather forecast in different Cities (e.g. Detroit or New York City)",
    "WizardCapabilities": [
      {
        "Domain": "restaurant",
        "SchemaImage": "restaurant_book.jpg",
        "Task": "restaurant_book"
      },
      {
        "Domain": "bank",
        "SchemaImage": "bank_balance.jpg",
        "Task": "bank_balance"
      },
      {
        "Domain": "weather",
        "SchemaImage": "weather.jpg",
        "Task": "weather"
      }
    ],
    "WizardTask": "Follow the flow charts and help the user. Assume:\n\n- Today is Wednesday the 6th of June, 4 pm"
  },
  "UserQuestionnaire": [
    {
      "Answer": true,
      "Question": "Did the assistant stay calm and helpful throughout the dialogue?"
    }
  ],
  "WizardQuestionnaire": [
    {
      "Answer": false,
      "Question": "Did the user change his/her mind about what he/she wants at any time?"
    },
    {
      "Answer": false,
      "Question": "Did the user become aggressive or annoyed during the dialogue? (Note: some users may be instructed to be annoying.)"
    },
    {
      "Answer": false,
      "Question": "Where you unsure about what to do at any time? (Feel free to send us an email with details.)"
    }
  ]
}