{
  "AnonymizedUserWorkerID": "cd977bea-cf5f-e55d-dd23-dcad7db29be1",
  "AnonymizedWizardWorkerID": "34240f9a-bd13-8ae1-c634-f07162c54b7c",
  "BatchID": "woz_1590081561",
  "CompletionLevel": "Complete",
  "DialogueID": 5961,
  "Events": [
    {
      "Action": "instruct",
      "Agent": "UserGuide",
      "Text": "Use your imagination to generate a conversation about the topics 'finding a flight from New York City to Chicago' and 'reserving a flight' (in any order), as shown on the left. You may also ask the assistant about the weather.  [instruction 1 of 6]",
      "UnixTime": 1590091337
    },
    {
      "Action": "utter",
      "Agent": "User",
      "Text": "Hello! can you help me find a flight from NY to Chicago please?",
      "UnixTime": 1590091368
    },
    {
      "Action": "select_task",
      "Agent": "Wizard",
      "Task": "plane_book",
      "UnixTime": 1590091368
    },
    {
      "Action": "select_task",
      "Agent": "Wizard",
      "Task": "weather",
      "UnixTime": 1590091368
    },
    {
      "Action": "select_task",
      "Agent": "Wizard",
      "Task": "plane_search",
      "UnixTime": 1590091368
    },
    {
      "Action": "select_task",
      "Agent": "Wizard",
      "Task": "plane_book",
      "UnixTime": 1590091368
    },
    {
      "Action": "select_task",
      "Agent": "Wizard",
      "Task": "weather",
      "UnixTime": 1590091368
    },
    {
      "Action": "select_task",
      "Agent": "Wizard",
      "Task": "plane_search",
      "UnixTime": 1590091375
    },
    {
      "Action": "request_suggestions",
      "Agent": "Wizard",
      "Text": "what day",
      "UnixTime": 1590091390
    },
    {
      "Action": "pick_suggestion",
      "ActionLabel": "plane_ask_date",
      "ActionLabelOptions": [
        "plane_ask_date",
        "plane_request_optional",
        "plane_ask_arrival_city"
      ],
      "Agent": "Wizard",
      "Text": "On what day do you want the plane to arrive?",
      "UnixTime": 1590091393
    },
    {
      "Action": "utter",
      "Agent": "User",
      "Text": "Tuesday",
      "UnixTime": 1590091410
    },
    {
      "Action": "select_task",
      "Agent": "Wizard",
      "Task": "plane_book",
      "UnixTime": 1590091429
    },
    {
      "Action": "request_suggestions",
      "Agent": "Wizard",
      "Text": "Can you give me a date in the month please?",
      "UnixTime": 1590091461
    },
    {
      "Action": "utter",
      "Agent": "Wizard",
      "Text": "Can you give me a date in the month please?",
      "UnixTime": 1590091467
    },
    {
      "Action": "utter",
      "Agent": "User",
      "Text": "05/26/2020",
      "UnixTime": 1590091501
    },
    {
      "Action": "instruct",
      "Agent": "UserGuide",
      "Text": "Please have some smalltalk with the AI Assistant at some point in this dialogue. [instruction 2 of 6]",
      "UnixTime": 1590091501
    },
    {
      "Action": "select_task",
      "Agent": "Wizard",
      "Task": "plane_search",
      "UnixTime": 1590091501
    },
    {
      "APIName": "plane_search",
      "Action": "query",
      "Agent": "Wizard",
      "Constraints": [
        {
          "DepartureCity": "\"New York City\""
        },
        {
          "ArrivalCity": "\"Chicago\""
        },
        {
          "Date": "\"26th\""
        }
      ],
      "UnixTime": 1590091508
    },
    {
      "APIName": "plane_search",
      "Action": "return_item",
      "Agent": "KnowledgeBase",
      "Item": {
        "APIName": "plane_search",
        "Airline": "Virgin",
        "ArrivalCity": "Chicago",
        "ArrivalTime": "12 am",
        "Class": "Economy",
        "Date": "26th",
        "DepartureCity": "New York City",
        "DurationHours": 2,
        "Price": 323,
        "id": 139
      },
      "TotalItems": 1
    },
    {
      "Action": "request_suggestions",
      "Agent": "Wizard",
      "PrimaryItem": {
        "APIName": "plane_search",
        "Airline": "Virgin",
        "ArrivalCity": "Chicago",
        "ArrivalTime": "12 am",
        "Class": "Economy",
        "Date": "26th",
        "DepartureCity": "New York City",
        "DurationHours": 2,
        "Price": 323,
        "id": 139
      },
      "Text": "i found a flight",
      "UnixTime": 1590091516
    },
    {
      "Action": "request_suggestions",
      "Agent": "Wizard",
      "PrimaryItem": {
        "APIName": "plane_search",
        "Airline": "Virgin",
        "ArrivalCity": "Chicago",
        "ArrivalTime": "12 am",
        "Class": "Economy",
        "Date": "26th",
        "DepartureCity": "New York City",
        "DurationHours": 2,
        "Price": 323,
        "id": 139
      },
      "Text": "there is a flight",
      "UnixTime": 1590091523
    },
    {
      "Action": "request_suggestions",
      "Agent": "Wizard",
      "PrimaryItem": {
        "APIName": "plane_search",
        "Airline": "Virgin",
        "ArrivalCity": "Chicago",
        "ArrivalTime": "12 am",
        "Class": "Economy",
        "Date": "26th",
        "DepartureCity": "New York City",
        "DurationHours": 2,
        "Price": 323,
        "id": 139
      },
      "Text": "flight from new york to chicago",
      "UnixTime": 1590091540
    },
    {
      "Action": "pick_suggestion",
      "ActionLabel": "plane_inform_flight_details",
      "ActionLabelOptions": [
        "plane_inform_flight_details",
        "ask_departure_location",
        "out_of_scope"
      ],
      "Agent": "Wizard",
      "PrimaryItem": {
        "APIName": "plane_search",
        "Airline": "Virgin",
        "ArrivalCity": "Chicago",
        "ArrivalTime": "12 am",
        "Class": "Economy",
        "Date": "26th",
        "DepartureCity": "New York City",
        "DurationHours": 2,
        "Price": 323,
        "id": 139
      },
      "Text": "Right, I found an Economy flight with Virgin for 323 credits\n that takes 2 hours to get to Chicago.",
      "UnixTime": 1590091543
    },
    {
      "Action": "utter",
      "Agent": "User",
      "Text": "Guess what? May 27th is my anniversary and i am going to Chicago to surprise my wife!",
      "UnixTime": 1590091587
    },
    {
      "Action": "request_suggestions",
      "Agent": "Wizard",
      "PrimaryItem": {
        "APIName": "plane_search",
        "Airline": "Virgin",
        "ArrivalCity": "Chicago",
        "ArrivalTime": "12 am",
        "Class": "Economy",
        "Date": "26th",
        "DepartureCity": "New York City",
        "DurationHours": 2,
        "Price": 323,
        "id": 139
      },
      "Text": "That's great! Can I do anything else for you?",
      "UnixTime": 1590091632
    },
    {
      "Action": "utter",
      "Agent": "Wizard",
      "PrimaryItem": {
        "APIName": "plane_search",
        "Airline": "Virgin",
        "ArrivalCity": "Chicago",
        "ArrivalTime": "12 am",
        "Class": "Economy",
        "Date": "26th",
        "DepartureCity": "New York City",
        "DurationHours": 2,
        "Price": 323,
        "id": 139
      },
      "Text": "That's great! Can I do anything else for you?",
      "UnixTime": 1590091638
    },
    {
      "Action": "utter",
      "Agent": "User",
      "Text": "Can you book that flight?",
      "UnixTime": 1590091665
    },
    {
      "Action": "instruct",
      "Agent": "UserGuide",
      "Text": "If you haven't yet, it's time to change topic. You can also go back and forth between topics. [instruction 3 of 6]",
      "UnixTime": 1590091665
    },
    {
      "Action": "select_task",
      "Agent": "Wizard",
      "PrimaryItem": {
        "APIName": "plane_search",
        "Airline": "Virgin",
        "ArrivalCity": "Chicago",
        "ArrivalTime": "12 am",
        "Class": "Economy",
        "Date": "26th",
        "DepartureCity": "New York City",
        "DurationHours": 2,
        "Price": 323,
        "id": 139
      },
      "Task": "plane_book",
      "UnixTime": 1590091675
    },
    {
      "Action": "request_suggestions",
      "Agent": "Wizard",
      "PrimaryItem": {
        "APIName": "plane_search",
        "Airline": "Virgin",
        "ArrivalCity": "Chicago",
        "ArrivalTime": "12 am",
        "Class": "Economy",
        "Date": "26th",
        "DepartureCity": "New York City",
        "DurationHours": 2,
        "Price": 323,
        "id": 139
      },
      "Text": "Yes, can I have your name please?",
      "UnixTime": 1590091707
    },
    {
      "Action": "request_suggestions",
      "Agent": "Wizard",
      "PrimaryItem": {
        "APIName": "plane_search",
        "Airline": "Virgin",
        "ArrivalCity": "Chicago",
        "ArrivalTime": "12 am",
        "Class": "Economy",
        "Date": "26th",
        "DepartureCity": "New York City",
        "DurationHours": 2,
        "Price": 323,
        "id": 139
      },
      "Text": "Yes, may I have your name please?",
      "UnixTime": 1590091716
    },
    {
      "Action": "utter",
      "Agent": "Wizard",
      "PrimaryItem": {
        "APIName": "plane_search",
        "Airline": "Virgin",
        "ArrivalCity": "Chicago",
        "ArrivalTime": "12 am",
        "Class": "Economy",
        "Date": "26th",
        "DepartureCity": "New York City",
        "DurationHours": 2,
        "Price": 323,
        "id": 139
      },
      "Text": "Yes, may I have your name please?",
      "UnixTime": 1590091729
    },
    {
      "Action": "utter",
      "Agent": "User",
      "Text": "John",
      "UnixTime": 1590091738
    },
    {
      "Action": "instruct",
      "Agent": "UserGuide",
      "Text": "If it makes sense, use some negations ('I don't want X', or 'anything but Y', etc.) [instruction 4 of 6]",
      "UnixTime": 1590091738
    },
    {
      "APIName": "plane_book",
      "Action": "query",
      "Agent": "Wizard",
      "Constraints": [
        {
          "id": "139"
        },
        {
          "CustomerName": "\"John\""
        },
        {
          "RequestType": "\"Book\""
        }
      ],
      "PrimaryItem": {
        "APIName": "plane_search",
        "Airline": "Virgin",
        "ArrivalCity": "Chicago",
        "ArrivalTime": "12 am",
        "Class": "Economy",
        "Date": "26th",
        "DepartureCity": "New York City",
        "DurationHours": 2,
        "Price": 323,
        "id": 139
      },
      "UnixTime": 1590091746
    },
    {
      "APIName": "plane_book",
      "Action": "return_item",
      "Agent": "KnowledgeBase",
      "Item": {
        "APIName": "plane_book",
        "ReservationStatus": "Reservation Confirmed",
        "id": 139
      },
      "TotalItems": -1
    },
    {
      "Action": "request_suggestions",
      "Agent": "Wizard",
      "PrimaryItem": {
        "APIName": "plane_book",
        "ReservationStatus": "Reservation Confirmed",
        "id": 139
      },
      "Text": "Your reservation is confirmed",
      "UnixTime": 1590091756
    },
    {
      "Action": "pick_suggestion",
      "ActionLabel": "plane_reservation_succeeded",
      "ActionLabelOptions": [
        "plane_reservation_succeeded",
        "plane_reservation_failed",
        "plane_inform_nothing_found"
      ],
      "Agent": "Wizard",
      "PrimaryItem": {
        "APIName": "plane_book",
        "ReservationStatus": "Reservation Confirmed",
        "id": 139
      },
      "Text": "Right, your flight is now reserved!",
      "UnixTime": 1590091759
    },
    {
      "Action": "utter",
      "Agent": "User",
      "Text": "Oh I forgot to mention that I want business class and not economy, please.",
      "UnixTime": 1590091837
    },
    {
      "Action": "instruct",
      "Agent": "UserGuide",
      "Text": "Keep going until you've covered all the topics ('finding a flight' and 'booking a flight'). The conversation should continue at least until the last instruction is given. [instruction 5 of 6]",
      "UnixTime": 1590091837
    },
    {
      "Action": "select_task",
      "Agent": "Wizard",
      "PrimaryItem": {
        "APIName": "plane_book",
        "ReservationStatus": "Reservation Confirmed",
        "id": 139
      },
      "Task": "weather",
      "UnixTime": 1590091837
    },
    {
      "Action": "select_task",
      "Agent": "Wizard",
      "PrimaryItem": {
        "APIName": "plane_book",
        "ReservationStatus": "Reservation Confirmed",
        "id": 139
      },
      "Task": "plane_book",
      "UnixTime": 1590091837
    },
    {
      "Action": "select_task",
      "Agent": "Wizard",
      "PrimaryItem": {
        "APIName": "plane_book",
        "ReservationStatus": "Reservation Confirmed",
        "id": 139
      },
      "Task": "plane_search",
      "UnixTime": 1590091837
    },
    {
      "Action": "select_task",
      "Agent": "Wizard",
      "PrimaryItem": {
        "APIName": "plane_book",
        "ReservationStatus": "Reservation Confirmed",
        "id": 139
      },
      "Task": "weather",
      "UnixTime": 1590091837
    },
    {
      "Action": "select_task",
      "Agent": "Wizard",
      "PrimaryItem": {
        "APIName": "plane_book",
        "ReservationStatus": "Reservation Confirmed",
        "id": 139
      },
      "Task": "plane_search",
      "UnixTime": 1590091837
    },
    {
      "Action": "select_task",
      "Agent": "Wizard",
      "PrimaryItem": {
        "APIName": "plane_book",
        "ReservationStatus": "Reservation Confirmed",
        "id": 139
      },
      "Task": "weather",
      "UnixTime": 1590091837
    },
    {
      "Action": "select_task",
      "Agent": "Wizard",
      "PrimaryItem": {
        "APIName": "plane_book",
        "ReservationStatus": "Reservation Confirmed",
        "id": 139
      },
      "Task": "plane_book",
      "UnixTime": 1590091843
    },
    {
      "Action": "select_task",
      "Agent": "Wizard",
      "PrimaryItem": {
        "APIName": "plane_book",
        "ReservationStatus": "Reservation Confirmed",
        "id": 139
      },
      "Task": "plane_search",
      "UnixTime": 1590091863
    },
    {
      "Action": "select_task",
      "Agent": "Wizard",
      "PrimaryItem": {
        "APIName": "plane_book",
        "ReservationStatus": "Reservation Confirmed",
        "id": 139
      },
      "Task": "plane_book",
      "UnixTime": 1590091865
    },
    {
      "Action": "request_suggestions",
      "Agent": "Wizard",
      "PrimaryItem": {
        "APIName": "plane_book",
        "ReservationStatus": "Reservation Confirmed",
        "id": 139
      },
      "Text": "your reservation is confirmed",
      "UnixTime": 1590091896
    },
    {
      "Action": "pick_suggestion",
      "ActionLabel": "plane_reservation_succeeded",
      "ActionLabelOptions": [
        "plane_reservation_succeeded",
        "plane_reservation_failed",
        "plane_inform_nothing_found"
      ],
      "Agent": "Wizard",
      "PrimaryItem": {
        "APIName": "plane_book",
        "ReservationStatus": "Reservation Confirmed",
        "id": 139
      },
      "Text": "Right, your flight is now reserved!",
      "UnixTime": 1590091902
    },
    {
      "Action": "utter",
      "Agent": "User",
      "Text": "Ok, can you check the weather in Chicago for that day?",
      "UnixTime": 1590091928
    },
    {
      "Action": "select_task",
      "Agent": "Wizard",
      "PrimaryItem": {
        "APIName": "plane_book",
        "ReservationStatus": "Reservation Confirmed",
        "id": 139
      },
      "Task": "weather",
      "UnixTime": 1590091933
    },
    {
      "APIName": "weather",
      "Action": "query",
      "Agent": "Wizard",
      "Constraints": [
        {
          "Day": "\"Tuesday\""
        },
        {
          "City": "\"Chicago\""
        }
      ],
      "PrimaryItem": {
        "APIName": "plane_book",
        "ReservationStatus": "Reservation Confirmed",
        "id": 139
      },
      "UnixTime": 1590091959
    },
    {
      "APIName": "weather",
      "Action": "return_item",
      "Agent": "KnowledgeBase",
      "Item": {
        "APIName": "weather",
        "City": "Chicago",
        "Day": "Tuesday",
        "TemperatureCelsius": 2,
        "Weather": "Cloudy",
        "id": 130
      },
      "TotalItems": -1
    },
    {
      "Action": "request_suggestions",
      "Agent": "Wizard",
      "PrimaryItem": {
        "APIName": "weather",
        "City": "Chicago",
        "Day": "Tuesday",
        "TemperatureCelsius": 2,
        "Weather": "Cloudy",
        "id": 130
      },
      "Text": "it will be cloudy",
      "UnixTime": 1590091968
    },
    {
      "Action": "pick_suggestion",
      "ActionLabel": "weather_inform_forecast",
      "ActionLabelOptions": [
        "weather_inform_forecast",
        "goodbye_1",
        "weather_inform_nothing_found"
      ],
      "Agent": "Wizard",
      "PrimaryItem": {
        "APIName": "weather",
        "City": "Chicago",
        "Day": "Tuesday",
        "TemperatureCelsius": 2,
        "Weather": "Cloudy",
        "id": 130
      },
      "Text": "It will be Cloudy all day on Tuesday in Chicago, with temperatures of around 2 degrees celsius.",
      "UnixTime": 1590091973
    },
    {
      "Action": "utter",
      "Agent": "User",
      "Text": "And how about the weather in New York. I am afraid to fly in bad weather. ",
      "UnixTime": 1590092044
    },
    {
      "Action": "instruct",
      "Agent": "UserGuide",
      "Text": "Ok, once you've touched on all the topics ('finding a flight' and 'booking a flight') and engaged in some smalltalk, you can bring the conversation to a natural close. [instruction 6 of 6]",
      "UnixTime": 1590092044
    },
    {
      "APIName": "weather",
      "Action": "query",
      "Agent": "Wizard",
      "Constraints": [
        {
          "Day": "\"Tuesday\""
        },
        {
          "City": "\"New York City\""
        }
      ],
      "PrimaryItem": {
        "APIName": "weather",
        "City": "Chicago",
        "Day": "Tuesday",
        "TemperatureCelsius": 2,
        "Weather": "Cloudy",
        "id": 130
      },
      "UnixTime": 1590092057
    },
    {
      "APIName": "weather",
      "Action": "return_item",
      "Agent": "KnowledgeBase",
      "Item": {
        "APIName": "weather",
        "City": "New York City",
        "Day": "Tuesday",
        "TemperatureCelsius": 24,
        "Weather": "Sunny",
        "id": 155
      },
      "TotalItems": -1
    },
    {
      "Action": "request_suggestions",
      "Agent": "Wizard",
      "PrimaryItem": {
        "APIName": "weather",
        "City": "New York City",
        "Day": "Tuesday",
        "TemperatureCelsius": 24,
        "Weather": "Sunny",
        "id": 155
      },
      "Text": "the weather in new york",
      "UnixTime": 1590092077
    },
    {
      "Action": "pick_suggestion",
      "ActionLabel": "weather_inform_forecast",
      "ActionLabelOptions": [
        "weather_ask_location",
        "weather_inform_forecast",
        "hello"
      ],
      "Agent": "Wizard",
      "PrimaryItem": {
        "APIName": "weather",
        "City": "New York City",
        "Day": "Tuesday",
        "TemperatureCelsius": 24,
        "Weather": "Sunny",
        "id": 155
      },
      "Text": "It will be Sunny all day on Tuesday in New York City, with temperatures of around 24 degrees celsius.",
      "UnixTime": 1590092080
    },
    {
      "Action": "utter",
      "Agent": "User",
      "Text": "Great! Just want to make sure that my flight is reserved, right?",
      "UnixTime": 1590092101
    },
    {
      "Action": "request_suggestions",
      "Agent": "Wizard",
      "PrimaryItem": {
        "APIName": "weather",
        "City": "New York City",
        "Day": "Tuesday",
        "TemperatureCelsius": 24,
        "Weather": "Sunny",
        "id": 155
      },
      "Text": "Yes, your flight has been booked.",
      "UnixTime": 1590092128
    },
    {
      "Action": "select_task",
      "Agent": "Wizard",
      "PrimaryItem": {
        "APIName": "weather",
        "City": "New York City",
        "Day": "Tuesday",
        "TemperatureCelsius": 24,
        "Weather": "Sunny",
        "id": 155
      },
      "Task": "plane_book",
      "UnixTime": 1590092155
    },
    {
      "Action": "request_suggestions",
      "Agent": "Wizard",
      "PrimaryItem": {
        "APIName": "weather",
        "City": "New York City",
        "Day": "Tuesday",
        "TemperatureCelsius": 24,
        "Weather": "Sunny",
        "id": 155
      },
      "Text": "Yes, your flight has been booked.",
      "UnixTime": 1590092162
    },
    {
      "Action": "utter",
      "Agent": "Wizard",
      "PrimaryItem": {
        "APIName": "weather",
        "City": "New York City",
        "Day": "Tuesday",
        "TemperatureCelsius": 24,
        "Weather": "Sunny",
        "id": 155
      },
      "Text": "Yes, your flight has been booked.",
      "UnixTime": 1590092166
    },
    {
      "Action": "utter",
      "Agent": "User",
      "Text": "Great. My wife will be so pleased!",
      "UnixTime": 1590092186
    },
    {
      "Action": "request_suggestions",
      "Agent": "Wizard",
      "PrimaryItem": {
        "APIName": "weather",
        "City": "New York City",
        "Day": "Tuesday",
        "TemperatureCelsius": 24,
        "Weather": "Sunny",
        "id": 155
      },
      "Text": "can i help with anything else",
      "UnixTime": 1590092217
    },
    {
      "Action": "pick_suggestion",
      "ActionLabel": "anything_else",
      "ActionLabelOptions": [
        "anything_else",
        "anything_else",
        "plane_flight_available",
        "weather_inform_forecast",
        "out_of_scope",
        "hello"
      ],
      "Agent": "Wizard",
      "PrimaryItem": {
        "APIName": "weather",
        "City": "New York City",
        "Day": "Tuesday",
        "TemperatureCelsius": 24,
        "Weather": "Sunny",
        "id": 155
      },
      "Text": "Is there anything else that I can do for you?",
      "UnixTime": 1590092219
    },
    {
      "Action": "utter",
      "Agent": "User",
      "Text": "That is all. Thanks",
      "UnixTime": 1590092225
    },
    {
      "Action": "request_suggestions",
      "Agent": "Wizard",
      "PrimaryItem": {
        "APIName": "weather",
        "City": "New York City",
        "Day": "Tuesday",
        "TemperatureCelsius": 24,
        "Weather": "Sunny",
        "id": 155
      },
      "Text": "good bye",
      "UnixTime": 1590092234
    },
    {
      "Action": "pick_suggestion",
      "ActionLabel": "goodbye_1",
      "ActionLabelOptions": [
        "goodbye_2",
        "goodbye_1",
        "weather_inform_forecast",
        "hello",
        "hello",
        "plane_ask_flight_id"
      ],
      "Agent": "Wizard",
      "PrimaryItem": {
        "APIName": "weather",
        "City": "New York City",
        "Day": "Tuesday",
        "TemperatureCelsius": 24,
        "Weather": "Sunny",
        "id": 155
      },
      "Text": "Thank you and goodbye.",
      "UnixTime": 1590092236
    },
    {
      "Action": "complete",
      "Agent": "User",
      "UnixTime": 1590092239
    }
  ],
  "FORMAT-VERSION": 7,
  "IntroducesConflicts": false,
  "Scenario": {
    "Domains": [
      "plane",
      "weather"
    ],
    "Happy": false,
    "MultiTask": true,
    "UserTask": "Come up with your own scenario!\n\nAbout you:\n- Your name: John\n\n The AI Assistant can handle:\n- Search for a flight (e.g. from New York City to Chicago)\n- Book a flight (e.g. with id 917)\n- Checking the weather forecast in different Cities (e.g. San Francisco or Chicago)",
    "WizardCapabilities": [
      {
        "Domain": "plane",
        "SchemaImage": "plane_search.jpg",
        "Task": "plane_search"
      },
      {
        "Domain": "plane",
        "SchemaImage": "plane_book.jpg",
        "Task": "plane_book"
      },
      {
        "Domain": "weather",
        "SchemaImage": "weather.jpg",
        "Task": "weather"
      }
    ],
    "WizardTask": "Follow the flow charts and help the user."
  },
  "UserQuestionnaire": [
    {
      "Answer": true,
      "Question": "Did the assistant stay calm and helpful throughout the dialogue?"
    }
  ],
  "WizardQuestionnaire": [
    {
      "Answer": false,
      "Question": "Did the user change his/her mind about what he/she wants at any time?"
    },
    {
      "Answer": false,
      "Question": "Did the user become aggressive or annoyed during the dialogue? (Note: some users may be instructed to be annoying.)"
    },
    {
      "Answer": false,
      "Question": "Where you unsure about what to do at any time? (Feel free to send us an email with details.)"
    }
  ]
}