{
    "AnonymizedUserWorkerID": "3a5ea463-ded5-1b72-cab6-2e2ea04d6cf7",
    "AnonymizedWizardWorkerID": "c1208bee-cdbb-9f1e-d0dc-1602f7771900",
    "BatchID": "woz_1590426434",
    "CompletionLevel": "Complete",
    "DialogueID": 597,
    "Events": [
        {
            "Action": "utter",
            "Agent": "User",
            "Text": "Yo. I need the rating for the Hyatt in the Center of town, please",
            "UnixTime": 1590447558,
            "PredictedBeliefState": {
                "Name": "hyatt hotel",
                "Location": "center"
            },
            "ActionLabel": [
                "user_hotel_search_inform_name",
                "user_hotel_search_inform_location",
                "user_hotel_search_ask_rating"
            ]
        },
        {
            "APIName": "hotel_search",
            "Action": "query",
            "Agent": "Wizard",
            "Constraints": [
                {
                    "Name": "\"Hyatt Hotel\""
                },
                {
                    "Location": "\"Center\""
                }
            ],
            "UnixTime": 1590447575
        },
        {
            "APIName": "hotel_search",
            "Action": "return_item",
            "Agent": "KnowledgeBase",
            "Item": {
                "APIName": "hotel_search",
                "AverageRating": 5,
                "Cost": "Moderate",
                "Location": "Center",
                "Name": "Hyatt Hotel",
                "Service": true,
                "ServiceStartHour": "6 am",
                "ServiceStopHour": "4 pm",
                "TakesReservations": true,
                "id": 493
            },
            "TotalItems": 67,
            "PredictedBeliefState": {
                "Name": "hyatt hotel",
                "Location": "center"
            },
            "ActionLabel": [
                "result_bad_label"
            ]
        },
        {
            "Action": "request_suggestions",
            "Agent": "Wizard",
            "PrimaryItem": {
                "APIName": "hotel_search",
                "AverageRating": 5,
                "Cost": "Moderate",
                "Location": "Center",
                "Name": "Hyatt Hotel",
                "Service": true,
                "ServiceStartHour": "6 am",
                "ServiceStopHour": "4 pm",
                "TakesReservations": true,
                "id": 493
            },
            "Text": "hyatt rating",
            "UnixTime": 1590447582
        },
        {
            "Action": "request_suggestions",
            "Agent": "Wizard",
            "PrimaryItem": {
                "APIName": "hotel_search",
                "AverageRating": 5,
                "Cost": "Moderate",
                "Location": "Center",
                "Name": "Hyatt Hotel",
                "Service": true,
                "ServiceStartHour": "6 am",
                "ServiceStopHour": "4 pm",
                "TakesReservations": true,
                "id": 493
            },
            "Text": "rating",
            "UnixTime": 1590447591
        },
        {
            "Action": "pick_suggestion",
            "ActionLabel": "hotel_inform_rating",
            "ActionLabelOptions": [
                "hotel_ask_rating",
                "hotel_inform_rating",
                "hotel_inform_location"
            ],
            "Agent": "Wizard",
            "PrimaryItem": {
                "APIName": "hotel_search",
                "AverageRating": 5,
                "Cost": "Moderate",
                "Location": "Center",
                "Name": "Hyatt Hotel",
                "Service": true,
                "ServiceStartHour": "6 am",
                "ServiceStopHour": "4 pm",
                "TakesReservations": true,
                "id": 493
            },
            "Text": "The 'Hyatt Hotel' has an average rating of 5",
            "UnixTime": 1590447595
        },
        {
            "Action": "utter",
            "Agent": "User",
            "Text": "Thanks!",
            "UnixTime": 1590447605,
            "PredictedBeliefState": {
                "Name": "hilton hotel",
                "Location": "center"
            },
            "ActionLabel": [
                "user_hotel_search_inform_name",
                "user_hotel_search_no_search_more"
            ]
        },
        {
            "Action": "instruct",
            "Agent": "UserGuide",
            "Text": "You just remember from a previous visit that the Center of town is typically very noisy. Make sure to check whether there is a Hyatt Hotel in the South part of town and note down its rating. [instruction 1 of 6]",
            "UnixTime": 1590447605
        },
        {
            "Action": "request_suggestions",
            "Agent": "Wizard",
            "PrimaryItem": {
                "APIName": "hotel_search",
                "AverageRating": 5,
                "Cost": "Moderate",
                "Location": "Center",
                "Name": "Hyatt Hotel",
                "Service": true,
                "ServiceStartHour": "6 am",
                "ServiceStopHour": "4 pm",
                "TakesReservations": true,
                "id": 493
            },
            "Text": "anything",
            "UnixTime": 1590447610
        },
        {
            "Action": "pick_suggestion",
            "ActionLabel": "anything_else",
            "ActionLabelOptions": [
                "anything_else",
                "goodbye_1",
                "hotel_inform_nothing_found"
            ],
            "Agent": "Wizard",
            "PrimaryItem": {
                "APIName": "hotel_search",
                "AverageRating": 5,
                "Cost": "Moderate",
                "Location": "Center",
                "Name": "Hyatt Hotel",
                "Service": true,
                "ServiceStartHour": "6 am",
                "ServiceStopHour": "4 pm",
                "TakesReservations": true,
                "id": 493
            },
            "Text": "Is there anything else that I can do for you?",
            "UnixTime": 1590447612
        },
        {
            "Action": "utter",
            "Agent": "User",
            "Text": "Could you do the same for me for the Hyatt in the south, too",
            "UnixTime": 1590447624,
            "PredictedBeliefState": {
                "Name": "hilton hotel",
                "Location": "south"
            },
            "ActionLabel": [
                "user_hotel_search_inform_location",
                "user_hotel_search_ask_rating"
            ]
        },
        {
            "Action": "instruct",
            "Agent": "UserGuide",
            "Text": "Actually, you remember reading on a blog that the North of town is very trendy at the moment, check whether there is a Hyatt Hotel in the North part of town and note down its rating. [instruction 2 of 6]",
            "UnixTime": 1590447624
        },
        {
            "APIName": "hotel_search",
            "Action": "query",
            "Agent": "Wizard",
            "Constraints": [
                {
                    "Name": "\"Hyatt Hotel\""
                },
                {
                    "Location": "\"South\""
                }
            ],
            "PrimaryItem": {
                "APIName": "hotel_search",
                "AverageRating": 5,
                "Cost": "Moderate",
                "Location": "Center",
                "Name": "Hyatt Hotel",
                "Service": true,
                "ServiceStartHour": "6 am",
                "ServiceStopHour": "4 pm",
                "TakesReservations": true,
                "id": 493
            },
            "UnixTime": 1590447632
        },
        {
            "APIName": "hotel_search",
            "Action": "return_item",
            "Agent": "KnowledgeBase",
            "Item": {
                "APIName": "hotel_search",
                "AverageRating": 1,
                "Cost": "Expensive",
                "Location": "South",
                "Name": "Hyatt Hotel",
                "Service": false,
                "TakesReservations": true,
                "id": 496
            },
            "TotalItems": 37,
            "PredictedBeliefState": {
                "Name": "hilton hotel",
                "Location": "south"
            },
            "ActionLabel": [
                "result_bad_label"
            ]
        },
        {
            "Action": "request_suggestions",
            "Agent": "Wizard",
            "PrimaryItem": {
                "APIName": "hotel_search",
                "AverageRating": 1,
                "Cost": "Expensive",
                "Location": "South",
                "Name": "Hyatt Hotel",
                "Service": false,
                "TakesReservations": true,
                "id": 496
            },
            "Text": "rating",
            "UnixTime": 1590447638
        },
        {
            "Action": "pick_suggestion",
            "ActionLabel": "hotel_inform_rating",
            "ActionLabelOptions": [
                "hotel_ask_rating",
                "hotel_inform_rating",
                "hotel_inform_location"
            ],
            "Agent": "Wizard",
            "PrimaryItem": {
                "APIName": "hotel_search",
                "AverageRating": 1,
                "Cost": "Expensive",
                "Location": "South",
                "Name": "Hyatt Hotel",
                "Service": false,
                "TakesReservations": true,
                "id": 496
            },
            "Text": "The 'Hyatt Hotel' has an average rating of 1",
            "UnixTime": 1590447641
        },
        {
            "Action": "utter",
            "Agent": "User",
            "Text": "wow. What about the North",
            "UnixTime": 1590447651,
            "PredictedBeliefState": {
                "Name": "hilton hotel",
                "Location": "north"
            },
            "ActionLabel": [
                "user_hotel_search_inform_location",
                "user_hotel_search_ask_rating"
            ]
        },
        {
            "Action": "instruct",
            "Agent": "UserGuide",
            "Text": "You remember that your partner is not a fan of the franchise to which the Hyatt Hotel belongs to. Ask the assistant about the rating of the Shadyside Inn in the North part of town. [instruction 3 of 6]",
            "UnixTime": 1590447651
        },
        {
            "APIName": "hotel_search",
            "Action": "query",
            "Agent": "Wizard",
            "Constraints": [
                {
                    "Name": "\"Hyatt Hotel\""
                },
                {
                    "Location": "\"North\""
                }
            ],
            "PrimaryItem": {
                "APIName": "hotel_search",
                "AverageRating": 1,
                "Cost": "Expensive",
                "Location": "South",
                "Name": "Hyatt Hotel",
                "Service": false,
                "TakesReservations": true,
                "id": 496
            },
            "UnixTime": 1590447658
        },
        {
            "APIName": "hotel_search",
            "Action": "return_item",
            "Agent": "KnowledgeBase",
            "Item": {
                "APIName": "hotel_search",
                "AverageRating": 5,
                "Cost": "Moderate",
                "Location": "North",
                "Name": "Hyatt Hotel",
                "Service": true,
                "ServiceStartHour": "4 am",
                "ServiceStopHour": "5 pm",
                "TakesReservations": false,
                "id": 389
            },
            "TotalItems": 47,
            "PredictedBeliefState": {
                "Name": "hilton hotel",
                "Location": "north"
            },
            "ActionLabel": [
                "result_bad_label"
            ]
        },
        {
            "Action": "request_suggestions",
            "Agent": "Wizard",
            "PrimaryItem": {
                "APIName": "hotel_search",
                "AverageRating": 5,
                "Cost": "Moderate",
                "Location": "North",
                "Name": "Hyatt Hotel",
                "Service": true,
                "ServiceStartHour": "4 am",
                "ServiceStopHour": "5 pm",
                "TakesReservations": false,
                "id": 389
            },
            "Text": "rating",
            "UnixTime": 1590447662
        },
        {
            "Action": "pick_suggestion",
            "ActionLabel": "hotel_inform_rating",
            "ActionLabelOptions": [
                "hotel_ask_rating",
                "hotel_inform_rating",
                "hotel_inform_location"
            ],
            "Agent": "Wizard",
            "PrimaryItem": {
                "APIName": "hotel_search",
                "AverageRating": 5,
                "Cost": "Moderate",
                "Location": "North",
                "Name": "Hyatt Hotel",
                "Service": true,
                "ServiceStartHour": "4 am",
                "ServiceStopHour": "5 pm",
                "TakesReservations": false,
                "id": 389
            },
            "Text": "The 'Hyatt Hotel' has an average rating of 5",
            "UnixTime": 1590447665
        },
        {
            "Action": "utter",
            "Agent": "User",
            "Text": "Can you check the Shadyside  Inn in the north now",
            "UnixTime": 1590447681,
            "PredictedBeliefState": {
                "Location": "north",
                "Name": "shadyside inn"
            },
            "ActionLabel": [
                "user_hotel_search_inform_name",
                "user_hotel_search_ask_rating"
            ]
        },
        {
            "Action": "instruct",
            "Agent": "UserGuide",
            "Text": "Make some smalltalk about things you're planning to do in town such as museums you want to see, concerts you want to go to, or bars and restaurants you are excited about. Be creative. [instruction 4 of 6]",
            "UnixTime": 1590447681
        },
        {
            "APIName": "hotel_search",
            "Action": "query",
            "Agent": "Wizard",
            "Constraints": [
                {
                    "Name": "\"Shadyside Inn\""
                },
                {
                    "Location": "\"North\""
                }
            ],
            "PrimaryItem": {
                "APIName": "hotel_search",
                "AverageRating": 5,
                "Cost": "Moderate",
                "Location": "North",
                "Name": "Hyatt Hotel",
                "Service": true,
                "ServiceStartHour": "4 am",
                "ServiceStopHour": "5 pm",
                "TakesReservations": false,
                "id": 389
            },
            "UnixTime": 1590447687
        },
        {
            "APIName": "hotel_search",
            "Action": "return_item",
            "Agent": "KnowledgeBase",
            "Item": {
                "APIName": "hotel_search",
                "AverageRating": 3,
                "Cost": "Expensive",
                "Location": "North",
                "Name": "Shadyside Inn",
                "Service": false,
                "TakesReservations": false,
                "id": 849
            },
            "TotalItems": 52,
            "PredictedBeliefState": {
                "Location": "north",
                "Name": "shadyside inn"
            },
            "ActionLabel": [
                "result_bad_label"
            ]
        },
        {
            "Action": "request_suggestions",
            "Agent": "Wizard",
            "PrimaryItem": {
                "APIName": "hotel_search",
                "AverageRating": 3,
                "Cost": "Expensive",
                "Location": "North",
                "Name": "Shadyside Inn",
                "Service": false,
                "TakesReservations": false,
                "id": 849
            },
            "Text": "rating",
            "UnixTime": 1590447691
        },
        {
            "Action": "pick_suggestion",
            "ActionLabel": "hotel_inform_rating",
            "ActionLabelOptions": [
                "hotel_ask_rating",
                "hotel_inform_rating",
                "hotel_inform_location"
            ],
            "Agent": "Wizard",
            "PrimaryItem": {
                "APIName": "hotel_search",
                "AverageRating": 3,
                "Cost": "Expensive",
                "Location": "North",
                "Name": "Shadyside Inn",
                "Service": false,
                "TakesReservations": false,
                "id": 849
            },
            "Text": "The 'Shadyside Inn' has an average rating of 3",
            "UnixTime": 1590447694
        },
        {
            "Action": "utter",
            "Agent": "User",
            "Text": "Cool. It's gunna be a fun weekend in the city.",
            "UnixTime": 1590447713,
            "PredictedBeliefState": {
                "Location": "north",
                "Name": "shadyside inn"
            },
            "ActionLabel": [
                "user_bad_label"
            ]
        },
        {
            "Action": "instruct",
            "Agent": "UserGuide",
            "Text": "You remember a friend stayed at the Hilton Hotel before - compare the rating of the Shadyside Inn to that of the Hilton Hotel in the North part of town. [instruction 5 of 6]",
            "UnixTime": 1590447713
        },
        {
            "Action": "request_suggestions",
            "Agent": "Wizard",
            "PrimaryItem": {
                "APIName": "hotel_search",
                "AverageRating": 3,
                "Cost": "Expensive",
                "Location": "North",
                "Name": "Shadyside Inn",
                "Service": false,
                "TakesReservations": false,
                "id": 849
            },
            "Text": "There are lots of fun things to do in the city.",
            "UnixTime": 1590447747
        },
        {
            "Action": "utter",
            "Agent": "Wizard",
            "PrimaryItem": {
                "APIName": "hotel_search",
                "AverageRating": 3,
                "Cost": "Expensive",
                "Location": "North",
                "Name": "Shadyside Inn",
                "Service": false,
                "TakesReservations": false,
                "id": 849
            },
            "Text": "There are lots of fun things to do in the city.",
            "UnixTime": 1590447762
        },
        {
            "Action": "utter",
            "Agent": "User",
            "Text": "Can you check the Hilton in the north?",
            "UnixTime": 1590447779,
            "PredictedBeliefState": {
                "Location": "north",
                "Name": "hilton hotel"
            },
            "ActionLabel": [
                "user_hotel_search_inform_name",
                "user_hotel_search_ask_rating"
            ]
        },
        {
            "Action": "instruct",
            "Agent": "UserGuide",
            "Text": "Thank the assistant for their help and bring the conversation to a natural end. [instruction 6 of 6]",
            "UnixTime": 1590447779
        },
        {
            "APIName": "hotel_search",
            "Action": "query",
            "Agent": "Wizard",
            "Constraints": [
                {
                    "Name": "\"Hilton Hotel\""
                },
                {
                    "Location": "\"North\""
                }
            ],
            "PrimaryItem": {
                "APIName": "hotel_search",
                "AverageRating": 3,
                "Cost": "Expensive",
                "Location": "North",
                "Name": "Shadyside Inn",
                "Service": false,
                "TakesReservations": false,
                "id": 849
            },
            "UnixTime": 1590447788
        },
        {
            "APIName": "hotel_search",
            "Action": "return_item",
            "Agent": "KnowledgeBase",
            "Item": {
                "APIName": "hotel_search",
                "AverageRating": 5,
                "Cost": "Moderate",
                "Location": "North",
                "Name": "Hilton Hotel",
                "Service": false,
                "TakesReservations": true,
                "id": 962
            },
            "TotalItems": 55,
            "PredictedBeliefState": {
                "Location": "north",
                "Name": "hilton hotel"
            },
            "ActionLabel": [
                "result_bad_label"
            ]
        },
        {
            "Action": "request_suggestions",
            "Agent": "Wizard",
            "PrimaryItem": {
                "APIName": "hotel_search",
                "AverageRating": 5,
                "Cost": "Moderate",
                "Location": "North",
                "Name": "Hilton Hotel",
                "Service": false,
                "TakesReservations": true,
                "id": 962
            },
            "Text": "rating",
            "UnixTime": 1590447792
        },
        {
            "Action": "pick_suggestion",
            "ActionLabel": "hotel_inform_rating",
            "ActionLabelOptions": [
                "hotel_ask_rating",
                "hotel_inform_rating",
                "hotel_inform_location"
            ],
            "Agent": "Wizard",
            "PrimaryItem": {
                "APIName": "hotel_search",
                "AverageRating": 5,
                "Cost": "Moderate",
                "Location": "North",
                "Name": "Hilton Hotel",
                "Service": false,
                "TakesReservations": true,
                "id": 962
            },
            "Text": "The 'Hilton Hotel' has an average rating of 5",
            "UnixTime": 1590447794
        },
        {
            "Action": "utter",
            "Agent": "User",
            "Text": "Sweet. Made the right choice. You've been a big help. Bye",
            "UnixTime": 1590447820,
            "PredictedBeliefState": {
                "Name": "hilton hotel",
                "Location": "north"
            },
            "ActionLabel": [
                "user_hotel_search_goodbye"
            ]
        },
        {
            "Action": "request_suggestions",
            "Agent": "Wizard",
            "PrimaryItem": {
                "APIName": "hotel_search",
                "AverageRating": 5,
                "Cost": "Moderate",
                "Location": "North",
                "Name": "Hilton Hotel",
                "Service": false,
                "TakesReservations": true,
                "id": 962
            },
            "Text": "goodbye",
            "UnixTime": 1590447827
        },
        {
            "Action": "pick_suggestion",
            "ActionLabel": "goodbye_1",
            "ActionLabelOptions": [
                "goodbye_1",
                "hotel_inform_nothing_found",
                "hotel_inform_rating"
            ],
            "Agent": "Wizard",
            "PrimaryItem": {
                "APIName": "hotel_search",
                "AverageRating": 5,
                "Cost": "Moderate",
                "Location": "North",
                "Name": "Hilton Hotel",
                "Service": false,
                "TakesReservations": true,
                "id": 962
            },
            "Text": "Goodbye!",
            "UnixTime": 1590447830
        },
        {
            "Action": "complete",
            "Agent": "User",
            "UnixTime": 1590447833
        }
    ],
    "FORMAT-VERSION": 7,
    "IntroducesConflicts": false,
    "Scenario": {
        "Domains": [
            "hotel"
        ],
        "Happy": false,
        "MultiTask": false,
        "UserTask": "Search for Hyatt Hotel near the Center part of town and note its rating. Follow the instructions on the left for now.",
        "WizardCapabilities": [
            {
                "Domain": "hotel",
                "SchemaImage": "hotel_search.jpg",
                "Task": "hotel_search"
            }
        ],
        "WizardTask": "Help the user find a specific hotel."
    },
    "UserQuestionnaire": [
        {
            "Answer": true,
            "Question": "Did the assistant reserve your hotel?"
        },
        {
            "Answer": true,
            "Question": "Did the assistant stay calm and helpful throughout the dialogue?"
        }
    ],
    "WizardQuestionnaire": [
        {
            "Answer": true,
            "Question": "Did the user change his/her mind about what he/she wants at any time?"
        },
        {
            "Answer": false,
            "Question": "Did the user become aggressive or annoyed during the dialogue? (Note: some users may be instructed to be annoying.)"
        },
        {
            "Answer": false,
            "Question": "Where you unsure about what to do at any time? (Feel free to send us an email with details.)"
        }
    ]
}