{
    "AnonymizedUserWorkerID": "7fd15aa1-0368-5c6b-075a-13b3696d4627",
    "AnonymizedWizardWorkerID": "6f51e967-ce78-081f-da64-6595f6cdfeca",
    "BatchID": "woz_1590426434",
    "CompletionLevel": "Complete",
    "DialogueID": 604,
    "Events": [
        {
            "Action": "instruct",
            "Agent": "UserGuide",
            "Text": "Say hallo to the AI Assistant. [instruction 1 of 6]",
            "UnixTime": 1590451899
        },
        {
            "Action": "utter",
            "Agent": "User",
            "Text": "Hello. My name is John, I would really like to see Shadyside apartments. Can you help me??",
            "UnixTime": 1590451937,
            "PredictedBeliefState": {
                "Name": "shadyside apartments",
                "RenterName": "john"
            },
            "ActionLabel": [
                "user_apartment_inform_apartment_name",
                "user_apartment_inform_name",
                "user_apartment_ask_apartment"
            ]
        },
        {
            "Action": "request_suggestions",
            "Agent": "Wizard",
            "Text": "day",
            "UnixTime": 1590451967
        },
        {
            "Action": "pick_suggestion",
            "ActionLabel": "apartment_ask_day",
            "ActionLabelOptions": [
                "apartment_ask_day",
                "hello",
                "out_of_scope"
            ],
            "Agent": "Wizard",
            "Text": "What day would you like to make the booking for?",
            "UnixTime": 1590451969
        },
        {
            "Action": "utter",
            "Agent": "User",
            "Text": "I would really like Thursday at 7:00pm if that is possible.",
            "UnixTime": 1590451987,
            "PredictedBeliefState": {
                "RenterName": "john",
                "Name": "shadyside apartments",
                "Day": "thursday",
                "StartTimeHour": "7:00 pm"
            },
            "ActionLabel": [
                "user_apartment_inform_day",
                "user_apartment_inform_start_time"
            ]
        },
        {
            "Action": "instruct",
            "Agent": "UserGuide",
            "Text": "You suddenly remember that you have a hot date on Thursday at 7 pm. [instruction 2 of 6]",
            "UnixTime": 1590451987
        },
        {
            "Action": "request_suggestions",
            "Agent": "Wizard",
            "Text": "fee",
            "UnixTime": 1590452021
        },
        {
            "Action": "pick_suggestion",
            "ActionLabel": "apartment_ask_application_fee_paid",
            "ActionLabelOptions": [
                "apartment_inform_viewing_available",
                "apartment_ask_application_fee_paid",
                "out_of_scope"
            ],
            "Agent": "Wizard",
            "Text": "Have you already paid the application fee for the apartment?",
            "UnixTime": 1590452024
        },
        {
            "Action": "utter",
            "Agent": "User",
            "Text": "I can not remember.",
            "UnixTime": 1590452039,
            "PredictedBeliefState": {
                "RenterName": "john",
                "Name": "shadyside apartments",
                "ApplicationFeePaid": "no",
                "StartTimeHour": "7:00 pm",
                "Day": "thursday"
            },
            "ActionLabel": [
                "user_apartment_inform_fee_paid"
            ]
        },
        {
            "Action": "instruct",
            "Agent": "UserGuide",
            "Text": "Ask something about the apartment, or engage in smalltalk, or make a joke. [instruction 3 of 6]",
            "UnixTime": 1590452039
        },
        {
            "APIName": "apartment_schedule",
            "Action": "query",
            "Agent": "Wizard",
            "Constraints": [
                {
                    "Name": "\"Shadyside Apartments\""
                },
                {
                    "RenterName": "\"John\""
                },
                {
                    "Day": "\"Thursday\""
                },
                {
                    "StartTimeHour": "\"7 pm\""
                },
                {
                    "ApplicationFeePaid": "\"No\""
                },
                {
                    "RequestType": "\"Check\""
                }
            ],
            "UnixTime": 1590452099
        },
        {
            "APIName": "apartment_schedule",
            "Action": "return_item",
            "Agent": "KnowledgeBase",
            "Item": {
                "APIName": "apartment_schedule",
                "Message": "The time slot is available."
            },
            "TotalItems": -1,
            "PredictedBeliefState": {
                "RenterName": "john",
                "Name": "shadyside apartments",
                "ApplicationFeePaid": "no",
                "StartTimeHour": "7:00 pm",
                "Day": "thursday"
            },
            "ActionLabel": [
                "db_apartment_inform_viewing_available"
            ]
        },
        {
            "Action": "request_suggestions",
            "Agent": "Wizard",
            "PrimaryItem": {
                "APIName": "apartment_schedule",
                "Message": "The time slot is available."
            },
            "Text": "\tThe time slot is available.",
            "UnixTime": 1590452104
        },
        {
            "Action": "request_suggestions",
            "Agent": "Wizard",
            "PrimaryItem": {
                "APIName": "apartment_schedule",
                "Message": "The time slot is available."
            },
            "Text": "The time slot is available.",
            "UnixTime": 1590452108
        },
        {
            "Action": "pick_suggestion",
            "ActionLabel": "apartment_inform_viewing_available",
            "ActionLabelOptions": [
                "apartment_inform_viewing_available",
                "apartment_inform_viewing_unavailable",
                "apartment_ask_start_time"
            ],
            "Agent": "Wizard",
            "PrimaryItem": {
                "APIName": "apartment_schedule",
                "Message": "The time slot is available."
            },
            "Text": "Great, there is still a viewing available at that time. Would you like me to book it for you?",
            "UnixTime": 1590452109
        },
        {
            "Action": "utter",
            "Agent": "User",
            "Text": "Thursday wont work. I have a hot date that day, and dont really want to do anything but prepare. I really like this girl.",
            "UnixTime": 1590452114,
            "PredictedBeliefState": {
                "RenterName": "john",
                "Name": "shadyside apartments",
                "StartTimeHour": "7:00 pm",
                "Day": "thursday",
                "ApplicationFeePaid": "no"
            },
            "ActionLabel": [
                "user_bad_label"
            ]
        },
        {
            "Action": "instruct",
            "Agent": "UserGuide",
            "Text": "You cannot remember if you had payed the application fee. Find a way to make an appointment anyway. If no date is available, change date and/or time until something works. If you already got the appointment, engage in smalltalk. [instruction 4 of 6]",
            "UnixTime": 1590452114
        },
        {
            "Action": "request_suggestions",
            "Agent": "Wizard",
            "PrimaryItem": {
                "APIName": "apartment_schedule",
                "Message": "The time slot is available."
            },
            "Text": "day",
            "UnixTime": 1590452145
        },
        {
            "Action": "pick_suggestion",
            "ActionLabel": "apartment_ask_day",
            "ActionLabelOptions": [
                "apartment_ask_day",
                "hello",
                "out_of_scope"
            ],
            "Agent": "Wizard",
            "PrimaryItem": {
                "APIName": "apartment_schedule",
                "Message": "The time slot is available."
            },
            "Text": "What day would you like to make the booking for?",
            "UnixTime": 1590452146
        },
        {
            "Action": "utter",
            "Agent": "User",
            "Text": "Can we try Wednesday at 7:00 pm instead? I really want this apartment as well. How many rooms does it have?",
            "UnixTime": 1590452176,
            "PredictedBeliefState": {
                "StartTimeHour": "7:00 pm",
                "ApplicationFeePaid": "no",
                "RenterName": "john",
                "Day": "wednesday",
                "Name": "shadyside apartments"
            },
            "ActionLabel": [
                "user_apartment_inform_day"
            ]
        },
        {
            "Action": "instruct",
            "Agent": "UserGuide",
            "Text": "Once you've scheduled the viewing, say something about your hot date. [instruction 5 of 6]",
            "UnixTime": 1590452176
        },
        {
            "APIName": "apartment_schedule",
            "Action": "query",
            "Agent": "Wizard",
            "Constraints": [
                {
                    "Name": "\"Shadyside Apartments\""
                },
                {
                    "RenterName": "\"John\""
                },
                {
                    "Day": "\"Wednesday\""
                },
                {
                    "StartTimeHour": "\"7 pm\""
                },
                {
                    "ApplicationFeePaid": "\"No\""
                },
                {
                    "RequestType": "\"Check\""
                }
            ],
            "PrimaryItem": {
                "APIName": "apartment_schedule",
                "Message": "The time slot is available."
            },
            "UnixTime": 1590452190
        },
        {
            "APIName": "apartment_schedule",
            "Action": "return_item",
            "Agent": "KnowledgeBase",
            "Item": {
                "APIName": "apartment_schedule",
                "Message": "The time slot is available."
            },
            "TotalItems": -1,
            "PredictedBeliefState": {
                "StartTimeHour": "7:00 pm",
                "ApplicationFeePaid": "no",
                "RenterName": "john",
                "Day": "wednesday",
                "Name": "shadyside apartments"
            },
            "ActionLabel": [
                "db_apartment_inform_viewing_available"
            ]
        },
        {
            "Action": "request_suggestions",
            "Agent": "Wizard",
            "PrimaryItem": {
                "APIName": "apartment_schedule",
                "Message": "The time slot is available."
            },
            "Text": "The time slot is available.",
            "UnixTime": 1590452194
        },
        {
            "Action": "pick_suggestion",
            "ActionLabel": "apartment_inform_viewing_available",
            "ActionLabelOptions": [
                "apartment_inform_viewing_available",
                "apartment_inform_viewing_unavailable",
                "apartment_ask_start_time"
            ],
            "Agent": "Wizard",
            "PrimaryItem": {
                "APIName": "apartment_schedule",
                "Message": "The time slot is available."
            },
            "Text": "Great, there is still a viewing available at that time. Would you like me to book it for you?",
            "UnixTime": 1590452196
        },
        {
            "Action": "utter",
            "Agent": "User",
            "Text": "Yes. Please schedule the viewing. Thank you.",
            "UnixTime": 1590452214,
            "PredictedBeliefState": {
                "RenterName": "john",
                "StartTimeHour": "7:00 pm",
                "Name": "shadyside apartments",
                "Day": "wednesday",
                "ApplicationFeePaid": "no"
            },
            "ActionLabel": [
                "user_bad_label"
            ]
        },
        {
            "Action": "instruct",
            "Agent": "UserGuide",
            "Text": "When you are done with all the instructions, bring the conversation to a natural close.  [instruction 6 of 6]",
            "UnixTime": 1590452214
        },
        {
            "APIName": "apartment_schedule",
            "Action": "query",
            "Agent": "Wizard",
            "Constraints": [
                {
                    "Name": "\"Shadyside Apartments\""
                },
                {
                    "RenterName": "\"John\""
                },
                {
                    "Day": "\"Wednesday\""
                },
                {
                    "StartTimeHour": "\"7 pm\""
                },
                {
                    "ApplicationFeePaid": "\"No\""
                },
                {
                    "RequestType": "\"Book\""
                }
            ],
            "PrimaryItem": {
                "APIName": "apartment_schedule",
                "Message": "The time slot is available."
            },
            "UnixTime": 1590452229
        },
        {
            "APIName": "apartment_schedule",
            "Action": "return_item",
            "Agent": "KnowledgeBase",
            "Item": {
                "APIName": "apartment_schedule",
                "Message": "Your apartment viewing has been successfuly scheduled. Please bring Bank Statement and SCHUFA certificate with you."
            },
            "TotalItems": -1,
            "PredictedBeliefState": {
                "RenterName": "john",
                "StartTimeHour": "7:00 pm",
                "Name": "shadyside apartments",
                "Day": "wednesday",
                "ApplicationFeePaid": "no"
            },
            "ActionLabel": [
                "result_bad_label"
            ]
        },
        {
            "Action": "request_suggestions",
            "Agent": "Wizard",
            "PrimaryItem": {
                "APIName": "apartment_schedule",
                "Message": "Your apartment viewing has been successfuly scheduled. Please bring Bank Statement and SCHUFA certificate with you."
            },
            "Text": "\tYour apartment viewing has been successfuly scheduled. Please bring Bank Statement and SCHUFA certificate with you.",
            "UnixTime": 1590452238
        },
        {
            "Action": "request_suggestions",
            "Agent": "Wizard",
            "PrimaryItem": {
                "APIName": "apartment_schedule",
                "Message": "Your apartment viewing has been successfuly scheduled. Please bring Bank Statement and SCHUFA certificate with you."
            },
            "Text": "Your apartment viewing has been successfuly scheduled. Please bring Bank Statement and SCHUFA certificate with you.",
            "UnixTime": 1590452248
        },
        {
            "Action": "utter",
            "Agent": "Wizard",
            "PrimaryItem": {
                "APIName": "apartment_schedule",
                "Message": "Your apartment viewing has been successfuly scheduled. Please bring Bank Statement and SCHUFA certificate with you."
            },
            "Text": "Your apartment viewing has been successfuly scheduled. Please bring Bank Statement and SCHUFA certificate with you.",
            "UnixTime": 1590452252
        },
        {
            "Action": "utter",
            "Agent": "User",
            "Text": "I will. I really can not wait for this date. Have not seen this girl in years. Thanks for your help.",
            "UnixTime": 1590452278,
            "PredictedBeliefState": {
                "Name": "shadyside apartments",
                "Day": "wednesday",
                "ApplicationFeePaid": "no",
                "StartTimeHour": "7:00 pm",
                "RenterName": "john"
            },
            "ActionLabel": [
                "user_apartment_thanks"
            ]
        },
        {
            "Action": "request_suggestions",
            "Agent": "Wizard",
            "PrimaryItem": {
                "APIName": "apartment_schedule",
                "Message": "Your apartment viewing has been successfuly scheduled. Please bring Bank Statement and SCHUFA certificate with you."
            },
            "Text": "anything",
            "UnixTime": 1590452284
        },
        {
            "Action": "request_suggestions",
            "Agent": "Wizard",
            "PrimaryItem": {
                "APIName": "apartment_schedule",
                "Message": "Your apartment viewing has been successfuly scheduled. Please bring Bank Statement and SCHUFA certificate with you."
            },
            "Text": "Anything",
            "UnixTime": 1590452290
        },
        {
            "Action": "request_suggestions",
            "Agent": "Wizard",
            "PrimaryItem": {
                "APIName": "apartment_schedule",
                "Message": "Your apartment viewing has been successfuly scheduled. Please bring Bank Statement and SCHUFA certificate with you."
            },
            "Text": "Is there anything else I can help you with?",
            "UnixTime": 1590452304
        },
        {
            "Action": "pick_suggestion",
            "ActionLabel": "anything_else",
            "ActionLabelOptions": [
                "anything_else",
                "apartment_ask_application_fee_paid",
                "goodbye_2"
            ],
            "Agent": "Wizard",
            "PrimaryItem": {
                "APIName": "apartment_schedule",
                "Message": "Your apartment viewing has been successfuly scheduled. Please bring Bank Statement and SCHUFA certificate with you."
            },
            "Text": "Is there anything else that I can do for you?",
            "UnixTime": 1590452305
        },
        {
            "Action": "utter",
            "Agent": "User",
            "Text": "No, not today. Thanks.",
            "UnixTime": 1590452312,
            "PredictedBeliefState": {
                "Name": "shadyside apartments",
                "RenterName": "john",
                "Day": "wednesday",
                "ApplicationFeePaid": "no",
                "StartTimeHour": "7:00 pm"
            },
            "ActionLabel": [
                "user_apartment_thanks"
            ]
        },
        {
            "Action": "request_suggestions",
            "Agent": "Wizard",
            "PrimaryItem": {
                "APIName": "apartment_schedule",
                "Message": "Your apartment viewing has been successfuly scheduled. Please bring Bank Statement and SCHUFA certificate with you."
            },
            "Text": "bye",
            "UnixTime": 1590452360
        },
        {
            "Action": "pick_suggestion",
            "ActionLabel": "goodbye_2",
            "ActionLabelOptions": [
                "goodbye_2",
                "apartment_inform_viewing_unavailable",
                "apartment_ask_end_time"
            ],
            "Agent": "Wizard",
            "PrimaryItem": {
                "APIName": "apartment_schedule",
                "Message": "Your apartment viewing has been successfuly scheduled. Please bring Bank Statement and SCHUFA certificate with you."
            },
            "Text": "Thank you and goodbye.",
            "UnixTime": 1590452361
        },
        {
            "Action": "complete",
            "Agent": "User",
            "UnixTime": 1590452363
        }
    ],
    "FORMAT-VERSION": 7,
    "IntroducesConflicts": false,
    "Scenario": {
        "Domains": [
            "apartment"
        ],
        "Happy": false,
        "MultiTask": false,
        "UserTask": "You are interested in viewing an apartment. Please schedule a viewing at Shadyside Apartments for Thursday at 7 pm. Your name is John. You cannot remember if you had payed the application fee. ",
        "WizardCapabilities": [
            {
                "Domain": "apartment",
                "SchemaImage": "apartment_schedule.jpg",
                "Task": "apartment_schedule"
            }
        ],
        "WizardTask": "Help the user schedule an apartment viewing."
    },
    "UserQuestionnaire": [
        {
            "Answer": true,
            "Question": "Did the assistant stay calm and helpful throughout the dialogue?"
        }
    ],
    "WizardQuestionnaire": [
        {
            "Answer": true,
            "Question": "Did the user change his/her mind about what he/she wants at any time?"
        },
        {
            "Answer": false,
            "Question": "Did the user become aggressive or annoyed during the dialogue? (Note: some users may be instructed to be annoying.)"
        },
        {
            "Answer": false,
            "Question": "Where you unsure about what to do at any time? (Feel free to send us an email with details.)"
        }
    ]
}