{
  "AnonymizedUserWorkerID": "c06538fc-4352-5d92-9ced-53d9fa54e376",
  "AnonymizedWizardWorkerID": "ba5d80d9-b753-9dfd-8f0f-8985984d3ada",
  "BatchID": "woz_1590081561",
  "CompletionLevel": "Complete",
  "DialogueID": 6042,
  "Events": [
    {
      "Action": "instruct",
      "Agent": "UserGuide",
      "Text": "Use your imagination to generate a conversation about the topics 'checking the status of -- and changing your booked taxi/Uber/Lyft ride' and 'party RSVP' (in any order), as shown on the left. You may also play up to two rounds of trivia with the assistant.  [instruction 1 of 5]",
      "UnixTime": 1590097426
    },
    {
      "Action": "utter",
      "Agent": "User",
      "Text": "Hello",
      "UnixTime": 1590097438
    },
    {
      "Action": "instruct",
      "Agent": "UserGuide",
      "Text": "Please have some smalltalk with the AI Assistant at some point in this dialogue. [instruction 2 of 5]",
      "UnixTime": 1590097438
    },
    {
      "Action": "request_suggestions",
      "Agent": "Wizard",
      "Text": "Hello how ",
      "UnixTime": 1590097442
    },
    {
      "Action": "pick_suggestion",
      "ActionLabel": "hello",
      "ActionLabelOptions": [
        "hello",
        "ride_ask_booking_number",
        "out_of_scope"
      ],
      "Agent": "Wizard",
      "Text": "Hello, how can I help?",
      "UnixTime": 1590097443
    },
    {
      "Action": "utter",
      "Agent": "User",
      "Text": "I need a ride booked",
      "UnixTime": 1590097458
    },
    {
      "Action": "request_suggestions",
      "Agent": "Wizard",
      "Text": "okay what is your name",
      "UnixTime": 1590097485
    },
    {
      "Action": "pick_suggestion",
      "ActionLabel": "ask_name",
      "ActionLabelOptions": [
        "ask_name",
        "ride_bye",
        "ride_inform_nothing_found"
      ],
      "Agent": "Wizard",
      "Text": "May I have your name, please?",
      "UnixTime": 1590097487
    },
    {
      "Action": "utter",
      "Agent": "User",
      "Text": "John",
      "UnixTime": 1590097493
    },
    {
      "Action": "instruct",
      "Agent": "UserGuide",
      "Text": "If it makes sense, use some negations ('I don't want X', or 'anything but Y', etc.) [instruction 3 of 5]",
      "UnixTime": 1590097493
    },
    {
      "Action": "request_suggestions",
      "Agent": "Wizard",
      "Text": "id",
      "UnixTime": 1590097498
    },
    {
      "Action": "pick_suggestion",
      "ActionLabel": "ride_ask_booking_number",
      "ActionLabelOptions": [
        "ride_ask_booking_number",
        "hello",
        "out_of_scope"
      ],
      "Agent": "Wizard",
      "Text": "Could you provide your booking ID, please?",
      "UnixTime": 1590097499
    },
    {
      "Action": "utter",
      "Agent": "User",
      "Text": "220",
      "UnixTime": 1590097505
    },
    {
      "Action": "instruct",
      "Agent": "UserGuide",
      "Text": "If you haven't yet, it's time to change topic. You can also go back and forth between topics. [instruction 4 of 5]",
      "UnixTime": 1590097505
    },
    {
      "APIName": "ride_status",
      "Action": "query",
      "Agent": "Wizard",
      "Constraints": [
        {
          "id": "220"
        },
        {
          "CustomerName": "\"JOhn\""
        }
      ],
      "UnixTime": 1590097510
    },
    {
      "APIName": "ride_status",
      "Action": "return_item",
      "Agent": "KnowledgeBase",
      "Item": {
        "APIName": "ride_status",
        "RideStatus": "Your driver is dropping off another passenger.",
        "RideWait": "10 minutes away"
      },
      "TotalItems": -1
    },
    {
      "Action": "request_suggestions",
      "Agent": "Wizard",
      "PrimaryItem": {
        "APIName": "ride_status",
        "RideStatus": "Your driver is dropping off another passenger.",
        "RideWait": "10 minutes away"
      },
      "Text": "Driver is 10 minutes away",
      "UnixTime": 1590097521
    },
    {
      "Action": "pick_suggestion",
      "ActionLabel": "custom",
      "ActionLabelOptions": [
        "custom"
      ],
      "Agent": "Wizard",
      "PrimaryItem": {
        "APIName": "ride_status",
        "RideStatus": "Your driver is dropping off another passenger.",
        "RideWait": "10 minutes away"
      },
      "Text": "Driver is 10 minutes away",
      "UnixTime": 1590097523
    },
    {
      "Action": "utter",
      "Agent": "User",
      "Text": "Thanks",
      "UnixTime": 1590097529
    },
    {
      "Action": "request_suggestions",
      "Agent": "Wizard",
      "PrimaryItem": {
        "APIName": "ride_status",
        "RideStatus": "Your driver is dropping off another passenger.",
        "RideWait": "10 minutes away"
      },
      "Text": "anything else",
      "UnixTime": 1590097587
    },
    {
      "Action": "pick_suggestion",
      "ActionLabel": "anything_else",
      "ActionLabelOptions": [
        "anything_else",
        "ride_inform_nothing_found",
        "ride_bye"
      ],
      "Agent": "Wizard",
      "PrimaryItem": {
        "APIName": "ride_status",
        "RideStatus": "Your driver is dropping off another passenger.",
        "RideWait": "10 minutes away"
      },
      "Text": "Is there anything else that I can do for you?",
      "UnixTime": 1590097588
    },
    {
      "Action": "utter",
      "Agent": "User",
      "Text": "Make sure my ride isn't a BMW",
      "UnixTime": 1590097607
    },
    {
      "Action": "instruct",
      "Agent": "UserGuide",
      "Text": "Ok, once you've touched on all the topics ('checking the status of -- and changing your booked taxi/Uber/Lyft ride' and 'party RSVP') and engaged in some smalltalk, you can bring the conversation to a natural close. [instruction 5 of 5]",
      "UnixTime": 1590097607
    },
    {
      "Action": "select_task",
      "Agent": "Wizard",
      "PrimaryItem": {
        "APIName": "ride_status",
        "RideStatus": "Your driver is dropping off another passenger.",
        "RideWait": "10 minutes away"
      },
      "Task": "ride_change",
      "UnixTime": 1590097611
    },
    {
      "APIName": "ride_change",
      "Action": "query",
      "Agent": "Wizard",
      "Constraints": [
        {
          "id": "220"
        },
        {
          "CustomerName": "\"John\""
        },
        {
          "ChangeDescription": "\"not a BMW\""
        }
      ],
      "PrimaryItem": {
        "APIName": "ride_status",
        "RideStatus": "Your driver is dropping off another passenger.",
        "RideWait": "10 minutes away"
      },
      "UnixTime": 1590097626
    },
    {
      "APIName": "ride_change",
      "Action": "return_item",
      "Agent": "KnowledgeBase",
      "Item": {
        "APIName": "ride_change",
        "ChangeStatus": "We are unable to change your trip."
      },
      "TotalItems": -1
    },
    {
      "Action": "request_suggestions",
      "Agent": "Wizard",
      "PrimaryItem": {
        "APIName": "ride_change",
        "ChangeStatus": "We are unable to change your trip."
      },
      "Text": "I can't",
      "UnixTime": 1590097632
    },
    {
      "Action": "pick_suggestion",
      "ActionLabel": "ride_inform_changes_failed",
      "ActionLabelOptions": [
        "ride_inform_changes_failed",
        "out_of_scope",
        "ask_name"
      ],
      "Agent": "Wizard",
      "PrimaryItem": {
        "APIName": "ride_change",
        "ChangeStatus": "We are unable to change your trip."
      },
      "Text": "Unfortunately I wasn't able to update your booking, sorry.",
      "UnixTime": 1590097635
    },
    {
      "Action": "utter",
      "Agent": "User",
      "Text": "Okay thanks",
      "UnixTime": 1590097644
    },
    {
      "Action": "request_suggestions",
      "Agent": "Wizard",
      "PrimaryItem": {
        "APIName": "ride_change",
        "ChangeStatus": "We are unable to change your trip."
      },
      "Text": "anything else",
      "UnixTime": 1590097649
    },
    {
      "Action": "pick_suggestion",
      "ActionLabel": "anything_else",
      "ActionLabelOptions": [
        "anything_else",
        "ride_inform_nothing_found",
        "hello"
      ],
      "Agent": "Wizard",
      "PrimaryItem": {
        "APIName": "ride_change",
        "ChangeStatus": "We are unable to change your trip."
      },
      "Text": "Is there anything else that I can do for you?",
      "UnixTime": 1590097650
    },
    {
      "Action": "complete",
      "Agent": "User",
      "UnixTime": 1590097655
    }
  ],
  "FORMAT-VERSION": 7,
  "IntroducesConflicts": false,
  "Scenario": {
    "Domains": [
      "party",
      "ride",
      "trivia"
    ],
    "Happy": false,
    "MultiTask": true,
    "UserTask": "Come up with your own scenario!\n\nAbout you:\n- Your name: John\n- You've booked a ride with id 220\n- Today is Wednesday the 22nd, 7 pm\n\n The AI Assistant can handle:\n- Check the status of your ride (id 220)\n- Change something about your booked ride\n- RSVP you to a party (Example venues: Southside Venue or North Heights Venue)",
    "WizardCapabilities": [
      {
        "Domain": "ride",
        "SchemaImage": "ride_status.jpg",
        "Task": "ride_status"
      },
      {
        "Domain": "ride",
        "SchemaImage": "ride_change.jpg",
        "Task": "ride_change"
      },
      {
        "Domain": "party",
        "SchemaImage": "party_rsvp.jpg",
        "Task": "party_rsvp"
      },
      {
        "Domain": "trivia",
        "SchemaImage": "trivia.jpg",
        "Task": "trivia"
      }
    ],
    "WizardTask": "Follow the flow charts and help the user. Assume:\n\n- Today is Wednesday the 22nd, 7 pm"
  },
  "UserQuestionnaire": [
    {
      "Answer": true,
      "Question": "Did the assistant stay calm and helpful throughout the dialogue?"
    }
  ],
  "WizardQuestionnaire": [
    {
      "Answer": false,
      "Question": "Did the user change his/her mind about what he/she wants at any time?"
    },
    {
      "Answer": false,
      "Question": "Did the user become aggressive or annoyed during the dialogue? (Note: some users may be instructed to be annoying.)"
    },
    {
      "Answer": false,
      "Question": "Where you unsure about what to do at any time? (Feel free to send us an email with details.)"
    }
  ]
}