{
  "AnonymizedUserWorkerID": "c06538fc-4352-5d92-9ced-53d9fa54e376",
  "AnonymizedWizardWorkerID": "14919914-710a-eee6-acf9-4a4b56ee1641",
  "BatchID": "woz_1590081561",
  "CompletionLevel": "Complete",
  "DialogueID": 6044,
  "Events": [
    {
      "Action": "instruct",
      "Agent": "UserGuide",
      "Text": "Maybe the AI Assistant can help? Say hello and ask if it can help you plan the party. [instruction 1 of 7]",
      "UnixTime": 1590097541
    },
    {
      "Action": "utter",
      "Agent": "User",
      "Text": "Hello",
      "UnixTime": 1590097545
    },
    {
      "Action": "instruct",
      "Agent": "UserGuide",
      "Text": "Angela says: 'I think the Southside Venue is quite nice'. [instruction 2 of 7]",
      "UnixTime": 1590097545
    },
    {
      "Action": "request_suggestions",
      "Agent": "Wizard",
      "Text": "Hi",
      "UnixTime": 1590097551
    },
    {
      "Action": "pick_suggestion",
      "ActionLabel": "hello",
      "ActionLabelOptions": [
        "hello",
        "party_ask_end_time",
        "party_inform_food_drink_criteria"
      ],
      "Agent": "Wizard",
      "Text": "Hello, how can I help?",
      "UnixTime": 1590097554
    },
    {
      "Action": "utter",
      "Agent": "User",
      "Text": "Hi I want to organize a birthday party",
      "UnixTime": 1590097567
    },
    {
      "Action": "select_task",
      "Agent": "Wizard",
      "Task": "weather",
      "UnixTime": 1590097567
    },
    {
      "Action": "select_task",
      "Agent": "Wizard",
      "Task": "restaurant_search",
      "UnixTime": 1590097567
    },
    {
      "Action": "select_task",
      "Agent": "Wizard",
      "Task": "party_plan",
      "UnixTime": 1590097575
    },
    {
      "Action": "request_suggestions",
      "Agent": "Wizard",
      "Text": "venue name",
      "UnixTime": 1590097609
    },
    {
      "Action": "pick_suggestion",
      "ActionLabel": "party_ask_venue",
      "ActionLabelOptions": [
        "ask_name",
        "party_ask_venue",
        "out_of_scope"
      ],
      "Agent": "Wizard",
      "Text": "At what venue would you like to have your party organised?",
      "UnixTime": 1590097616
    },
    {
      "Action": "utter",
      "Agent": "User",
      "Text": "Southside",
      "UnixTime": 1590097623
    },
    {
      "Action": "instruct",
      "Agent": "UserGuide",
      "Text": "It occurs to you that if the weather is nice, you might just have the party outside somewhere. Ask your assistant what the weather will be like on Saturday. [instruction 3 of 7]",
      "UnixTime": 1590097623
    },
    {
      "Action": "request_suggestions",
      "Agent": "Wizard",
      "Text": "your name",
      "UnixTime": 1590097633
    },
    {
      "Action": "pick_suggestion",
      "ActionLabel": "ask_name",
      "ActionLabelOptions": [
        "ask_name",
        "party_ask_starting_time",
        "goodbye_1"
      ],
      "Agent": "Wizard",
      "Text": "May I have your name, please?",
      "UnixTime": 1590097635
    },
    {
      "Action": "utter",
      "Agent": "User",
      "Text": "Angela",
      "UnixTime": 1590097649
    },
    {
      "Action": "instruct",
      "Agent": "UserGuide",
      "Text": "Angela says: 'Yeah, actually, if the weather is good, we could just go out to the park and book a restaurant for the evening'. You agree. So depending on the weather, either continue searching / booking the venue, or ask your assistant to help you find and book a restaurant for Saturday evening. [instruction 4 of 7]",
      "UnixTime": 1590097649
    },
    {
      "Action": "request_suggestions",
      "Agent": "Wizard",
      "Text": "On what day",
      "UnixTime": 1590097668
    },
    {
      "Action": "pick_suggestion",
      "ActionLabel": "party_ask_day",
      "ActionLabelOptions": [
        "party_ask_day",
        "out_of_scope",
        "party_ask_number_of_guests"
      ],
      "Agent": "Wizard",
      "Text": "On what day would you like your party organised?",
      "UnixTime": 1590097670
    },
    {
      "Action": "utter",
      "Agent": "User",
      "Text": "Tuesday",
      "UnixTime": 1590097684
    },
    {
      "Action": "instruct",
      "Agent": "UserGuide",
      "Text": "Note: You are located in the West of town, which you may or may not take into account if you search for a restaurant. [instruction 5 of 7]",
      "UnixTime": 1590097684
    },
    {
      "Action": "request_suggestions",
      "Agent": "Wizard",
      "Text": "At what time",
      "UnixTime": 1590097704
    },
    {
      "Action": "pick_suggestion",
      "ActionLabel": "party_ask_starting_time",
      "ActionLabelOptions": [
        "party_ask_end_time",
        "party_ask_starting_time",
        "party_ask_number_of_guests"
      ],
      "Agent": "Wizard",
      "Text": "When would you like your party to kick off?",
      "UnixTime": 1590097709
    },
    {
      "Action": "utter",
      "Agent": "User",
      "Text": "5pm",
      "UnixTime": 1590097717
    },
    {
      "Action": "instruct",
      "Agent": "UserGuide",
      "Text": "When the question comes up: you both like Thai food and Steak, but no Burgers. [instruction 6 of 7]",
      "UnixTime": 1590097717
    },
    {
      "Action": "request_suggestions",
      "Agent": "Wizard",
      "Text": "guest number",
      "UnixTime": 1590097728
    },
    {
      "Action": "utter",
      "Agent": "Wizard",
      "Text": "How many guests do you expect to have?",
      "UnixTime": 1590097752
    },
    {
      "Action": "utter",
      "Agent": "User",
      "Text": "4",
      "UnixTime": 1590097762
    },
    {
      "APIName": "party_plan",
      "Action": "query",
      "Agent": "Wizard",
      "Constraints": [
        {
          "Name": "api.is_equal_to(\"Southside Venue\")"
        },
        {
          "HostName": "\"Angela\""
        },
        {
          "Day": "\"Tuesday\""
        },
        {
          "StartTimeHour": "\"5 pm\""
        },
        {
          "NumberGuests": "4"
        },
        {
          "RequestType": "\"Check\""
        }
      ],
      "UnixTime": 1590097769
    },
    {
      "APIName": "party_plan",
      "Action": "return_item",
      "Agent": "KnowledgeBase",
      "Item": {
        "APIName": "party_plan",
        "Day": "Tuesday",
        "Message": "The venue is available.",
        "Time": "5 pm",
        "VenueName": "Southside Venue"
      },
      "TotalItems": -1
    },
    {
      "Action": "request_suggestions",
      "Agent": "Wizard",
      "PrimaryItem": {
        "APIName": "party_plan",
        "Day": "Tuesday",
        "Message": "The venue is available.",
        "Time": "5 pm",
        "VenueName": "Southside Venue"
      },
      "Text": "available",
      "UnixTime": 1590097778
    },
    {
      "Action": "pick_suggestion",
      "ActionLabel": "party_ask_confirm_booking",
      "ActionLabelOptions": [
        "party_ask_confirm_booking",
        "party_ask_day",
        "party_booking_successful"
      ],
      "Agent": "Wizard",
      "PrimaryItem": {
        "APIName": "party_plan",
        "Day": "Tuesday",
        "Message": "The venue is available.",
        "Time": "5 pm",
        "VenueName": "Southside Venue"
      },
      "Text": "OK, the Southside Venue would be happy to accommodate you on Tuesday @ 5 pm.\nCan I book it for you now?",
      "UnixTime": 1590097783
    },
    {
      "Action": "utter",
      "Agent": "User",
      "Text": "yes",
      "UnixTime": 1590097789
    },
    {
      "APIName": "party_plan",
      "Action": "query",
      "Agent": "Wizard",
      "Constraints": [
        {
          "Name": "api.is_equal_to(\"Southside Venue\")"
        },
        {
          "HostName": "\"Angela\""
        },
        {
          "Day": "\"Tuesday\""
        },
        {
          "StartTimeHour": "\"5 pm\""
        },
        {
          "NumberGuests": "4"
        },
        {
          "RequestType": "\"Book\""
        }
      ],
      "PrimaryItem": {
        "APIName": "party_plan",
        "Day": "Tuesday",
        "Message": "The venue is available.",
        "Time": "5 pm",
        "VenueName": "Southside Venue"
      },
      "UnixTime": 1590097795
    },
    {
      "APIName": "party_plan",
      "Action": "return_item",
      "Agent": "KnowledgeBase",
      "Item": {
        "APIName": "party_plan",
        "Day": "Tuesday",
        "Message": "Your event has been successfully scheduled.",
        "Time": "5 pm",
        "VenueName": "Southside Venue"
      },
      "TotalItems": -1
    },
    {
      "Action": "request_suggestions",
      "Agent": "Wizard",
      "PrimaryItem": {
        "APIName": "party_plan",
        "Day": "Tuesday",
        "Message": "Your event has been successfully scheduled.",
        "Time": "5 pm",
        "VenueName": "Southside Venue"
      },
      "Text": "success",
      "UnixTime": 1590097802
    },
    {
      "Action": "pick_suggestion",
      "ActionLabel": "party_booking_successful",
      "ActionLabelOptions": [
        "party_booking_successful",
        "hello",
        "party_ask_confirm_booking"
      ],
      "Agent": "Wizard",
      "PrimaryItem": {
        "APIName": "party_plan",
        "Day": "Tuesday",
        "Message": "Your event has been successfully scheduled.",
        "Time": "5 pm",
        "VenueName": "Southside Venue"
      },
      "Text": "Great, your party has been successfully booked at the Southside Venue on Tuesday at 5 pm!",
      "UnixTime": 1590097807
    },
    {
      "Action": "utter",
      "Agent": "User",
      "Text": "Can you make a note, no burgers?",
      "UnixTime": 1590097817
    },
    {
      "Action": "instruct",
      "Agent": "UserGuide",
      "Text": "When you are done booking (not just finding!) either a restaurant or a party venue, you can say goodbye and end the dialogue. This might take a while though, e.g. in case the venue is not available. [instruction 7 of 7]",
      "UnixTime": 1590097817
    },
    {
      "APIName": "party_plan",
      "Action": "query",
      "Agent": "Wizard",
      "Constraints": [
        {
          "Name": "api.is_equal_to(\"Southside Venue\")"
        },
        {
          "HostName": "\"Angela\""
        },
        {
          "Day": "\"Tuesday\""
        },
        {
          "StartTimeHour": "\"5 pm\""
        },
        {
          "NumberGuests": "4"
        },
        {
          "RequestType": "\"Book\""
        },
        {
          "FoodRequest": "\"No burgers\""
        }
      ],
      "PrimaryItem": {
        "APIName": "party_plan",
        "Day": "Tuesday",
        "Message": "Your event has been successfully scheduled.",
        "Time": "5 pm",
        "VenueName": "Southside Venue"
      },
      "UnixTime": 1590097859
    },
    {
      "APIName": "party_plan",
      "Action": "return_item",
      "Agent": "KnowledgeBase",
      "Item": {
        "APIName": "party_plan",
        "Day": "Tuesday",
        "Message": "Your event has been successfully scheduled.",
        "Time": "5 pm",
        "VenueName": "Southside Venue"
      },
      "TotalItems": -1
    },
    {
      "Action": "request_suggestions",
      "Agent": "Wizard",
      "PrimaryItem": {
        "APIName": "party_plan",
        "Day": "Tuesday",
        "Message": "Your event has been successfully scheduled.",
        "Time": "5 pm",
        "VenueName": "Southside Venue"
      },
      "Text": "It's noted.",
      "UnixTime": 1590097886
    },
    {
      "Action": "utter",
      "Agent": "Wizard",
      "PrimaryItem": {
        "APIName": "party_plan",
        "Day": "Tuesday",
        "Message": "Your event has been successfully scheduled.",
        "Time": "5 pm",
        "VenueName": "Southside Venue"
      },
      "Text": "It's noted.",
      "UnixTime": 1590097896
    },
    {
      "Action": "utter",
      "Agent": "User",
      "Text": "thank you",
      "UnixTime": 1590097913
    },
    {
      "Action": "request_suggestions",
      "Agent": "Wizard",
      "PrimaryItem": {
        "APIName": "party_plan",
        "Day": "Tuesday",
        "Message": "Your event has been successfully scheduled.",
        "Time": "5 pm",
        "VenueName": "Southside Venue"
      },
      "Text": "Is there",
      "UnixTime": 1590097920
    },
    {
      "Action": "utter",
      "Agent": "Wizard",
      "PrimaryItem": {
        "APIName": "party_plan",
        "Day": "Tuesday",
        "Message": "Your event has been successfully scheduled.",
        "Time": "5 pm",
        "VenueName": "Southside Venue"
      },
      "Text": "Is there anything else I can do for you?",
      "UnixTime": 1590097942
    },
    {
      "Action": "complete",
      "Agent": "User",
      "UnixTime": 1590097951
    }
  ],
  "FORMAT-VERSION": 7,
  "IntroducesConflicts": false,
  "Scenario": {
    "Domains": [
      "party",
      "restaurant",
      "weather"
    ],
    "Happy": false,
    "MultiTask": true,
    "UserTask": "You (Ben) and your friend Angela want to organize a birthday party on Saturday. You expect 7 guests to come.",
    "WizardCapabilities": [
      {
        "Domain": "party",
        "SchemaImage": "party_plan.jpg",
        "Task": "party_plan"
      },
      {
        "Domain": "weather",
        "SchemaImage": "weather.jpg",
        "Task": "weather"
      },
      {
        "Domain": "restaurant",
        "SchemaImage": "restaurant_search.jpg",
        "Task": "restaurant_search"
      },
      {
        "Domain": "restaurant",
        "SchemaImage": "restaurant_book.jpg",
        "Task": "restaurant_book"
      }
    ],
    "WizardTask": "Follow the flow charts and help the user. Note: If the user already knows a restaurant name, use 'restaurant reserve', otherwise use 'restaurant search'."
  },
  "UserQuestionnaire": [
    {
      "Answer": true,
      "Question": "Did the assistant stay calm and helpful throughout the dialogue?"
    }
  ],
  "WizardQuestionnaire": [
    {
      "Answer": false,
      "Question": "Did the user change his/her mind about what he/she wants at any time?"
    },
    {
      "Answer": false,
      "Question": "Did the user become aggressive or annoyed during the dialogue? (Note: some users may be instructed to be annoying.)"
    },
    {
      "Answer": false,
      "Question": "Where you unsure about what to do at any time? (Feel free to send us an email with details.)"
    }
  ]
}