{
  "AnonymizedUserWorkerID": "e9fa7e8e-d139-9e5e-e5c1-e91880f700fb",
  "AnonymizedWizardWorkerID": "73bd63b7-5463-b221-d8f5-2611db2cf2a3",
  "BatchID": "woz_1590081561",
  "CompletionLevel": "Complete",
  "DialogueID": 6052,
  "Events": [
    {
      "Action": "instruct",
      "Agent": "UserGuide",
      "Text": "Use your imagination to generate a conversation about the topics 'finding a hotel' and 'reserving a room at a hotel' (in any order), as shown on the left. You may also ask the assistant about the weather.  [instruction 1 of 6]",
      "UnixTime": 1590094956
    },
    {
      "Action": "utter",
      "Agent": "User",
      "Text": "Hi, I'm looking for a hotel. Can you help?",
      "UnixTime": 1590094970
    },
    {
      "Action": "request_suggestions",
      "Agent": "Wizard",
      "Text": "name",
      "UnixTime": 1590095000
    },
    {
      "Action": "pick_suggestion",
      "ActionLabel": "hotel_inform_search_criteria",
      "ActionLabelOptions": [
        "hotel_inform_search_criteria",
        "hotel_ask_name",
        "anything_else"
      ],
      "Agent": "Wizard",
      "Text": "I can narrow the search down by name of the hotel, its location, price or rating.",
      "UnixTime": 1590095003
    },
    {
      "Action": "utter",
      "Agent": "User",
      "Text": "I'm thinking something in the center of town. With a good rating.",
      "UnixTime": 1590095025
    },
    {
      "APIName": "hotel_search",
      "Action": "query",
      "Agent": "Wizard",
      "Constraints": [
        {
          "Location": "\"Center\""
        }
      ],
      "UnixTime": 1590095096
    },
    {
      "APIName": "hotel_search",
      "Action": "return_item",
      "Agent": "KnowledgeBase",
      "Item": {
        "APIName": "hotel_search",
        "AverageRating": 2,
        "Cost": "Cheap",
        "Location": "Center",
        "Name": "Old Town Inn",
        "Service": false,
        "TakesReservations": true,
        "id": 953
      },
      "TotalItems": 200
    },
    {
      "Action": "request_suggestions",
      "Agent": "Wizard",
      "PrimaryItem": {
        "APIName": "hotel_search",
        "AverageRating": 2,
        "Cost": "Cheap",
        "Location": "Center",
        "Name": "Old Town Inn",
        "Service": false,
        "TakesReservations": true,
        "id": 953
      },
      "Text": "Old town inn",
      "UnixTime": 1590095101
    },
    {
      "Action": "utter",
      "Agent": "Wizard",
      "PrimaryItem": {
        "APIName": "hotel_search",
        "AverageRating": 2,
        "Cost": "Cheap",
        "Location": "Center",
        "Name": "Old Town Inn",
        "Service": false,
        "TakesReservations": true,
        "id": 953
      },
      "Text": "The Old Town Inn is located in the Center. The cost is cheap. The average rating is a 2.",
      "UnixTime": 1590095157
    },
    {
      "Action": "utter",
      "Agent": "User",
      "Text": "2 isn't good enough of a rating for me. I'd like it to be at least 4.",
      "UnixTime": 1590095172
    },
    {
      "Action": "instruct",
      "Agent": "UserGuide",
      "Text": "Please have some smalltalk with the AI Assistant at some point in this dialogue. [instruction 2 of 6]",
      "UnixTime": 1590095172
    },
    {
      "APIName": "hotel_search",
      "Action": "query",
      "Agent": "Wizard",
      "Constraints": [
        {
          "Location": "\"Center\""
        },
        {
          "AverageRating": "4"
        }
      ],
      "PrimaryItem": {
        "APIName": "hotel_search",
        "AverageRating": 2,
        "Cost": "Cheap",
        "Location": "Center",
        "Name": "Old Town Inn",
        "Service": false,
        "TakesReservations": true,
        "id": 953
      },
      "UnixTime": 1590095221
    },
    {
      "APIName": "hotel_search",
      "Action": "return_item",
      "Agent": "KnowledgeBase",
      "Item": {
        "APIName": "hotel_search",
        "AverageRating": 4,
        "Cost": "Cheap",
        "Location": "Center",
        "Name": "Shadyside Inn",
        "Service": true,
        "ServiceStartHour": "6 am",
        "ServiceStopHour": "10 pm",
        "TakesReservations": false,
        "id": 97
      },
      "TotalItems": 35
    },
    {
      "Action": "request_suggestions",
      "Agent": "Wizard",
      "PrimaryItem": {
        "APIName": "hotel_search",
        "AverageRating": 4,
        "Cost": "Cheap",
        "Location": "Center",
        "Name": "Shadyside Inn",
        "Service": true,
        "ServiceStartHour": "6 am",
        "ServiceStopHour": "10 pm",
        "TakesReservations": false,
        "id": 97
      },
      "Text": "The Shadyside Inn",
      "UnixTime": 1590095227
    },
    {
      "Action": "request_suggestions",
      "Agent": "Wizard",
      "PrimaryItem": {
        "APIName": "hotel_search",
        "AverageRating": 4,
        "Cost": "Cheap",
        "Location": "Center",
        "Name": "Shadyside Inn",
        "Service": true,
        "ServiceStartHour": "6 am",
        "ServiceStopHour": "10 pm",
        "TakesReservations": false,
        "id": 97
      },
      "Text": "rating ",
      "UnixTime": 1590095231
    },
    {
      "Action": "pick_suggestion",
      "ActionLabel": "hotel_inform_rating",
      "ActionLabelOptions": [
        "hotel_ask_rating",
        "hotel_inform_rating",
        "hotel_inform_location"
      ],
      "Agent": "Wizard",
      "PrimaryItem": {
        "APIName": "hotel_search",
        "AverageRating": 4,
        "Cost": "Cheap",
        "Location": "Center",
        "Name": "Shadyside Inn",
        "Service": true,
        "ServiceStartHour": "6 am",
        "ServiceStopHour": "10 pm",
        "TakesReservations": false,
        "id": 97
      },
      "Text": "The 'Shadyside Inn' has an average rating of 4",
      "UnixTime": 1590095234
    },
    {
      "Action": "utter",
      "Agent": "User",
      "Text": "That sounds much better. Book a room for me, please?",
      "UnixTime": 1590095257
    },
    {
      "Action": "select_task",
      "Agent": "Wizard",
      "PrimaryItem": {
        "APIName": "hotel_search",
        "AverageRating": 4,
        "Cost": "Cheap",
        "Location": "Center",
        "Name": "Shadyside Inn",
        "Service": true,
        "ServiceStartHour": "6 am",
        "ServiceStopHour": "10 pm",
        "TakesReservations": false,
        "id": 97
      },
      "Task": "hotel_book",
      "UnixTime": 1590095269
    },
    {
      "Action": "request_suggestions",
      "Agent": "Wizard",
      "PrimaryItem": {
        "APIName": "hotel_search",
        "AverageRating": 4,
        "Cost": "Cheap",
        "Location": "Center",
        "Name": "Shadyside Inn",
        "Service": true,
        "ServiceStartHour": "6 am",
        "ServiceStopHour": "10 pm",
        "TakesReservations": false,
        "id": 97
      },
      "Text": "when",
      "UnixTime": 1590095274
    },
    {
      "Action": "pick_suggestion",
      "ActionLabel": "hotel_ask_date_from",
      "ActionLabelOptions": [
        "hotel_ask_price",
        "hotel_ask_date_from",
        "hotel_ask_date_to",
        "out_of_scope",
        "hotel_ask_name",
        "out_of_scope"
      ],
      "Agent": "Wizard",
      "PrimaryItem": {
        "APIName": "hotel_search",
        "AverageRating": 4,
        "Cost": "Cheap",
        "Location": "Center",
        "Name": "Shadyside Inn",
        "Service": true,
        "ServiceStartHour": "6 am",
        "ServiceStopHour": "10 pm",
        "TakesReservations": false,
        "id": 97
      },
      "Text": "When are you arriving?",
      "UnixTime": 1590095278
    },
    {
      "Action": "utter",
      "Agent": "User",
      "Text": "Tonight, Monday the 15th? It's a surprise.",
      "UnixTime": 1590095306
    },
    {
      "Action": "instruct",
      "Agent": "UserGuide",
      "Text": "If you haven't yet, it's time to change topic. You can also go back and forth between topics. [instruction 3 of 6]",
      "UnixTime": 1590095306
    },
    {
      "Action": "request_suggestions",
      "Agent": "Wizard",
      "PrimaryItem": {
        "APIName": "hotel_search",
        "AverageRating": 4,
        "Cost": "Cheap",
        "Location": "Center",
        "Name": "Shadyside Inn",
        "Service": true,
        "ServiceStartHour": "6 am",
        "ServiceStopHour": "10 pm",
        "TakesReservations": false,
        "id": 97
      },
      "Text": "when will you leave",
      "UnixTime": 1590095322
    },
    {
      "Action": "pick_suggestion",
      "ActionLabel": "hotel_ask_date_to",
      "ActionLabelOptions": [
        "hotel_ask_date_to",
        "hotel_ask_location",
        "anything_else",
        "goodbye_1",
        "anything_else",
        "hotel_ask_date_from"
      ],
      "Agent": "Wizard",
      "PrimaryItem": {
        "APIName": "hotel_search",
        "AverageRating": 4,
        "Cost": "Cheap",
        "Location": "Center",
        "Name": "Shadyside Inn",
        "Service": true,
        "ServiceStartHour": "6 am",
        "ServiceStopHour": "10 pm",
        "TakesReservations": false,
        "id": 97
      },
      "Text": "When will you be leaving again?",
      "UnixTime": 1590095327
    },
    {
      "Action": "utter",
      "Agent": "User",
      "Text": "Arriving tonight and leaving tomorrow. Just one night. It's our anniversary ;-)",
      "UnixTime": 1590095350
    },
    {
      "Action": "instruct",
      "Agent": "UserGuide",
      "Text": "If it makes sense, use some negations ('I don't want X', or 'anything but Y', etc.) [instruction 4 of 6]",
      "UnixTime": 1590095350
    },
    {
      "Action": "request_suggestions",
      "Agent": "Wizard",
      "PrimaryItem": {
        "APIName": "hotel_search",
        "AverageRating": 4,
        "Cost": "Cheap",
        "Location": "Center",
        "Name": "Shadyside Inn",
        "Service": true,
        "ServiceStartHour": "6 am",
        "ServiceStopHour": "10 pm",
        "TakesReservations": false,
        "id": 97
      },
      "Text": "Alright",
      "UnixTime": 1590095401
    },
    {
      "Action": "utter",
      "Agent": "Wizard",
      "PrimaryItem": {
        "APIName": "hotel_search",
        "AverageRating": 4,
        "Cost": "Cheap",
        "Location": "Center",
        "Name": "Shadyside Inn",
        "Service": true,
        "ServiceStartHour": "6 am",
        "ServiceStopHour": "10 pm",
        "TakesReservations": false,
        "id": 97
      },
      "Text": "Alright and your name please?",
      "UnixTime": 1590095413
    },
    {
      "Action": "utter",
      "Agent": "User",
      "Text": "Tyler Jones, and my partner is Nick Jones",
      "UnixTime": 1590095452
    },
    {
      "Action": "instruct",
      "Agent": "UserGuide",
      "Text": "Keep going until you've covered all the topics ('finding a hotel' and 'reserving a room at a hotel'). The conversation should continue at least until the last instruction is given. [instruction 5 of 6]",
      "UnixTime": 1590095452
    },
    {
      "APIName": "hotel_book",
      "Action": "query",
      "Agent": "Wizard",
      "Constraints": [
        {
          "Name": "api.is_equal_to(\"Shadyside Inn\")"
        },
        {
          "StartDate": "\"15th\""
        },
        {
          "EndDate": "\"16th\""
        },
        {
          "CustomerName": "\"Tyler Jones \""
        },
        {
          "RequestType": "\"Check\""
        }
      ],
      "PrimaryItem": {
        "APIName": "hotel_search",
        "AverageRating": 4,
        "Cost": "Cheap",
        "Location": "Center",
        "Name": "Shadyside Inn",
        "Service": true,
        "ServiceStartHour": "6 am",
        "ServiceStopHour": "10 pm",
        "TakesReservations": false,
        "id": 97
      },
      "UnixTime": 1590095500
    },
    {
      "APIName": "hotel_book",
      "Action": "return_item",
      "Agent": "KnowledgeBase",
      "Item": {
        "APIName": "hotel_book",
        "HotelName": "Shadyside Inn",
        "Message": "Unavailable"
      },
      "TotalItems": -1
    },
    {
      "APIName": "hotel_book",
      "Action": "query",
      "Agent": "Wizard",
      "Constraints": [
        {
          "Name": "api.is_equal_to(\"Shadyside Inn\")"
        },
        {
          "StartDate": "\"15th\""
        },
        {
          "EndDate": "\"16th\""
        },
        {
          "CustomerName": "\"Tyler Jones \""
        },
        {
          "RequestType": "\"Check\""
        }
      ],
      "PrimaryItem": {
        "APIName": "hotel_book",
        "HotelName": "Shadyside Inn",
        "Message": "Unavailable"
      },
      "UnixTime": 1590095504
    },
    {
      "APIName": "hotel_book",
      "Action": "return_item",
      "Agent": "KnowledgeBase",
      "Item": {
        "APIName": "hotel_book",
        "HotelName": "Shadyside Inn",
        "Message": "Unavailable"
      },
      "TotalItems": -1
    },
    {
      "Action": "request_suggestions",
      "Agent": "Wizard",
      "PrimaryItem": {
        "APIName": "hotel_book",
        "HotelName": "Shadyside Inn",
        "Message": "Unavailable"
      },
      "Text": "i'm sorry",
      "UnixTime": 1590095510
    },
    {
      "Action": "pick_suggestion",
      "ActionLabel": "hotel_reservation_failed",
      "ActionLabelOptions": [
        "out_of_scope",
        "hotel_reservation_failed",
        "anything_else"
      ],
      "Agent": "Wizard",
      "PrimaryItem": {
        "APIName": "hotel_book",
        "HotelName": "Shadyside Inn",
        "Message": "Unavailable"
      },
      "Text": "I'm sorry, but your booking request failed.",
      "UnixTime": 1590095516
    },
    {
      "Action": "utter",
      "Agent": "User",
      "Text": "Oh no! Can you find somewhere else for tonight with an excellent rating?",
      "UnixTime": 1590095532
    },
    {
      "Action": "select_task",
      "Agent": "Wizard",
      "PrimaryItem": {
        "APIName": "hotel_book",
        "HotelName": "Shadyside Inn",
        "Message": "Unavailable"
      },
      "Task": "hotel_search",
      "UnixTime": 1590095538
    },
    {
      "APIName": "hotel_search",
      "Action": "query",
      "Agent": "Wizard",
      "Constraints": [
        {
          "Location": "\"Center\""
        },
        {
          "AverageRating": "4"
        }
      ],
      "PrimaryItem": {
        "APIName": "hotel_book",
        "HotelName": "Shadyside Inn",
        "Message": "Unavailable"
      },
      "UnixTime": 1590095539
    },
    {
      "APIName": "hotel_search",
      "Action": "return_item",
      "Agent": "KnowledgeBase",
      "Item": {
        "APIName": "hotel_search",
        "AverageRating": 4,
        "Cost": "Expensive",
        "Location": "Center",
        "Name": "Hyatt Hotel",
        "Service": false,
        "TakesReservations": true,
        "id": 484
      },
      "TotalItems": 35
    },
    {
      "Action": "select_task",
      "Agent": "Wizard",
      "PrimaryItem": {
        "APIName": "hotel_search",
        "AverageRating": 4,
        "Cost": "Expensive",
        "Location": "Center",
        "Name": "Hyatt Hotel",
        "Service": false,
        "TakesReservations": true,
        "id": 484
      },
      "Task": "hotel_book",
      "UnixTime": 1590095545
    },
    {
      "APIName": "hotel_book",
      "Action": "query",
      "Agent": "Wizard",
      "Constraints": [
        {
          "Name": "\"Hyatt Hotel\""
        },
        {
          "StartDate": "\"15th\""
        },
        {
          "EndDate": "\"16th\""
        },
        {
          "CustomerName": "\"Tyler Jones \""
        },
        {
          "RequestType": "\"Check\""
        }
      ],
      "PrimaryItem": {
        "APIName": "hotel_search",
        "AverageRating": 4,
        "Cost": "Expensive",
        "Location": "Center",
        "Name": "Hyatt Hotel",
        "Service": false,
        "TakesReservations": true,
        "id": 484
      },
      "UnixTime": 1590095549
    },
    {
      "APIName": "hotel_book",
      "Action": "return_item",
      "Agent": "KnowledgeBase",
      "Item": {
        "APIName": "hotel_book",
        "HotelName": "Hyatt Hotel",
        "Message": "Unavailable"
      },
      "TotalItems": -1
    },
    {
      "APIName": "hotel_book",
      "Action": "query",
      "Agent": "Wizard",
      "Constraints": [
        {
          "Name": "\"Hyatt Hotel\""
        },
        {
          "StartDate": "\"15th\""
        },
        {
          "EndDate": "\"16th\""
        },
        {
          "CustomerName": "\"Tyler Jones \""
        },
        {
          "RequestType": "\"Check\""
        }
      ],
      "PrimaryItem": {
        "APIName": "hotel_book",
        "HotelName": "Hyatt Hotel",
        "Message": "Unavailable"
      },
      "UnixTime": 1590095552
    },
    {
      "APIName": "hotel_book",
      "Action": "return_item",
      "Agent": "KnowledgeBase",
      "Item": {
        "APIName": "hotel_book",
        "HotelName": "Hyatt Hotel",
        "Message": "Unavailable"
      },
      "TotalItems": -1
    },
    {
      "APIName": "hotel_book",
      "Action": "query",
      "Agent": "Wizard",
      "Constraints": [
        {
          "Name": "\"Hyatt Hotel\""
        },
        {
          "StartDate": "\"15th\""
        },
        {
          "EndDate": "\"16th\""
        },
        {
          "CustomerName": "\"Tyler Jones \""
        },
        {
          "RequestType": "\"Check\""
        }
      ],
      "PrimaryItem": {
        "APIName": "hotel_book",
        "HotelName": "Hyatt Hotel",
        "Message": "Unavailable"
      },
      "UnixTime": 1590095553
    },
    {
      "APIName": "hotel_book",
      "Action": "return_item",
      "Agent": "KnowledgeBase",
      "Item": {
        "APIName": "hotel_book",
        "HotelName": "Hyatt Hotel",
        "Message": "Unavailable"
      },
      "TotalItems": -1
    },
    {
      "APIName": "hotel_book",
      "Action": "query",
      "Agent": "Wizard",
      "Constraints": [
        {
          "Name": "\"Hyatt Hotel\""
        },
        {
          "StartDate": "\"15th\""
        },
        {
          "EndDate": "\"16th\""
        },
        {
          "CustomerName": "\"Tyler Jones \""
        },
        {
          "RequestType": "\"Check\""
        }
      ],
      "PrimaryItem": {
        "APIName": "hotel_book",
        "HotelName": "Hyatt Hotel",
        "Message": "Unavailable"
      },
      "UnixTime": 1590095555
    },
    {
      "APIName": "hotel_book",
      "Action": "return_item",
      "Agent": "KnowledgeBase",
      "Item": {
        "APIName": "hotel_book",
        "HotelName": "Hyatt Hotel",
        "Message": "Unavailable"
      },
      "TotalItems": -1
    },
    {
      "Action": "select_task",
      "Agent": "Wizard",
      "PrimaryItem": {
        "APIName": "hotel_book",
        "HotelName": "Hyatt Hotel",
        "Message": "Unavailable"
      },
      "Task": "hotel_search",
      "UnixTime": 1590095559
    },
    {
      "APIName": "hotel_search",
      "Action": "query",
      "Agent": "Wizard",
      "Constraints": [
        {
          "Location": "\"Center\""
        },
        {
          "AverageRating": "4"
        }
      ],
      "PrimaryItem": {
        "APIName": "hotel_book",
        "HotelName": "Hyatt Hotel",
        "Message": "Unavailable"
      },
      "UnixTime": 1590095560
    },
    {
      "APIName": "hotel_search",
      "Action": "return_item",
      "Agent": "KnowledgeBase",
      "Item": {
        "APIName": "hotel_search",
        "AverageRating": 4,
        "Cost": "Expensive",
        "Location": "Center",
        "Name": "Shadyside Inn",
        "Service": false,
        "TakesReservations": true,
        "id": 333
      },
      "TotalItems": 35
    },
    {
      "Action": "select_task",
      "Agent": "Wizard",
      "PrimaryItem": {
        "APIName": "hotel_search",
        "AverageRating": 4,
        "Cost": "Expensive",
        "Location": "Center",
        "Name": "Shadyside Inn",
        "Service": false,
        "TakesReservations": true,
        "id": 333
      },
      "Task": "hotel_book",
      "UnixTime": 1590095563
    },
    {
      "APIName": "hotel_book",
      "Action": "query",
      "Agent": "Wizard",
      "Constraints": [
        {
          "Name": "\"Shadyside Inn\""
        },
        {
          "StartDate": "\"15th\""
        },
        {
          "EndDate": "\"16th\""
        },
        {
          "CustomerName": "\"Tyler Jones \""
        },
        {
          "RequestType": "\"Check\""
        }
      ],
      "PrimaryItem": {
        "APIName": "hotel_search",
        "AverageRating": 4,
        "Cost": "Expensive",
        "Location": "Center",
        "Name": "Shadyside Inn",
        "Service": false,
        "TakesReservations": true,
        "id": 333
      },
      "UnixTime": 1590095568
    },
    {
      "APIName": "hotel_book",
      "Action": "return_item",
      "Agent": "KnowledgeBase",
      "Item": {
        "APIName": "hotel_book",
        "HotelName": "Shadyside Inn",
        "Message": "Available"
      },
      "TotalItems": -1
    },
    {
      "Action": "request_suggestions",
      "Agent": "Wizard",
      "PrimaryItem": {
        "APIName": "hotel_book",
        "HotelName": "Shadyside Inn",
        "Message": "Available"
      },
      "Text": "There",
      "UnixTime": 1590095578
    },
    {
      "Action": "utter",
      "Agent": "Wizard",
      "PrimaryItem": {
        "APIName": "hotel_book",
        "HotelName": "Shadyside Inn",
        "Message": "Available"
      },
      "Text": "There has been an opening for the Shadyside Inn. Would you like for me to reserve this room?",
      "UnixTime": 1590095597
    },
    {
      "Action": "utter",
      "Agent": "User",
      "Text": "What is the rating at the Shadyside?",
      "UnixTime": 1590095621
    },
    {
      "Action": "instruct",
      "Agent": "UserGuide",
      "Text": "Ok, once you've touched on all the topics ('finding a hotel' and 'reserving a room at a hotel') and engaged in some smalltalk, you can bring the conversation to a natural close. [instruction 6 of 6]",
      "UnixTime": 1590095621
    },
    {
      "Action": "select_task",
      "Agent": "Wizard",
      "PrimaryItem": {
        "APIName": "hotel_book",
        "HotelName": "Shadyside Inn",
        "Message": "Available"
      },
      "Task": "hotel_search",
      "UnixTime": 1590095633
    },
    {
      "Action": "request_suggestions",
      "Agent": "Wizard",
      "PrimaryItem": {
        "APIName": "hotel_book",
        "HotelName": "Shadyside Inn",
        "Message": "Available"
      },
      "Text": "rating",
      "UnixTime": 1590095635
    },
    {
      "Action": "utter",
      "Agent": "Wizard",
      "PrimaryItem": {
        "APIName": "hotel_book",
        "HotelName": "Shadyside Inn",
        "Message": "Available"
      },
      "Text": "An average rating of 4.",
      "UnixTime": 1590095652
    },
    {
      "Action": "utter",
      "Agent": "User",
      "Text": "That sounds great. Please book it!",
      "UnixTime": 1590095662
    },
    {
      "Action": "select_task",
      "Agent": "Wizard",
      "PrimaryItem": {
        "APIName": "hotel_book",
        "HotelName": "Shadyside Inn",
        "Message": "Available"
      },
      "Task": "hotel_book",
      "UnixTime": 1590095662
    },
    {
      "APIName": "hotel_book",
      "Action": "query",
      "Agent": "Wizard",
      "Constraints": [
        {
          "Name": "\"Shadyside Inn\""
        },
        {
          "StartDate": "\"15th\""
        },
        {
          "EndDate": "\"16th\""
        },
        {
          "CustomerName": "\"Tyler Jones \""
        },
        {
          "RequestType": "\"Book\""
        }
      ],
      "PrimaryItem": {
        "APIName": "hotel_book",
        "HotelName": "Shadyside Inn",
        "Message": "Available"
      },
      "UnixTime": 1590095674
    },
    {
      "APIName": "hotel_book",
      "Action": "return_item",
      "Agent": "KnowledgeBase",
      "Item": {
        "APIName": "hotel_book",
        "HotelName": "Shadyside Inn",
        "Message": "Reservation Confirmed"
      },
      "TotalItems": -1
    },
    {
      "Action": "request_suggestions",
      "Agent": "Wizard",
      "PrimaryItem": {
        "APIName": "hotel_book",
        "HotelName": "Shadyside Inn",
        "Message": "Reservation Confirmed"
      },
      "Text": "Confirmed",
      "UnixTime": 1590095680
    },
    {
      "Action": "pick_suggestion",
      "ActionLabel": "hotel_reservation_succeeded",
      "ActionLabelOptions": [
        "hotel_reservation_succeeded",
        "hello",
        "hotel_ask_date_to"
      ],
      "Agent": "Wizard",
      "PrimaryItem": {
        "APIName": "hotel_book",
        "HotelName": "Shadyside Inn",
        "Message": "Reservation Confirmed"
      },
      "Text": "OK, I've successfully completed this Hotel booking for you!",
      "UnixTime": 1590095682
    },
    {
      "Action": "utter",
      "Agent": "User",
      "Text": "Thank you so much. That's all I need!",
      "UnixTime": 1590095689
    },
    {
      "Action": "request_suggestions",
      "Agent": "Wizard",
      "PrimaryItem": {
        "APIName": "hotel_book",
        "HotelName": "Shadyside Inn",
        "Message": "Reservation Confirmed"
      },
      "Text": "Thank you",
      "UnixTime": 1590095724
    },
    {
      "Action": "pick_suggestion",
      "ActionLabel": "goodbye_1",
      "ActionLabelOptions": [
        "goodbye_1",
        "hotel_unavailable",
        "out_of_scope"
      ],
      "Agent": "Wizard",
      "PrimaryItem": {
        "APIName": "hotel_book",
        "HotelName": "Shadyside Inn",
        "Message": "Reservation Confirmed"
      },
      "Text": "Thank you and goodbye.",
      "UnixTime": 1590095725
    },
    {
      "Action": "complete",
      "Agent": "User",
      "UnixTime": 1590095732
    }
  ],
  "FORMAT-VERSION": 7,
  "IntroducesConflicts": false,
  "Scenario": {
    "Domains": [
      "hotel",
      "weather"
    ],
    "Happy": false,
    "MultiTask": true,
    "UserTask": "Come up with your own scenario!\n\nAbout you:\n- Your name: Tyler Jones\n- Today is Monday the 15th, 2 pm\n\n The AI Assistant can handle:\n- Search for a hotel (e.g. in the Center of town`)\n- Book a room at a hotel (e.g. Hyatt Hotel or whatever the assistant can find for you; e.g. from 14th to 26th)\n- Checking the weather forecast in different Cities (e.g. Detroit or New York City)",
    "WizardCapabilities": [
      {
        "Domain": "hotel",
        "SchemaImage": "hotel_search.jpg",
        "Task": "hotel_search"
      },
      {
        "Domain": "hotel",
        "SchemaImage": "hotel_book.jpg",
        "Task": "hotel_book"
      },
      {
        "Domain": "weather",
        "SchemaImage": "weather.jpg",
        "Task": "weather"
      }
    ],
    "WizardTask": "Follow the flow charts and help the user. Assume:\n\n- Today is Monday the 15th, 2 pm"
  },
  "UserQuestionnaire": [
    {
      "Answer": true,
      "Question": "Did the assistant stay calm and helpful throughout the dialogue?"
    }
  ],
  "WizardQuestionnaire": [
    {
      "Answer": false,
      "Question": "Did the user change his/her mind about what he/she wants at any time?"
    },
    {
      "Answer": false,
      "Question": "Did the user become aggressive or annoyed during the dialogue? (Note: some users may be instructed to be annoying.)"
    },
    {
      "Answer": false,
      "Question": "Where you unsure about what to do at any time? (Feel free to send us an email with details.)"
    }
  ]
}