{
  "AnonymizedUserWorkerID": "73bd63b7-5463-b221-d8f5-2611db2cf2a3",
  "AnonymizedWizardWorkerID": "62eeec70-6c47-578d-fd46-fef2b9b6d543",
  "BatchID": "woz_1590081561",
  "CompletionLevel": "Complete",
  "DialogueID": 6062,
  "Events": [
    {
      "Action": "instruct",
      "Agent": "UserGuide",
      "Text": "Maybe the AI Assistant can help? Say hello and ask if it can help you plan the party. [instruction 1 of 7]",
      "UnixTime": 1590089939
    },
    {
      "Action": "utter",
      "Agent": "User",
      "Text": "Hello",
      "UnixTime": 1590089956
    },
    {
      "Action": "instruct",
      "Agent": "UserGuide",
      "Text": "Ben says: 'I think the West Bay Venue is quite nice'. [instruction 2 of 7]",
      "UnixTime": 1590089956
    },
    {
      "Action": "request_suggestions",
      "Agent": "Wizard",
      "Text": "hi how can i  help",
      "UnixTime": 1590089962
    },
    {
      "Action": "pick_suggestion",
      "ActionLabel": "hello",
      "ActionLabelOptions": [
        "hello",
        "party_ask_venue",
        "party_no_venue_available"
      ],
      "Agent": "Wizard",
      "Text": "Hello, how can I help?",
      "UnixTime": 1590089963
    },
    {
      "Action": "utter",
      "Agent": "User",
      "Text": "I am Ben. I am wanting to organize a birthday party for my friend.",
      "UnixTime": 1590089997
    },
    {
      "Action": "request_suggestions",
      "Agent": "Wizard",
      "Text": "venue",
      "UnixTime": 1590090004
    },
    {
      "Action": "request_suggestions",
      "Agent": "Wizard",
      "Text": "what venue",
      "UnixTime": 1590090009
    },
    {
      "Action": "pick_suggestion",
      "ActionLabel": "party_ask_venue",
      "ActionLabelOptions": [
        "party_ask_venue",
        "party_booking_failed",
        "party_ask_drinks"
      ],
      "Agent": "Wizard",
      "Text": "At what venue would you like to have your party organised?",
      "UnixTime": 1590090011
    },
    {
      "Action": "utter",
      "Agent": "User",
      "Text": "West Bay Venue I heard was nice. ",
      "UnixTime": 1590090059
    },
    {
      "Action": "instruct",
      "Agent": "UserGuide",
      "Text": "It occurs to you that if the weather is nice, you might just have the party outside somewhere. Ask your assistant what the weather will be like on Tuesday. [instruction 3 of 7]",
      "UnixTime": 1590090059
    },
    {
      "Action": "request_suggestions",
      "Agent": "Wizard",
      "Text": "what time",
      "UnixTime": 1590090066
    },
    {
      "Action": "pick_suggestion",
      "ActionLabel": "party_ask_starting_time",
      "ActionLabelOptions": [
        "party_ask_starting_time",
        "party_ask_day",
        "party_ask_venue"
      ],
      "Agent": "Wizard",
      "Text": "When would you like your party to kick off?",
      "UnixTime": 1590090069
    },
    {
      "Action": "utter",
      "Agent": "User",
      "Text": "On Tuesday around 7pm",
      "UnixTime": 1590090103
    },
    {
      "Action": "instruct",
      "Agent": "UserGuide",
      "Text": "Ben says: 'Yeah, actually, if the weather is good, we could just go out to the park and book a restaurant for the evening'. You agree. So depending on the weather, either continue searching / booking the venue, or ask your assistant to help you find and book a restaurant for Tuesday evening. [instruction 4 of 7]",
      "UnixTime": 1590090103
    },
    {
      "Action": "request_suggestions",
      "Agent": "Wizard",
      "Text": "number of guests",
      "UnixTime": 1590090111
    },
    {
      "Action": "pick_suggestion",
      "ActionLabel": "party_ask_number_of_guests",
      "ActionLabelOptions": [
        "party_ask_number_of_guests",
        "out_of_scope",
        "goodbye_1"
      ],
      "Agent": "Wizard",
      "Text": "How many people would you like to invite?",
      "UnixTime": 1590090113
    },
    {
      "Action": "utter",
      "Agent": "User",
      "Text": "77 guests",
      "UnixTime": 1590090136
    },
    {
      "Action": "instruct",
      "Agent": "UserGuide",
      "Text": "Note: You are located in the South of town, which you may or may not take into account if you search for a restaurant. [instruction 5 of 7]",
      "UnixTime": 1590090136
    },
    {
      "APIName": "party_plan",
      "Action": "query",
      "Agent": "Wizard",
      "Constraints": [
        {
          "Name": "\"West Bay Venue\""
        },
        {
          "HostName": "\"Ben\""
        },
        {
          "Day": "\"Tuesday\""
        },
        {
          "StartTimeHour": "\"7 pm\""
        },
        {
          "NumberGuests": "77"
        },
        {
          "RequestType": "\"Check\""
        }
      ],
      "UnixTime": 1590090143
    },
    {
      "APIName": "party_plan",
      "Action": "return_item",
      "Agent": "KnowledgeBase",
      "Item": {
        "APIName": "party_plan",
        "Day": "Tuesday",
        "Message": "The venue is booked at that time. Try another meeting time or another venue.",
        "Time": "7 pm",
        "VenueName": "West Bay Venue"
      },
      "TotalItems": -1
    },
    {
      "Action": "request_suggestions",
      "Agent": "Wizard",
      "PrimaryItem": {
        "APIName": "party_plan",
        "Day": "Tuesday",
        "Message": "The venue is booked at that time. Try another meeting time or another venue.",
        "Time": "7 pm",
        "VenueName": "West Bay Venue"
      },
      "Text": "the venue is booked",
      "UnixTime": 1590090148
    },
    {
      "Action": "pick_suggestion",
      "ActionLabel": "party_venue_not_available",
      "ActionLabelOptions": [
        "party_ask_confirm_booking",
        "party_venue_not_available",
        "party_booking_successful"
      ],
      "Agent": "Wizard",
      "PrimaryItem": {
        "APIName": "party_plan",
        "Day": "Tuesday",
        "Message": "The venue is booked at that time. Try another meeting time or another venue.",
        "Time": "7 pm",
        "VenueName": "West Bay Venue"
      },
      "Text": "I am sorry, but it looks like the West Bay Venue is not available then.",
      "UnixTime": 1590090152
    },
    {
      "Action": "utter",
      "Agent": "User",
      "Text": "That's okay I was actually thinking if the weather is nice we'll just go out to the park. Could you check the weather for me in New York City?",
      "UnixTime": 1590090203
    },
    {
      "Action": "instruct",
      "Agent": "UserGuide",
      "Text": "When the question comes up: you both like Steak and Thai food, but no Chinese food. [instruction 6 of 7]",
      "UnixTime": 1590090203
    },
    {
      "Action": "select_task",
      "Agent": "Wizard",
      "PrimaryItem": {
        "APIName": "party_plan",
        "Day": "Tuesday",
        "Message": "The venue is booked at that time. Try another meeting time or another venue.",
        "Time": "7 pm",
        "VenueName": "West Bay Venue"
      },
      "Task": "weather",
      "UnixTime": 1590090213
    },
    {
      "Action": "request_suggestions",
      "Agent": "Wizard",
      "PrimaryItem": {
        "APIName": "party_plan",
        "Day": "Tuesday",
        "Message": "The venue is booked at that time. Try another meeting time or another venue.",
        "Time": "7 pm",
        "VenueName": "West Bay Venue"
      },
      "Text": "day",
      "UnixTime": 1590090233
    },
    {
      "Action": "pick_suggestion",
      "ActionLabel": "weather_ask_day",
      "ActionLabelOptions": [
        "weather_ask_day",
        "party_ask_day",
        "party_ask_number_of_guests",
        "goodbye_1",
        "goodbye_1",
        "hello"
      ],
      "Agent": "Wizard",
      "PrimaryItem": {
        "APIName": "party_plan",
        "Day": "Tuesday",
        "Message": "The venue is booked at that time. Try another meeting time or another venue.",
        "Time": "7 pm",
        "VenueName": "West Bay Venue"
      },
      "Text": "For what day would you like the weather forecast?",
      "UnixTime": 1590090236
    },
    {
      "Action": "utter",
      "Agent": "User",
      "Text": "Tuesday",
      "UnixTime": 1590090272
    },
    {
      "APIName": "weather",
      "Action": "query",
      "Agent": "Wizard",
      "Constraints": [
        {
          "Day": "\"Tuesday\""
        },
        {
          "City": "\"New York City\""
        }
      ],
      "PrimaryItem": {
        "APIName": "party_plan",
        "Day": "Tuesday",
        "Message": "The venue is booked at that time. Try another meeting time or another venue.",
        "Time": "7 pm",
        "VenueName": "West Bay Venue"
      },
      "UnixTime": 1590090277
    },
    {
      "APIName": "weather",
      "Action": "return_item",
      "Agent": "KnowledgeBase",
      "Item": {
        "APIName": "weather",
        "City": "New York City",
        "Day": "Tuesday",
        "TemperatureCelsius": 24,
        "Weather": "Cloudy",
        "id": 589
      },
      "TotalItems": -1
    },
    {
      "Action": "request_suggestions",
      "Agent": "Wizard",
      "PrimaryItem": {
        "APIName": "weather",
        "City": "New York City",
        "Day": "Tuesday",
        "TemperatureCelsius": 24,
        "Weather": "Cloudy",
        "id": 589
      },
      "Text": "the weather in New York is cloudy",
      "UnixTime": 1590090285
    },
    {
      "Action": "pick_suggestion",
      "ActionLabel": "weather_inform_forecast",
      "ActionLabelOptions": [
        "weather_inform_forecast",
        "weather_ask_location",
        "out_of_scope"
      ],
      "Agent": "Wizard",
      "PrimaryItem": {
        "APIName": "weather",
        "City": "New York City",
        "Day": "Tuesday",
        "TemperatureCelsius": 24,
        "Weather": "Cloudy",
        "id": 589
      },
      "Text": "It will be Cloudy all day on Tuesday in New York City, with temperatures of around 24 degrees celsius.",
      "UnixTime": 1590090287
    },
    {
      "Action": "utter",
      "Agent": "User",
      "Text": "That's good atleast it won't be too hot. I think we'll go to a restaurant afterwards. Somewhere in the South part of town would work",
      "UnixTime": 1590090351
    },
    {
      "Action": "select_task",
      "Agent": "Wizard",
      "PrimaryItem": {
        "APIName": "weather",
        "City": "New York City",
        "Day": "Tuesday",
        "TemperatureCelsius": 24,
        "Weather": "Cloudy",
        "id": 589
      },
      "Task": "restaurant_search",
      "UnixTime": 1590090357
    },
    {
      "Action": "request_suggestions",
      "Agent": "Wizard",
      "PrimaryItem": {
        "APIName": "weather",
        "City": "New York City",
        "Day": "Tuesday",
        "TemperatureCelsius": 24,
        "Weather": "Cloudy",
        "id": 589
      },
      "Text": "I can find restaurants ",
      "UnixTime": 1590090384
    },
    {
      "Action": "pick_suggestion",
      "ActionLabel": "restaurant_inform_search_criteria",
      "ActionLabelOptions": [
        "weather_ask_location",
        "weather_inform_nothing_found",
        "restaurant_ask_continue_searching",
        "anything_else",
        "restaurant_inform_search_criteria",
        "restaurant_ask_location"
      ],
      "Agent": "Wizard",
      "PrimaryItem": {
        "APIName": "weather",
        "City": "New York City",
        "Day": "Tuesday",
        "TemperatureCelsius": 24,
        "Weather": "Cloudy",
        "id": 589
      },
      "Text": "I can filter restaurants by name, location, food type, its average rating, whether or not they take reservations, and whether or not they have a delivery service.",
      "UnixTime": 1590090388
    },
    {
      "Action": "utter",
      "Agent": "User",
      "Text": "Any restaurant in the South part of town, Steak and Thai food is fine, no Chinese food.",
      "UnixTime": 1590090442
    },
    {
      "Action": "instruct",
      "Agent": "UserGuide",
      "Text": "When you are done booking (not just finding!) either a restaurant or a party venue, you can say goodbye and end the dialogue. This might take a while though, e.g. in case the venue is not available. [instruction 7 of 7]",
      "UnixTime": 1590090442
    },
    {
      "APIName": "restaurant_search",
      "Action": "query",
      "Agent": "Wizard",
      "Constraints": [
        {
          "Location": "api.is_equal_to(\"South\")"
        },
        {
          "Food": "api.is_one_of([\"Pizza\",\"Thai\",\"Steak\"])"
        }
      ],
      "PrimaryItem": {
        "APIName": "weather",
        "City": "New York City",
        "Day": "Tuesday",
        "TemperatureCelsius": 24,
        "Weather": "Cloudy",
        "id": 589
      },
      "UnixTime": 1590090464
    },
    {
      "APIName": "restaurant_search",
      "Action": "return_item",
      "Agent": "KnowledgeBase",
      "Item": {
        "APIName": "restaurant_search",
        "AverageRating": 2,
        "AverageWaitMinutes": 37,
        "CloseTimeHour": "10 pm",
        "Cost": "Cheap",
        "DoesDelivery": true,
        "Food": "Thai",
        "Location": "South",
        "MaxPartySize": 35,
        "Name": "Legume",
        "OpenTimeHour": "11 am",
        "TakesReservations": false,
        "id": 445
      },
      "TotalItems": 90
    },
    {
      "Action": "request_suggestions",
      "Agent": "Wizard",
      "PrimaryItem": {
        "APIName": "restaurant_search",
        "AverageRating": 2,
        "AverageWaitMinutes": 37,
        "CloseTimeHour": "10 pm",
        "Cost": "Cheap",
        "DoesDelivery": true,
        "Food": "Thai",
        "Location": "South",
        "MaxPartySize": 35,
        "Name": "Legume",
        "OpenTimeHour": "11 am",
        "TakesReservations": false,
        "id": 445
      },
      "Text": "I found Legume",
      "UnixTime": 1590090469
    },
    {
      "Action": "request_suggestions",
      "Agent": "Wizard",
      "PrimaryItem": {
        "APIName": "restaurant_search",
        "AverageRating": 2,
        "AverageWaitMinutes": 37,
        "CloseTimeHour": "10 pm",
        "Cost": "Cheap",
        "DoesDelivery": true,
        "Food": "Thai",
        "Location": "South",
        "MaxPartySize": 35,
        "Name": "Legume",
        "OpenTimeHour": "11 am",
        "TakesReservations": false,
        "id": 445
      },
      "Text": "I found Legume in the South",
      "UnixTime": 1590090476
    },
    {
      "Action": "request_suggestions",
      "Agent": "Wizard",
      "PrimaryItem": {
        "APIName": "restaurant_search",
        "AverageRating": 2,
        "AverageWaitMinutes": 37,
        "CloseTimeHour": "10 pm",
        "Cost": "Cheap",
        "DoesDelivery": true,
        "Food": "Thai",
        "Location": "South",
        "MaxPartySize": 35,
        "Name": "Legume",
        "OpenTimeHour": "11 am",
        "TakesReservations": false,
        "id": 445
      },
      "Text": "I found the restaurant Legume in the South. ",
      "UnixTime": 1590090495
    },
    {
      "Action": "request_suggestions",
      "Agent": "Wizard",
      "PrimaryItem": {
        "APIName": "restaurant_search",
        "AverageRating": 2,
        "AverageWaitMinutes": 37,
        "CloseTimeHour": "10 pm",
        "Cost": "Cheap",
        "DoesDelivery": true,
        "Food": "Thai",
        "Location": "South",
        "MaxPartySize": 35,
        "Name": "Legume",
        "OpenTimeHour": "11 am",
        "TakesReservations": false,
        "id": 445
      },
      "Text": "I found the restaurant Legume in the South. It serves Thai food and has an average rating of 2",
      "UnixTime": 1590090526
    },
    {
      "Action": "utter",
      "Agent": "Wizard",
      "PrimaryItem": {
        "APIName": "restaurant_search",
        "AverageRating": 2,
        "AverageWaitMinutes": 37,
        "CloseTimeHour": "10 pm",
        "Cost": "Cheap",
        "DoesDelivery": true,
        "Food": "Thai",
        "Location": "South",
        "MaxPartySize": 35,
        "Name": "Legume",
        "OpenTimeHour": "11 am",
        "TakesReservations": false,
        "id": 445
      },
      "Text": "I found the restaurant Legume in the South. They serve Thai food and have an average rating ot 2.",
      "UnixTime": 1590090550
    },
    {
      "Action": "utter",
      "Agent": "User",
      "Text": "That's perfect let's book it!",
      "UnixTime": 1590090606
    },
    {
      "Action": "select_task",
      "Agent": "Wizard",
      "PrimaryItem": {
        "APIName": "restaurant_search",
        "AverageRating": 2,
        "AverageWaitMinutes": 37,
        "CloseTimeHour": "10 pm",
        "Cost": "Cheap",
        "DoesDelivery": true,
        "Food": "Thai",
        "Location": "South",
        "MaxPartySize": 35,
        "Name": "Legume",
        "OpenTimeHour": "11 am",
        "TakesReservations": false,
        "id": 445
      },
      "Task": "restaurant_book",
      "UnixTime": 1590090611
    },
    {
      "Action": "request_suggestions",
      "Agent": "Wizard",
      "PrimaryItem": {
        "APIName": "restaurant_search",
        "AverageRating": 2,
        "AverageWaitMinutes": 37,
        "CloseTimeHour": "10 pm",
        "Cost": "Cheap",
        "DoesDelivery": true,
        "Food": "Thai",
        "Location": "South",
        "MaxPartySize": 35,
        "Name": "Legume",
        "OpenTimeHour": "11 am",
        "TakesReservations": false,
        "id": 445
      },
      "Text": "what time",
      "UnixTime": 1590090620
    },
    {
      "Action": "pick_suggestion",
      "ActionLabel": "restaurant_ask_time",
      "ActionLabelOptions": [
        "restaurant_ask_time",
        "restaurant_ask_rating",
        "anything_else",
        "restaurant_ask_restaurant",
        "ask_name",
        "restaurant_ask_restaurant"
      ],
      "Agent": "Wizard",
      "PrimaryItem": {
        "APIName": "restaurant_search",
        "AverageRating": 2,
        "AverageWaitMinutes": 37,
        "CloseTimeHour": "10 pm",
        "Cost": "Cheap",
        "DoesDelivery": true,
        "Food": "Thai",
        "Location": "South",
        "MaxPartySize": 35,
        "Name": "Legume",
        "OpenTimeHour": "11 am",
        "TakesReservations": false,
        "id": 445
      },
      "Text": "For what time should the reservation be made?",
      "UnixTime": 1590090628
    },
    {
      "Action": "utter",
      "Agent": "User",
      "Text": "8pm",
      "UnixTime": 1590090637
    },
    {
      "Action": "request_suggestions",
      "Agent": "Wizard",
      "PrimaryItem": {
        "APIName": "restaurant_search",
        "AverageRating": 2,
        "AverageWaitMinutes": 37,
        "CloseTimeHour": "10 pm",
        "Cost": "Cheap",
        "DoesDelivery": true,
        "Food": "Thai",
        "Location": "South",
        "MaxPartySize": 35,
        "Name": "Legume",
        "OpenTimeHour": "11 am",
        "TakesReservations": false,
        "id": 445
      },
      "Text": "how many people",
      "UnixTime": 1590090646
    },
    {
      "Action": "pick_suggestion",
      "ActionLabel": "restaurant_ask_size",
      "ActionLabelOptions": [
        "restaurant_ask_size",
        "restaurant_ask_continue_searching",
        "restaurant_ask_rating",
        "restaurant_ask_restaurant",
        "hello",
        "out_of_scope"
      ],
      "Agent": "Wizard",
      "PrimaryItem": {
        "APIName": "restaurant_search",
        "AverageRating": 2,
        "AverageWaitMinutes": 37,
        "CloseTimeHour": "10 pm",
        "Cost": "Cheap",
        "DoesDelivery": true,
        "Food": "Thai",
        "Location": "South",
        "MaxPartySize": 35,
        "Name": "Legume",
        "OpenTimeHour": "11 am",
        "TakesReservations": false,
        "id": 445
      },
      "Text": "For how many people should the reservation be made?",
      "UnixTime": 1590090648
    },
    {
      "Action": "utter",
      "Agent": "User",
      "Text": "77 guests",
      "UnixTime": 1590090656
    },
    {
      "Action": "request_suggestions",
      "Agent": "Wizard",
      "PrimaryItem": {
        "APIName": "restaurant_search",
        "AverageRating": 2,
        "AverageWaitMinutes": 37,
        "CloseTimeHour": "10 pm",
        "Cost": "Cheap",
        "DoesDelivery": true,
        "Food": "Thai",
        "Location": "South",
        "MaxPartySize": 35,
        "Name": "Legume",
        "OpenTimeHour": "11 am",
        "TakesReservations": false,
        "id": 445
      },
      "Text": "The maximum",
      "UnixTime": 1590090673
    },
    {
      "Action": "utter",
      "Agent": "Wizard",
      "PrimaryItem": {
        "APIName": "restaurant_search",
        "AverageRating": 2,
        "AverageWaitMinutes": 37,
        "CloseTimeHour": "10 pm",
        "Cost": "Cheap",
        "DoesDelivery": true,
        "Food": "Thai",
        "Location": "South",
        "MaxPartySize": 35,
        "Name": "Legume",
        "OpenTimeHour": "11 am",
        "TakesReservations": false,
        "id": 445
      },
      "Text": "The maximum party size for Legume is 35. ",
      "UnixTime": 1590090700
    },
    {
      "Action": "utter",
      "Agent": "User",
      "Text": "okay we'll make it 35 instead.",
      "UnixTime": 1590090726
    },
    {
      "APIName": "restaurant_book",
      "Action": "query",
      "Agent": "Wizard",
      "Constraints": [
        {
          "Name": "\"Legume\""
        },
        {
          "Time": "\"8 pm\""
        },
        {
          "PartySize": "35"
        },
        {
          "CustomerName": "\"Ben\""
        },
        {
          "RequestType": "\"Check\""
        }
      ],
      "PrimaryItem": {
        "APIName": "restaurant_search",
        "AverageRating": 2,
        "AverageWaitMinutes": 37,
        "CloseTimeHour": "10 pm",
        "Cost": "Cheap",
        "DoesDelivery": true,
        "Food": "Thai",
        "Location": "South",
        "MaxPartySize": 35,
        "Name": "Legume",
        "OpenTimeHour": "11 am",
        "TakesReservations": false,
        "id": 445
      },
      "UnixTime": 1590090735
    },
    {
      "APIName": "restaurant_book",
      "Action": "return_item",
      "Agent": "KnowledgeBase",
      "Item": {
        "APIName": "restaurant_book",
        "Message": "Available",
        "RestaurantName": "Legume"
      },
      "TotalItems": -1
    },
    {
      "Action": "request_suggestions",
      "Agent": "Wizard",
      "PrimaryItem": {
        "APIName": "restaurant_book",
        "Message": "Available",
        "RestaurantName": "Legume"
      },
      "Text": "Legume is available at that time",
      "UnixTime": 1590090742
    },
    {
      "Action": "request_suggestions",
      "Agent": "Wizard",
      "PrimaryItem": {
        "APIName": "restaurant_book",
        "Message": "Available",
        "RestaurantName": "Legume"
      },
      "Text": "Legume is available",
      "UnixTime": 1590090750
    },
    {
      "Action": "pick_suggestion",
      "ActionLabel": "restaurant_ask_confirm_booking",
      "ActionLabelOptions": [
        "restaurant_ask_confirm_booking",
        "restaurant_inform_booking_successful",
        "restaurant_inform_unavailable"
      ],
      "Agent": "Wizard",
      "PrimaryItem": {
        "APIName": "restaurant_book",
        "Message": "Available",
        "RestaurantName": "Legume"
      },
      "Text": "Great, the Legume is happy to accommodate you.\nCan I confirm your reservation with them?",
      "UnixTime": 1590090753
    },
    {
      "Action": "utter",
      "Agent": "User",
      "Text": "Yes please",
      "UnixTime": 1590090760
    },
    {
      "APIName": "restaurant_book",
      "Action": "query",
      "Agent": "Wizard",
      "Constraints": [
        {
          "Name": "\"Legume\""
        },
        {
          "Time": "\"8 pm\""
        },
        {
          "PartySize": "35"
        },
        {
          "CustomerName": "\"Ben\""
        },
        {
          "RequestType": "\"Book\""
        }
      ],
      "PrimaryItem": {
        "APIName": "restaurant_book",
        "Message": "Available",
        "RestaurantName": "Legume"
      },
      "UnixTime": 1590090765
    },
    {
      "APIName": "restaurant_book",
      "Action": "return_item",
      "Agent": "KnowledgeBase",
      "Item": {
        "APIName": "restaurant_book",
        "ReservationStatus": "Reservation Confirmed",
        "RestaurantName": "Legume"
      },
      "TotalItems": -1
    },
    {
      "Action": "request_suggestions",
      "Agent": "Wizard",
      "PrimaryItem": {
        "APIName": "restaurant_book",
        "ReservationStatus": "Reservation Confirmed",
        "RestaurantName": "Legume"
      },
      "Text": "confirmed",
      "UnixTime": 1590090769
    },
    {
      "Action": "pick_suggestion",
      "ActionLabel": "restaurant_inform_booking_successful",
      "ActionLabelOptions": [
        "restaurant_inform_booking_successful",
        "restaurant_inform_nothing_found",
        "restaurant_ask_confirm_booking"
      ],
      "Agent": "Wizard",
      "PrimaryItem": {
        "APIName": "restaurant_book",
        "ReservationStatus": "Reservation Confirmed",
        "RestaurantName": "Legume"
      },
      "Text": "Excellent, your reservation at the Legume is confirmed!",
      "UnixTime": 1590090770
    },
    {
      "Action": "complete",
      "Agent": "User",
      "UnixTime": 1590090781
    }
  ],
  "FORMAT-VERSION": 7,
  "IntroducesConflicts": false,
  "Scenario": {
    "Domains": [
      "party",
      "restaurant",
      "weather"
    ],
    "Happy": false,
    "MultiTask": true,
    "UserTask": "You (John) and your friend Ben want to organize a birthday party on Tuesday. You expect 77 guests to come.",
    "WizardCapabilities": [
      {
        "Domain": "party",
        "SchemaImage": "party_plan.jpg",
        "Task": "party_plan"
      },
      {
        "Domain": "weather",
        "SchemaImage": "weather.jpg",
        "Task": "weather"
      },
      {
        "Domain": "restaurant",
        "SchemaImage": "restaurant_search.jpg",
        "Task": "restaurant_search"
      },
      {
        "Domain": "restaurant",
        "SchemaImage": "restaurant_book.jpg",
        "Task": "restaurant_book"
      }
    ],
    "WizardTask": "Follow the flow charts and help the user. Note: If the user already knows a restaurant name, use 'restaurant reserve', otherwise use 'restaurant search'."
  },
  "UserQuestionnaire": [
    {
      "Answer": true,
      "Question": "Did the assistant stay calm and helpful throughout the dialogue?"
    }
  ],
  "WizardQuestionnaire": [
    {
      "Answer": false,
      "Question": "Did the user change his/her mind about what he/she wants at any time?"
    },
    {
      "Answer": false,
      "Question": "Did the user become aggressive or annoyed during the dialogue? (Note: some users may be instructed to be annoying.)"
    },
    {
      "Answer": false,
      "Question": "Where you unsure about what to do at any time? (Feel free to send us an email with details.)"
    }
  ]
}