{
  "AnonymizedUserWorkerID": "cd977bea-cf5f-e55d-dd23-dcad7db29be1",
  "AnonymizedWizardWorkerID": "9cfed8ec-54a9-f0f7-8327-15f6470d4a6c",
  "BatchID": "woz_1590081561",
  "CompletionLevel": "Complete",
  "DialogueID": 6075,
  "Events": [
    {
      "Action": "instruct",
      "Agent": "UserGuide",
      "Text": "Use your imagination to generate a conversation about the topics 'checking the status of -- and changing your booked taxi/Uber/Lyft ride' and 'party RSVP' (in any order), as shown on the left. You may also play up to two rounds of trivia with the assistant.  [instruction 1 of 5]",
      "UnixTime": 1590085690
    },
    {
      "Action": "utter",
      "Agent": "User",
      "Text": "Hello! Can you help me check the status of my ride?",
      "UnixTime": 1590085717
    },
    {
      "Action": "instruct",
      "Agent": "UserGuide",
      "Text": "Please have some smalltalk with the AI Assistant at some point in this dialogue. [instruction 2 of 5]",
      "UnixTime": 1590085717
    },
    {
      "Action": "request_suggestions",
      "Agent": "Wizard",
      "Text": " can i have your name and ID?",
      "UnixTime": 1590085785
    },
    {
      "Action": "utter",
      "Agent": "Wizard",
      "Text": " can i have your name and ID?",
      "UnixTime": 1590085791
    },
    {
      "Action": "utter",
      "Agent": "User",
      "Text": "Ben and my ID is 955",
      "UnixTime": 1590085817
    },
    {
      "APIName": "ride_status",
      "Action": "query",
      "Agent": "Wizard",
      "Constraints": [
        {
          "id": "955"
        },
        {
          "CustomerName": "\"Ben\""
        }
      ],
      "UnixTime": 1590085842
    },
    {
      "APIName": "ride_status",
      "Action": "return_item",
      "Agent": "KnowledgeBase",
      "Item": {
        "APIName": "ride_status",
        "RideStatus": "Your driver is arriving.",
        "RideWait": "1 minutes away"
      },
      "TotalItems": -1
    },
    {
      "Action": "request_suggestions",
      "Agent": "Wizard",
      "PrimaryItem": {
        "APIName": "ride_status",
        "RideStatus": "Your driver is arriving.",
        "RideWait": "1 minutes away"
      },
      "Text": "Your driver is arriving",
      "UnixTime": 1590085865
    },
    {
      "Action": "request_suggestions",
      "Agent": "Wizard",
      "PrimaryItem": {
        "APIName": "ride_status",
        "RideStatus": "Your driver is arriving.",
        "RideWait": "1 minutes away"
      },
      "Text": "1 minutes away",
      "UnixTime": 1590085876
    },
    {
      "Action": "utter",
      "Agent": "Wizard",
      "PrimaryItem": {
        "APIName": "ride_status",
        "RideStatus": "Your driver is arriving.",
        "RideWait": "1 minutes away"
      },
      "Text": "your driver is 1 minutes away",
      "UnixTime": 1590085897
    },
    {
      "Action": "utter",
      "Agent": "User",
      "Text": "Oh no! that means I have to finish shopping fast!",
      "UnixTime": 1590085929
    },
    {
      "Action": "instruct",
      "Agent": "UserGuide",
      "Text": "If it makes sense, use some negations ('I don't want X', or 'anything but Y', etc.) [instruction 3 of 5]",
      "UnixTime": 1590085929
    },
    {
      "Action": "request_suggestions",
      "Agent": "Wizard",
      "PrimaryItem": {
        "APIName": "ride_status",
        "RideStatus": "Your driver is arriving.",
        "RideWait": "1 minutes away"
      },
      "Text": "is there",
      "UnixTime": 1590085964
    },
    {
      "Action": "pick_suggestion",
      "ActionLabel": "anything_else",
      "ActionLabelOptions": [
        "anything_else",
        "ride_inform_nothing_found",
        "ask_name"
      ],
      "Agent": "Wizard",
      "PrimaryItem": {
        "APIName": "ride_status",
        "RideStatus": "Your driver is arriving.",
        "RideWait": "1 minutes away"
      },
      "Text": "Is there anything else that I can do for you?",
      "UnixTime": 1590085966
    },
    {
      "Action": "utter",
      "Agent": "User",
      "Text": "What is the service provider of my ride? I don't want taxi or uber. I had a very bad experience with those 2 companies. ",
      "UnixTime": 1590086002
    },
    {
      "Action": "instruct",
      "Agent": "UserGuide",
      "Text": "If you haven't yet, it's time to change topic. You can also go back and forth between topics. [instruction 4 of 5]",
      "UnixTime": 1590086002
    },
    {
      "Action": "select_task",
      "Agent": "Wizard",
      "PrimaryItem": {
        "APIName": "ride_status",
        "RideStatus": "Your driver is arriving.",
        "RideWait": "1 minutes away"
      },
      "Task": "ride_change",
      "UnixTime": 1590086154
    },
    {
      "APIName": "ride_change",
      "Action": "query",
      "Agent": "Wizard",
      "Constraints": [
        {
          "id": "955"
        },
        {
          "CustomerName": "\"Ben\""
        },
        {
          "ChangeDescription": "\"I don't want taxi or uber\""
        }
      ],
      "PrimaryItem": {
        "APIName": "ride_status",
        "RideStatus": "Your driver is arriving.",
        "RideWait": "1 minutes away"
      },
      "UnixTime": 1590086200
    },
    {
      "APIName": "ride_change",
      "Action": "return_item",
      "Agent": "KnowledgeBase",
      "Item": {
        "APIName": "ride_change",
        "ChangeStatus": "Your trip has been successfully changed."
      },
      "TotalItems": -1
    },
    {
      "Action": "request_suggestions",
      "Agent": "Wizard",
      "PrimaryItem": {
        "APIName": "ride_change",
        "ChangeStatus": "Your trip has been successfully changed."
      },
      "Text": "Your trip has been successfully changed.",
      "UnixTime": 1590086207
    },
    {
      "Action": "pick_suggestion",
      "ActionLabel": "ride_inform_changes_successful",
      "ActionLabelOptions": [
        "ride_inform_changes_successful",
        "ride_inform_changes_failed",
        "anything_else"
      ],
      "Agent": "Wizard",
      "PrimaryItem": {
        "APIName": "ride_change",
        "ChangeStatus": "Your trip has been successfully changed."
      },
      "Text": "Alright, thats all changes done for you!",
      "UnixTime": 1590086210
    },
    {
      "Action": "utter",
      "Agent": "User",
      "Text": "Thanks. And I need to book a party for tomorrow please. ",
      "UnixTime": 1590086242
    },
    {
      "Action": "select_task",
      "Agent": "Wizard",
      "PrimaryItem": {
        "APIName": "ride_change",
        "ChangeStatus": "Your trip has been successfully changed."
      },
      "Task": "party_rsvp",
      "UnixTime": 1590086306
    },
    {
      "Action": "request_suggestions",
      "Agent": "Wizard",
      "PrimaryItem": {
        "APIName": "ride_change",
        "ChangeStatus": "Your trip has been successfully changed."
      },
      "Text": "Venue Name",
      "UnixTime": 1590086318
    },
    {
      "Action": "pick_suggestion",
      "ActionLabel": "party_ask_venue",
      "ActionLabelOptions": [
        "ask_name",
        "party_ask_venue",
        "party_inform_nothing_found",
        "ride_bye",
        "ask_name",
        "out_of_scope"
      ],
      "Agent": "Wizard",
      "PrimaryItem": {
        "APIName": "ride_change",
        "ChangeStatus": "Your trip has been successfully changed."
      },
      "Text": "At what venue is the party taking place?",
      "UnixTime": 1590086322
    },
    {
      "Action": "utter",
      "Agent": "User",
      "Text": "West Bay if possible",
      "UnixTime": 1590086333
    },
    {
      "Action": "instruct",
      "Agent": "UserGuide",
      "Text": "Ok, once you've touched on all the topics ('checking the status of -- and changing your booked taxi/Uber/Lyft ride' and 'party RSVP') and engaged in some smalltalk, you can bring the conversation to a natural close. [instruction 5 of 5]",
      "UnixTime": 1590086333
    },
    {
      "Action": "request_suggestions",
      "Agent": "Wizard",
      "PrimaryItem": {
        "APIName": "ride_change",
        "ChangeStatus": "Your trip has been successfully changed."
      },
      "Text": "Host Name",
      "UnixTime": 1590086344
    },
    {
      "Action": "pick_suggestion",
      "ActionLabel": "party_ask_host",
      "ActionLabelOptions": [
        "ask_name",
        "party_ask_host",
        "ask_name",
        "party_ask_number_of_guests",
        "out_of_scope",
        "ride_inform_changes_successful"
      ],
      "Agent": "Wizard",
      "PrimaryItem": {
        "APIName": "ride_change",
        "ChangeStatus": "Your trip has been successfully changed."
      },
      "Text": "Could you provide me with the name of the host, please?",
      "UnixTime": 1590086347
    },
    {
      "Action": "utter",
      "Agent": "User",
      "Text": "Alexis. I am trying to impress her to be my girl friend so I have to make this party extra special",
      "UnixTime": 1590086391
    },
    {
      "Action": "request_suggestions",
      "Agent": "Wizard",
      "PrimaryItem": {
        "APIName": "ride_change",
        "ChangeStatus": "Your trip has been successfully changed."
      },
      "Text": "Arrival Time",
      "UnixTime": 1590086483
    },
    {
      "Action": "pick_suggestion",
      "ActionLabel": "party_ask_arrival_time",
      "ActionLabelOptions": [
        "party_ask_arrival_time",
        "ride_inform_changes_successful",
        "ride_ask_change",
        "ride_inform_changes_failed",
        "party_ask_number_of_guests",
        "hello"
      ],
      "Agent": "Wizard",
      "PrimaryItem": {
        "APIName": "ride_change",
        "ChangeStatus": "Your trip has been successfully changed."
      },
      "Text": "When are you planning to arrive at the party?",
      "UnixTime": 1590086486
    },
    {
      "Action": "utter",
      "Agent": "User",
      "Text": "5 PM",
      "UnixTime": 1590086493
    },
    {
      "Action": "request_suggestions",
      "Agent": "Wizard",
      "PrimaryItem": {
        "APIName": "ride_change",
        "ChangeStatus": "Your trip has been successfully changed."
      },
      "Text": "Number Guests",
      "UnixTime": 1590086541
    },
    {
      "Action": "pick_suggestion",
      "ActionLabel": "party_ask_number_of_guests",
      "ActionLabelOptions": [
        "party_ask_number_of_guests",
        "ride_bye",
        "hello",
        "ride_inform_nothing_found",
        "goodbye_1",
        "party_confirm_rsvp"
      ],
      "Agent": "Wizard",
      "PrimaryItem": {
        "APIName": "ride_change",
        "ChangeStatus": "Your trip has been successfully changed."
      },
      "Text": "How many guests will you be bringing with you?",
      "UnixTime": 1590086543
    },
    {
      "Action": "utter",
      "Agent": "User",
      "Text": "3",
      "UnixTime": 1590086550
    },
    {
      "Action": "request_suggestions",
      "Agent": "Wizard",
      "PrimaryItem": {
        "APIName": "ride_change",
        "ChangeStatus": "Your trip has been successfully changed."
      },
      "Text": "Need Parking",
      "UnixTime": 1590086563
    },
    {
      "Action": "pick_suggestion",
      "ActionLabel": "party_ask_parking_needed",
      "ActionLabelOptions": [
        "party_ask_parking_needed",
        "ride_inform_changes_successful",
        "hello",
        "ride_ask_booking_number",
        "party_ask_arrival_time",
        "out_of_scope"
      ],
      "Agent": "Wizard",
      "PrimaryItem": {
        "APIName": "ride_change",
        "ChangeStatus": "Your trip has been successfully changed."
      },
      "Text": "Do you require parking at the venue?",
      "UnixTime": 1590086572
    },
    {
      "Action": "utter",
      "Agent": "User",
      "Text": "Yeah, I think we do",
      "UnixTime": 1590086587
    },
    {
      "APIName": "party_rsvp",
      "Action": "query",
      "Agent": "Wizard",
      "Constraints": [
        {
          "Name": "api.is_equal_to(\"Southside Venue\")"
        },
        {
          "HostName": "\"Alexis\""
        },
        {
          "GuestName": "\"Ben\""
        },
        {
          "ArrivalTime": "\"5 pm\""
        },
        {
          "NumberGuests": "3"
        },
        {
          "NeedParking": "api.is_equal_to(\"Yes\")"
        }
      ],
      "PrimaryItem": {
        "APIName": "ride_change",
        "ChangeStatus": "Your trip has been successfully changed."
      },
      "UnixTime": 1590086607
    },
    {
      "APIName": "party_rsvp",
      "Action": "return_item",
      "Agent": "KnowledgeBase",
      "Item": {
        "APIName": "party_rsvp",
        "Message": "Thank you for your RSVP. See you there."
      },
      "TotalItems": -1
    },
    {
      "Action": "request_suggestions",
      "Agent": "Wizard",
      "PrimaryItem": {
        "APIName": "party_rsvp",
        "Message": "Thank you for your RSVP. See you there."
      },
      "Text": "Thank you for your RSVP. See you there.",
      "UnixTime": 1590086614
    },
    {
      "Action": "pick_suggestion",
      "ActionLabel": "party_confirm_rsvp",
      "ActionLabelOptions": [
        "party_confirm_rsvp",
        "party_ask_arrival_time",
        "party_ask_number_of_guests"
      ],
      "Agent": "Wizard",
      "PrimaryItem": {
        "APIName": "party_rsvp",
        "Message": "Thank you for your RSVP. See you there."
      },
      "Text": "Great, your rsvp is all done and confirmed!",
      "UnixTime": 1590086617
    },
    {
      "Action": "utter",
      "Agent": "User",
      "Text": "Hey, can you check my ride? Is it coming?",
      "UnixTime": 1590086646
    },
    {
      "Action": "select_task",
      "Agent": "Wizard",
      "PrimaryItem": {
        "APIName": "party_rsvp",
        "Message": "Thank you for your RSVP. See you there."
      },
      "Task": "ride_status",
      "UnixTime": 1590086664
    },
    {
      "APIName": "ride_status",
      "Action": "query",
      "Agent": "Wizard",
      "Constraints": [
        {
          "id": "955"
        },
        {
          "CustomerName": "\"Ben\""
        }
      ],
      "PrimaryItem": {
        "APIName": "party_rsvp",
        "Message": "Thank you for your RSVP. See you there."
      },
      "UnixTime": 1590086666
    },
    {
      "APIName": "ride_status",
      "Action": "return_item",
      "Agent": "KnowledgeBase",
      "Item": {
        "APIName": "ride_status",
        "RideStatus": "Your ride is on its way.",
        "RideWait": "6 minutes away"
      },
      "TotalItems": -1
    },
    {
      "Action": "request_suggestions",
      "Agent": "Wizard",
      "PrimaryItem": {
        "APIName": "ride_status",
        "RideStatus": "Your ride is on its way.",
        "RideWait": "6 minutes away"
      },
      "Text": "Your ride is on its way",
      "UnixTime": 1590086692
    },
    {
      "Action": "pick_suggestion",
      "ActionLabel": "custom",
      "ActionLabelOptions": [
        "custom"
      ],
      "Agent": "Wizard",
      "PrimaryItem": {
        "APIName": "ride_status",
        "RideStatus": "Your ride is on its way.",
        "RideWait": "6 minutes away"
      },
      "Text": "Your ride is on its way",
      "UnixTime": 1590086695
    },
    {
      "Action": "utter",
      "Agent": "User",
      "Text": "Ok. Because it has been more than  minute. Let's do trivia game while waiting then. I ma bored..",
      "UnixTime": 1590086727
    },
    {
      "Action": "select_task",
      "Agent": "Wizard",
      "PrimaryItem": {
        "APIName": "ride_status",
        "RideStatus": "Your ride is on its way.",
        "RideWait": "6 minutes away"
      },
      "Task": "trivia",
      "UnixTime": 1590086736
    },
    {
      "Action": "request_suggestions",
      "Agent": "Wizard",
      "PrimaryItem": {
        "APIName": "ride_status",
        "RideStatus": "Your ride is on its way.",
        "RideWait": "6 minutes away"
      },
      "Text": "question",
      "UnixTime": 1590086749
    },
    {
      "Action": "utter",
      "Agent": "Wizard",
      "PrimaryItem": {
        "APIName": "ride_status",
        "RideStatus": "Your ride is on its way.",
        "RideWait": "6 minutes away"
      },
      "Text": "choose a question",
      "UnixTime": 1590086762
    },
    {
      "Action": "utter",
      "Agent": "User",
      "Text": "8",
      "UnixTime": 1590086766
    },
    {
      "APIName": "trivia",
      "Action": "query",
      "Agent": "Wizard",
      "Constraints": [
        {
          "QuestionNum": "8"
        }
      ],
      "PrimaryItem": {
        "APIName": "ride_status",
        "RideStatus": "Your ride is on its way.",
        "RideWait": "6 minutes away"
      },
      "UnixTime": 1590086799
    },
    {
      "APIName": "trivia",
      "Action": "return_item",
      "Agent": "KnowledgeBase",
      "Item": {
        "APIName": "trivia",
        "Answer": "two in the bush",
        "Question": "A bird in the hand is worth ____"
      },
      "TotalItems": -1
    },
    {
      "Action": "request_suggestions",
      "Agent": "Wizard",
      "PrimaryItem": {
        "APIName": "trivia",
        "Answer": "two in the bush",
        "Question": "A bird in the hand is worth ____"
      },
      "Text": "A bird in the hand is worth ____",
      "UnixTime": 1590086807
    },
    {
      "Action": "pick_suggestion",
      "ActionLabel": "trivia_ask_question",
      "ActionLabelOptions": [
        "trivia_ask_question",
        "trivia_inform_answer_2_ask_next",
        "trivia_bye"
      ],
      "Agent": "Wizard",
      "PrimaryItem": {
        "APIName": "trivia",
        "Answer": "two in the bush",
        "Question": "A bird in the hand is worth ____"
      },
      "Text": "A bird in the hand is worth ____",
      "UnixTime": 1590086810
    },
    {
      "Action": "utter",
      "Agent": "User",
      "Text": "2 in a bush",
      "UnixTime": 1590086833
    },
    {
      "Action": "request_suggestions",
      "Agent": "Wizard",
      "PrimaryItem": {
        "APIName": "trivia",
        "Answer": "two in the bush",
        "Question": "A bird in the hand is worth ____"
      },
      "Text": "correct",
      "UnixTime": 1590086843
    },
    {
      "Action": "pick_suggestion",
      "ActionLabel": "trivia_inform_answer_correct_ask_next",
      "ActionLabelOptions": [
        "trivia_inform_answer_correct_ask_next",
        "out_of_scope",
        "trivia_inform_answer_incorrect_ask_next"
      ],
      "Agent": "Wizard",
      "PrimaryItem": {
        "APIName": "trivia",
        "Answer": "two in the bush",
        "Question": "A bird in the hand is worth ____"
      },
      "Text": "Your answer was correct! Great job! Would you like to continue playing?",
      "UnixTime": 1590086845
    },
    {
      "Action": "utter",
      "Agent": "User",
      "Text": "yes. 10 please",
      "UnixTime": 1590086859
    },
    {
      "APIName": "trivia",
      "Action": "query",
      "Agent": "Wizard",
      "Constraints": [
        {
          "QuestionNum": "10"
        }
      ],
      "PrimaryItem": {
        "APIName": "trivia",
        "Answer": "two in the bush",
        "Question": "A bird in the hand is worth ____"
      },
      "UnixTime": 1590086867
    },
    {
      "APIName": "trivia",
      "Action": "return_item",
      "Agent": "KnowledgeBase",
      "Item": {
        "APIName": "trivia",
        "Answer": "airlock",
        "Question": "A blockage in a pipe caused by a trapped bubble of air"
      },
      "TotalItems": -1
    },
    {
      "Action": "request_suggestions",
      "Agent": "Wizard",
      "PrimaryItem": {
        "APIName": "trivia",
        "Answer": "airlock",
        "Question": "A blockage in a pipe caused by a trapped bubble of air"
      },
      "Text": "A blockage in a pipe caused by a trapped bubble of air",
      "UnixTime": 1590086878
    },
    {
      "Action": "pick_suggestion",
      "ActionLabel": "trivia_ask_question",
      "ActionLabelOptions": [
        "trivia_ask_question",
        "trivia_inform_answer_2_ask_next",
        "hello"
      ],
      "Agent": "Wizard",
      "PrimaryItem": {
        "APIName": "trivia",
        "Answer": "airlock",
        "Question": "A blockage in a pipe caused by a trapped bubble of air"
      },
      "Text": "A blockage in a pipe caused by a trapped bubble of air",
      "UnixTime": 1590086880
    },
    {
      "Action": "utter",
      "Agent": "User",
      "Text": "I don't know. What is it?",
      "UnixTime": 1590086893
    },
    {
      "Action": "request_suggestions",
      "Agent": "Wizard",
      "PrimaryItem": {
        "APIName": "trivia",
        "Answer": "airlock",
        "Question": "A blockage in a pipe caused by a trapped bubble of air"
      },
      "Text": "airlock",
      "UnixTime": 1590086970
    },
    {
      "Action": "utter",
      "Agent": "Wizard",
      "PrimaryItem": {
        "APIName": "trivia",
        "Answer": "airlock",
        "Question": "A blockage in a pipe caused by a trapped bubble of air"
      },
      "Text": "airlock",
      "UnixTime": 1590086988
    },
    {
      "Action": "utter",
      "Agent": "User",
      "Text": "Oh well, my ride is her. Thanks. Gotta go.. bye!",
      "UnixTime": 1590087009
    },
    {
      "Action": "request_suggestions",
      "Agent": "Wizard",
      "PrimaryItem": {
        "APIName": "trivia",
        "Answer": "airlock",
        "Question": "A blockage in a pipe caused by a trapped bubble of air"
      },
      "Text": " Thank you and goodbye",
      "UnixTime": 1590087055
    },
    {
      "Action": "utter",
      "Agent": "Wizard",
      "PrimaryItem": {
        "APIName": "trivia",
        "Answer": "airlock",
        "Question": "A blockage in a pipe caused by a trapped bubble of air"
      },
      "Text": " Thank you and goodbye",
      "UnixTime": 1590087063
    },
    {
      "Action": "complete",
      "Agent": "User",
      "UnixTime": 1590087071
    }
  ],
  "FORMAT-VERSION": 7,
  "IntroducesConflicts": true,
  "Scenario": {
    "Domains": [
      "party",
      "ride",
      "trivia"
    ],
    "Happy": false,
    "MultiTask": true,
    "UserTask": "Come up with your own scenario!\n\nAbout you:\n- Your name: Ben\n- You've booked a ride with id 955\n- Today is Sunday the 6th, 3 pm\n\n The AI Assistant can handle:\n- Check the status of your ride (id 955)\n- Change something about your booked ride\n- RSVP you to a party (Example venues: West Bay Venue or North Heights Venue)",
    "WizardCapabilities": [
      {
        "Domain": "ride",
        "SchemaImage": "ride_status.jpg",
        "Task": "ride_status"
      },
      {
        "Domain": "ride",
        "SchemaImage": "ride_change.jpg",
        "Task": "ride_change"
      },
      {
        "Domain": "party",
        "SchemaImage": "party_rsvp.jpg",
        "Task": "party_rsvp"
      },
      {
        "Domain": "trivia",
        "SchemaImage": "trivia.jpg",
        "Task": "trivia"
      }
    ],
    "WizardTask": "Follow the flow charts and help the user. Assume:\n\n- Today is Sunday the 6th, 3 pm"
  },
  "UserQuestionnaire": [
    {
      "Answer": true,
      "Question": "Did the assistant stay calm and helpful throughout the dialogue?"
    }
  ],
  "WizardQuestionnaire": [
    {
      "Answer": false,
      "Question": "Did the user change his/her mind about what he/she wants at any time?"
    },
    {
      "Answer": false,
      "Question": "Did the user become aggressive or annoyed during the dialogue? (Note: some users may be instructed to be annoying.)"
    },
    {
      "Answer": false,
      "Question": "Where you unsure about what to do at any time? (Feel free to send us an email with details.)"
    }
  ]
}