{
  "AnonymizedUserWorkerID": "20cc34c1-d7be-8977-4bd6-47cbe93d3fbc",
  "AnonymizedWizardWorkerID": "5d99ecec-8924-cc09-6519-ccb1eb7eb585",
  "BatchID": "woz_1590081561",
  "CompletionLevel": "DisconnectDuringDialogue",
  "DialogueID": 6141,
  "Events": [
    {
      "Action": "instruct",
      "Agent": "UserGuide",
      "Text": "Use your imagination to generate a conversation about the topics 'finding a flight from Los Angeles to Detroit' and 'reserving a flight' (in any order), as shown on the left. You may also ask the assistant about the weather.  [instruction 1 of 6]",
      "UnixTime": 1590087005
    },
    {
      "Action": "utter",
      "Agent": "User",
      "Text": "Hello.",
      "UnixTime": 1590087021
    },
    {
      "Action": "request_suggestions",
      "Agent": "Wizard",
      "Text": "hi how can i help you?",
      "UnixTime": 1590087034
    },
    {
      "Action": "pick_suggestion",
      "ActionLabel": "hello",
      "ActionLabelOptions": [
        "hello",
        "goodbye_2",
        "ask_departure_location"
      ],
      "Agent": "Wizard",
      "Text": "Hello, how can I help?",
      "UnixTime": 1590087037
    },
    {
      "Action": "utter",
      "Agent": "User",
      "Text": "I want to find a flight from Lost Angeles to Detroit. Can you find that for me?",
      "UnixTime": 1590087063
    },
    {
      "Action": "request_suggestions",
      "Agent": "Wizard",
      "Text": "what date are you looking for?",
      "UnixTime": 1590087086
    },
    {
      "Action": "utter",
      "Agent": "Wizard",
      "Text": "what date?",
      "UnixTime": 1590087114
    },
    {
      "Action": "utter",
      "Agent": "User",
      "Text": "The date doesn't matter, but I need flight ID 51.",
      "UnixTime": 1590087150
    },
    {
      "Action": "instruct",
      "Agent": "UserGuide",
      "Text": "Please have some smalltalk with the AI Assistant at some point in this dialogue. [instruction 2 of 6]",
      "UnixTime": 1590087150
    },
    {
      "APIName": "plane_search",
      "Action": "query",
      "Agent": "Wizard",
      "Constraints": [
        {
          "DepartureCity": "api.is_equal_to(\"Los Angeles\")"
        },
        {
          "ArrivalCity": "\"Detroit\""
        },
        {
          "Date": "api.is_equal_to(\"1st\")"
        },
        {
          "DepartureCity": "api.is_equal_to(\"Los Angeles\")"
        },
        {
          "id": "51"
        }
      ],
      "UnixTime": 1590087171
    },
    {
      "APIName": "plane_search",
      "Action": "return_item",
      "Agent": "KnowledgeBase",
      "TotalItems": 0
    },
    {
      "APIName": "plane_search",
      "Action": "query",
      "Agent": "Wizard",
      "Constraints": [
        {
          "DepartureCity": "api.is_equal_to(\"Los Angeles\")"
        },
        {
          "ArrivalCity": "\"Detroit\""
        },
        {
          "Date": "api.is_one_of([\"1st\"])"
        },
        {
          "DepartureCity": "api.is_equal_to(\"Los Angeles\")"
        },
        {
          "id": "51"
        }
      ],
      "UnixTime": 1590087190
    },
    {
      "APIName": "plane_search",
      "Action": "return_item",
      "Agent": "KnowledgeBase",
      "TotalItems": 0
    },
    {
      "Action": "select_task",
      "Agent": "Wizard",
      "Task": "plane_search",
      "UnixTime": 1590087213
    },
    {
      "Action": "select_task",
      "Agent": "Wizard",
      "Task": "plane_book",
      "UnixTime": 1590087215
    },
    {
      "Action": "request_suggestions",
      "Agent": "Wizard",
      "Text": "you name?",
      "UnixTime": 1590087232
    },
    {
      "Action": "pick_suggestion",
      "ActionLabel": "ask_name",
      "ActionLabelOptions": [
        "ask_name",
        "plane_flight_available",
        "anything_else"
      ],
      "Agent": "Wizard",
      "Text": "May I have your name, please?",
      "UnixTime": 1590087234
    },
    {
      "Action": "utter",
      "Agent": "User",
      "Text": "My name is Alina. I can't wait to go see my family in Detroit. I'm surprising them!",
      "UnixTime": 1590087272
    },
    {
      "Action": "select_task",
      "Agent": "Wizard",
      "Task": "plane_search",
      "UnixTime": 1590087272
    },
    {
      "APIName": "plane_search",
      "Action": "query",
      "Agent": "Wizard",
      "Constraints": [
        {
          "DepartureCity": "api.is_equal_to(\"Los Angeles\")"
        },
        {
          "ArrivalCity": "api.is_one_of([\"Detroit\"])"
        },
        {
          "Date": "api.is_equal_to([\"1st\",\"2nd\",\"3rd\",\"4th\",\"5th\"])"
        },
        {
          "DepartureCity": "api.is_one_of([\"Los Angeles\"])"
        },
        {
          "id": "51"
        }
      ],
      "UnixTime": 1590087276
    },
    {
      "APIName": "plane_search",
      "Action": "return_item",
      "Agent": "KnowledgeBase",
      "TotalItems": 0
    },
    {
      "Action": "select_task",
      "Agent": "Wizard",
      "Task": "plane_book",
      "UnixTime": 1590087282
    }
  ],
  "FORMAT-VERSION": 7,
  "IntroducesConflicts": false,
  "Scenario": {
    "Domains": [
      "plane",
      "weather"
    ],
    "Happy": false,
    "MultiTask": true,
    "UserTask": "Come up with your own scenario!\n\nAbout you:\n- Your name: Alina\n\n The AI Assistant can handle:\n- Search for a flight (e.g. from Los Angeles to Detroit)\n- Book a flight (e.g. with id 51)\n- Checking the weather forecast in different Cities (e.g. Detroit or Detroit)",
    "WizardCapabilities": [
      {
        "Domain": "plane",
        "SchemaImage": "plane_search.jpg",
        "Task": "plane_search"
      },
      {
        "Domain": "plane",
        "SchemaImage": "plane_book.jpg",
        "Task": "plane_book"
      },
      {
        "Domain": "weather",
        "SchemaImage": "weather.jpg",
        "Task": "weather"
      }
    ],
    "WizardTask": "Follow the flow charts and help the user."
  },
  "UserQuestionnaire": [],
  "WizardQuestionnaire": []
}