{
  "AnonymizedUserWorkerID": "a0362f23-a428-0712-805e-13fe4ea1da38",
  "AnonymizedWizardWorkerID": "ee2276a1-53ce-a0ce-97a0-164c3f0f388c",
  "BatchID": "woz_1590081561",
  "CompletionLevel": "Complete",
  "DialogueID": 6154,
  "Events": [
    {
      "Action": "instruct",
      "Agent": "UserGuide",
      "Text": "Use your imagination to generate a conversation about the topics 'finding a flight from Detroit to Chicago' and 'reserving a flight' (in any order), as shown on the left. You may also ask the assistant about the weather.  [instruction 1 of 6]",
      "UnixTime": 1590099011
    },
    {
      "Action": "utter",
      "Agent": "User",
      "Text": "Hi, can you help me find a flight from Detroit to Chicago?",
      "UnixTime": 1590099026
    },
    {
      "Action": "request_suggestions",
      "Agent": "Wizard",
      "Text": "Sure, on what date would you like to book that flight?",
      "UnixTime": 1590099051
    },
    {
      "Action": "pick_suggestion",
      "ActionLabel": "plane_ask_date",
      "ActionLabelOptions": [
        "plane_ask_date",
        "plane_request_optional",
        "plane_ask_more_questions"
      ],
      "Agent": "Wizard",
      "Text": "On what day do you want the plane to arrive?",
      "UnixTime": 1590099063
    },
    {
      "Action": "utter",
      "Agent": "User",
      "Text": "24th",
      "UnixTime": 1590099067
    },
    {
      "APIName": "plane_search",
      "Action": "query",
      "Agent": "Wizard",
      "Constraints": [
        {
          "DepartureCity": "\"Detroit\""
        },
        {
          "ArrivalCity": "\"Chicago\""
        },
        {
          "Date": "\"24th\""
        }
      ],
      "UnixTime": 1590099073
    },
    {
      "APIName": "plane_search",
      "Action": "return_item",
      "Agent": "KnowledgeBase",
      "TotalItems": 0
    },
    {
      "Action": "request_suggestions",
      "Agent": "Wizard",
      "Text": "I wasn't able to find any flights from Detroit to Chicago on the 24th.",
      "UnixTime": 1590099086
    },
    {
      "Action": "pick_suggestion",
      "ActionLabel": "plane_inform_nothing_found",
      "ActionLabelOptions": [
        "plane_inform_nothing_found",
        "anything_else",
        "plane_ask_arrival_city"
      ],
      "Agent": "Wizard",
      "Text": "Unfortunately there are no flights that match your search. Would you like to change any of your criteria?",
      "UnixTime": 1590099090
    },
    {
      "Action": "utter",
      "Agent": "User",
      "Text": "Yeah, let's try the 23rd or the 25th, whatever is available really.",
      "UnixTime": 1590099103
    },
    {
      "Action": "instruct",
      "Agent": "UserGuide",
      "Text": "Please have some smalltalk with the AI Assistant at some point in this dialogue. [instruction 2 of 6]",
      "UnixTime": 1590099103
    },
    {
      "Action": "select_task",
      "Agent": "Wizard",
      "Task": "plane_book",
      "UnixTime": 1590099103
    },
    {
      "Action": "select_task",
      "Agent": "Wizard",
      "Task": "plane_search",
      "UnixTime": 1590099105
    },
    {
      "APIName": "plane_search",
      "Action": "query",
      "Agent": "Wizard",
      "Constraints": [
        {
          "DepartureCity": "\"Detroit\""
        },
        {
          "ArrivalCity": "\"Chicago\""
        },
        {
          "Date": "\"23rd\""
        }
      ],
      "UnixTime": 1590099110
    },
    {
      "APIName": "plane_search",
      "Action": "return_item",
      "Agent": "KnowledgeBase",
      "Item": {
        "APIName": "plane_search",
        "Airline": "American",
        "ArrivalCity": "Chicago",
        "ArrivalTime": "12 pm",
        "Class": "Economy",
        "Date": "23rd",
        "DepartureCity": "Detroit",
        "DurationHours": 3,
        "Price": 391,
        "id": 589
      },
      "TotalItems": 2
    },
    {
      "Action": "request_suggestions",
      "Agent": "Wizard",
      "PrimaryItem": {
        "APIName": "plane_search",
        "Airline": "American",
        "ArrivalCity": "Chicago",
        "ArrivalTime": "12 pm",
        "Class": "Economy",
        "Date": "23rd",
        "DepartureCity": "Detroit",
        "DurationHours": 3,
        "Price": 391,
        "id": 589
      },
      "Text": "I was able to find a flight that matched your criteria",
      "UnixTime": 1590099120
    },
    {
      "Action": "request_suggestions",
      "Agent": "Wizard",
      "PrimaryItem": {
        "APIName": "plane_search",
        "Airline": "American",
        "ArrivalCity": "Chicago",
        "ArrivalTime": "12 pm",
        "Class": "Economy",
        "Date": "23rd",
        "DepartureCity": "Detroit",
        "DurationHours": 3,
        "Price": 391,
        "id": 589
      },
      "Text": "589",
      "UnixTime": 1590099129
    },
    {
      "Action": "request_suggestions",
      "Agent": "Wizard",
      "PrimaryItem": {
        "APIName": "plane_search",
        "Airline": "American",
        "ArrivalCity": "Chicago",
        "ArrivalTime": "12 pm",
        "Class": "Economy",
        "Date": "23rd",
        "DepartureCity": "Detroit",
        "DurationHours": 3,
        "Price": 391,
        "id": 589
      },
      "Text": "American",
      "UnixTime": 1590099143
    },
    {
      "Action": "select_task",
      "Agent": "Wizard",
      "PrimaryItem": {
        "APIName": "plane_search",
        "Airline": "American",
        "ArrivalCity": "Chicago",
        "ArrivalTime": "12 pm",
        "Class": "Economy",
        "Date": "23rd",
        "DepartureCity": "Detroit",
        "DurationHours": 3,
        "Price": 391,
        "id": 589
      },
      "Task": "plane_book",
      "UnixTime": 1590099170
    },
    {
      "Action": "select_task",
      "Agent": "Wizard",
      "PrimaryItem": {
        "APIName": "plane_search",
        "Airline": "American",
        "ArrivalCity": "Chicago",
        "ArrivalTime": "12 pm",
        "Class": "Economy",
        "Date": "23rd",
        "DepartureCity": "Detroit",
        "DurationHours": 3,
        "Price": 391,
        "id": 589
      },
      "Task": "plane_search",
      "UnixTime": 1590099177
    },
    {
      "Action": "request_suggestions",
      "Agent": "Wizard",
      "PrimaryItem": {
        "APIName": "plane_search",
        "Airline": "American",
        "ArrivalCity": "Chicago",
        "ArrivalTime": "12 pm",
        "Class": "Economy",
        "Date": "23rd",
        "DepartureCity": "Detroit",
        "DurationHours": 3,
        "Price": 391,
        "id": 589
      },
      "Text": "I was able to find a flight on the 23rd that matches your criteria, would you like to reserve a seat on that flight?",
      "UnixTime": 1590099192
    },
    {
      "Action": "utter",
      "Agent": "Wizard",
      "PrimaryItem": {
        "APIName": "plane_search",
        "Airline": "American",
        "ArrivalCity": "Chicago",
        "ArrivalTime": "12 pm",
        "Class": "Economy",
        "Date": "23rd",
        "DepartureCity": "Detroit",
        "DurationHours": 3,
        "Price": 391,
        "id": 589
      },
      "Text": "I was able to find a flight on the 23rd that matches your criteria, would you like to reserve a seat on that flight?",
      "UnixTime": 1590099195
    },
    {
      "Action": "utter",
      "Agent": "User",
      "Text": "Yeah, if it's still available let's do it.",
      "UnixTime": 1590099207
    },
    {
      "Action": "request_suggestions",
      "Agent": "Wizard",
      "PrimaryItem": {
        "APIName": "plane_search",
        "Airline": "American",
        "ArrivalCity": "Chicago",
        "ArrivalTime": "12 pm",
        "Class": "Economy",
        "Date": "23rd",
        "DepartureCity": "Detroit",
        "DurationHours": 3,
        "Price": 391,
        "id": 589
      },
      "Text": "Alright, that flight will arrive at 12PM, and will be in the Economy class from American airlines, is that okay?",
      "UnixTime": 1590099253
    },
    {
      "Action": "utter",
      "Agent": "Wizard",
      "PrimaryItem": {
        "APIName": "plane_search",
        "Airline": "American",
        "ArrivalCity": "Chicago",
        "ArrivalTime": "12 pm",
        "Class": "Economy",
        "Date": "23rd",
        "DepartureCity": "Detroit",
        "DurationHours": 3,
        "Price": 391,
        "id": 589
      },
      "Text": "Alright, that flight will arrive at 12PM, and will be in the Economy class from American airlines, is that okay?",
      "UnixTime": 1590099257
    },
    {
      "Action": "utter",
      "Agent": "User",
      "Text": "Yeah that seems fine.",
      "UnixTime": 1590099265
    },
    {
      "Action": "instruct",
      "Agent": "UserGuide",
      "Text": "If you haven't yet, it's time to change topic. You can also go back and forth between topics. [instruction 3 of 6]",
      "UnixTime": 1590099265
    },
    {
      "Action": "select_task",
      "Agent": "Wizard",
      "PrimaryItem": {
        "APIName": "plane_search",
        "Airline": "American",
        "ArrivalCity": "Chicago",
        "ArrivalTime": "12 pm",
        "Class": "Economy",
        "Date": "23rd",
        "DepartureCity": "Detroit",
        "DurationHours": 3,
        "Price": 391,
        "id": 589
      },
      "Task": "plane_book",
      "UnixTime": 1590099265
    },
    {
      "Action": "request_suggestions",
      "Agent": "Wizard",
      "PrimaryItem": {
        "APIName": "plane_search",
        "Airline": "American",
        "ArrivalCity": "Chicago",
        "ArrivalTime": "12 pm",
        "Class": "Economy",
        "Date": "23rd",
        "DepartureCity": "Detroit",
        "DurationHours": 3,
        "Price": 391,
        "id": 589
      },
      "Text": "Can I get your name?",
      "UnixTime": 1590099276
    },
    {
      "Action": "pick_suggestion",
      "ActionLabel": "ask_name",
      "ActionLabelOptions": [
        "ask_name",
        "plane_ask_more_questions",
        "hello",
        "out_of_scope",
        "plane_flight_available",
        "anything_else"
      ],
      "Agent": "Wizard",
      "PrimaryItem": {
        "APIName": "plane_search",
        "Airline": "American",
        "ArrivalCity": "Chicago",
        "ArrivalTime": "12 pm",
        "Class": "Economy",
        "Date": "23rd",
        "DepartureCity": "Detroit",
        "DurationHours": 3,
        "Price": 391,
        "id": 589
      },
      "Text": "May I have your name, please?",
      "UnixTime": 1590099278
    },
    {
      "Action": "utter",
      "Agent": "User",
      "Text": "Susan",
      "UnixTime": 1590099282
    },
    {
      "Action": "instruct",
      "Agent": "UserGuide",
      "Text": "If it makes sense, use some negations ('I don't want X', or 'anything but Y', etc.) [instruction 4 of 6]",
      "UnixTime": 1590099282
    },
    {
      "Action": "select_task",
      "Agent": "Wizard",
      "PrimaryItem": {
        "APIName": "plane_search",
        "Airline": "American",
        "ArrivalCity": "Chicago",
        "ArrivalTime": "12 pm",
        "Class": "Economy",
        "Date": "23rd",
        "DepartureCity": "Detroit",
        "DurationHours": 3,
        "Price": 391,
        "id": 589
      },
      "Task": "plane_search",
      "UnixTime": 1590099288
    },
    {
      "Action": "select_task",
      "Agent": "Wizard",
      "PrimaryItem": {
        "APIName": "plane_search",
        "Airline": "American",
        "ArrivalCity": "Chicago",
        "ArrivalTime": "12 pm",
        "Class": "Economy",
        "Date": "23rd",
        "DepartureCity": "Detroit",
        "DurationHours": 3,
        "Price": 391,
        "id": 589
      },
      "Task": "plane_book",
      "UnixTime": 1590099289
    },
    {
      "APIName": "plane_book",
      "Action": "query",
      "Agent": "Wizard",
      "Constraints": [
        {
          "id": "589"
        },
        {
          "CustomerName": "\"Susan\""
        },
        {
          "RequestType": "\"Check\""
        }
      ],
      "PrimaryItem": {
        "APIName": "plane_search",
        "Airline": "American",
        "ArrivalCity": "Chicago",
        "ArrivalTime": "12 pm",
        "Class": "Economy",
        "Date": "23rd",
        "DepartureCity": "Detroit",
        "DurationHours": 3,
        "Price": 391,
        "id": 589
      },
      "UnixTime": 1590099309
    },
    {
      "APIName": "plane_book",
      "Action": "return_item",
      "Agent": "KnowledgeBase",
      "Item": {
        "APIName": "plane_book",
        "Message": "Unavailable",
        "id": 589
      },
      "TotalItems": -1
    },
    {
      "Action": "select_task",
      "Agent": "Wizard",
      "PrimaryItem": {
        "APIName": "plane_book",
        "Message": "Unavailable",
        "id": 589
      },
      "Task": "plane_search",
      "UnixTime": 1590099322
    },
    {
      "Action": "select_task",
      "Agent": "Wizard",
      "PrimaryItem": {
        "APIName": "plane_book",
        "Message": "Unavailable",
        "id": 589
      },
      "Task": "plane_book",
      "UnixTime": 1590099329
    },
    {
      "Action": "request_suggestions",
      "Agent": "Wizard",
      "PrimaryItem": {
        "APIName": "plane_book",
        "Message": "Unavailable",
        "id": 589
      },
      "Text": "Hmm, it looks like the flight is fully booked now, would you like to try a flight on the 25th still?",
      "UnixTime": 1590099346
    },
    {
      "Action": "pick_suggestion",
      "ActionLabel": "plane_flight_unavailable",
      "ActionLabelOptions": [
        "plane_flight_available",
        "anything_else",
        "plane_flight_unavailable"
      ],
      "Agent": "Wizard",
      "PrimaryItem": {
        "APIName": "plane_book",
        "Message": "Unavailable",
        "id": 589
      },
      "Text": "Sorry, but the flight with id '589' is not available any more.",
      "UnixTime": 1590099351
    },
    {
      "Action": "utter",
      "Agent": "User",
      "Text": "Hm that's unfortunate. I might just drive instead. What will the weather be like on Wednesday in Chicago?",
      "UnixTime": 1590099378
    },
    {
      "Action": "instruct",
      "Agent": "UserGuide",
      "Text": "Keep going until you've covered all the topics ('finding a flight' and 'booking a flight'). The conversation should continue at least until the last instruction is given. [instruction 5 of 6]",
      "UnixTime": 1590099378
    },
    {
      "Action": "select_task",
      "Agent": "Wizard",
      "PrimaryItem": {
        "APIName": "plane_book",
        "Message": "Unavailable",
        "id": 589
      },
      "Task": "plane_search",
      "UnixTime": 1590099378
    },
    {
      "Action": "select_task",
      "Agent": "Wizard",
      "PrimaryItem": {
        "APIName": "plane_book",
        "Message": "Unavailable",
        "id": 589
      },
      "Task": "weather",
      "UnixTime": 1590099382
    },
    {
      "APIName": "weather",
      "Action": "query",
      "Agent": "Wizard",
      "Constraints": [
        {
          "Day": "\"Wednesday\""
        },
        {
          "City": "\"Chicago\""
        }
      ],
      "PrimaryItem": {
        "APIName": "plane_book",
        "Message": "Unavailable",
        "id": 589
      },
      "UnixTime": 1590099391
    },
    {
      "APIName": "weather",
      "Action": "return_item",
      "Agent": "KnowledgeBase",
      "Item": {
        "APIName": "weather",
        "City": "Chicago",
        "Day": "Wednesday",
        "TemperatureCelsius": 0,
        "Weather": "Snowing",
        "id": 690
      },
      "TotalItems": -1
    },
    {
      "Action": "request_suggestions",
      "Agent": "Wizard",
      "PrimaryItem": {
        "APIName": "weather",
        "City": "Chicago",
        "Day": "Wednesday",
        "TemperatureCelsius": 0,
        "Weather": "Snowing",
        "id": 690
      },
      "Text": "It will be snowing ",
      "UnixTime": 1590099403
    },
    {
      "Action": "pick_suggestion",
      "ActionLabel": "weather_inform_forecast",
      "ActionLabelOptions": [
        "weather_inform_forecast",
        "goodbye_1",
        "anything_else"
      ],
      "Agent": "Wizard",
      "PrimaryItem": {
        "APIName": "weather",
        "City": "Chicago",
        "Day": "Wednesday",
        "TemperatureCelsius": 0,
        "Weather": "Snowing",
        "id": 690
      },
      "Text": "It will be Snowing all day on Wednesday in Chicago, with temperatures of around 0 degrees celsius.",
      "UnixTime": 1590099406
    },
    {
      "Action": "utter",
      "Agent": "User",
      "Text": "That doesn't seem like good driving weather. How about Thursday?",
      "UnixTime": 1590099419
    },
    {
      "APIName": "weather",
      "Action": "query",
      "Agent": "Wizard",
      "Constraints": [
        {
          "Day": "\"Thursday\""
        },
        {
          "City": "\"Chicago\""
        }
      ],
      "PrimaryItem": {
        "APIName": "weather",
        "City": "Chicago",
        "Day": "Wednesday",
        "TemperatureCelsius": 0,
        "Weather": "Snowing",
        "id": 690
      },
      "UnixTime": 1590099428
    },
    {
      "APIName": "weather",
      "Action": "return_item",
      "Agent": "KnowledgeBase",
      "Item": {
        "APIName": "weather",
        "City": "Chicago",
        "Day": "Thursday",
        "TemperatureCelsius": 15,
        "Weather": "Partly Cloudy",
        "id": 575
      },
      "TotalItems": -1
    },
    {
      "Action": "request_suggestions",
      "Agent": "Wizard",
      "PrimaryItem": {
        "APIName": "weather",
        "City": "Chicago",
        "Day": "Thursday",
        "TemperatureCelsius": 15,
        "Weather": "Partly Cloudy",
        "id": 575
      },
      "Text": "Partly",
      "UnixTime": 1590099431
    },
    {
      "Action": "pick_suggestion",
      "ActionLabel": "weather_inform_forecast",
      "ActionLabelOptions": [
        "hello",
        "weather_inform_forecast",
        "out_of_scope"
      ],
      "Agent": "Wizard",
      "PrimaryItem": {
        "APIName": "weather",
        "City": "Chicago",
        "Day": "Thursday",
        "TemperatureCelsius": 15,
        "Weather": "Partly Cloudy",
        "id": 575
      },
      "Text": "It will be Partly Cloudy all day on Thursday in Chicago, with temperatures of around 15 degrees celsius.",
      "UnixTime": 1590099433
    },
    {
      "Action": "utter",
      "Agent": "User",
      "Text": "That's better. Do you know if there's anything fun to do in Chicago?",
      "UnixTime": 1590099447
    },
    {
      "Action": "instruct",
      "Agent": "UserGuide",
      "Text": "Ok, once you've touched on all the topics ('finding a flight' and 'booking a flight') and engaged in some smalltalk, you can bring the conversation to a natural close. [instruction 6 of 6]",
      "UnixTime": 1590099447
    },
    {
      "Action": "request_suggestions",
      "Agent": "Wizard",
      "PrimaryItem": {
        "APIName": "weather",
        "City": "Chicago",
        "Day": "Thursday",
        "TemperatureCelsius": 15,
        "Weather": "Partly Cloudy",
        "id": 575
      },
      "Text": "I can't help you with that",
      "UnixTime": 1590099458
    },
    {
      "Action": "pick_suggestion",
      "ActionLabel": "out_of_scope",
      "ActionLabelOptions": [
        "out_of_scope",
        "weather_inform_nothing_found",
        "anything_else"
      ],
      "Agent": "Wizard",
      "PrimaryItem": {
        "APIName": "weather",
        "City": "Chicago",
        "Day": "Thursday",
        "TemperatureCelsius": 15,
        "Weather": "Partly Cloudy",
        "id": 575
      },
      "Text": "I am sorry, I don't quite understand what you mean. I am only able to tell you the weather.",
      "UnixTime": 1590099468
    },
    {
      "Action": "utter",
      "Agent": "User",
      "Text": "Ah right. Well, I think I know what I'll do anyway. Thanks for the help.",
      "UnixTime": 1590099492
    },
    {
      "Action": "request_suggestions",
      "Agent": "Wizard",
      "PrimaryItem": {
        "APIName": "weather",
        "City": "Chicago",
        "Day": "Thursday",
        "TemperatureCelsius": 15,
        "Weather": "Partly Cloudy",
        "id": 575
      },
      "Text": "Is there anything else",
      "UnixTime": 1590099499
    },
    {
      "Action": "pick_suggestion",
      "ActionLabel": "anything_else",
      "ActionLabelOptions": [
        "anything_else",
        "weather_inform_forecast",
        "weather_inform_nothing_found"
      ],
      "Agent": "Wizard",
      "PrimaryItem": {
        "APIName": "weather",
        "City": "Chicago",
        "Day": "Thursday",
        "TemperatureCelsius": 15,
        "Weather": "Partly Cloudy",
        "id": 575
      },
      "Text": "Is there anything else that I can do for you?",
      "UnixTime": 1590099501
    },
    {
      "Action": "utter",
      "Agent": "User",
      "Text": "No, good bye.",
      "UnixTime": 1590099505
    },
    {
      "Action": "request_suggestions",
      "Agent": "Wizard",
      "PrimaryItem": {
        "APIName": "weather",
        "City": "Chicago",
        "Day": "Thursday",
        "TemperatureCelsius": 15,
        "Weather": "Partly Cloudy",
        "id": 575
      },
      "Text": "Thank you",
      "UnixTime": 1590099510
    },
    {
      "Action": "pick_suggestion",
      "ActionLabel": "goodbye_1",
      "ActionLabelOptions": [
        "goodbye_1",
        "weather_inform_nothing_found",
        "hello"
      ],
      "Agent": "Wizard",
      "PrimaryItem": {
        "APIName": "weather",
        "City": "Chicago",
        "Day": "Thursday",
        "TemperatureCelsius": 15,
        "Weather": "Partly Cloudy",
        "id": 575
      },
      "Text": "Thank you and goodbye.",
      "UnixTime": 1590099511
    },
    {
      "Action": "complete",
      "Agent": "User",
      "UnixTime": 1590099515
    }
  ],
  "FORMAT-VERSION": 7,
  "IntroducesConflicts": false,
  "Scenario": {
    "Domains": [
      "plane",
      "weather"
    ],
    "Happy": false,
    "MultiTask": true,
    "UserTask": "Come up with your own scenario!\n\nAbout you:\n- Your name: Susan\n\n The AI Assistant can handle:\n- Search for a flight (e.g. from Detroit to Chicago)\n- Book a flight (e.g. with id 675)\n- Checking the weather forecast in different Cities (e.g. Chicago or Chicago)",
    "WizardCapabilities": [
      {
        "Domain": "plane",
        "SchemaImage": "plane_search.jpg",
        "Task": "plane_search"
      },
      {
        "Domain": "plane",
        "SchemaImage": "plane_book.jpg",
        "Task": "plane_book"
      },
      {
        "Domain": "weather",
        "SchemaImage": "weather.jpg",
        "Task": "weather"
      }
    ],
    "WizardTask": "Follow the flow charts and help the user."
  },
  "UserQuestionnaire": [
    {
      "Answer": true,
      "Question": "Did the assistant stay calm and helpful throughout the dialogue?"
    }
  ],
  "WizardQuestionnaire": [
    {
      "Answer": true,
      "Question": "Did the user change his/her mind about what he/she wants at any time?"
    },
    {
      "Answer": false,
      "Question": "Did the user become aggressive or annoyed during the dialogue? (Note: some users may be instructed to be annoying.)"
    },
    {
      "Answer": false,
      "Question": "Where you unsure about what to do at any time? (Feel free to send us an email with details.)"
    }
  ]
}