{
  "AnonymizedUserWorkerID": "a4c9564b-06b9-37b4-27ca-fd6bf52c4154",
  "AnonymizedWizardWorkerID": "91b16ed4-3c20-2cd4-e99c-ff1316c27cf2",
  "BatchID": "woz_1590513462",
  "CompletionLevel": "Complete",
  "DialogueID": 6173,
  "Events": [
    {
      "Action": "instruct",
      "Agent": "UserGuide",
      "Text": "Say hello and ask for directions (see left panel). [instruction 1 of 4]",
      "UnixTime": 1590529401
    },
    {
      "Action": "utter",
      "Agent": "User",
      "Text": "HI I need directions! I am at University and need to get to Craig and Center, leabing now (11pm)",
      "UnixTime": 1590529426
    },
    {
      "Action": "request_suggestions",
      "Agent": "Wizard",
      "Text": "travel mode",
      "UnixTime": 1590529462
    },
    {
      "Action": "pick_suggestion",
      "ActionLabel": "trip_ask_travel_mode",
      "ActionLabelOptions": [
        "trip_ask_travel_mode",
        "trip_inform_simple_step_ask_proceed",
        "trip_instructions_done"
      ],
      "Agent": "Wizard",
      "Text": "Do you want to drive, walk, or use public transit?",
      "UnixTime": 1590529464
    },
    {
      "Action": "utter",
      "Agent": "User",
      "Text": "I'll drive. My legs are tired. I was in a race",
      "UnixTime": 1590529480
    },
    {
      "Action": "request_suggestions",
      "Agent": "Wizard",
      "Text": "departure time",
      "UnixTime": 1590529492
    },
    {
      "Action": "pick_suggestion",
      "ActionLabel": "trip_ask_departure_time",
      "ActionLabelOptions": [
        "trip_ask_departure_time",
        "trip_instructions_done",
        "goodbye_1"
      ],
      "Agent": "Wizard",
      "Text": "When are you going to start your trip?",
      "UnixTime": 1590529494
    },
    {
      "Action": "utter",
      "Agent": "User",
      "Text": "Now at 11pm",
      "UnixTime": 1590529516
    },
    {
      "Action": "instruct",
      "Agent": "UserGuide",
      "Text": "If you haven't yet, start a game of trivia with the assistant while you're getting directions (see left panel). [instruction 2 of 4]",
      "UnixTime": 1590529516
    },
    {
      "APIName": "trip_directions",
      "Action": "query",
      "Agent": "Wizard",
      "Constraints": [
        {
          "DepartureLocation": "\"University\""
        },
        {
          "ArrivalLocation": "\"Craig and Center\""
        },
        {
          "TravelMode": "api.is_equal_to(\"Driving\")"
        },
        {
          "DepartureTime": "\"11 pm\""
        }
      ],
      "UnixTime": 1590529524
    },
    {
      "APIName": "trip_directions",
      "Action": "return_item",
      "Agent": "KnowledgeBase",
      "Item": {
        "APIName": "trip_directions",
        "DetailedDrivingInstructions": [
          "Turn right at the subway station onto El Camino Real.",
          "After 5 kilometers, you will see another subway station. Turn right onto Castro St, which is a one-way street.",
          "Drive for 3 blocks and turn left just after you pass a park.",
          "Your destination will be on the left opposite a bar."
        ],
        "DrivingInstructions": [
          "Turn right on El Camino Real",
          "After 5 kilometers, turn right on Castro St.",
          "Drive for 3 blocks and turn left",
          "Your destination will be on the left."
        ],
        "TravelMode": "Driving",
        "TripLengthMinutes": 74,
        "id": 433
      },
      "TotalItems": -1
    },
    {
      "Action": "request_suggestions",
      "Agent": "Wizard",
      "PrimaryItem": {
        "APIName": "trip_directions",
        "DetailedDrivingInstructions": [
          "Turn right at the subway station onto El Camino Real.",
          "After 5 kilometers, you will see another subway station. Turn right onto Castro St, which is a one-way street.",
          "Drive for 3 blocks and turn left just after you pass a park.",
          "Your destination will be on the left opposite a bar."
        ],
        "DrivingInstructions": [
          "Turn right on El Camino Real",
          "After 5 kilometers, turn right on Castro St.",
          "Drive for 3 blocks and turn left",
          "Your destination will be on the left."
        ],
        "TravelMode": "Driving",
        "TripLengthMinutes": 74,
        "id": 433
      },
      "Text": "Turn right on El",
      "UnixTime": 1590529530
    },
    {
      "Action": "pick_suggestion",
      "ActionLabel": "trip_inform_simple_step_ask_proceed",
      "ActionLabelOptions": [
        "trip_inform_simple_step_ask_proceed",
        "out_of_scope",
        "trip_ask_arrival_location"
      ],
      "Agent": "Wizard",
      "PrimaryItem": {
        "APIName": "trip_directions",
        "DetailedDrivingInstructions": [
          "Turn right at the subway station onto El Camino Real.",
          "After 5 kilometers, you will see another subway station. Turn right onto Castro St, which is a one-way street.",
          "Drive for 3 blocks and turn left just after you pass a park.",
          "Your destination will be on the left opposite a bar."
        ],
        "DrivingInstructions": [
          "Turn right on El Camino Real",
          "After 5 kilometers, turn right on Castro St.",
          "Drive for 3 blocks and turn left",
          "Your destination will be on the left."
        ],
        "TravelMode": "Driving",
        "TripLengthMinutes": 74,
        "id": 433
      },
      "Text": "Turn right on El Camino Real. Can I proceed or do you require more detailed instructions?",
      "UnixTime": 1590529531
    },
    {
      "Action": "utter",
      "Agent": "User",
      "Text": "No, let's play some trivia!",
      "UnixTime": 1590529551
    },
    {
      "Action": "select_task",
      "Agent": "Wizard",
      "PrimaryItem": {
        "APIName": "trip_directions",
        "DetailedDrivingInstructions": [
          "Turn right at the subway station onto El Camino Real.",
          "After 5 kilometers, you will see another subway station. Turn right onto Castro St, which is a one-way street.",
          "Drive for 3 blocks and turn left just after you pass a park.",
          "Your destination will be on the left opposite a bar."
        ],
        "DrivingInstructions": [
          "Turn right on El Camino Real",
          "After 5 kilometers, turn right on Castro St.",
          "Drive for 3 blocks and turn left",
          "Your destination will be on the left."
        ],
        "TravelMode": "Driving",
        "TripLengthMinutes": 74,
        "id": 433
      },
      "Task": "trivia",
      "UnixTime": 1590529574
    },
    {
      "Action": "request_suggestions",
      "Agent": "Wizard",
      "PrimaryItem": {
        "APIName": "trip_directions",
        "DetailedDrivingInstructions": [
          "Turn right at the subway station onto El Camino Real.",
          "After 5 kilometers, you will see another subway station. Turn right onto Castro St, which is a one-way street.",
          "Drive for 3 blocks and turn left just after you pass a park.",
          "Your destination will be on the left opposite a bar."
        ],
        "DrivingInstructions": [
          "Turn right on El Camino Real",
          "After 5 kilometers, turn right on Castro St.",
          "Drive for 3 blocks and turn left",
          "Your destination will be on the left."
        ],
        "TravelMode": "Driving",
        "TripLengthMinutes": 74,
        "id": 433
      },
      "Text": "what question",
      "UnixTime": 1590529577
    },
    {
      "Action": "pick_suggestion",
      "ActionLabel": "trivia_ask_question_number",
      "ActionLabelOptions": [
        "trivia_ask_question_number",
        "trivia_inform_nothing_found",
        "out_of_scope"
      ],
      "Agent": "Wizard",
      "PrimaryItem": {
        "APIName": "trip_directions",
        "DetailedDrivingInstructions": [
          "Turn right at the subway station onto El Camino Real.",
          "After 5 kilometers, you will see another subway station. Turn right onto Castro St, which is a one-way street.",
          "Drive for 3 blocks and turn left just after you pass a park.",
          "Your destination will be on the left opposite a bar."
        ],
        "DrivingInstructions": [
          "Turn right on El Camino Real",
          "After 5 kilometers, turn right on Castro St.",
          "Drive for 3 blocks and turn left",
          "Your destination will be on the left."
        ],
        "TravelMode": "Driving",
        "TripLengthMinutes": 74,
        "id": 433
      },
      "Text": "At what question would you like to start?",
      "UnixTime": 1590529579
    },
    {
      "Action": "utter",
      "Agent": "User",
      "Text": "Let's start at 3. It is my lucky number. ",
      "UnixTime": 1590529597
    },
    {
      "APIName": "trivia",
      "Action": "query",
      "Agent": "Wizard",
      "Constraints": [
        {
          "QuestionNum": "3"
        }
      ],
      "PrimaryItem": {
        "APIName": "trip_directions",
        "DetailedDrivingInstructions": [
          "Turn right at the subway station onto El Camino Real.",
          "After 5 kilometers, you will see another subway station. Turn right onto Castro St, which is a one-way street.",
          "Drive for 3 blocks and turn left just after you pass a park.",
          "Your destination will be on the left opposite a bar."
        ],
        "DrivingInstructions": [
          "Turn right on El Camino Real",
          "After 5 kilometers, turn right on Castro St.",
          "Drive for 3 blocks and turn left",
          "Your destination will be on the left."
        ],
        "TravelMode": "Driving",
        "TripLengthMinutes": 74,
        "id": 433
      },
      "UnixTime": 1590529612
    },
    {
      "APIName": "trivia",
      "Action": "return_item",
      "Agent": "KnowledgeBase",
      "Item": {
        "APIName": "trivia",
        "Answer": "snail",
        "Question": "A ____ takes 33 hours to crawl one mile"
      },
      "TotalItems": -1
    },
    {
      "Action": "request_suggestions",
      "Agent": "Wizard",
      "PrimaryItem": {
        "APIName": "trivia",
        "Answer": "snail",
        "Question": "A ____ takes 33 hours to crawl one mile"
      },
      "Text": "a ",
      "UnixTime": 1590529614
    },
    {
      "Action": "pick_suggestion",
      "ActionLabel": "trivia_ask_question",
      "ActionLabelOptions": [
        "trivia_ask_question",
        "trivia_inform_answer_2_ask_next",
        "trivia_bye"
      ],
      "Agent": "Wizard",
      "PrimaryItem": {
        "APIName": "trivia",
        "Answer": "snail",
        "Question": "A ____ takes 33 hours to crawl one mile"
      },
      "Text": "A ____ takes 33 hours to crawl one mile",
      "UnixTime": 1590529616
    },
    {
      "Action": "utter",
      "Agent": "User",
      "Text": "Is it a snail?",
      "UnixTime": 1590529624
    },
    {
      "Action": "instruct",
      "Agent": "UserGuide",
      "Text": "Also ask for more details on some instructions. [instruction 3 of 4]",
      "UnixTime": 1590529624
    },
    {
      "Action": "request_suggestions",
      "Agent": "Wizard",
      "PrimaryItem": {
        "APIName": "trivia",
        "Answer": "snail",
        "Question": "A ____ takes 33 hours to crawl one mile"
      },
      "Text": "correct",
      "UnixTime": 1590529630
    },
    {
      "Action": "pick_suggestion",
      "ActionLabel": "trivia_inform_answer_correct_ask_next",
      "ActionLabelOptions": [
        "trivia_inform_answer_correct_ask_next",
        "out_of_scope",
        "trivia_inform_answer_incorrect_ask_next"
      ],
      "Agent": "Wizard",
      "PrimaryItem": {
        "APIName": "trivia",
        "Answer": "snail",
        "Question": "A ____ takes 33 hours to crawl one mile"
      },
      "Text": "Your answer was correct! Great job! Would you like to continue playing?",
      "UnixTime": 1590529631
    },
    {
      "Action": "utter",
      "Agent": "User",
      "Text": "Nah! I better get those directions. I don't want to be late for my hot date. What is the next one?",
      "UnixTime": 1590529650
    },
    {
      "Action": "instruct",
      "Agent": "UserGuide",
      "Text": "Keep going until you've arrived at your destination. Then bring the conversation to a natural close. [instruction 4 of 4]",
      "UnixTime": 1590529650
    },
    {
      "Action": "select_task",
      "Agent": "Wizard",
      "PrimaryItem": {
        "APIName": "trivia",
        "Answer": "snail",
        "Question": "A ____ takes 33 hours to crawl one mile"
      },
      "Task": "trip_directions",
      "UnixTime": 1590529657
    },
    {
      "Action": "request_suggestions",
      "Agent": "Wizard",
      "PrimaryItem": {
        "APIName": "trivia",
        "Answer": "snail",
        "Question": "A ____ takes 33 hours to crawl one mile"
      },
      "Text": "After 5 kilomet",
      "UnixTime": 1590529662
    },
    {
      "Action": "pick_suggestion",
      "ActionLabel": "trip_inform_simple_step_ask_proceed",
      "ActionLabelOptions": [
        "trip_inform_simple_step_ask_proceed",
        "out_of_scope",
        "trivia_ask_question",
        "trivia_inform_answer_2_ask_next",
        "trip_ask_departure_time",
        "trip_ask_arrival_location"
      ],
      "Agent": "Wizard",
      "PrimaryItem": {
        "APIName": "trivia",
        "Answer": "snail",
        "Question": "A ____ takes 33 hours to crawl one mile"
      },
      "Text": "After 5 kilometers, turn right on Castro St. Can I proceed or do you require more detailed instructions?",
      "UnixTime": 1590529663
    },
    {
      "Action": "utter",
      "Agent": "User",
      "Text": "Give me a little more detail. ",
      "UnixTime": 1590529673
    },
    {
      "Action": "request_suggestions",
      "Agent": "Wizard",
      "PrimaryItem": {
        "APIName": "trivia",
        "Answer": "snail",
        "Question": "A ____ takes 33 hours to crawl one mile"
      },
      "Text": "After 5 kiometers, you will see another sub",
      "UnixTime": 1590529695
    },
    {
      "Action": "pick_suggestion",
      "ActionLabel": "trip_inform_detailed_step",
      "ActionLabelOptions": [
        "trivia_ask_question",
        "trip_instructions_done",
        "trip_inform_detailed_step",
        "trivia_inform_answer_2_ask_next",
        "anything_else",
        "trivia_inform_nothing_found"
      ],
      "Agent": "Wizard",
      "PrimaryItem": {
        "APIName": "trivia",
        "Answer": "snail",
        "Question": "A ____ takes 33 hours to crawl one mile"
      },
      "Text": "After 5 kilometers, you will see another subway station. Turn right onto Castro St, which is a one-way street.",
      "UnixTime": 1590529697
    },
    {
      "Action": "utter",
      "Agent": "User",
      "Text": "Okay, can you do the next one?",
      "UnixTime": 1590529732
    },
    {
      "Action": "request_suggestions",
      "Agent": "Wizard",
      "PrimaryItem": {
        "APIName": "trivia",
        "Answer": "snail",
        "Question": "A ____ takes 33 hours to crawl one mile"
      },
      "Text": "Drive for 3 blo",
      "UnixTime": 1590529748
    },
    {
      "Action": "pick_suggestion",
      "ActionLabel": "trip_inform_simple_step_ask_proceed",
      "ActionLabelOptions": [
        "trip_inform_simple_step_ask_proceed",
        "trivia_ask_question",
        "trivia_bye",
        "out_of_scope",
        "trip_ask_departure_time",
        "hello"
      ],
      "Agent": "Wizard",
      "PrimaryItem": {
        "APIName": "trivia",
        "Answer": "snail",
        "Question": "A ____ takes 33 hours to crawl one mile"
      },
      "Text": "Drive for 3 blocks and turn left. Can I proceed or do you require more detailed instructions?",
      "UnixTime": 1590529750
    },
    {
      "Action": "utter",
      "Agent": "User",
      "Text": "You can do the next.",
      "UnixTime": 1590529780
    },
    {
      "Action": "request_suggestions",
      "Agent": "Wizard",
      "PrimaryItem": {
        "APIName": "trivia",
        "Answer": "snail",
        "Question": "A ____ takes 33 hours to crawl one mile"
      },
      "Text": "Your destination will be ",
      "UnixTime": 1590529796
    },
    {
      "Action": "utter",
      "Agent": "Wizard",
      "PrimaryItem": {
        "APIName": "trivia",
        "Answer": "snail",
        "Question": "A ____ takes 33 hours to crawl one mile"
      },
      "Text": "Your destination will be on your left.",
      "UnixTime": 1590529806
    },
    {
      "Action": "utter",
      "Agent": "User",
      "Text": "Thank you very much. I'm there. Bye!",
      "UnixTime": 1590529864
    },
    {
      "Action": "request_suggestions",
      "Agent": "Wizard",
      "PrimaryItem": {
        "APIName": "trivia",
        "Answer": "snail",
        "Question": "A ____ takes 33 hours to crawl one mile"
      },
      "Text": "thank you",
      "UnixTime": 1590529878
    },
    {
      "Action": "pick_suggestion",
      "ActionLabel": "goodbye_1",
      "ActionLabelOptions": [
        "goodbye_1",
        "trivia_bye",
        "out_of_scope",
        "trip_ask_departure_time",
        "anything_else",
        "anything_else"
      ],
      "Agent": "Wizard",
      "PrimaryItem": {
        "APIName": "trivia",
        "Answer": "snail",
        "Question": "A ____ takes 33 hours to crawl one mile"
      },
      "Text": "Thank you and goodbye.",
      "UnixTime": 1590529879
    },
    {
      "Action": "complete",
      "Agent": "User",
      "UnixTime": 1590529919
    }
  ],
  "FORMAT-VERSION": 7,
  "IntroducesConflicts": false,
  "Scenario": {
    "Domains": [
      "trip",
      "trivia"
    ],
    "Happy": false,
    "MultiTask": true,
    "UserTask": "You want directions from 'University' to 'Craig and Center', leaving now (11 pm). As the assistant gives you the directions, alternate randomly between (i) asking for the next instruction, (ii) asking for more details, and (iii) asking for the next trivia question (start at question 3)\n\n The AI Assistant can handle:\n- Giving trip directions\n- Playing trivia",
    "WizardCapabilities": [
      {
        "Domain": "trip",
        "SchemaImage": "trip_directions.jpg",
        "Task": "trip_directions"
      },
      {
        "Domain": "trivia",
        "SchemaImage": "trivia.jpg",
        "Task": "trivia"
      }
    ],
    "WizardTask": "Follow the flow charts and help the user. Assume:\n\n- Today is Monday the 19th, 11 pm"
  },
  "UserQuestionnaire": [
    {
      "Answer": true,
      "Question": "Did the assistant stay calm and helpful throughout the dialogue?"
    }
  ],
  "WizardQuestionnaire": [
    {
      "Answer": false,
      "Question": "Did the user change his/her mind about what he/she wants at any time?"
    },
    {
      "Answer": false,
      "Question": "Did the user become aggressive or annoyed during the dialogue? (Note: some users may be instructed to be annoying.)"
    },
    {
      "Answer": false,
      "Question": "Where you unsure about what to do at any time? (Feel free to send us an email with details.)"
    }
  ]
}