{
  "AnonymizedUserWorkerID": "3edcce52-bbdf-48d8-3d95-d45dad2e0182",
  "AnonymizedWizardWorkerID": "c06538fc-4352-5d92-9ced-53d9fa54e376",
  "BatchID": "woz_1590513462",
  "CompletionLevel": "DisconnectDuringDialogue",
  "DialogueID": 6192,
  "Events": [
    {
      "Action": "instruct",
      "Agent": "UserGuide",
      "Text": "Use your imagination to generate a conversation about the topics 'Find apartment', 'Schedule apartment viewing' and 'Calling a ride' (in any order), as shown on the left. You may also ask the assistant to check the weather.  [instruction 1 of 8]",
      "UnixTime": 1590538650
    },
    {
      "Action": "utter",
      "Agent": "User",
      "Text": "Hi! My name is Mark and i need help with finding an apartment!",
      "UnixTime": 1590538866
    },
    {
      "Action": "request_suggestions",
      "Agent": "Wizard",
      "Text": "location",
      "UnixTime": 1590538884
    },
    {
      "Action": "pick_suggestion",
      "ActionLabel": "apartment_inform_search_criteria",
      "ActionLabelOptions": [
        "goodbye_2",
        "apartment_ask_nearby_pois",
        "apartment_inform_search_criteria"
      ],
      "Agent": "Wizard",
      "Text": "I can apply the following filters: number of bedrooms, price, floor, balcony, elevator and nearby POIs.",
      "UnixTime": 1590538887
    },
    {
      "Action": "utter",
      "Agent": "User",
      "Text": "2 bedrooms please",
      "UnixTime": 1590538988
    },
    {
      "Action": "instruct",
      "Agent": "UserGuide",
      "Text": "You may attempt to do some smalltalk with the AI Assistant at any time. [instruction 2 of 8]",
      "UnixTime": 1590538988
    },
    {
      "APIName": "apartment_search",
      "Action": "query",
      "Agent": "Wizard",
      "Constraints": [
        {
          "NumRooms": "2"
        }
      ],
      "UnixTime": 1590539050
    },
    {
      "APIName": "apartment_search",
      "Action": "return_item",
      "Agent": "KnowledgeBase",
      "Item": {
        "APIName": "apartment_search",
        "BalconySide": "north",
        "FloorSquareMeters": 59,
        "HasBalcony": true,
        "HasElevator": false,
        "Level": 2,
        "MaxLevel": 9,
        "Name": "Shadyside Apartments",
        "NearbyPOIs": [
          "Museum",
          "University"
        ],
        "NumRooms": 2,
        "Price": 1111,
        "id": 333
      },
      "TotalItems": 143
    },
    {
      "Action": "request_suggestions",
      "Agent": "Wizard",
      "PrimaryItem": {
        "APIName": "apartment_search",
        "BalconySide": "north",
        "FloorSquareMeters": 59,
        "HasBalcony": true,
        "HasElevator": false,
        "Level": 2,
        "MaxLevel": 9,
        "Name": "Shadyside Apartments",
        "NearbyPOIs": [
          "Museum",
          "University"
        ],
        "NumRooms": 2,
        "Price": 1111,
        "id": 333
      },
      "Text": "1111",
      "UnixTime": 1590539054
    },
    {
      "Action": "utter",
      "Agent": "Wizard",
      "PrimaryItem": {
        "APIName": "apartment_search",
        "BalconySide": "north",
        "FloorSquareMeters": 59,
        "HasBalcony": true,
        "HasElevator": false,
        "Level": 2,
        "MaxLevel": 9,
        "Name": "Shadyside Apartments",
        "NearbyPOIs": [
          "Museum",
          "University"
        ],
        "NumRooms": 2,
        "Price": 1111,
        "id": 333
      },
      "Text": "Shadyside is perfect.",
      "UnixTime": 1590539064
    },
    {
      "Action": "utter",
      "Agent": "User",
      "Text": "okay, can you make me an appoingment toview it?",
      "UnixTime": 1590539096
    },
    {
      "Action": "select_task",
      "Agent": "Wizard",
      "PrimaryItem": {
        "APIName": "apartment_search",
        "BalconySide": "north",
        "FloorSquareMeters": 59,
        "HasBalcony": true,
        "HasElevator": false,
        "Level": 2,
        "MaxLevel": 9,
        "Name": "Shadyside Apartments",
        "NearbyPOIs": [
          "Museum",
          "University"
        ],
        "NumRooms": 2,
        "Price": 1111,
        "id": 333
      },
      "Task": "apartment_schedule",
      "UnixTime": 1590539183
    },
    {
      "Action": "request_suggestions",
      "Agent": "Wizard",
      "PrimaryItem": {
        "APIName": "apartment_search",
        "BalconySide": "north",
        "FloorSquareMeters": 59,
        "HasBalcony": true,
        "HasElevator": false,
        "Level": 2,
        "MaxLevel": 9,
        "Name": "Shadyside Apartments",
        "NearbyPOIs": [
          "Museum",
          "University"
        ],
        "NumRooms": 2,
        "Price": 1111,
        "id": 333
      },
      "Text": "name",
      "UnixTime": 1590539188
    },
    {
      "Action": "pick_suggestion",
      "ActionLabel": "ask_name",
      "ActionLabelOptions": [
        "ask_name",
        "apartment_inform_search_result",
        "apartment_inform_nothing_found",
        "goodbye_2",
        "apartment_ask_start_time",
        "apartment_ask_apartment_name"
      ],
      "Agent": "Wizard",
      "PrimaryItem": {
        "APIName": "apartment_search",
        "BalconySide": "north",
        "FloorSquareMeters": 59,
        "HasBalcony": true,
        "HasElevator": false,
        "Level": 2,
        "MaxLevel": 9,
        "Name": "Shadyside Apartments",
        "NearbyPOIs": [
          "Museum",
          "University"
        ],
        "NumRooms": 2,
        "Price": 1111,
        "id": 333
      },
      "Text": "Could you give me your name, please?",
      "UnixTime": 1590539190
    },
    {
      "Action": "utter",
      "Agent": "User",
      "Text": "mark",
      "UnixTime": 1590539197
    },
    {
      "Action": "request_suggestions",
      "Agent": "Wizard",
      "PrimaryItem": {
        "APIName": "apartment_search",
        "BalconySide": "north",
        "FloorSquareMeters": 59,
        "HasBalcony": true,
        "HasElevator": false,
        "Level": 2,
        "MaxLevel": 9,
        "Name": "Shadyside Apartments",
        "NearbyPOIs": [
          "Museum",
          "University"
        ],
        "NumRooms": 2,
        "Price": 1111,
        "id": 333
      },
      "Text": "day",
      "UnixTime": 1590539242
    },
    {
      "Action": "pick_suggestion",
      "ActionLabel": "apartment_ask_day",
      "ActionLabelOptions": [
        "goodbye_2",
        "apartment_ask_day",
        "apartment_ask_nearby_pois",
        "hello",
        "out_of_scope",
        "apartment_inform_nothing_found"
      ],
      "Agent": "Wizard",
      "PrimaryItem": {
        "APIName": "apartment_search",
        "BalconySide": "north",
        "FloorSquareMeters": 59,
        "HasBalcony": true,
        "HasElevator": false,
        "Level": 2,
        "MaxLevel": 9,
        "Name": "Shadyside Apartments",
        "NearbyPOIs": [
          "Museum",
          "University"
        ],
        "NumRooms": 2,
        "Price": 1111,
        "id": 333
      },
      "Text": "What day would you like to make the booking for?",
      "UnixTime": 1590539244
    },
    {
      "Action": "utter",
      "Agent": "User",
      "Text": "Today , friday",
      "UnixTime": 1590539279
    },
    {
      "Action": "instruct",
      "Agent": "UserGuide",
      "Text": "If you haven't yet, it's time to change topic. You can also go back and forth between topics. [instruction 3 of 8]",
      "UnixTime": 1590539279
    },
    {
      "Action": "request_suggestions",
      "Agent": "Wizard",
      "PrimaryItem": {
        "APIName": "apartment_search",
        "BalconySide": "north",
        "FloorSquareMeters": 59,
        "HasBalcony": true,
        "HasElevator": false,
        "Level": 2,
        "MaxLevel": 9,
        "Name": "Shadyside Apartments",
        "NearbyPOIs": [
          "Museum",
          "University"
        ],
        "NumRooms": 2,
        "Price": 1111,
        "id": 333
      },
      "Text": "time",
      "UnixTime": 1590539309
    },
    {
      "Action": "pick_suggestion",
      "ActionLabel": "apartment_ask_end_time",
      "ActionLabelOptions": [
        "goodbye_2",
        "apartment_ask_end_time",
        "hello",
        "goodbye_2",
        "apartment_inform_nothing_found",
        "hello"
      ],
      "Agent": "Wizard",
      "PrimaryItem": {
        "APIName": "apartment_search",
        "BalconySide": "north",
        "FloorSquareMeters": 59,
        "HasBalcony": true,
        "HasElevator": false,
        "Level": 2,
        "MaxLevel": 9,
        "Name": "Shadyside Apartments",
        "NearbyPOIs": [
          "Museum",
          "University"
        ],
        "NumRooms": 2,
        "Price": 1111,
        "id": 333
      },
      "Text": "For how long would you like to see the apartment?",
      "UnixTime": 1590539311
    },
    {
      "Action": "utter",
      "Agent": "User",
      "Text": "30 minutes",
      "UnixTime": 1590539317
    },
    {
      "APIName": "apartment_schedule",
      "Action": "query",
      "Agent": "Wizard",
      "Constraints": [
        {
          "Name": "\"Shadyside Apartments\""
        },
        {
          "RenterName": "\"Mark\""
        },
        {
          "Day": "\"Friday\""
        },
        {
          "StartTimeHour": "\"2 pm\""
        },
        {
          "ApplicationFeePaid": "api.is_equal_to(\"Yes\")"
        },
        {
          "RequestType": "\"Check\""
        }
      ],
      "PrimaryItem": {
        "APIName": "apartment_search",
        "BalconySide": "north",
        "FloorSquareMeters": 59,
        "HasBalcony": true,
        "HasElevator": false,
        "Level": 2,
        "MaxLevel": 9,
        "Name": "Shadyside Apartments",
        "NearbyPOIs": [
          "Museum",
          "University"
        ],
        "NumRooms": 2,
        "Price": 1111,
        "id": 333
      },
      "UnixTime": 1590539353
    },
    {
      "APIName": "apartment_schedule",
      "Action": "return_item",
      "Agent": "KnowledgeBase",
      "Item": {
        "APIName": "apartment_schedule",
        "Message": "The time slot is available."
      },
      "TotalItems": -1
    },
    {
      "Action": "request_suggestions",
      "Agent": "Wizard",
      "PrimaryItem": {
        "APIName": "apartment_schedule",
        "Message": "The time slot is available."
      },
      "Text": "available",
      "UnixTime": 1590539356
    },
    {
      "Action": "pick_suggestion",
      "ActionLabel": "apartment_inform_viewing_available",
      "ActionLabelOptions": [
        "apartment_inform_viewing_available",
        "apartment_ask_custom_message",
        "out_of_scope"
      ],
      "Agent": "Wizard",
      "PrimaryItem": {
        "APIName": "apartment_schedule",
        "Message": "The time slot is available."
      },
      "Text": "Great, there is still a viewing available at that time. Would you like me to book it for you?",
      "UnixTime": 1590539357
    },
    {
      "Action": "utter",
      "Agent": "User",
      "Text": "yes please",
      "UnixTime": 1590539376
    },
    {
      "APIName": "apartment_schedule",
      "Action": "query",
      "Agent": "Wizard",
      "Constraints": [
        {
          "Name": "\"Shadyside Apartments\""
        },
        {
          "RenterName": "\"Mark\""
        },
        {
          "Day": "\"Friday\""
        },
        {
          "StartTimeHour": "\"2 pm\""
        },
        {
          "ApplicationFeePaid": "api.is_equal_to(\"Yes\")"
        },
        {
          "RequestType": "\"Book\""
        }
      ],
      "PrimaryItem": {
        "APIName": "apartment_schedule",
        "Message": "The time slot is available."
      },
      "UnixTime": 1590539415
    },
    {
      "APIName": "apartment_schedule",
      "Action": "return_item",
      "Agent": "KnowledgeBase",
      "Item": {
        "APIName": "apartment_schedule",
        "Message": "Your apartment viewing has been successfuly scheduled. Please bring Proof of Income and Passport with you."
      },
      "TotalItems": -1
    },
    {
      "Action": "request_suggestions",
      "Agent": "Wizard",
      "PrimaryItem": {
        "APIName": "apartment_schedule",
        "Message": "Your apartment viewing has been successfuly scheduled. Please bring Proof of Income and Passport with you."
      },
      "Text": "success",
      "UnixTime": 1590539418
    },
    {
      "Action": "pick_suggestion",
      "ActionLabel": "apartment_inform_booking_successful",
      "ActionLabelOptions": [
        "apartment_inform_booking_successful",
        "anything_else",
        "apartment_ask_application_fee_paid"
      ],
      "Agent": "Wizard",
      "PrimaryItem": {
        "APIName": "apartment_schedule",
        "Message": "Your apartment viewing has been successfuly scheduled. Please bring Proof of Income and Passport with you."
      },
      "Text": "Excellent, the viewing is scheduled now!",
      "UnixTime": 1590539420
    },
    {
      "Action": "utter",
      "Agent": "User",
      "Text": "great, i need an uber to get there please. i reallllly hate driving. ",
      "UnixTime": 1590539455
    },
    {
      "Action": "select_task",
      "Agent": "Wizard",
      "PrimaryItem": {
        "APIName": "apartment_schedule",
        "Message": "Your apartment viewing has been successfuly scheduled. Please bring Proof of Income and Passport with you."
      },
      "Task": "ride_book",
      "UnixTime": 1590539473
    },
    {
      "Action": "request_suggestions",
      "Agent": "Wizard",
      "PrimaryItem": {
        "APIName": "apartment_schedule",
        "Message": "Your apartment viewing has been successfuly scheduled. Please bring Proof of Income and Passport with you."
      },
      "Text": "location",
      "UnixTime": 1590539478
    },
    {
      "Action": "pick_suggestion",
      "ActionLabel": "ride_ask_destination",
      "ActionLabelOptions": [
        "ride_ask_destination",
        "apartment_ask_day",
        "ride_ask_departure",
        "ride_inform_search_criteria",
        "apartment_ask_custom_message",
        "apartment_inform_viewing_available"
      ],
      "Agent": "Wizard",
      "PrimaryItem": {
        "APIName": "apartment_schedule",
        "Message": "Your apartment viewing has been successfuly scheduled. Please bring Proof of Income and Passport with you."
      },
      "Text": "Alright, where do you want to go?",
      "UnixTime": 1590539480
    },
    {
      "Action": "utter",
      "Agent": "User",
      "Text": "to the apartment building for the appointment",
      "UnixTime": 1590539518
    },
    {
      "Action": "instruct",
      "Agent": "UserGuide",
      "Text": "If it makes sense, use some negations ('I don't want', or 'anything but ...', etc.) [instruction 4 of 8]",
      "UnixTime": 1590539518
    },
    {
      "APIName": "ride_book",
      "Action": "query",
      "Agent": "Wizard",
      "Constraints": [
        {
          "CustomerName": "\"Alexis\""
        },
        {
          "DepartureLocation": "\"Forbes and Murray\""
        },
        {
          "ArrivalLocation": "\"5th and Main\""
        },
        {
          "RequestType": "\"Book\""
        }
      ],
      "PrimaryItem": {
        "APIName": "apartment_schedule",
        "Message": "Your apartment viewing has been successfuly scheduled. Please bring Proof of Income and Passport with you."
      },
      "UnixTime": 1590539543
    },
    {
      "APIName": "ride_book",
      "Action": "return_item",
      "Agent": "KnowledgeBase",
      "Item": {
        "APIName": "ride_book",
        "Message": "Ride booked."
      },
      "TotalItems": -1
    },
    {
      "Action": "request_suggestions",
      "Agent": "Wizard",
      "PrimaryItem": {
        "APIName": "ride_book",
        "Message": "Ride booked."
      },
      "Text": "booked",
      "UnixTime": 1590539546
    },
    {
      "Action": "utter",
      "Agent": "Wizard",
      "PrimaryItem": {
        "APIName": "ride_book",
        "Message": "Ride booked."
      },
      "Text": "Booked.",
      "UnixTime": 1590539550
    },
    {
      "Action": "utter",
      "Agent": "User",
      "Text": "I don't want a BMW though, make sure it'snot that",
      "UnixTime": 1590539560
    },
    {
      "Action": "request_suggestions",
      "Agent": "Wizard",
      "PrimaryItem": {
        "APIName": "ride_book",
        "Message": "Ride booked."
      },
      "Text": "Okay",
      "UnixTime": 1590539571
    },
    {
      "Action": "pick_suggestion",
      "ActionLabel": "custom",
      "ActionLabelOptions": [
        "custom"
      ],
      "Agent": "Wizard",
      "PrimaryItem": {
        "APIName": "ride_book",
        "Message": "Ride booked."
      },
      "Text": "Okay",
      "UnixTime": 1590539573
    },
    {
      "Action": "utter",
      "Agent": "User",
      "Text": "what is the weather like in san francisco?",
      "UnixTime": 1590539595
    },
    {
      "Action": "instruct",
      "Agent": "UserGuide",
      "Text": "Keep going :) - don't forget some smalltalk. Perhaps say something related to the first topic you talked about. [instruction 5 of 8]",
      "UnixTime": 1590539595
    },
    {
      "Action": "select_task",
      "Agent": "Wizard",
      "PrimaryItem": {
        "APIName": "ride_book",
        "Message": "Ride booked."
      },
      "Task": "weather",
      "UnixTime": 1590539598
    },
    {
      "APIName": "weather",
      "Action": "query",
      "Agent": "Wizard",
      "Constraints": [
        {
          "Day": "api.is_equal_to(\"Sunday\")"
        },
        {
          "City": "\"San Francisco\""
        }
      ],
      "PrimaryItem": {
        "APIName": "ride_book",
        "Message": "Ride booked."
      },
      "UnixTime": 1590539601
    },
    {
      "APIName": "weather",
      "Action": "return_item",
      "Agent": "KnowledgeBase",
      "Item": {
        "APIName": "weather",
        "City": "San Francisco",
        "Day": "Sunday",
        "TemperatureCelsius": 10,
        "Weather": "Raining",
        "id": 509
      },
      "TotalItems": -1
    },
    {
      "Action": "request_suggestions",
      "Agent": "Wizard",
      "PrimaryItem": {
        "APIName": "weather",
        "City": "San Francisco",
        "Day": "Sunday",
        "TemperatureCelsius": 10,
        "Weather": "Raining",
        "id": 509
      },
      "Text": "raining",
      "UnixTime": 1590539604
    },
    {
      "Action": "pick_suggestion",
      "ActionLabel": "weather_inform_forecast",
      "ActionLabelOptions": [
        "goodbye_1",
        "weather_ask_location",
        "weather_inform_forecast"
      ],
      "Agent": "Wizard",
      "PrimaryItem": {
        "APIName": "weather",
        "City": "San Francisco",
        "Day": "Sunday",
        "TemperatureCelsius": 10,
        "Weather": "Raining",
        "id": 509
      },
      "Text": "It will be Raining all day on Sunday in San Francisco, with temperatures of around 10 degrees celsius.",
      "UnixTime": 1590539605
    },
    {
      "Action": "utter",
      "Agent": "User",
      "Text": "oh yuck, cehck for monday ",
      "UnixTime": 1590539659
    },
    {
      "APIName": "weather",
      "Action": "query",
      "Agent": "Wizard",
      "Constraints": [
        {
          "Day": "\"Monday\""
        },
        {
          "City": "\"San Francisco\""
        }
      ],
      "PrimaryItem": {
        "APIName": "weather",
        "City": "San Francisco",
        "Day": "Sunday",
        "TemperatureCelsius": 10,
        "Weather": "Raining",
        "id": 509
      },
      "UnixTime": 1590539664
    },
    {
      "APIName": "weather",
      "Action": "return_item",
      "Agent": "KnowledgeBase",
      "Item": {
        "APIName": "weather",
        "City": "San Francisco",
        "Day": "Monday",
        "TemperatureCelsius": 2,
        "Weather": "Raining",
        "id": 75
      },
      "TotalItems": -1
    },
    {
      "Action": "request_suggestions",
      "Agent": "Wizard",
      "PrimaryItem": {
        "APIName": "weather",
        "City": "San Francisco",
        "Day": "Monday",
        "TemperatureCelsius": 2,
        "Weather": "Raining",
        "id": 75
      },
      "Text": "raining",
      "UnixTime": 1590539666
    },
    {
      "Action": "pick_suggestion",
      "ActionLabel": "weather_inform_forecast",
      "ActionLabelOptions": [
        "goodbye_1",
        "weather_ask_location",
        "weather_inform_forecast"
      ],
      "Agent": "Wizard",
      "PrimaryItem": {
        "APIName": "weather",
        "City": "San Francisco",
        "Day": "Monday",
        "TemperatureCelsius": 2,
        "Weather": "Raining",
        "id": 75
      },
      "Text": "It will be Raining all day on Monday in San Francisco, with temperatures of around 2 degrees celsius.",
      "UnixTime": 1590539668
    }
  ],
  "FORMAT-VERSION": 7,
  "IntroducesConflicts": false,
  "Scenario": {
    "Domains": [
      "apartment",
      "ride",
      "weather"
    ],
    "Happy": false,
    "MultiTask": true,
    "UserTask": "Come up with your own scenario!\n\nAbout you:\n- Your name: Mark\n- Today is Friday\n\n The AI Assistant can handle:\n- Find an apartment (prices are in 'credits')\n- Schedule an apartment viewing \n- Calling a Taxi/Uber/Lyft ride \n- Checking the weather forecast in different Cities (e.g. Pittsburgh or San Francisco)",
    "WizardCapabilities": [
      {
        "Domain": "apartment",
        "SchemaImage": "apartment_search.jpg",
        "Task": "apartment_search"
      },
      {
        "Domain": "apartment",
        "SchemaImage": "apartment_schedule.jpg",
        "Task": "apartment_schedule"
      },
      {
        "Domain": "ride",
        "SchemaImage": "ride_book.jpg",
        "Task": "ride_book"
      },
      {
        "Domain": "weather",
        "SchemaImage": "weather.jpg",
        "Task": "weather"
      }
    ],
    "WizardTask": "Follow the flow charts and help the user. NOTE: When users give PRICE limits, you usually have to use the 'is at most' comparator, not 'is equal to'. Assume:\n\n- Today is Friday"
  },
  "UserQuestionnaire": [],
  "WizardQuestionnaire": []
}