{
  "AnonymizedUserWorkerID": "c06538fc-4352-5d92-9ced-53d9fa54e376",
  "AnonymizedWizardWorkerID": "3edcce52-bbdf-48d8-3d95-d45dad2e0182",
  "BatchID": "woz_1590513462",
  "CompletionLevel": "Complete",
  "DialogueID": 6220,
  "Events": [
    {
      "Action": "instruct",
      "Agent": "UserGuide",
      "Text": "Use your imagination to generate a conversation about the topics 'Find restaurant', 'followup on doctor appointment' and 'changing a ride' (in any order), as shown on the left. You may also ask the assistant to check on the status of a booked ride.  [instruction 1 of 8]",
      "UnixTime": 1590519631
    },
    {
      "Action": "utter",
      "Agent": "User",
      "Text": "Hello",
      "UnixTime": 1590519637
    },
    {
      "Action": "request_suggestions",
      "Agent": "Wizard",
      "Text": "Hi! How can i help uo",
      "UnixTime": 1590519654
    },
    {
      "Action": "pick_suggestion",
      "ActionLabel": "hello",
      "ActionLabelOptions": [
        "hello",
        "restaurant_ask_food_type",
        "anything_else"
      ],
      "Agent": "Wizard",
      "Text": "Hello, how can I help?",
      "UnixTime": 1590519665
    },
    {
      "Action": "utter",
      "Agent": "User",
      "Text": "I want to followup on a doctors appointment",
      "UnixTime": 1590519705
    },
    {
      "Action": "instruct",
      "Agent": "UserGuide",
      "Text": "You may attempt to do some smalltalk with the AI Assistant at any time. [instruction 2 of 8]",
      "UnixTime": 1590519705
    },
    {
      "Action": "select_task",
      "Agent": "Wizard",
      "Task": "doctor_followup",
      "UnixTime": 1590519734
    },
    {
      "Action": "request_suggestions",
      "Agent": "Wizard",
      "Text": "What is your name",
      "UnixTime": 1590519738
    },
    {
      "Action": "pick_suggestion",
      "ActionLabel": "ask_name",
      "ActionLabelOptions": [
        "ask_name",
        "goodbye_1",
        "doctor_inform_nothing_found"
      ],
      "Agent": "Wizard",
      "Text": "Could I get your name, please?",
      "UnixTime": 1590519740
    },
    {
      "Action": "utter",
      "Agent": "User",
      "Text": "John",
      "UnixTime": 1590519743
    },
    {
      "Action": "request_suggestions",
      "Agent": "Wizard",
      "Text": "What doctor",
      "UnixTime": 1590519772
    },
    {
      "Action": "pick_suggestion",
      "ActionLabel": "doctor_ask_doctor_name",
      "ActionLabelOptions": [
        "doctor_ask_doctor_name",
        "out_of_scope",
        "anything_else"
      ],
      "Agent": "Wizard",
      "Text": "Who is your doctor?",
      "UnixTime": 1590519773
    },
    {
      "Action": "utter",
      "Agent": "User",
      "Text": "Johnson",
      "UnixTime": 1590519823
    },
    {
      "APIName": "doctor_followup",
      "Action": "query",
      "Agent": "Wizard",
      "Constraints": [
        {
          "Name": "api.is_equal_to(\"Dr. Johnson\")"
        },
        {
          "PatientName": "\"John\""
        }
      ],
      "UnixTime": 1590519958
    },
    {
      "APIName": "doctor_followup",
      "Action": "return_item",
      "Agent": "KnowledgeBase",
      "Item": {
        "APIName": "doctor_followup",
        "Message": "You must take your medicine 2 times a day before meals."
      },
      "TotalItems": -1
    },
    {
      "Action": "request_suggestions",
      "Agent": "Wizard",
      "PrimaryItem": {
        "APIName": "doctor_followup",
        "Message": "You must take your medicine 2 times a day before meals."
      },
      "Text": "You must take your medicine 2 times a day before meals.",
      "UnixTime": 1590519961
    },
    {
      "Action": "pick_suggestion",
      "ActionLabel": "doctor_inform_doctors_instructions",
      "ActionLabelOptions": [
        "doctor_inform_doctors_instructions",
        "anything_else",
        "doctor_inform_nothing_found"
      ],
      "Agent": "Wizard",
      "PrimaryItem": {
        "APIName": "doctor_followup",
        "Message": "You must take your medicine 2 times a day before meals."
      },
      "Text": "Your instructions are: You must take your medicine 2 times a day before meals..",
      "UnixTime": 1590519963
    },
    {
      "Action": "utter",
      "Agent": "User",
      "Text": "Thanks",
      "UnixTime": 1590519989
    },
    {
      "Action": "instruct",
      "Agent": "UserGuide",
      "Text": "If you haven't yet, it's time to change topic. You can also go back and forth between topics. [instruction 3 of 8]",
      "UnixTime": 1590519989
    },
    {
      "Action": "request_suggestions",
      "Agent": "Wizard",
      "PrimaryItem": {
        "APIName": "doctor_followup",
        "Message": "You must take your medicine 2 times a day before meals."
      },
      "Text": "Do you need anythign else",
      "UnixTime": 1590520153
    },
    {
      "Action": "pick_suggestion",
      "ActionLabel": "anything_else",
      "ActionLabelOptions": [
        "anything_else",
        "doctor_inform_doctors_instructions",
        "ask_name"
      ],
      "Agent": "Wizard",
      "PrimaryItem": {
        "APIName": "doctor_followup",
        "Message": "You must take your medicine 2 times a day before meals."
      },
      "Text": "Is there anything else that I can do for you?",
      "UnixTime": 1590520155
    },
    {
      "Action": "utter",
      "Agent": "User",
      "Text": "Lets check the status of a ride",
      "UnixTime": 1590520181
    },
    {
      "Action": "select_task",
      "Agent": "Wizard",
      "PrimaryItem": {
        "APIName": "doctor_followup",
        "Message": "You must take your medicine 2 times a day before meals."
      },
      "Task": "ride_status",
      "UnixTime": 1590520221
    },
    {
      "Action": "request_suggestions",
      "Agent": "Wizard",
      "PrimaryItem": {
        "APIName": "doctor_followup",
        "Message": "You must take your medicine 2 times a day before meals."
      },
      "Text": "Wghat is the id",
      "UnixTime": 1590520227
    },
    {
      "Action": "pick_suggestion",
      "ActionLabel": "ride_ask_booking_number",
      "ActionLabelOptions": [
        "ride_ask_booking_number",
        "ask_name",
        "out_of_scope",
        "out_of_scope",
        "goodbye_1",
        "ask_name"
      ],
      "Agent": "Wizard",
      "PrimaryItem": {
        "APIName": "doctor_followup",
        "Message": "You must take your medicine 2 times a day before meals."
      },
      "Text": "Could you provide your booking ID, please?",
      "UnixTime": 1590520229
    },
    {
      "Action": "utter",
      "Agent": "User",
      "Text": "104",
      "UnixTime": 1590520251
    },
    {
      "APIName": "ride_status",
      "Action": "query",
      "Agent": "Wizard",
      "Constraints": [
        {
          "id": "104"
        },
        {
          "CustomerName": "\"John\""
        }
      ],
      "PrimaryItem": {
        "APIName": "doctor_followup",
        "Message": "You must take your medicine 2 times a day before meals."
      },
      "UnixTime": 1590520312
    },
    {
      "APIName": "ride_status",
      "Action": "return_item",
      "Agent": "KnowledgeBase",
      "Item": {
        "APIName": "ride_status",
        "RideStatus": "Your driver is dropping off another passenger.",
        "RideWait": "1 minutes away"
      },
      "TotalItems": -1
    },
    {
      "Action": "request_suggestions",
      "Agent": "Wizard",
      "PrimaryItem": {
        "APIName": "ride_status",
        "RideStatus": "Your driver is dropping off another passenger.",
        "RideWait": "1 minutes away"
      },
      "Text": "Your driver is dropping off another passenger. and is 1 minute away",
      "UnixTime": 1590520317
    },
    {
      "Action": "pick_suggestion",
      "ActionLabel": "custom",
      "ActionLabelOptions": [
        "custom"
      ],
      "Agent": "Wizard",
      "PrimaryItem": {
        "APIName": "ride_status",
        "RideStatus": "Your driver is dropping off another passenger.",
        "RideWait": "1 minutes away"
      },
      "Text": "Your driver is dropping off another passenger. and is 1 minute away",
      "UnixTime": 1590520319
    },
    {
      "Action": "utter",
      "Agent": "User",
      "Text": "Thanks!",
      "UnixTime": 1590520335
    },
    {
      "Action": "request_suggestions",
      "Agent": "Wizard",
      "PrimaryItem": {
        "APIName": "ride_status",
        "RideStatus": "Your driver is dropping off another passenger.",
        "RideWait": "1 minutes away"
      },
      "Text": "Can i do anythign else for yuou",
      "UnixTime": 1590520356
    },
    {
      "Action": "pick_suggestion",
      "ActionLabel": "anything_else",
      "ActionLabelOptions": [
        "anything_else",
        "hello",
        "ask_name"
      ],
      "Agent": "Wizard",
      "PrimaryItem": {
        "APIName": "ride_status",
        "RideStatus": "Your driver is dropping off another passenger.",
        "RideWait": "1 minutes away"
      },
      "Text": "Is there anything else that I can do for you?",
      "UnixTime": 1590520361
    },
    {
      "Action": "utter",
      "Agent": "User",
      "Text": "Lets find a restauraunt",
      "UnixTime": 1590520384
    },
    {
      "Action": "instruct",
      "Agent": "UserGuide",
      "Text": "If it makes sense, use some negations ('I don't want', or 'anything but ...', etc.) [instruction 4 of 8]",
      "UnixTime": 1590520384
    },
    {
      "Action": "select_task",
      "Agent": "Wizard",
      "PrimaryItem": {
        "APIName": "ride_status",
        "RideStatus": "Your driver is dropping off another passenger.",
        "RideWait": "1 minutes away"
      },
      "Task": "restaurant_search",
      "UnixTime": 1590520420
    },
    {
      "Action": "request_suggestions",
      "Agent": "Wizard",
      "PrimaryItem": {
        "APIName": "ride_status",
        "RideStatus": "Your driver is dropping off another passenger.",
        "RideWait": "1 minutes away"
      },
      "Text": "I can search by name, location, cuisines",
      "UnixTime": 1590520430
    },
    {
      "Action": "pick_suggestion",
      "ActionLabel": "restaurant_inform_search_criteria",
      "ActionLabelOptions": [
        "restaurant_inform_search_criteria",
        "ride_inform_nothing_found",
        "ride_ask_booking_number",
        "restaurant_ask_food_type",
        "ask_name",
        "out_of_scope"
      ],
      "Agent": "Wizard",
      "PrimaryItem": {
        "APIName": "ride_status",
        "RideStatus": "Your driver is dropping off another passenger.",
        "RideWait": "1 minutes away"
      },
      "Text": "I can filter restaurants by name, location, food type, its average rating, whether or not they take reservations, and whether or not they have a delivery service.",
      "UnixTime": 1590520432
    },
    {
      "Action": "utter",
      "Agent": "User",
      "Text": "Location",
      "UnixTime": 1590520453
    },
    {
      "Action": "request_suggestions",
      "Agent": "Wizard",
      "PrimaryItem": {
        "APIName": "ride_status",
        "RideStatus": "Your driver is dropping off another passenger.",
        "RideWait": "1 minutes away"
      },
      "Text": "Where do you want the restaurant to be",
      "UnixTime": 1590520471
    },
    {
      "Action": "pick_suggestion",
      "ActionLabel": "restaurant_ask_location",
      "ActionLabelOptions": [
        "restaurant_ask_restaurant",
        "restaurant_ask_location",
        "restaurant_inform_search_criteria"
      ],
      "Agent": "Wizard",
      "PrimaryItem": {
        "APIName": "ride_status",
        "RideStatus": "Your driver is dropping off another passenger.",
        "RideWait": "1 minutes away"
      },
      "Text": "In what part of town should the restaurant be located?",
      "UnixTime": 1590520474
    },
    {
      "Action": "utter",
      "Agent": "User",
      "Text": "Center",
      "UnixTime": 1590520486
    },
    {
      "Action": "instruct",
      "Agent": "UserGuide",
      "Text": "Keep going :) - don't forget some smalltalk. Perhaps say something related to the first topic you talked about. [instruction 5 of 8]",
      "UnixTime": 1590520486
    },
    {
      "APIName": "restaurant_search",
      "Action": "query",
      "Agent": "Wizard",
      "Constraints": [
        {
          "Location": "\"Center\""
        }
      ],
      "PrimaryItem": {
        "APIName": "ride_status",
        "RideStatus": "Your driver is dropping off another passenger.",
        "RideWait": "1 minutes away"
      },
      "UnixTime": 1590520527
    },
    {
      "APIName": "restaurant_search",
      "Action": "return_item",
      "Agent": "KnowledgeBase",
      "Item": {
        "APIName": "restaurant_search",
        "AverageRating": 2,
        "AverageWaitMinutes": 40,
        "CloseTimeHour": "9 pm",
        "Cost": "Expensive",
        "DoesDelivery": true,
        "Food": "Pizza",
        "Location": "Center",
        "MaxPartySize": 32,
        "Name": "The Porch",
        "OpenTimeHour": "10 am",
        "TakesReservations": true,
        "id": 757
      },
      "TotalItems": 175
    },
    {
      "Action": "request_suggestions",
      "Agent": "Wizard",
      "PrimaryItem": {
        "APIName": "restaurant_search",
        "AverageRating": 2,
        "AverageWaitMinutes": 40,
        "CloseTimeHour": "9 pm",
        "Cost": "Expensive",
        "DoesDelivery": true,
        "Food": "Pizza",
        "Location": "Center",
        "MaxPartySize": 32,
        "Name": "The Porch",
        "OpenTimeHour": "10 am",
        "TakesReservations": true,
        "id": 757
      },
      "Text": "How about the Porch? it is pizza",
      "UnixTime": 1590520534
    },
    {
      "Action": "utter",
      "Agent": "Wizard",
      "PrimaryItem": {
        "APIName": "restaurant_search",
        "AverageRating": 2,
        "AverageWaitMinutes": 40,
        "CloseTimeHour": "9 pm",
        "Cost": "Expensive",
        "DoesDelivery": true,
        "Food": "Pizza",
        "Location": "Center",
        "MaxPartySize": 32,
        "Name": "The Porch",
        "OpenTimeHour": "10 am",
        "TakesReservations": true,
        "id": 757
      },
      "Text": "The porch is an expesnive restaurant in center of town that serves pizza and is delicious ",
      "UnixTime": 1590520548
    },
    {
      "Action": "utter",
      "Agent": "User",
      "Text": "Sounds good",
      "UnixTime": 1590520568
    },
    {
      "Action": "request_suggestions",
      "Agent": "Wizard",
      "PrimaryItem": {
        "APIName": "restaurant_search",
        "AverageRating": 2,
        "AverageWaitMinutes": 40,
        "CloseTimeHour": "9 pm",
        "Cost": "Expensive",
        "DoesDelivery": true,
        "Food": "Pizza",
        "Location": "Center",
        "MaxPartySize": 32,
        "Name": "The Porch",
        "OpenTimeHour": "10 am",
        "TakesReservations": true,
        "id": 757
      },
      "Text": "Do you need anything else?",
      "UnixTime": 1590520585
    },
    {
      "Action": "pick_suggestion",
      "ActionLabel": "anything_else",
      "ActionLabelOptions": [
        "anything_else",
        "restaurant_ask_continue_searching",
        "restaurant_inform_nothing_found"
      ],
      "Agent": "Wizard",
      "PrimaryItem": {
        "APIName": "restaurant_search",
        "AverageRating": 2,
        "AverageWaitMinutes": 40,
        "CloseTimeHour": "9 pm",
        "Cost": "Expensive",
        "DoesDelivery": true,
        "Food": "Pizza",
        "Location": "Center",
        "MaxPartySize": 32,
        "Name": "The Porch",
        "OpenTimeHour": "10 am",
        "TakesReservations": true,
        "id": 757
      },
      "Text": "Is there anything else that I can do for you?",
      "UnixTime": 1590520587
    },
    {
      "Action": "utter",
      "Agent": "User",
      "Text": "Lets look for another restauraunt",
      "UnixTime": 1590520666
    },
    {
      "Action": "instruct",
      "Agent": "UserGuide",
      "Text": "Keep going until you've covered all the topics ('Find restaurant', 'followup on doctor appointment' and 'changing a ride'). The conversation should continue at least until the last instruction is given. [instruction 6 of 8]",
      "UnixTime": 1590520666
    },
    {
      "Action": "request_suggestions",
      "Agent": "Wizard",
      "PrimaryItem": {
        "APIName": "restaurant_search",
        "AverageRating": 2,
        "AverageWaitMinutes": 40,
        "CloseTimeHour": "9 pm",
        "Cost": "Expensive",
        "DoesDelivery": true,
        "Food": "Pizza",
        "Location": "Center",
        "MaxPartySize": 32,
        "Name": "The Porch",
        "OpenTimeHour": "10 am",
        "TakesReservations": true,
        "id": 757
      },
      "Text": "I can search by location, ",
      "UnixTime": 1590520686
    },
    {
      "Action": "pick_suggestion",
      "ActionLabel": "restaurant_inform_search_criteria",
      "ActionLabelOptions": [
        "restaurant_inform_search_criteria",
        "restaurant_ask_continue_searching",
        "restaurant_ask_location"
      ],
      "Agent": "Wizard",
      "PrimaryItem": {
        "APIName": "restaurant_search",
        "AverageRating": 2,
        "AverageWaitMinutes": 40,
        "CloseTimeHour": "9 pm",
        "Cost": "Expensive",
        "DoesDelivery": true,
        "Food": "Pizza",
        "Location": "Center",
        "MaxPartySize": 32,
        "Name": "The Porch",
        "OpenTimeHour": "10 am",
        "TakesReservations": true,
        "id": 757
      },
      "Text": "I can filter restaurants by name, location, food type, its average rating, whether or not they take reservations, and whether or not they have a delivery service.",
      "UnixTime": 1590520687
    },
    {
      "Action": "utter",
      "Agent": "User",
      "Text": "Hmm, burgers",
      "UnixTime": 1590520774
    },
    {
      "APIName": "restaurant_search",
      "Action": "query",
      "Agent": "Wizard",
      "Constraints": [
        {
          "Food": "\"Burgers\""
        }
      ],
      "PrimaryItem": {
        "APIName": "restaurant_search",
        "AverageRating": 2,
        "AverageWaitMinutes": 40,
        "CloseTimeHour": "9 pm",
        "Cost": "Expensive",
        "DoesDelivery": true,
        "Food": "Pizza",
        "Location": "Center",
        "MaxPartySize": 32,
        "Name": "The Porch",
        "OpenTimeHour": "10 am",
        "TakesReservations": true,
        "id": 757
      },
      "UnixTime": 1590520798
    },
    {
      "APIName": "restaurant_search",
      "Action": "return_item",
      "Agent": "KnowledgeBase",
      "Item": {
        "APIName": "restaurant_search",
        "AverageRating": 4,
        "AverageWaitMinutes": 7,
        "CloseTimeHour": "11 pm",
        "Cost": "Expensive",
        "DoesDelivery": true,
        "Food": "Burgers",
        "Location": "North",
        "MaxPartySize": 24,
        "Name": "Tamarind",
        "OpenTimeHour": "10 am",
        "TakesReservations": false,
        "id": 254
      },
      "TotalItems": 156
    },
    {
      "Action": "request_suggestions",
      "Agent": "Wizard",
      "PrimaryItem": {
        "APIName": "restaurant_search",
        "AverageRating": 4,
        "AverageWaitMinutes": 7,
        "CloseTimeHour": "11 pm",
        "Cost": "Expensive",
        "DoesDelivery": true,
        "Food": "Burgers",
        "Location": "North",
        "MaxPartySize": 24,
        "Name": "Tamarind",
        "OpenTimeHour": "10 am",
        "TakesReservations": false,
        "id": 254
      },
      "Text": "Tamarind is an expensive restaurant in the North of town that serves burgers",
      "UnixTime": 1590520809
    },
    {
      "Action": "utter",
      "Agent": "Wizard",
      "PrimaryItem": {
        "APIName": "restaurant_search",
        "AverageRating": 4,
        "AverageWaitMinutes": 7,
        "CloseTimeHour": "11 pm",
        "Cost": "Expensive",
        "DoesDelivery": true,
        "Food": "Burgers",
        "Location": "North",
        "MaxPartySize": 24,
        "Name": "Tamarind",
        "OpenTimeHour": "10 am",
        "TakesReservations": false,
        "id": 254
      },
      "Text": "Tamarind is a restaurant in Norht of town that serves burgers",
      "UnixTime": 1590520821
    },
    {
      "Action": "utter",
      "Agent": "User",
      "Text": "Wow that sounds fancy",
      "UnixTime": 1590520844
    },
    {
      "Action": "instruct",
      "Agent": "UserGuide",
      "Text": "Almost there. A few more turns. [instruction 7 of 8]",
      "UnixTime": 1590520844
    },
    {
      "Action": "request_suggestions",
      "Agent": "Wizard",
      "PrimaryItem": {
        "APIName": "restaurant_search",
        "AverageRating": 4,
        "AverageWaitMinutes": 7,
        "CloseTimeHour": "11 pm",
        "Cost": "Expensive",
        "DoesDelivery": true,
        "Food": "Burgers",
        "Location": "North",
        "MaxPartySize": 24,
        "Name": "Tamarind",
        "OpenTimeHour": "10 am",
        "TakesReservations": false,
        "id": 254
      },
      "Text": "Doyou need anything else?",
      "UnixTime": 1590520850
    },
    {
      "Action": "pick_suggestion",
      "ActionLabel": "anything_else",
      "ActionLabelOptions": [
        "anything_else",
        "restaurant_ask_continue_searching",
        "out_of_scope"
      ],
      "Agent": "Wizard",
      "PrimaryItem": {
        "APIName": "restaurant_search",
        "AverageRating": 4,
        "AverageWaitMinutes": 7,
        "CloseTimeHour": "11 pm",
        "Cost": "Expensive",
        "DoesDelivery": true,
        "Food": "Burgers",
        "Location": "North",
        "MaxPartySize": 24,
        "Name": "Tamarind",
        "OpenTimeHour": "10 am",
        "TakesReservations": false,
        "id": 254
      },
      "Text": "Is there anything else that I can do for you?",
      "UnixTime": 1590520852
    },
    {
      "Action": "utter",
      "Agent": "User",
      "Text": "Do you like your job?",
      "UnixTime": 1590520871
    },
    {
      "Action": "request_suggestions",
      "Agent": "Wizard",
      "PrimaryItem": {
        "APIName": "restaurant_search",
        "AverageRating": 4,
        "AverageWaitMinutes": 7,
        "CloseTimeHour": "11 pm",
        "Cost": "Expensive",
        "DoesDelivery": true,
        "Food": "Burgers",
        "Location": "North",
        "MaxPartySize": 24,
        "Name": "Tamarind",
        "OpenTimeHour": "10 am",
        "TakesReservations": false,
        "id": 254
      },
      "Text": "I'm sorry i dont know how to answee that",
      "UnixTime": 1590520887
    },
    {
      "Action": "pick_suggestion",
      "ActionLabel": "out_of_scope",
      "ActionLabelOptions": [
        "out_of_scope",
        "restaurant_inform_search_criteria",
        "restaurant_ask_restaurant"
      ],
      "Agent": "Wizard",
      "PrimaryItem": {
        "APIName": "restaurant_search",
        "AverageRating": 4,
        "AverageWaitMinutes": 7,
        "CloseTimeHour": "11 pm",
        "Cost": "Expensive",
        "DoesDelivery": true,
        "Food": "Burgers",
        "Location": "North",
        "MaxPartySize": 24,
        "Name": "Tamarind",
        "OpenTimeHour": "10 am",
        "TakesReservations": false,
        "id": 254
      },
      "Text": "I am sorry, I don't quite understand what you mean. I am only able to help you search for restaurants.",
      "UnixTime": 1590520889
    },
    {
      "Action": "utter",
      "Agent": "User",
      "Text": "I would like to be an AI",
      "UnixTime": 1590520924
    },
    {
      "Action": "request_suggestions",
      "Agent": "Wizard",
      "PrimaryItem": {
        "APIName": "restaurant_search",
        "AverageRating": 4,
        "AverageWaitMinutes": 7,
        "CloseTimeHour": "11 pm",
        "Cost": "Expensive",
        "DoesDelivery": true,
        "Food": "Burgers",
        "Location": "North",
        "MaxPartySize": 24,
        "Name": "Tamarind",
        "OpenTimeHour": "10 am",
        "TakesReservations": false,
        "id": 254
      },
      "Text": "I am sorry, I don't quite understand what you mean. I am only able to help you search for restaurants.",
      "UnixTime": 1590520958
    },
    {
      "Action": "pick_suggestion",
      "ActionLabel": "out_of_scope",
      "ActionLabelOptions": [
        "out_of_scope",
        "restaurant_inform_nothing_found",
        "restaurant_ask_food_type"
      ],
      "Agent": "Wizard",
      "PrimaryItem": {
        "APIName": "restaurant_search",
        "AverageRating": 4,
        "AverageWaitMinutes": 7,
        "CloseTimeHour": "11 pm",
        "Cost": "Expensive",
        "DoesDelivery": true,
        "Food": "Burgers",
        "Location": "North",
        "MaxPartySize": 24,
        "Name": "Tamarind",
        "OpenTimeHour": "10 am",
        "TakesReservations": false,
        "id": 254
      },
      "Text": "I am sorry, I don't quite understand what you mean. I am only able to help you search for restaurants.",
      "UnixTime": 1590520960
    },
    {
      "Action": "utter",
      "Agent": "User",
      "Text": "Oh well",
      "UnixTime": 1590521019
    },
    {
      "Action": "instruct",
      "Agent": "UserGuide",
      "Text": "Ok, once you've touched on all the topics ('Find restaurant', 'followup on doctor appointment' and 'changing a ride') and engaged in some smalltalk, you can bring the conversation to a natural close. [instruction 8 of 8]",
      "UnixTime": 1590521019
    },
    {
      "Action": "request_suggestions",
      "Agent": "Wizard",
      "PrimaryItem": {
        "APIName": "restaurant_search",
        "AverageRating": 4,
        "AverageWaitMinutes": 7,
        "CloseTimeHour": "11 pm",
        "Cost": "Expensive",
        "DoesDelivery": true,
        "Food": "Burgers",
        "Location": "North",
        "MaxPartySize": 24,
        "Name": "Tamarind",
        "OpenTimeHour": "10 am",
        "TakesReservations": false,
        "id": 254
      },
      "Text": "ok",
      "UnixTime": 1590521077
    },
    {
      "Action": "pick_suggestion",
      "ActionLabel": "out_of_scope",
      "ActionLabelOptions": [
        "restaurant_inform_search_criteria",
        "out_of_scope",
        "hello"
      ],
      "Agent": "Wizard",
      "PrimaryItem": {
        "APIName": "restaurant_search",
        "AverageRating": 4,
        "AverageWaitMinutes": 7,
        "CloseTimeHour": "11 pm",
        "Cost": "Expensive",
        "DoesDelivery": true,
        "Food": "Burgers",
        "Location": "North",
        "MaxPartySize": 24,
        "Name": "Tamarind",
        "OpenTimeHour": "10 am",
        "TakesReservations": false,
        "id": 254
      },
      "Text": "I am sorry, I don't quite understand what you mean. I am only able to help you search for restaurants.",
      "UnixTime": 1590521088
    },
    {
      "Action": "utter",
      "Agent": "User",
      "Text": "Okay thanks for everything",
      "UnixTime": 1590521114
    },
    {
      "Action": "request_suggestions",
      "Agent": "Wizard",
      "PrimaryItem": {
        "APIName": "restaurant_search",
        "AverageRating": 4,
        "AverageWaitMinutes": 7,
        "CloseTimeHour": "11 pm",
        "Cost": "Expensive",
        "DoesDelivery": true,
        "Food": "Burgers",
        "Location": "North",
        "MaxPartySize": 24,
        "Name": "Tamarind",
        "OpenTimeHour": "10 am",
        "TakesReservations": false,
        "id": 254
      },
      "Text": "have a good day",
      "UnixTime": 1590521173
    },
    {
      "Action": "utter",
      "Agent": "Wizard",
      "PrimaryItem": {
        "APIName": "restaurant_search",
        "AverageRating": 4,
        "AverageWaitMinutes": 7,
        "CloseTimeHour": "11 pm",
        "Cost": "Expensive",
        "DoesDelivery": true,
        "Food": "Burgers",
        "Location": "North",
        "MaxPartySize": 24,
        "Name": "Tamarind",
        "OpenTimeHour": "10 am",
        "TakesReservations": false,
        "id": 254
      },
      "Text": "have a good day",
      "UnixTime": 1590521181
    },
    {
      "Action": "complete",
      "Agent": "User",
      "UnixTime": 1590521209
    }
  ],
  "FORMAT-VERSION": 7,
  "IntroducesConflicts": false,
  "Scenario": {
    "Domains": [
      "doctor",
      "restaurant",
      "ride"
    ],
    "Happy": false,
    "MultiTask": true,
    "UserTask": "Come up with your own scenario!\n\nAbout you:\n- Your name: John\n- Today is Saturday\n\n The AI Assistant can handle:\n- Find a restaurant (e.g. in the Center or South of town)\n- Followup on doctor appointment (e.g. with Dr. Johnson or Dr. Alexis) \n- Changing details about a Taxi/Uber/Lyft ride (e.g. ride id 104) \n- Checking the status of a booked ride",
    "WizardCapabilities": [
      {
        "Domain": "restaurant",
        "SchemaImage": "restaurant_search.jpg",
        "Task": "restaurant_search"
      },
      {
        "Domain": "doctor",
        "SchemaImage": "doctor_followup.jpg",
        "Task": "doctor_followup"
      },
      {
        "Domain": "ride",
        "SchemaImage": "ride_change.jpg",
        "Task": "ride_change"
      },
      {
        "Domain": "ride",
        "SchemaImage": "ride_status.jpg",
        "Task": "ride_status"
      }
    ],
    "WizardTask": "Follow the flow charts and help the user. Assume:\n\n- Today is Saturday"
  },
  "UserQuestionnaire": [
    {
      "Answer": true,
      "Question": "Did the assistant stay calm and helpful throughout the dialogue?"
    }
  ],
  "WizardQuestionnaire": [
    {
      "Answer": true,
      "Question": "Did the user change his/her mind about what he/she wants at any time?"
    },
    {
      "Answer": false,
      "Question": "Did the user become aggressive or annoyed during the dialogue? (Note: some users may be instructed to be annoying.)"
    },
    {
      "Answer": false,
      "Question": "Where you unsure about what to do at any time? (Feel free to send us an email with details.)"
    }
  ]
}