{
  "AnonymizedUserWorkerID": "ee2276a1-53ce-a0ce-97a0-164c3f0f388c",
  "AnonymizedWizardWorkerID": "6f51e967-ce78-081f-da64-6595f6cdfeca",
  "BatchID": "woz_1590513462",
  "CompletionLevel": "Complete",
  "DialogueID": 6266,
  "Events": [
    {
      "Action": "instruct",
      "Agent": "UserGuide",
      "Text": "Use your imagination to generate a conversation about the topics 'making a doctor appointment', 'booking a flight', and 'reserving a table at a restaurant' (in any order), as shown on the left. You may also ask the assistant to request something from the room service.  [instruction 1 of 6]",
      "UnixTime": 1590534742
    },
    {
      "Action": "utter",
      "Agent": "User",
      "Text": "Hello.",
      "UnixTime": 1590534754
    },
    {
      "Action": "instruct",
      "Agent": "UserGuide",
      "Text": "If it makes sense, use some negations ('I don't want X', or 'anything but Y', etc.) [instruction 2 of 6]",
      "UnixTime": 1590534754
    },
    {
      "Action": "request_suggestions",
      "Agent": "Wizard",
      "Text": "hello",
      "UnixTime": 1590534769
    },
    {
      "Action": "pick_suggestion",
      "ActionLabel": "hello",
      "ActionLabelOptions": [
        "hello",
        "doctor_ask_symptoms",
        "ask_name"
      ],
      "Agent": "Wizard",
      "Text": "Hello, how can I help?",
      "UnixTime": 1590534771
    },
    {
      "Action": "utter",
      "Agent": "User",
      "Text": "Could you help me book a doctor appointment?",
      "UnixTime": 1590534790
    },
    {
      "Action": "request_suggestions",
      "Agent": "Wizard",
      "Text": "name",
      "UnixTime": 1590534806
    },
    {
      "Action": "pick_suggestion",
      "ActionLabel": "ask_name",
      "ActionLabelOptions": [
        "ask_name",
        "goodbye_1",
        "hello"
      ],
      "Agent": "Wizard",
      "Text": "Could I have your name, please?",
      "UnixTime": 1590534808
    },
    {
      "Action": "utter",
      "Agent": "User",
      "Text": "Angela",
      "UnixTime": 1590534816
    },
    {
      "Action": "request_suggestions",
      "Agent": "Wizard",
      "Text": "doctor",
      "UnixTime": 1590534862
    },
    {
      "Action": "pick_suggestion",
      "ActionLabel": "doctor_ask_doctor_name",
      "ActionLabelOptions": [
        "doctor_ask_doctor_name",
        "doctor_ask_end_time",
        "out_of_scope"
      ],
      "Agent": "Wizard",
      "Text": "What doctor would you like to see?",
      "UnixTime": 1590534865
    },
    {
      "Action": "utter",
      "Agent": "User",
      "Text": "Dr Alexis, she did a great job last time.",
      "UnixTime": 1590534878
    },
    {
      "Action": "instruct",
      "Agent": "UserGuide",
      "Text": "Please have some smalltalk with the AI Assistant at some point in this dialogue. [instruction 3 of 6]",
      "UnixTime": 1590534878
    },
    {
      "Action": "request_suggestions",
      "Agent": "Wizard",
      "Text": "day",
      "UnixTime": 1590534912
    },
    {
      "Action": "pick_suggestion",
      "ActionLabel": "doctor_ask_day",
      "ActionLabelOptions": [
        "doctor_ask_day",
        "hello",
        "doctor_ask_symptoms"
      ],
      "Agent": "Wizard",
      "Text": "What day of the week would you like to schedule the appointment for?",
      "UnixTime": 1590534914
    },
    {
      "Action": "utter",
      "Agent": "User",
      "Text": "Saturday, sometime in the morning if possible.",
      "UnixTime": 1590534931
    },
    {
      "Action": "instruct",
      "Agent": "UserGuide",
      "Text": "If you haven't yet, it's time to change topic. You can also go back and forth between topics. [instruction 4 of 6]",
      "UnixTime": 1590534931
    },
    {
      "Action": "request_suggestions",
      "Agent": "Wizard",
      "Text": "symptoms",
      "UnixTime": 1590534946
    },
    {
      "Action": "pick_suggestion",
      "ActionLabel": "doctor_ask_symptoms",
      "ActionLabelOptions": [
        "doctor_ask_symptoms",
        "doctor_ask_doctor_name",
        "doctor_inform_nothing_found"
      ],
      "Agent": "Wizard",
      "Text": "Could you describe your symptoms, please?",
      "UnixTime": 1590534948
    },
    {
      "Action": "utter",
      "Agent": "User",
      "Text": "I've just had a soar throat and a bit of a cough these past few days.",
      "UnixTime": 1590534966
    },
    {
      "APIName": "doctor_schedule",
      "Action": "query",
      "Agent": "Wizard",
      "Constraints": [
        {
          "Name": "api.is_equal_to(\"Dr. Johnson\")"
        },
        {
          "PatientName": "\"Angela\""
        },
        {
          "Day": "\"Saturday\""
        },
        {
          "StartTimeHour": "\"8 am\""
        },
        {
          "Symptoms": "\" soar throat and a bit of a cough these past few days\""
        },
        {
          "RequestType": "\"Check\""
        }
      ],
      "UnixTime": 1590535012
    },
    {
      "APIName": "doctor_schedule",
      "Action": "return_item",
      "Agent": "KnowledgeBase",
      "Item": {
        "APIName": "doctor_schedule",
        "DoctorName": "Dr. Johnson",
        "Message": "The time slot is available.",
        "Time": "8 am"
      },
      "TotalItems": -1
    },
    {
      "Action": "request_suggestions",
      "Agent": "Wizard",
      "PrimaryItem": {
        "APIName": "doctor_schedule",
        "DoctorName": "Dr. Johnson",
        "Message": "The time slot is available.",
        "Time": "8 am"
      },
      "Text": "The time slot is available.",
      "UnixTime": 1590535017
    },
    {
      "Action": "pick_suggestion",
      "ActionLabel": "doctor_inform_booking_available",
      "ActionLabelOptions": [
        "doctor_inform_booking_available",
        "doctor_inform_booking_unavailable",
        "doctor_ask_end_time"
      ],
      "Agent": "Wizard",
      "PrimaryItem": {
        "APIName": "doctor_schedule",
        "DoctorName": "Dr. Johnson",
        "Message": "The time slot is available.",
        "Time": "8 am"
      },
      "Text": "Alright, Dr. Johnson is available at 8 am. Can I book the appointment for you?",
      "UnixTime": 1590535018
    },
    {
      "Action": "utter",
      "Agent": "User",
      "Text": "Shoot, I forgot I haven't ate dinner yet. Can you help me reserve a table at a restaurant?",
      "UnixTime": 1590535043
    },
    {
      "Action": "instruct",
      "Agent": "UserGuide",
      "Text": "Keep going until you've covered all the topics ('making a doctor appointment', 'booking a flight', and 'reserving a table at a restaurant'). The conversation should continue at least until the last instruction is given. [instruction 5 of 6]",
      "UnixTime": 1590535043
    },
    {
      "Action": "select_task",
      "Agent": "Wizard",
      "PrimaryItem": {
        "APIName": "doctor_schedule",
        "DoctorName": "Dr. Johnson",
        "Message": "The time slot is available.",
        "Time": "8 am"
      },
      "Task": "restaurant_book",
      "UnixTime": 1590535055
    },
    {
      "Action": "request_suggestions",
      "Agent": "Wizard",
      "PrimaryItem": {
        "APIName": "doctor_schedule",
        "DoctorName": "Dr. Johnson",
        "Message": "The time slot is available.",
        "Time": "8 am"
      },
      "Text": "restaurant",
      "UnixTime": 1590535062
    },
    {
      "Action": "pick_suggestion",
      "ActionLabel": "restaurant_ask_restaurant",
      "ActionLabelOptions": [
        "restaurant_ask_restaurant",
        "doctor_inform_booking_available",
        "out_of_scope",
        "restaurant_ask_time",
        "doctor_inform_booking_successful",
        "anything_else"
      ],
      "Agent": "Wizard",
      "PrimaryItem": {
        "APIName": "doctor_schedule",
        "DoctorName": "Dr. Johnson",
        "Message": "The time slot is available.",
        "Time": "8 am"
      },
      "Text": "What restaurant would you like to go to?",
      "UnixTime": 1590535063
    },
    {
      "Action": "utter",
      "Agent": "User",
      "Text": "Doesn't really matter, I just need to get a table between 8PM and 10PM.",
      "UnixTime": 1590535079
    },
    {
      "Action": "request_suggestions",
      "Agent": "Wizard",
      "PrimaryItem": {
        "APIName": "doctor_schedule",
        "DoctorName": "Dr. Johnson",
        "Message": "The time slot is available.",
        "Time": "8 am"
      },
      "Text": "PARTY SIZE",
      "UnixTime": 1590535108
    },
    {
      "Action": "pick_suggestion",
      "ActionLabel": "restaurant_ask_size",
      "ActionLabelOptions": [
        "restaurant_ask_size",
        "doctor_inform_booking_unavailable",
        "restaurant_inform_unavailable",
        "doctor_inform_booking_available",
        "doctor_ask_doctor_name",
        "hello"
      ],
      "Agent": "Wizard",
      "PrimaryItem": {
        "APIName": "doctor_schedule",
        "DoctorName": "Dr. Johnson",
        "Message": "The time slot is available.",
        "Time": "8 am"
      },
      "Text": "For how many people should the reservation be made?",
      "UnixTime": 1590535109
    },
    {
      "Action": "utter",
      "Agent": "User",
      "Text": "2.",
      "UnixTime": 1590535122
    },
    {
      "Action": "instruct",
      "Agent": "UserGuide",
      "Text": "Ok, once you've touched on all the topics ('making a doctor appointment', 'booking a flight', and 'reserving a table at a restaurant') and engaged in some smalltalk, you can bring the conversation to a natural close. [instruction 6 of 6]",
      "UnixTime": 1590535122
    },
    {
      "APIName": "restaurant_book",
      "Action": "query",
      "Agent": "Wizard",
      "Constraints": [
        {
          "Name": "api.is_equal_to(\"Cactus Club\")"
        },
        {
          "Time": "\"8 pm\""
        },
        {
          "PartySize": "2"
        },
        {
          "CustomerName": "\"Angela\""
        },
        {
          "RequestType": "\"Check\""
        }
      ],
      "PrimaryItem": {
        "APIName": "doctor_schedule",
        "DoctorName": "Dr. Johnson",
        "Message": "The time slot is available.",
        "Time": "8 am"
      },
      "UnixTime": 1590535163
    },
    {
      "APIName": "restaurant_book",
      "Action": "return_item",
      "Agent": "KnowledgeBase",
      "Item": {
        "APIName": "restaurant_book",
        "Message": "Available",
        "RestaurantName": "Cactus Club"
      },
      "TotalItems": -1
    },
    {
      "Action": "request_suggestions",
      "Agent": "Wizard",
      "PrimaryItem": {
        "APIName": "restaurant_book",
        "Message": "Available",
        "RestaurantName": "Cactus Club"
      },
      "Text": "Available",
      "UnixTime": 1590535166
    },
    {
      "Action": "pick_suggestion",
      "ActionLabel": "restaurant_ask_confirm_booking",
      "ActionLabelOptions": [
        "restaurant_inform_booking_successful",
        "restaurant_ask_confirm_booking",
        "hello"
      ],
      "Agent": "Wizard",
      "PrimaryItem": {
        "APIName": "restaurant_book",
        "Message": "Available",
        "RestaurantName": "Cactus Club"
      },
      "Text": "Great, the Cactus Club is happy to accommodate you.\nCan I confirm your reservation with them?",
      "UnixTime": 1590535168
    },
    {
      "Action": "utter",
      "Agent": "User",
      "Text": "Yes please.",
      "UnixTime": 1590535172
    },
    {
      "APIName": "restaurant_book",
      "Action": "query",
      "Agent": "Wizard",
      "Constraints": [
        {
          "Name": "api.is_equal_to(\"Cactus Club\")"
        },
        {
          "Time": "\"8 pm\""
        },
        {
          "PartySize": "2"
        },
        {
          "CustomerName": "\"Angela\""
        },
        {
          "RequestType": "\"Book\""
        }
      ],
      "PrimaryItem": {
        "APIName": "restaurant_book",
        "Message": "Available",
        "RestaurantName": "Cactus Club"
      },
      "UnixTime": 1590535206
    },
    {
      "APIName": "restaurant_book",
      "Action": "return_item",
      "Agent": "KnowledgeBase",
      "Item": {
        "APIName": "restaurant_book",
        "ReservationStatus": "Reservation Failed",
        "RestaurantName": "Cactus Club"
      },
      "TotalItems": -1
    },
    {
      "APIName": "restaurant_book",
      "Action": "query",
      "Agent": "Wizard",
      "Constraints": [
        {
          "Name": "api.is_equal_to(\"Cactus Club\")"
        },
        {
          "Time": "\"8 pm\""
        },
        {
          "PartySize": "2"
        },
        {
          "CustomerName": "\"Angela\""
        },
        {
          "RequestType": "\"Book\""
        }
      ],
      "PrimaryItem": {
        "APIName": "restaurant_book",
        "ReservationStatus": "Reservation Failed",
        "RestaurantName": "Cactus Club"
      },
      "UnixTime": 1590535207
    },
    {
      "APIName": "restaurant_book",
      "Action": "return_item",
      "Agent": "KnowledgeBase",
      "Item": {
        "APIName": "restaurant_book",
        "ReservationStatus": "Reservation Confirmed",
        "RestaurantName": "Cactus Club"
      },
      "TotalItems": -1
    },
    {
      "Action": "request_suggestions",
      "Agent": "Wizard",
      "PrimaryItem": {
        "APIName": "restaurant_book",
        "ReservationStatus": "Reservation Confirmed",
        "RestaurantName": "Cactus Club"
      },
      "Text": "Reservation Confirmed",
      "UnixTime": 1590535212
    },
    {
      "Action": "pick_suggestion",
      "ActionLabel": "restaurant_inform_booking_failed",
      "ActionLabelOptions": [
        "restaurant_inform_booking_failed",
        "restaurant_inform_booking_successful",
        "restaurant_ask_confirm_booking"
      ],
      "Agent": "Wizard",
      "PrimaryItem": {
        "APIName": "restaurant_book",
        "ReservationStatus": "Reservation Confirmed",
        "RestaurantName": "Cactus Club"
      },
      "Text": "I am sorry, but the reservation request was not successful.",
      "UnixTime": 1590535213
    },
    {
      "Action": "utter",
      "Agent": "User",
      "Text": "Darn! I'll just figure something else out I guess. Almost forgot I need to book a flight as well.",
      "UnixTime": 1590535234
    },
    {
      "Action": "select_task",
      "Agent": "Wizard",
      "PrimaryItem": {
        "APIName": "restaurant_book",
        "ReservationStatus": "Reservation Confirmed",
        "RestaurantName": "Cactus Club"
      },
      "Task": "plane_book",
      "UnixTime": 1590535258
    },
    {
      "Action": "request_suggestions",
      "Agent": "Wizard",
      "PrimaryItem": {
        "APIName": "restaurant_book",
        "ReservationStatus": "Reservation Confirmed",
        "RestaurantName": "Cactus Club"
      },
      "Text": "ID",
      "UnixTime": 1590535264
    },
    {
      "Action": "request_suggestions",
      "Agent": "Wizard",
      "PrimaryItem": {
        "APIName": "restaurant_book",
        "ReservationStatus": "Reservation Confirmed",
        "RestaurantName": "Cactus Club"
      },
      "Text": "May I have your Flight ID please?",
      "UnixTime": 1590535278
    },
    {
      "Action": "pick_suggestion",
      "ActionLabel": "plane_ask_flight_id",
      "ActionLabelOptions": [
        "plane_ask_flight_id",
        "ask_name",
        "restaurant_ask_restaurant",
        "restaurant_ask_confirm_booking",
        "ask_name",
        "plane_reservation_succeeded"
      ],
      "Agent": "Wizard",
      "PrimaryItem": {
        "APIName": "restaurant_book",
        "ReservationStatus": "Reservation Confirmed",
        "RestaurantName": "Cactus Club"
      },
      "Text": "Can I have your flight ID, please?",
      "UnixTime": 1590535279
    },
    {
      "Action": "utter",
      "Agent": "User",
      "Text": "698.",
      "UnixTime": 1590535289
    },
    {
      "APIName": "plane_book",
      "Action": "query",
      "Agent": "Wizard",
      "Constraints": [
        {
          "id": "698"
        },
        {
          "CustomerName": "\"Angela\""
        },
        {
          "RequestType": "\"Check\""
        }
      ],
      "PrimaryItem": {
        "APIName": "restaurant_book",
        "ReservationStatus": "Reservation Confirmed",
        "RestaurantName": "Cactus Club"
      },
      "UnixTime": 1590535320
    },
    {
      "APIName": "plane_book",
      "Action": "return_item",
      "Agent": "KnowledgeBase",
      "Item": {
        "APIName": "plane_book",
        "Message": "Unavailable",
        "id": 698
      },
      "TotalItems": -1
    },
    {
      "Action": "request_suggestions",
      "Agent": "Wizard",
      "PrimaryItem": {
        "APIName": "plane_book",
        "Message": "Unavailable",
        "id": 698
      },
      "Text": "\tUnavailable",
      "UnixTime": 1590535324
    },
    {
      "Action": "request_suggestions",
      "Agent": "Wizard",
      "PrimaryItem": {
        "APIName": "plane_book",
        "Message": "Unavailable",
        "id": 698
      },
      "Text": "Unavailable",
      "UnixTime": 1590535327
    },
    {
      "Action": "pick_suggestion",
      "ActionLabel": "plane_flight_unavailable",
      "ActionLabelOptions": [
        "plane_flight_unavailable",
        "plane_reservation_failed",
        "plane_ask_flight_id"
      ],
      "Agent": "Wizard",
      "PrimaryItem": {
        "APIName": "plane_book",
        "Message": "Unavailable",
        "id": 698
      },
      "Text": "Sorry, but the flight with id '698' is not available any more.",
      "UnixTime": 1590535329
    },
    {
      "Action": "utter",
      "Agent": "User",
      "Text": "Jeez, don't worry about it I guess... oh I almost forgot we need to finish up that doctor's appointment.",
      "UnixTime": 1590535350
    },
    {
      "Action": "select_task",
      "Agent": "Wizard",
      "PrimaryItem": {
        "APIName": "plane_book",
        "Message": "Unavailable",
        "id": 698
      },
      "Task": "doctor_schedule",
      "UnixTime": 1590535397
    },
    {
      "Action": "request_suggestions",
      "Agent": "Wizard",
      "PrimaryItem": {
        "APIName": "plane_book",
        "Message": "Unavailable",
        "id": 698
      },
      "Text": "doctor",
      "UnixTime": 1590535401
    },
    {
      "Action": "request_suggestions",
      "Agent": "Wizard",
      "PrimaryItem": {
        "APIName": "plane_book",
        "Message": "Unavailable",
        "id": 698
      },
      "Text": "Alright, Dr. Johnson is available at 8 am. Can I book the appointment for you?",
      "UnixTime": 1590535410
    },
    {
      "Action": "utter",
      "Agent": "Wizard",
      "PrimaryItem": {
        "APIName": "plane_book",
        "Message": "Unavailable",
        "id": 698
      },
      "Text": "Alright, Dr. Johnson is available at 8 am. Can I book the appointment for you?",
      "UnixTime": 1590535413
    },
    {
      "Action": "utter",
      "Agent": "User",
      "Text": "Yes please.",
      "UnixTime": 1590535418
    },
    {
      "APIName": "doctor_schedule",
      "Action": "query",
      "Agent": "Wizard",
      "Constraints": [
        {
          "Name": "api.is_equal_to(\"Dr. Johnson\")"
        },
        {
          "PatientName": "\"Angela\""
        },
        {
          "Day": "\"Saturday\""
        },
        {
          "StartTimeHour": "\"8 am\""
        },
        {
          "Symptoms": "\" soar throat and a bit of a cough these past few days\""
        },
        {
          "RequestType": "\"Book\""
        }
      ],
      "PrimaryItem": {
        "APIName": "plane_book",
        "Message": "Unavailable",
        "id": 698
      },
      "UnixTime": 1590535455
    },
    {
      "APIName": "doctor_schedule",
      "Action": "return_item",
      "Agent": "KnowledgeBase",
      "Item": {
        "APIName": "doctor_schedule",
        "DoctorName": "Dr. Johnson",
        "Message": "Your appointment has been successfuly scheduled.",
        "Time": "8 am"
      },
      "TotalItems": -1
    },
    {
      "Action": "request_suggestions",
      "Agent": "Wizard",
      "PrimaryItem": {
        "APIName": "doctor_schedule",
        "DoctorName": "Dr. Johnson",
        "Message": "Your appointment has been successfuly scheduled.",
        "Time": "8 am"
      },
      "Text": "Your appointment has been successfuly scheduled.",
      "UnixTime": 1590535460
    },
    {
      "Action": "pick_suggestion",
      "ActionLabel": "doctor_inform_booking_successful",
      "ActionLabelOptions": [
        "doctor_inform_booking_successful",
        "doctor_ask_doctor_name",
        "out_of_scope"
      ],
      "Agent": "Wizard",
      "PrimaryItem": {
        "APIName": "doctor_schedule",
        "DoctorName": "Dr. Johnson",
        "Message": "Your appointment has been successfuly scheduled.",
        "Time": "8 am"
      },
      "Text": "Great, your appointment with Dr. Johnson is booked for you!",
      "UnixTime": 1590535462
    },
    {
      "Action": "utter",
      "Agent": "User",
      "Text": "Fantastic, at least we got that done! Thanks for all the help.",
      "UnixTime": 1590535474
    },
    {
      "Action": "request_suggestions",
      "Agent": "Wizard",
      "PrimaryItem": {
        "APIName": "doctor_schedule",
        "DoctorName": "Dr. Johnson",
        "Message": "Your appointment has been successfuly scheduled.",
        "Time": "8 am"
      },
      "Text": "anything else",
      "UnixTime": 1590535540
    },
    {
      "Action": "pick_suggestion",
      "ActionLabel": "anything_else",
      "ActionLabelOptions": [
        "anything_else",
        "doctor_ask_day",
        "doctor_inform_booking_unavailable"
      ],
      "Agent": "Wizard",
      "PrimaryItem": {
        "APIName": "doctor_schedule",
        "DoctorName": "Dr. Johnson",
        "Message": "Your appointment has been successfuly scheduled.",
        "Time": "8 am"
      },
      "Text": "Is there anything else that I can do for you?",
      "UnixTime": 1590535542
    },
    {
      "Action": "utter",
      "Agent": "User",
      "Text": "That's all for now, thanks.",
      "UnixTime": 1590535547
    },
    {
      "Action": "request_suggestions",
      "Agent": "Wizard",
      "PrimaryItem": {
        "APIName": "doctor_schedule",
        "DoctorName": "Dr. Johnson",
        "Message": "Your appointment has been successfuly scheduled.",
        "Time": "8 am"
      },
      "Text": "Bye",
      "UnixTime": 1590535553
    },
    {
      "Action": "pick_suggestion",
      "ActionLabel": "goodbye_1",
      "ActionLabelOptions": [
        "goodbye_1",
        "doctor_ask_end_time",
        "out_of_scope"
      ],
      "Agent": "Wizard",
      "PrimaryItem": {
        "APIName": "doctor_schedule",
        "DoctorName": "Dr. Johnson",
        "Message": "Your appointment has been successfuly scheduled.",
        "Time": "8 am"
      },
      "Text": "Thank you and goodbye.",
      "UnixTime": 1590535555
    },
    {
      "Action": "complete",
      "Agent": "User",
      "UnixTime": 1590535565
    }
  ],
  "FORMAT-VERSION": 7,
  "IntroducesConflicts": false,
  "Scenario": {
    "Domains": [
      "doctor",
      "hotel",
      "plane",
      "restaurant"
    ],
    "Happy": false,
    "MultiTask": true,
    "UserTask": "Come up with your own scenario!\n\nAbout you:\n- Your name: Angela\n- Your current location: Hilton Hotel\n- Today is Friday the 11th, 7 pm\n\n The AI Assistant can handle:\n- Make an appointment with a doctor (e.g. Dr. Johnson or Dr. Alexis)\n- Book a flight (e.g. flight ID 698)\n- Reserving a table at a restaurant (e.g. The Porch or Lucca) for today\n- Request room service",
    "WizardCapabilities": [
      {
        "Domain": "doctor",
        "SchemaImage": "doctor_schedule.jpg",
        "Task": "doctor_schedule"
      },
      {
        "Domain": "plane",
        "SchemaImage": "plane_book.jpg",
        "Task": "plane_book"
      },
      {
        "Domain": "restaurant",
        "SchemaImage": "restaurant_book.jpg",
        "Task": "restaurant_book"
      },
      {
        "Domain": "hotel",
        "SchemaImage": "hotel_service_request.jpg",
        "Task": "hotel_service_request"
      }
    ],
    "WizardTask": "Follow the flow charts and help the user. Assume:\n\n- Today is Friday the 11th, 7 pm"
  },
  "UserQuestionnaire": [
    {
      "Answer": true,
      "Question": "Did the assistant stay calm and helpful throughout the dialogue?"
    }
  ],
  "WizardQuestionnaire": [
    {
      "Answer": false,
      "Question": "Did the user change his/her mind about what he/she wants at any time?"
    },
    {
      "Answer": false,
      "Question": "Did the user become aggressive or annoyed during the dialogue? (Note: some users may be instructed to be annoying.)"
    },
    {
      "Answer": false,
      "Question": "Where you unsure about what to do at any time? (Feel free to send us an email with details.)"
    }
  ]
}