{
  "AnonymizedUserWorkerID": "c06538fc-4352-5d92-9ced-53d9fa54e376",
  "AnonymizedWizardWorkerID": "e9fa7e8e-d139-9e5e-e5c1-e91880f700fb",
  "BatchID": "woz_1590513462",
  "CompletionLevel": "Complete",
  "DialogueID": 6347,
  "Events": [
    {
      "Action": "instruct",
      "Agent": "UserGuide",
      "Text": "Use your imagination to generate a conversation about the topics 'Find apartment', 'Schedule apartment viewing' and 'Calling a ride' (in any order), as shown on the left. You may also ask the assistant to check the weather.  [instruction 1 of 8]",
      "UnixTime": 1590520319
    },
    {
      "Action": "utter",
      "Agent": "User",
      "Text": "Hello",
      "UnixTime": 1590520437
    },
    {
      "Action": "request_suggestions",
      "Agent": "Wizard",
      "Text": "hello how can I help?",
      "UnixTime": 1590520451
    },
    {
      "Action": "pick_suggestion",
      "ActionLabel": "hello",
      "ActionLabelOptions": [
        "hello",
        "apartment_ask_nearby_pois",
        "out_of_scope"
      ],
      "Agent": "Wizard",
      "Text": "Hello, how can I help?",
      "UnixTime": 1590520452
    },
    {
      "Action": "utter",
      "Agent": "User",
      "Text": "I want to check the weather",
      "UnixTime": 1590520476
    },
    {
      "Action": "instruct",
      "Agent": "UserGuide",
      "Text": "You may attempt to do some smalltalk with the AI Assistant at any time. [instruction 2 of 8]",
      "UnixTime": 1590520476
    },
    {
      "Action": "select_task",
      "Agent": "Wizard",
      "Task": "weather",
      "UnixTime": 1590520484
    },
    {
      "APIName": "weather",
      "Action": "query",
      "Agent": "Wizard",
      "Constraints": [
        {
          "Day": "\"Friday\""
        }
      ],
      "UnixTime": 1590520490
    },
    {
      "APIName": "weather",
      "Action": "return_item",
      "Agent": "KnowledgeBase",
      "Item": {
        "APIName": "weather",
        "City": "Pittsburgh",
        "Day": "Friday",
        "TemperatureCelsius": 26,
        "Weather": "Cloudy",
        "id": 906
      },
      "TotalItems": -1
    },
    {
      "Action": "request_suggestions",
      "Agent": "Wizard",
      "PrimaryItem": {
        "APIName": "weather",
        "City": "Pittsburgh",
        "Day": "Friday",
        "TemperatureCelsius": 26,
        "Weather": "Cloudy",
        "id": 906
      },
      "Text": "it is 26 and cloudy",
      "UnixTime": 1590520494
    },
    {
      "Action": "pick_suggestion",
      "ActionLabel": "weather_inform_forecast",
      "ActionLabelOptions": [
        "weather_inform_forecast",
        "hello",
        "goodbye_1"
      ],
      "Agent": "Wizard",
      "PrimaryItem": {
        "APIName": "weather",
        "City": "Pittsburgh",
        "Day": "Friday",
        "TemperatureCelsius": 26,
        "Weather": "Cloudy",
        "id": 906
      },
      "Text": "It will be Cloudy all day on Friday in Pittsburgh, with temperatures of around 26 degrees celsius.",
      "UnixTime": 1590520495
    },
    {
      "Action": "utter",
      "Agent": "User",
      "Text": "Saturday",
      "UnixTime": 1590520511
    },
    {
      "APIName": "weather",
      "Action": "query",
      "Agent": "Wizard",
      "Constraints": [
        {
          "Day": "\"Saturday\""
        }
      ],
      "PrimaryItem": {
        "APIName": "weather",
        "City": "Pittsburgh",
        "Day": "Friday",
        "TemperatureCelsius": 26,
        "Weather": "Cloudy",
        "id": 906
      },
      "UnixTime": 1590520516
    },
    {
      "APIName": "weather",
      "Action": "return_item",
      "Agent": "KnowledgeBase",
      "Item": {
        "APIName": "weather",
        "City": "Chicago",
        "Day": "Saturday",
        "TemperatureCelsius": 28,
        "Weather": "Cloudy",
        "id": 449
      },
      "TotalItems": -1
    },
    {
      "Action": "request_suggestions",
      "Agent": "Wizard",
      "PrimaryItem": {
        "APIName": "weather",
        "City": "Chicago",
        "Day": "Saturday",
        "TemperatureCelsius": 28,
        "Weather": "Cloudy",
        "id": 449
      },
      "Text": "saturday will be 28 and cloudy",
      "UnixTime": 1590520522
    },
    {
      "Action": "pick_suggestion",
      "ActionLabel": "weather_inform_forecast",
      "ActionLabelOptions": [
        "weather_inform_forecast",
        "weather_ask_day",
        "goodbye_1"
      ],
      "Agent": "Wizard",
      "PrimaryItem": {
        "APIName": "weather",
        "City": "Chicago",
        "Day": "Saturday",
        "TemperatureCelsius": 28,
        "Weather": "Cloudy",
        "id": 449
      },
      "Text": "It will be Cloudy all day on Saturday in Chicago, with temperatures of around 28 degrees celsius.",
      "UnixTime": 1590520524
    },
    {
      "Action": "utter",
      "Agent": "User",
      "Text": "Sunday",
      "UnixTime": 1590520542
    },
    {
      "APIName": "weather",
      "Action": "query",
      "Agent": "Wizard",
      "Constraints": [
        {
          "Day": "\"Sunday\""
        }
      ],
      "PrimaryItem": {
        "APIName": "weather",
        "City": "Chicago",
        "Day": "Saturday",
        "TemperatureCelsius": 28,
        "Weather": "Cloudy",
        "id": 449
      },
      "UnixTime": 1590520546
    },
    {
      "APIName": "weather",
      "Action": "return_item",
      "Agent": "KnowledgeBase",
      "Item": {
        "APIName": "weather",
        "City": "Chicago",
        "Day": "Sunday",
        "TemperatureCelsius": 20,
        "Weather": "Sunny",
        "id": 762
      },
      "TotalItems": -1
    },
    {
      "Action": "request_suggestions",
      "Agent": "Wizard",
      "PrimaryItem": {
        "APIName": "weather",
        "City": "Chicago",
        "Day": "Sunday",
        "TemperatureCelsius": 20,
        "Weather": "Sunny",
        "id": 762
      },
      "Text": "it will be 20 and sunny",
      "UnixTime": 1590520549
    },
    {
      "Action": "pick_suggestion",
      "ActionLabel": "weather_inform_forecast",
      "ActionLabelOptions": [
        "weather_inform_forecast",
        "goodbye_1",
        "hello"
      ],
      "Agent": "Wizard",
      "PrimaryItem": {
        "APIName": "weather",
        "City": "Chicago",
        "Day": "Sunday",
        "TemperatureCelsius": 20,
        "Weather": "Sunny",
        "id": 762
      },
      "Text": "It will be Sunny all day on Sunday in Chicago, with temperatures of around 20 degrees celsius.",
      "UnixTime": 1590520551
    },
    {
      "Action": "utter",
      "Agent": "User",
      "Text": "Lets try Detroit",
      "UnixTime": 1590520557
    },
    {
      "Action": "instruct",
      "Agent": "UserGuide",
      "Text": "If you haven't yet, it's time to change topic. You can also go back and forth between topics. [instruction 3 of 8]",
      "UnixTime": 1590520557
    },
    {
      "APIName": "weather",
      "Action": "query",
      "Agent": "Wizard",
      "Constraints": [
        {
          "Day": "\"Sunday\""
        },
        {
          "City": "\"Detroit\""
        }
      ],
      "PrimaryItem": {
        "APIName": "weather",
        "City": "Chicago",
        "Day": "Sunday",
        "TemperatureCelsius": 20,
        "Weather": "Sunny",
        "id": 762
      },
      "UnixTime": 1590520569
    },
    {
      "APIName": "weather",
      "Action": "return_item",
      "Agent": "KnowledgeBase",
      "Item": {
        "APIName": "weather",
        "City": "Detroit",
        "Day": "Sunday",
        "TemperatureCelsius": 7,
        "Weather": "Partly Cloudy",
        "id": 987
      },
      "TotalItems": -1
    },
    {
      "Action": "request_suggestions",
      "Agent": "Wizard",
      "PrimaryItem": {
        "APIName": "weather",
        "City": "Detroit",
        "Day": "Sunday",
        "TemperatureCelsius": 7,
        "Weather": "Partly Cloudy",
        "id": 987
      },
      "Text": "7 and suny in",
      "UnixTime": 1590520572
    },
    {
      "Action": "pick_suggestion",
      "ActionLabel": "weather_inform_forecast",
      "ActionLabelOptions": [
        "weather_inform_forecast",
        "hello",
        "out_of_scope"
      ],
      "Agent": "Wizard",
      "PrimaryItem": {
        "APIName": "weather",
        "City": "Detroit",
        "Day": "Sunday",
        "TemperatureCelsius": 7,
        "Weather": "Partly Cloudy",
        "id": 987
      },
      "Text": "It will be Partly Cloudy all day on Sunday in Detroit, with temperatures of around 7 degrees celsius.",
      "UnixTime": 1590520573
    },
    {
      "Action": "utter",
      "Agent": "User",
      "Text": "Monday in detroit",
      "UnixTime": 1590520592
    },
    {
      "APIName": "weather",
      "Action": "query",
      "Agent": "Wizard",
      "Constraints": [
        {
          "Day": "\"Monday\""
        },
        {
          "City": "\"Detroit\""
        }
      ],
      "PrimaryItem": {
        "APIName": "weather",
        "City": "Detroit",
        "Day": "Sunday",
        "TemperatureCelsius": 7,
        "Weather": "Partly Cloudy",
        "id": 987
      },
      "UnixTime": 1590520602
    },
    {
      "APIName": "weather",
      "Action": "return_item",
      "Agent": "KnowledgeBase",
      "Item": {
        "APIName": "weather",
        "City": "Detroit",
        "Day": "Monday",
        "TemperatureCelsius": -4,
        "Weather": "Raining",
        "id": 849
      },
      "TotalItems": -1
    },
    {
      "Action": "request_suggestions",
      "Agent": "Wizard",
      "PrimaryItem": {
        "APIName": "weather",
        "City": "Detroit",
        "Day": "Monday",
        "TemperatureCelsius": -4,
        "Weather": "Raining",
        "id": 849
      },
      "Text": "raining and -4",
      "UnixTime": 1590520606
    },
    {
      "Action": "pick_suggestion",
      "ActionLabel": "weather_inform_forecast",
      "ActionLabelOptions": [
        "weather_inform_forecast",
        "goodbye_1",
        "weather_ask_location"
      ],
      "Agent": "Wizard",
      "PrimaryItem": {
        "APIName": "weather",
        "City": "Detroit",
        "Day": "Monday",
        "TemperatureCelsius": -4,
        "Weather": "Raining",
        "id": 849
      },
      "Text": "It will be Raining all day on Monday in Detroit, with temperatures of around -4 degrees celsius.",
      "UnixTime": 1590520608
    },
    {
      "Action": "utter",
      "Agent": "User",
      "Text": "Great, howabout NYC",
      "UnixTime": 1590520636
    },
    {
      "APIName": "weather",
      "Action": "query",
      "Agent": "Wizard",
      "Constraints": [
        {
          "Day": "\"Monday\""
        },
        {
          "City": "\"New York City\""
        }
      ],
      "PrimaryItem": {
        "APIName": "weather",
        "City": "Detroit",
        "Day": "Monday",
        "TemperatureCelsius": -4,
        "Weather": "Raining",
        "id": 849
      },
      "UnixTime": 1590520674
    },
    {
      "APIName": "weather",
      "Action": "return_item",
      "Agent": "KnowledgeBase",
      "Item": {
        "APIName": "weather",
        "City": "New York City",
        "Day": "Monday",
        "TemperatureCelsius": 0,
        "Weather": "Partly Cloudy",
        "id": 291
      },
      "TotalItems": -1
    },
    {
      "Action": "request_suggestions",
      "Agent": "Wizard",
      "PrimaryItem": {
        "APIName": "weather",
        "City": "New York City",
        "Day": "Monday",
        "TemperatureCelsius": 0,
        "Weather": "Partly Cloudy",
        "id": 291
      },
      "Text": "0 and partly cloudy",
      "UnixTime": 1590520678
    },
    {
      "Action": "pick_suggestion",
      "ActionLabel": "weather_inform_forecast",
      "ActionLabelOptions": [
        "weather_inform_forecast",
        "goodbye_1",
        "weather_inform_nothing_found"
      ],
      "Agent": "Wizard",
      "PrimaryItem": {
        "APIName": "weather",
        "City": "New York City",
        "Day": "Monday",
        "TemperatureCelsius": 0,
        "Weather": "Partly Cloudy",
        "id": 291
      },
      "Text": "It will be Partly Cloudy all day on Monday in New York City, with temperatures of around 0 degrees celsius.",
      "UnixTime": 1590520679
    },
    {
      "Action": "utter",
      "Agent": "User",
      "Text": "Not again!",
      "UnixTime": 1590520725
    },
    {
      "Action": "request_suggestions",
      "Agent": "Wizard",
      "PrimaryItem": {
        "APIName": "weather",
        "City": "New York City",
        "Day": "Monday",
        "TemperatureCelsius": 0,
        "Weather": "Partly Cloudy",
        "id": 291
      },
      "Text": "is there anything else i can do for you/",
      "UnixTime": 1590520734
    },
    {
      "Action": "pick_suggestion",
      "ActionLabel": "anything_else",
      "ActionLabelOptions": [
        "anything_else",
        "weather_inform_forecast",
        "hello"
      ],
      "Agent": "Wizard",
      "PrimaryItem": {
        "APIName": "weather",
        "City": "New York City",
        "Day": "Monday",
        "TemperatureCelsius": 0,
        "Weather": "Partly Cloudy",
        "id": 291
      },
      "Text": "Is there anything else that I can do for you?",
      "UnixTime": 1590520736
    },
    {
      "Action": "utter",
      "Agent": "User",
      "Text": "Call me a cab",
      "UnixTime": 1590520746
    },
    {
      "Action": "instruct",
      "Agent": "UserGuide",
      "Text": "If it makes sense, use some negations ('I don't want', or 'anything but ...', etc.) [instruction 4 of 8]",
      "UnixTime": 1590520746
    },
    {
      "Action": "select_task",
      "Agent": "Wizard",
      "PrimaryItem": {
        "APIName": "weather",
        "City": "New York City",
        "Day": "Monday",
        "TemperatureCelsius": 0,
        "Weather": "Partly Cloudy",
        "id": 291
      },
      "Task": "ride_book",
      "UnixTime": 1590520752
    },
    {
      "Action": "request_suggestions",
      "Agent": "Wizard",
      "PrimaryItem": {
        "APIName": "weather",
        "City": "New York City",
        "Day": "Monday",
        "TemperatureCelsius": 0,
        "Weather": "Partly Cloudy",
        "id": 291
      },
      "Text": "can i have your name?",
      "UnixTime": 1590520759
    },
    {
      "Action": "pick_suggestion",
      "ActionLabel": "ask_name",
      "ActionLabelOptions": [
        "ask_name",
        "anything_else",
        "hello",
        "weather_inform_nothing_found",
        "ride_inform_search_criteria",
        "ride_bye"
      ],
      "Agent": "Wizard",
      "PrimaryItem": {
        "APIName": "weather",
        "City": "New York City",
        "Day": "Monday",
        "TemperatureCelsius": 0,
        "Weather": "Partly Cloudy",
        "id": 291
      },
      "Text": "May I have your name, please?",
      "UnixTime": 1590520761
    },
    {
      "Action": "utter",
      "Agent": "User",
      "Text": "Alexis",
      "UnixTime": 1590520792
    },
    {
      "Action": "request_suggestions",
      "Agent": "Wizard",
      "PrimaryItem": {
        "APIName": "weather",
        "City": "New York City",
        "Day": "Monday",
        "TemperatureCelsius": 0,
        "Weather": "Partly Cloudy",
        "id": 291
      },
      "Text": "where are you departing from/",
      "UnixTime": 1590520813
    },
    {
      "Action": "pick_suggestion",
      "ActionLabel": "ride_ask_departure",
      "ActionLabelOptions": [
        "ride_ask_departure",
        "weather_ask_location",
        "out_of_scope",
        "weather_inform_forecast",
        "ride_ask_destination",
        "ride_inform_search_criteria"
      ],
      "Agent": "Wizard",
      "PrimaryItem": {
        "APIName": "weather",
        "City": "New York City",
        "Day": "Monday",
        "TemperatureCelsius": 0,
        "Weather": "Partly Cloudy",
        "id": 291
      },
      "Text": "OK, and where are you departing from?",
      "UnixTime": 1590520814
    },
    {
      "Action": "utter",
      "Agent": "User",
      "Text": "5th and Main",
      "UnixTime": 1590520833
    },
    {
      "Action": "instruct",
      "Agent": "UserGuide",
      "Text": "Keep going :) - don't forget some smalltalk. Perhaps say something related to the first topic you talked about. [instruction 5 of 8]",
      "UnixTime": 1590520833
    },
    {
      "Action": "request_suggestions",
      "Agent": "Wizard",
      "PrimaryItem": {
        "APIName": "weather",
        "City": "New York City",
        "Day": "Monday",
        "TemperatureCelsius": 0,
        "Weather": "Partly Cloudy",
        "id": 291
      },
      "Text": "and where are you going?",
      "UnixTime": 1590520852
    },
    {
      "Action": "pick_suggestion",
      "ActionLabel": "ride_ask_destination",
      "ActionLabelOptions": [
        "ride_ask_destination",
        "weather_ask_location",
        "anything_else",
        "weather_inform_forecast",
        "ride_ask_departure",
        "ride_inform_search_criteria"
      ],
      "Agent": "Wizard",
      "PrimaryItem": {
        "APIName": "weather",
        "City": "New York City",
        "Day": "Monday",
        "TemperatureCelsius": 0,
        "Weather": "Partly Cloudy",
        "id": 291
      },
      "Text": "Alright, where do you want to go?",
      "UnixTime": 1590520853
    },
    {
      "Action": "utter",
      "Agent": "User",
      "Text": "Hospital",
      "UnixTime": 1590520861
    },
    {
      "APIName": "ride_book",
      "Action": "query",
      "Agent": "Wizard",
      "Constraints": [
        {
          "CustomerName": "\"Alexis\""
        },
        {
          "DepartureLocation": "\"5th and Main\""
        },
        {
          "ArrivalLocation": "\"Hospital\""
        },
        {
          "RequestType": "\"Check\""
        }
      ],
      "PrimaryItem": {
        "APIName": "weather",
        "City": "New York City",
        "Day": "Monday",
        "TemperatureCelsius": 0,
        "Weather": "Partly Cloudy",
        "id": 291
      },
      "UnixTime": 1590520881
    },
    {
      "APIName": "ride_book",
      "Action": "return_item",
      "Agent": "KnowledgeBase",
      "Item": {
        "APIName": "ride_book",
        "AllowsChanges": true,
        "ArrivalLocation": "Hospital",
        "CarModel": "Ford",
        "CustomerName": "Alexis",
        "DepartureLocation": "5th and Main",
        "DriverName": "Dave",
        "LicensePlate": "432 LSA",
        "MinutesTillPickup": 10,
        "Price": 7,
        "ServiceProvider": "Lyft",
        "id": 945
      },
      "TotalItems": -1
    },
    {
      "Action": "request_suggestions",
      "Agent": "Wizard",
      "PrimaryItem": {
        "APIName": "ride_book",
        "AllowsChanges": true,
        "ArrivalLocation": "Hospital",
        "CarModel": "Ford",
        "CustomerName": "Alexis",
        "DepartureLocation": "5th and Main",
        "DriverName": "Dave",
        "LicensePlate": "432 LSA",
        "MinutesTillPickup": 10,
        "Price": 7,
        "ServiceProvider": "Lyft",
        "id": 945
      },
      "Text": "I found this ride with a lyft will this work for you?",
      "UnixTime": 1590520888
    },
    {
      "Action": "pick_suggestion",
      "ActionLabel": "ride_ask_confirm_booking",
      "ActionLabelOptions": [
        "ride_ask_confirm_booking",
        "ride_bye",
        "ride_ask_departure"
      ],
      "Agent": "Wizard",
      "PrimaryItem": {
        "APIName": "ride_book",
        "AllowsChanges": true,
        "ArrivalLocation": "Hospital",
        "CarModel": "Ford",
        "CustomerName": "Alexis",
        "DepartureLocation": "5th and Main",
        "DriverName": "Dave",
        "LicensePlate": "432 LSA",
        "MinutesTillPickup": 10,
        "Price": 7,
        "ServiceProvider": "Lyft",
        "id": 945
      },
      "Text": "I found a Lyft ride for you from '5th and Main' to 'Hospital' for 7 credits\nthat could pick you up in 10 minutes. Should I book that for you?",
      "UnixTime": 1590520891
    },
    {
      "Action": "utter",
      "Agent": "User",
      "Text": "is it a BMW?",
      "UnixTime": 1590520915
    },
    {
      "Action": "instruct",
      "Agent": "UserGuide",
      "Text": "Keep going until you've covered all the topics ('Find apartment', 'Schedule apartment viewing' and 'Calling a ride'). The conversation should continue at least until the last instruction is given. [instruction 6 of 8]",
      "UnixTime": 1590520915
    },
    {
      "Action": "request_suggestions",
      "Agent": "Wizard",
      "PrimaryItem": {
        "APIName": "ride_book",
        "AllowsChanges": true,
        "ArrivalLocation": "Hospital",
        "CarModel": "Ford",
        "CustomerName": "Alexis",
        "DepartureLocation": "5th and Main",
        "DriverName": "Dave",
        "LicensePlate": "432 LSA",
        "MinutesTillPickup": 10,
        "Price": 7,
        "ServiceProvider": "Lyft",
        "id": 945
      },
      "Text": "No this ride is a Ford",
      "UnixTime": 1590520927
    },
    {
      "Action": "request_suggestions",
      "Agent": "Wizard",
      "PrimaryItem": {
        "APIName": "ride_book",
        "AllowsChanges": true,
        "ArrivalLocation": "Hospital",
        "CarModel": "Ford",
        "CustomerName": "Alexis",
        "DepartureLocation": "5th and Main",
        "DriverName": "Dave",
        "LicensePlate": "432 LSA",
        "MinutesTillPickup": 10,
        "Price": 7,
        "ServiceProvider": "Lyft",
        "id": 945
      },
      "Text": "Your driver will be Dave in a Ford.",
      "UnixTime": 1590520936
    },
    {
      "Action": "utter",
      "ActionLabel": "ride_provide_driver_details",
      "Agent": "Wizard",
      "PrimaryItem": {
        "APIName": "ride_book",
        "AllowsChanges": true,
        "ArrivalLocation": "Hospital",
        "CarModel": "Ford",
        "CustomerName": "Alexis",
        "DepartureLocation": "5th and Main",
        "DriverName": "Dave",
        "LicensePlate": "432 LSA",
        "MinutesTillPickup": 10,
        "Price": 7,
        "ServiceProvider": "Lyft",
        "id": 945
      },
      "Text": "Your driver will be Dave in a Ford.",
      "UnixTime": 1590520945
    },
    {
      "Action": "utter",
      "Agent": "User",
      "Text": "Can I request a BMW?",
      "UnixTime": 1590520954
    },
    {
      "APIName": "ride_book",
      "Action": "query",
      "Agent": "Wizard",
      "Constraints": [
        {
          "CustomerName": "\"Alexis\""
        },
        {
          "DepartureLocation": "\"5th and Main\""
        },
        {
          "ArrivalLocation": "\"Hospital\""
        },
        {
          "RequestType": "\"Check\""
        },
        {
          "CarModel": "\"BMW\""
        }
      ],
      "PrimaryItem": {
        "APIName": "ride_book",
        "AllowsChanges": true,
        "ArrivalLocation": "Hospital",
        "CarModel": "Ford",
        "CustomerName": "Alexis",
        "DepartureLocation": "5th and Main",
        "DriverName": "Dave",
        "LicensePlate": "432 LSA",
        "MinutesTillPickup": 10,
        "Price": 7,
        "ServiceProvider": "Lyft",
        "id": 945
      },
      "UnixTime": 1590520973
    },
    {
      "APIName": "ride_book",
      "Action": "return_item",
      "Agent": "KnowledgeBase",
      "Item": {
        "APIName": "ride_book",
        "AllowsChanges": true,
        "ArrivalLocation": "Hospital",
        "CarModel": "BMW",
        "CustomerName": "Alexis",
        "DepartureLocation": "5th and Main",
        "DriverName": "Dave",
        "LicensePlate": "901 FSA",
        "MinutesTillPickup": 6,
        "Price": 12,
        "ServiceProvider": "Uber",
        "id": 713
      },
      "TotalItems": -1
    },
    {
      "Action": "request_suggestions",
      "Agent": "Wizard",
      "PrimaryItem": {
        "APIName": "ride_book",
        "AllowsChanges": true,
        "ArrivalLocation": "Hospital",
        "CarModel": "BMW",
        "CustomerName": "Alexis",
        "DepartureLocation": "5th and Main",
        "DriverName": "Dave",
        "LicensePlate": "901 FSA",
        "MinutesTillPickup": 6,
        "Price": 12,
        "ServiceProvider": "Uber",
        "id": 713
      },
      "Text": "I have found this BMW will this work for you 6 jinutes?",
      "UnixTime": 1590520981
    },
    {
      "Action": "pick_suggestion",
      "ActionLabel": "ride_ask_confirm_booking",
      "ActionLabelOptions": [
        "ride_ask_confirm_booking",
        "hello",
        "anything_else"
      ],
      "Agent": "Wizard",
      "PrimaryItem": {
        "APIName": "ride_book",
        "AllowsChanges": true,
        "ArrivalLocation": "Hospital",
        "CarModel": "BMW",
        "CustomerName": "Alexis",
        "DepartureLocation": "5th and Main",
        "DriverName": "Dave",
        "LicensePlate": "901 FSA",
        "MinutesTillPickup": 6,
        "Price": 12,
        "ServiceProvider": "Uber",
        "id": 713
      },
      "Text": "I found a Uber ride for you from '5th and Main' to 'Hospital' for 12 credits\nthat could pick you up in 6 minutes. Should I book that for you?",
      "UnixTime": 1590520983
    },
    {
      "Action": "utter",
      "Agent": "User",
      "Text": "I think so, yeah",
      "UnixTime": 1590521014
    },
    {
      "Action": "instruct",
      "Agent": "UserGuide",
      "Text": "Almost there. A few more turns. [instruction 7 of 8]",
      "UnixTime": 1590521014
    },
    {
      "APIName": "ride_book",
      "Action": "query",
      "Agent": "Wizard",
      "Constraints": [
        {
          "CustomerName": "\"Alexis\""
        },
        {
          "DepartureLocation": "\"5th and Main\""
        },
        {
          "ArrivalLocation": "\"Hospital\""
        },
        {
          "RequestType": "\"Book\""
        },
        {
          "CarModel": "\"BMW\""
        }
      ],
      "PrimaryItem": {
        "APIName": "ride_book",
        "AllowsChanges": true,
        "ArrivalLocation": "Hospital",
        "CarModel": "BMW",
        "CustomerName": "Alexis",
        "DepartureLocation": "5th and Main",
        "DriverName": "Dave",
        "LicensePlate": "901 FSA",
        "MinutesTillPickup": 6,
        "Price": 12,
        "ServiceProvider": "Uber",
        "id": 713
      },
      "UnixTime": 1590521021
    },
    {
      "APIName": "ride_book",
      "Action": "return_item",
      "Agent": "KnowledgeBase",
      "Item": {
        "APIName": "ride_book",
        "Message": "Ride booked."
      },
      "TotalItems": -1
    },
    {
      "Action": "select_primary",
      "Agent": "Wizard",
      "PrimaryItem": {
        "APIName": "ride_book",
        "Message": "Ride booked."
      },
      "UnixTime": 1590521024
    },
    {
      "Action": "request_suggestions",
      "Agent": "Wizard",
      "PrimaryItem": {
        "APIName": "ride_book",
        "AllowsChanges": true,
        "ArrivalLocation": "Hospital",
        "CarModel": "BMW",
        "CustomerName": "Alexis",
        "DepartureLocation": "5th and Main",
        "DriverName": "Dave",
        "LicensePlate": "901 FSA",
        "MinutesTillPickup": 6,
        "Price": 12,
        "ServiceProvider": "Uber",
        "id": 713
      },
      "Text": "your ride has been booked",
      "UnixTime": 1590521028
    },
    {
      "Action": "pick_suggestion",
      "ActionLabel": "ride_confirm_booking",
      "ActionLabelOptions": [
        "ride_confirm_booking",
        "hello",
        "ride_bye"
      ],
      "Agent": "Wizard",
      "PrimaryItem": {
        "APIName": "ride_book",
        "AllowsChanges": true,
        "ArrivalLocation": "Hospital",
        "CarModel": "BMW",
        "CustomerName": "Alexis",
        "DepartureLocation": "5th and Main",
        "DriverName": "Dave",
        "LicensePlate": "901 FSA",
        "MinutesTillPickup": 6,
        "Price": 12,
        "ServiceProvider": "Uber",
        "id": 713
      },
      "Text": "Ok, I have booked you a ride with licence plate '901 FSA'. Your booking ID is '713'.",
      "UnixTime": 1590521029
    },
    {
      "Action": "utter",
      "Agent": "User",
      "Text": "Alright",
      "UnixTime": 1590521063
    },
    {
      "Action": "request_suggestions",
      "Agent": "Wizard",
      "PrimaryItem": {
        "APIName": "ride_book",
        "AllowsChanges": true,
        "ArrivalLocation": "Hospital",
        "CarModel": "BMW",
        "CustomerName": "Alexis",
        "DepartureLocation": "5th and Main",
        "DriverName": "Dave",
        "LicensePlate": "901 FSA",
        "MinutesTillPickup": 6,
        "Price": 12,
        "ServiceProvider": "Uber",
        "id": 713
      },
      "Text": "is there anything else I can do fory ou?",
      "UnixTime": 1590521076
    },
    {
      "Action": "pick_suggestion",
      "ActionLabel": "anything_else",
      "ActionLabelOptions": [
        "anything_else",
        "out_of_scope",
        "ride_inform_nothing_found"
      ],
      "Agent": "Wizard",
      "PrimaryItem": {
        "APIName": "ride_book",
        "AllowsChanges": true,
        "ArrivalLocation": "Hospital",
        "CarModel": "BMW",
        "CustomerName": "Alexis",
        "DepartureLocation": "5th and Main",
        "DriverName": "Dave",
        "LicensePlate": "901 FSA",
        "MinutesTillPickup": 6,
        "Price": 12,
        "ServiceProvider": "Uber",
        "id": 713
      },
      "Text": "Is there anything else that I can do for you?",
      "UnixTime": 1590521078
    },
    {
      "Action": "utter",
      "Agent": "User",
      "Text": "Weather in detroit one more time",
      "UnixTime": 1590521088
    },
    {
      "Action": "select_task",
      "Agent": "Wizard",
      "PrimaryItem": {
        "APIName": "ride_book",
        "AllowsChanges": true,
        "ArrivalLocation": "Hospital",
        "CarModel": "BMW",
        "CustomerName": "Alexis",
        "DepartureLocation": "5th and Main",
        "DriverName": "Dave",
        "LicensePlate": "901 FSA",
        "MinutesTillPickup": 6,
        "Price": 12,
        "ServiceProvider": "Uber",
        "id": 713
      },
      "Task": "weather",
      "UnixTime": 1590521100
    },
    {
      "APIName": "weather",
      "Action": "query",
      "Agent": "Wizard",
      "Constraints": [
        {
          "Day": "\"Monday\""
        },
        {
          "City": "\"Detroit\""
        }
      ],
      "PrimaryItem": {
        "APIName": "ride_book",
        "AllowsChanges": true,
        "ArrivalLocation": "Hospital",
        "CarModel": "BMW",
        "CustomerName": "Alexis",
        "DepartureLocation": "5th and Main",
        "DriverName": "Dave",
        "LicensePlate": "901 FSA",
        "MinutesTillPickup": 6,
        "Price": 12,
        "ServiceProvider": "Uber",
        "id": 713
      },
      "UnixTime": 1590521104
    },
    {
      "APIName": "weather",
      "Action": "return_item",
      "Agent": "KnowledgeBase",
      "Item": {
        "APIName": "weather",
        "City": "Detroit",
        "Day": "Monday",
        "TemperatureCelsius": 9,
        "Weather": "Sunny",
        "id": 532
      },
      "TotalItems": -1
    },
    {
      "Action": "request_suggestions",
      "Agent": "Wizard",
      "PrimaryItem": {
        "APIName": "weather",
        "City": "Detroit",
        "Day": "Monday",
        "TemperatureCelsius": 9,
        "Weather": "Sunny",
        "id": 532
      },
      "Text": "9 and sunny",
      "UnixTime": 1590521107
    },
    {
      "Action": "pick_suggestion",
      "ActionLabel": "weather_inform_forecast",
      "ActionLabelOptions": [
        "weather_inform_forecast",
        "goodbye_1",
        "hello"
      ],
      "Agent": "Wizard",
      "PrimaryItem": {
        "APIName": "weather",
        "City": "Detroit",
        "Day": "Monday",
        "TemperatureCelsius": 9,
        "Weather": "Sunny",
        "id": 532
      },
      "Text": "It will be Sunny all day on Monday in Detroit, with temperatures of around 9 degrees celsius.",
      "UnixTime": 1590521108
    },
    {
      "Action": "utter",
      "Agent": "User",
      "Text": "thanks, howabout pittsburgh",
      "UnixTime": 1590521152
    },
    {
      "Action": "instruct",
      "Agent": "UserGuide",
      "Text": "Ok, once you've touched on all the topics ('Find apartment', 'Schedule apartment viewing' and 'Calling a ride') and engaged in some smalltalk, you can bring the conversation to a natural close. [instruction 8 of 8]",
      "UnixTime": 1590521152
    },
    {
      "APIName": "weather",
      "Action": "query",
      "Agent": "Wizard",
      "Constraints": [
        {
          "Day": "\"Monday\""
        },
        {
          "City": "\"Pittsburgh\""
        }
      ],
      "PrimaryItem": {
        "APIName": "weather",
        "City": "Detroit",
        "Day": "Monday",
        "TemperatureCelsius": 9,
        "Weather": "Sunny",
        "id": 532
      },
      "UnixTime": 1590521157
    },
    {
      "APIName": "weather",
      "Action": "return_item",
      "Agent": "KnowledgeBase",
      "Item": {
        "APIName": "weather",
        "City": "Pittsburgh",
        "Day": "Monday",
        "TemperatureCelsius": 12,
        "Weather": "Cloudy",
        "id": 973
      },
      "TotalItems": -1
    },
    {
      "Action": "request_suggestions",
      "Agent": "Wizard",
      "PrimaryItem": {
        "APIName": "weather",
        "City": "Pittsburgh",
        "Day": "Monday",
        "TemperatureCelsius": 12,
        "Weather": "Cloudy",
        "id": 973
      },
      "Text": "cloudy and 12",
      "UnixTime": 1590521161
    },
    {
      "Action": "pick_suggestion",
      "ActionLabel": "weather_inform_forecast",
      "ActionLabelOptions": [
        "weather_inform_forecast",
        "goodbye_1",
        "hello"
      ],
      "Agent": "Wizard",
      "PrimaryItem": {
        "APIName": "weather",
        "City": "Pittsburgh",
        "Day": "Monday",
        "TemperatureCelsius": 12,
        "Weather": "Cloudy",
        "id": 973
      },
      "Text": "It will be Cloudy all day on Monday in Pittsburgh, with temperatures of around 12 degrees celsius.",
      "UnixTime": 1590521162
    },
    {
      "Action": "utter",
      "Agent": "User",
      "Text": "Thanks for everything",
      "UnixTime": 1590521179
    },
    {
      "Action": "request_suggestions",
      "Agent": "Wizard",
      "PrimaryItem": {
        "APIName": "weather",
        "City": "Pittsburgh",
        "Day": "Monday",
        "TemperatureCelsius": 12,
        "Weather": "Cloudy",
        "id": 973
      },
      "Text": "thank you and goodbye",
      "UnixTime": 1590521199
    },
    {
      "Action": "pick_suggestion",
      "ActionLabel": "goodbye_1",
      "ActionLabelOptions": [
        "goodbye_1",
        "weather_inform_forecast",
        "weather_ask_day"
      ],
      "Agent": "Wizard",
      "PrimaryItem": {
        "APIName": "weather",
        "City": "Pittsburgh",
        "Day": "Monday",
        "TemperatureCelsius": 12,
        "Weather": "Cloudy",
        "id": 973
      },
      "Text": "Thank you and goodbye.",
      "UnixTime": 1590521200
    },
    {
      "Action": "complete",
      "Agent": "User",
      "UnixTime": 1590521203
    }
  ],
  "FORMAT-VERSION": 7,
  "IntroducesConflicts": false,
  "Scenario": {
    "Domains": [
      "apartment",
      "ride",
      "weather"
    ],
    "Happy": false,
    "MultiTask": true,
    "UserTask": "Come up with your own scenario!\n\nAbout you:\n- Your name: Alexis\n- Today is Friday\n\n The AI Assistant can handle:\n- Find an apartment (prices are in 'credits')\n- Schedule an apartment viewing \n- Calling a Taxi/Uber/Lyft ride \n- Checking the weather forecast in different Cities (e.g. San Francisco or Detroit)",
    "WizardCapabilities": [
      {
        "Domain": "apartment",
        "SchemaImage": "apartment_search.jpg",
        "Task": "apartment_search"
      },
      {
        "Domain": "apartment",
        "SchemaImage": "apartment_schedule.jpg",
        "Task": "apartment_schedule"
      },
      {
        "Domain": "ride",
        "SchemaImage": "ride_book.jpg",
        "Task": "ride_book"
      },
      {
        "Domain": "weather",
        "SchemaImage": "weather.jpg",
        "Task": "weather"
      }
    ],
    "WizardTask": "Follow the flow charts and help the user. NOTE: When users give PRICE limits, you usually have to use the 'is at most' comparator, not 'is equal to'. Assume:\n\n- Today is Friday"
  },
  "UserQuestionnaire": [
    {
      "Answer": true,
      "Question": "Did the assistant stay calm and helpful throughout the dialogue?"
    }
  ],
  "WizardQuestionnaire": [
    {
      "Answer": false,
      "Question": "Did the user change his/her mind about what he/she wants at any time?"
    },
    {
      "Answer": false,
      "Question": "Did the user become aggressive or annoyed during the dialogue? (Note: some users may be instructed to be annoying.)"
    },
    {
      "Answer": false,
      "Question": "Where you unsure about what to do at any time? (Feel free to send us an email with details.)"
    }
  ]
}