{
  "AnonymizedUserWorkerID": "3edcce52-bbdf-48d8-3d95-d45dad2e0182",
  "AnonymizedWizardWorkerID": "ac9c2dc2-a643-8ec0-d96c-1bc923b2777f",
  "BatchID": "woz_1590513462",
  "CompletionLevel": "Complete",
  "DialogueID": 6351,
  "Events": [
    {
      "Action": "instruct",
      "Agent": "UserGuide",
      "Text": "Use your imagination to generate a conversation about the topics 'finding a hotel' and 'reserving a room at a hotel' (in any order), as shown on the left. You may also ask the assistant about the weather.  [instruction 1 of 6]",
      "UnixTime": 1590524863
    },
    {
      "Action": "utter",
      "Agent": "User",
      "Text": "Heloo! My name is Biran white and i need help with searching for a htoel in the east side of town please. ",
      "UnixTime": 1590524925
    },
    {
      "APIName": "hotel_search",
      "Action": "query",
      "Agent": "Wizard",
      "Constraints": [
        {
          "Name": "api.is_equal_to(\"Shadyside Inn\")"
        }
      ],
      "UnixTime": 1590525006
    },
    {
      "APIName": "hotel_search",
      "Action": "return_item",
      "Agent": "KnowledgeBase",
      "Item": {
        "APIName": "hotel_search",
        "AverageRating": 1,
        "Cost": "Cheap",
        "Location": "Center",
        "Name": "Shadyside Inn",
        "Service": false,
        "TakesReservations": false,
        "id": 460
      },
      "TotalItems": 238
    },
    {
      "APIName": "hotel_search",
      "Action": "query",
      "Agent": "Wizard",
      "Constraints": [
        {
          "Name": "api.is_equal_to(\"Shadyside Inn\")"
        },
        {
          "Location": "\"East\""
        }
      ],
      "PrimaryItem": {
        "APIName": "hotel_search",
        "AverageRating": 1,
        "Cost": "Cheap",
        "Location": "Center",
        "Name": "Shadyside Inn",
        "Service": false,
        "TakesReservations": false,
        "id": 460
      },
      "UnixTime": 1590525017
    },
    {
      "APIName": "hotel_search",
      "Action": "return_item",
      "Agent": "KnowledgeBase",
      "Item": {
        "APIName": "hotel_search",
        "AverageRating": 1,
        "Cost": "Moderate",
        "Location": "East",
        "Name": "Shadyside Inn",
        "Service": false,
        "TakesReservations": false,
        "id": 57
      },
      "TotalItems": 43
    },
    {
      "Action": "request_suggestions",
      "Agent": "Wizard",
      "PrimaryItem": {
        "APIName": "hotel_search",
        "AverageRating": 1,
        "Cost": "Moderate",
        "Location": "East",
        "Name": "Shadyside Inn",
        "Service": false,
        "TakesReservations": false,
        "id": 57
      },
      "Text": "Shadyside inn east",
      "UnixTime": 1590525026
    },
    {
      "Action": "pick_suggestion",
      "ActionLabel": "hotel_provide_search_result",
      "ActionLabelOptions": [
        "hotel_inform_location",
        "hotel_inform_name",
        "hotel_provide_search_result"
      ],
      "Agent": "Wizard",
      "PrimaryItem": {
        "APIName": "hotel_search",
        "AverageRating": 1,
        "Cost": "Moderate",
        "Location": "East",
        "Name": "Shadyside Inn",
        "Service": false,
        "TakesReservations": false,
        "id": 57
      },
      "Text": "OK, I have found the 'Shadyside Inn', located East. It is in the Moderate price category and has an average rating of 1.",
      "UnixTime": 1590525029
    },
    {
      "Action": "utter",
      "Agent": "User",
      "Text": "hmm that sounds okay. ",
      "UnixTime": 1590525216
    },
    {
      "Action": "request_suggestions",
      "Agent": "Wizard",
      "PrimaryItem": {
        "APIName": "hotel_search",
        "AverageRating": 1,
        "Cost": "Moderate",
        "Location": "East",
        "Name": "Shadyside Inn",
        "Service": false,
        "TakesReservations": false,
        "id": 57
      },
      "Text": "Is that there",
      "UnixTime": 1590525232
    },
    {
      "Action": "pick_suggestion",
      "ActionLabel": "anything_else",
      "ActionLabelOptions": [
        "anything_else",
        "hotel_ask_search_more",
        "hello"
      ],
      "Agent": "Wizard",
      "PrimaryItem": {
        "APIName": "hotel_search",
        "AverageRating": 1,
        "Cost": "Moderate",
        "Location": "East",
        "Name": "Shadyside Inn",
        "Service": false,
        "TakesReservations": false,
        "id": 57
      },
      "Text": "Is there anything else that I can do for you?",
      "UnixTime": 1590525234
    },
    {
      "Action": "utter",
      "Agent": "User",
      "Text": "yes can you book the room for me? from 6th to 31st at that hotel",
      "UnixTime": 1590525380
    },
    {
      "Action": "instruct",
      "Agent": "UserGuide",
      "Text": "Please have some smalltalk with the AI Assistant at some point in this dialogue. [instruction 2 of 6]",
      "UnixTime": 1590525380
    },
    {
      "Action": "select_task",
      "Agent": "Wizard",
      "PrimaryItem": {
        "APIName": "hotel_search",
        "AverageRating": 1,
        "Cost": "Moderate",
        "Location": "East",
        "Name": "Shadyside Inn",
        "Service": false,
        "TakesReservations": false,
        "id": 57
      },
      "Task": "hotel_book",
      "UnixTime": 1590525385
    },
    {
      "Action": "request_suggestions",
      "Agent": "Wizard",
      "PrimaryItem": {
        "APIName": "hotel_search",
        "AverageRating": 1,
        "Cost": "Moderate",
        "Location": "East",
        "Name": "Shadyside Inn",
        "Service": false,
        "TakesReservations": false,
        "id": 57
      },
      "Text": "Hotel name",
      "UnixTime": 1590525415
    },
    {
      "Action": "pick_suggestion",
      "ActionLabel": "hotel_ask_hotel",
      "ActionLabelOptions": [
        "hotel_ask_hotel",
        "ask_name",
        "hotel_inform_nothing_found",
        "hotel_ask_name",
        "hotel_inform_name",
        "hotel_reservation_succeeded"
      ],
      "Agent": "Wizard",
      "PrimaryItem": {
        "APIName": "hotel_search",
        "AverageRating": 1,
        "Cost": "Moderate",
        "Location": "East",
        "Name": "Shadyside Inn",
        "Service": false,
        "TakesReservations": false,
        "id": 57
      },
      "Text": "What hotel would you like to stay at?",
      "UnixTime": 1590525420
    },
    {
      "Action": "utter",
      "Agent": "User",
      "Text": "Hyatt please",
      "UnixTime": 1590525499
    },
    {
      "Action": "select_task",
      "Agent": "Wizard",
      "PrimaryItem": {
        "APIName": "hotel_search",
        "AverageRating": 1,
        "Cost": "Moderate",
        "Location": "East",
        "Name": "Shadyside Inn",
        "Service": false,
        "TakesReservations": false,
        "id": 57
      },
      "Task": "weather",
      "UnixTime": 1590525505
    },
    {
      "Action": "select_task",
      "Agent": "Wizard",
      "PrimaryItem": {
        "APIName": "hotel_search",
        "AverageRating": 1,
        "Cost": "Moderate",
        "Location": "East",
        "Name": "Shadyside Inn",
        "Service": false,
        "TakesReservations": false,
        "id": 57
      },
      "Task": "hotel_book",
      "UnixTime": 1590525509
    },
    {
      "APIName": "hotel_book",
      "Action": "query",
      "Agent": "Wizard",
      "Constraints": [
        {
          "Name": "\"Hyatt Hotel\""
        },
        {
          "StartDate": "\"6th\""
        },
        {
          "EndDate": "\"31st\""
        },
        {
          "CustomerName": "\"Brian white\""
        },
        {
          "RequestType": "\"Book\""
        }
      ],
      "PrimaryItem": {
        "APIName": "hotel_search",
        "AverageRating": 1,
        "Cost": "Moderate",
        "Location": "East",
        "Name": "Shadyside Inn",
        "Service": false,
        "TakesReservations": false,
        "id": 57
      },
      "UnixTime": 1590525518
    },
    {
      "APIName": "hotel_book",
      "Action": "return_item",
      "Agent": "KnowledgeBase",
      "Item": {
        "APIName": "hotel_book",
        "HotelName": "Hyatt Hotel",
        "Message": "Reservation Failed"
      },
      "TotalItems": -1
    },
    {
      "Action": "request_suggestions",
      "Agent": "Wizard",
      "PrimaryItem": {
        "APIName": "hotel_book",
        "HotelName": "Hyatt Hotel",
        "Message": "Reservation Failed"
      },
      "Text": "Reservation failed ",
      "UnixTime": 1590525526
    },
    {
      "Action": "pick_suggestion",
      "ActionLabel": "hotel_reservation_failed",
      "ActionLabelOptions": [
        "hotel_reservation_failed",
        "goodbye_1",
        "hotel_inform_nothing_found"
      ],
      "Agent": "Wizard",
      "PrimaryItem": {
        "APIName": "hotel_book",
        "HotelName": "Hyatt Hotel",
        "Message": "Reservation Failed"
      },
      "Text": "I'm sorry, but your booking request failed.",
      "UnixTime": 1590525529
    },
    {
      "Action": "utter",
      "Agent": "User",
      "Text": "can you try a different hotel/",
      "UnixTime": 1590525597
    },
    {
      "Action": "instruct",
      "Agent": "UserGuide",
      "Text": "If you haven't yet, it's time to change topic. You can also go back and forth between topics. [instruction 3 of 6]",
      "UnixTime": 1590525597
    },
    {
      "APIName": "hotel_book",
      "Action": "query",
      "Agent": "Wizard",
      "Constraints": [
        {
          "Name": "\"Hilton Hotel\""
        },
        {
          "StartDate": "\"6th\""
        },
        {
          "EndDate": "\"31st\""
        },
        {
          "CustomerName": "\"Brian white\""
        },
        {
          "RequestType": "\"Book\""
        }
      ],
      "PrimaryItem": {
        "APIName": "hotel_book",
        "HotelName": "Hyatt Hotel",
        "Message": "Reservation Failed"
      },
      "UnixTime": 1590525638
    },
    {
      "APIName": "hotel_book",
      "Action": "return_item",
      "Agent": "KnowledgeBase",
      "Item": {
        "APIName": "hotel_book",
        "HotelName": "Hilton Hotel",
        "Message": "Reservation Confirmed"
      },
      "TotalItems": -1
    },
    {
      "Action": "request_suggestions",
      "Agent": "Wizard",
      "PrimaryItem": {
        "APIName": "hotel_book",
        "HotelName": "Hilton Hotel",
        "Message": "Reservation Confirmed"
      },
      "Text": "Reservation confirmed ",
      "UnixTime": 1590525644
    },
    {
      "Action": "pick_suggestion",
      "ActionLabel": "hotel_reservation_succeeded",
      "ActionLabelOptions": [
        "hotel_reservation_succeeded",
        "hello",
        "hotel_ask_hotel"
      ],
      "Agent": "Wizard",
      "PrimaryItem": {
        "APIName": "hotel_book",
        "HotelName": "Hilton Hotel",
        "Message": "Reservation Confirmed"
      },
      "Text": "OK, I've successfully completed this Hotel booking for you!",
      "UnixTime": 1590525646
    },
    {
      "Action": "utter",
      "Agent": "User",
      "Text": "amazing! can you confirm the dates?",
      "UnixTime": 1590525790
    },
    {
      "Action": "instruct",
      "Agent": "UserGuide",
      "Text": "If it makes sense, use some negations ('I don't want X', or 'anything but Y', etc.) [instruction 4 of 6]",
      "UnixTime": 1590525790
    },
    {
      "Action": "select_task",
      "Agent": "Wizard",
      "PrimaryItem": {
        "APIName": "hotel_book",
        "HotelName": "Hilton Hotel",
        "Message": "Reservation Confirmed"
      },
      "Task": "weather",
      "UnixTime": 1590525790
    },
    {
      "Action": "select_task",
      "Agent": "Wizard",
      "PrimaryItem": {
        "APIName": "hotel_book",
        "HotelName": "Hilton Hotel",
        "Message": "Reservation Confirmed"
      },
      "Task": "weather",
      "UnixTime": 1590525790
    },
    {
      "Action": "select_task",
      "Agent": "Wizard",
      "PrimaryItem": {
        "APIName": "hotel_book",
        "HotelName": "Hilton Hotel",
        "Message": "Reservation Confirmed"
      },
      "Task": "hotel_book",
      "UnixTime": 1590525810
    },
    {
      "Action": "request_suggestions",
      "Agent": "Wizard",
      "PrimaryItem": {
        "APIName": "hotel_book",
        "HotelName": "Hilton Hotel",
        "Message": "Reservation Confirmed"
      },
      "Text": "6th to 31",
      "UnixTime": 1590525819
    },
    {
      "Action": "utter",
      "Agent": "Wizard",
      "PrimaryItem": {
        "APIName": "hotel_book",
        "HotelName": "Hilton Hotel",
        "Message": "Reservation Confirmed"
      },
      "Text": "6th to 31th",
      "UnixTime": 1590525828
    },
    {
      "Action": "utter",
      "Agent": "User",
      "Text": "Amazing, how is your day going",
      "UnixTime": 1590525864
    },
    {
      "Action": "instruct",
      "Agent": "UserGuide",
      "Text": "Keep going until you've covered all the topics ('finding a hotel' and 'reserving a room at a hotel'). The conversation should continue at least until the last instruction is given. [instruction 5 of 6]",
      "UnixTime": 1590525864
    },
    {
      "Action": "select_task",
      "Agent": "Wizard",
      "PrimaryItem": {
        "APIName": "hotel_book",
        "HotelName": "Hilton Hotel",
        "Message": "Reservation Confirmed"
      },
      "Task": "weather",
      "UnixTime": 1590525864
    },
    {
      "Action": "select_task",
      "Agent": "Wizard",
      "PrimaryItem": {
        "APIName": "hotel_book",
        "HotelName": "Hilton Hotel",
        "Message": "Reservation Confirmed"
      },
      "Task": "hotel_book",
      "UnixTime": 1590525865
    },
    {
      "Action": "select_task",
      "Agent": "Wizard",
      "PrimaryItem": {
        "APIName": "hotel_book",
        "HotelName": "Hilton Hotel",
        "Message": "Reservation Confirmed"
      },
      "Task": "hotel_search",
      "UnixTime": 1590525867
    },
    {
      "Action": "select_task",
      "Agent": "Wizard",
      "PrimaryItem": {
        "APIName": "hotel_book",
        "HotelName": "Hilton Hotel",
        "Message": "Reservation Confirmed"
      },
      "Task": "hotel_book",
      "UnixTime": 1590525868
    },
    {
      "Action": "select_task",
      "Agent": "Wizard",
      "PrimaryItem": {
        "APIName": "hotel_book",
        "HotelName": "Hilton Hotel",
        "Message": "Reservation Confirmed"
      },
      "Task": "weather",
      "UnixTime": 1590525871
    },
    {
      "Action": "request_suggestions",
      "Agent": "Wizard",
      "PrimaryItem": {
        "APIName": "hotel_book",
        "HotelName": "Hilton Hotel",
        "Message": "Reservation Confirmed"
      },
      "Text": "Is that ther",
      "UnixTime": 1590525877
    },
    {
      "Action": "pick_suggestion",
      "ActionLabel": "anything_else",
      "ActionLabelOptions": [
        "hotel_ask_confirm_booking",
        "weather_ask_location",
        "hello",
        "anything_else",
        "anything_else",
        "ask_name"
      ],
      "Agent": "Wizard",
      "PrimaryItem": {
        "APIName": "hotel_book",
        "HotelName": "Hilton Hotel",
        "Message": "Reservation Confirmed"
      },
      "Text": "Is there anything else that I can do for you?",
      "UnixTime": 1590525881
    },
    {
      "Action": "utter",
      "Agent": "User",
      "Text": "yeah, can you hceck the weather in NYC",
      "UnixTime": 1590525908
    },
    {
      "APIName": "weather",
      "Action": "query",
      "Agent": "Wizard",
      "Constraints": [
        {
          "Day": "\"Friday\""
        },
        {
          "City": "\"New York City\""
        }
      ],
      "PrimaryItem": {
        "APIName": "hotel_book",
        "HotelName": "Hilton Hotel",
        "Message": "Reservation Confirmed"
      },
      "UnixTime": 1590525930
    },
    {
      "APIName": "weather",
      "Action": "return_item",
      "Agent": "KnowledgeBase",
      "Item": {
        "APIName": "weather",
        "City": "New York City",
        "Day": "Friday",
        "TemperatureCelsius": 11,
        "Weather": "Raining",
        "id": 94
      },
      "TotalItems": -1
    },
    {
      "Action": "request_suggestions",
      "Agent": "Wizard",
      "PrimaryItem": {
        "APIName": "weather",
        "City": "New York City",
        "Day": "Friday",
        "TemperatureCelsius": 11,
        "Weather": "Raining",
        "id": 94
      },
      "Text": "Raining",
      "UnixTime": 1590525936
    },
    {
      "Action": "pick_suggestion",
      "ActionLabel": "goodbye_1",
      "ActionLabelOptions": [
        "goodbye_1",
        "weather_ask_location",
        "weather_inform_forecast"
      ],
      "Agent": "Wizard",
      "PrimaryItem": {
        "APIName": "weather",
        "City": "New York City",
        "Day": "Friday",
        "TemperatureCelsius": 11,
        "Weather": "Raining",
        "id": 94
      },
      "Text": "Thank you and goodbye.",
      "UnixTime": 1590525939
    },
    {
      "Action": "utter",
      "Agent": "User",
      "Text": "what is the weather like in NYC?",
      "UnixTime": 1590525977
    },
    {
      "Action": "instruct",
      "Agent": "UserGuide",
      "Text": "Ok, once you've touched on all the topics ('finding a hotel' and 'reserving a room at a hotel') and engaged in some smalltalk, you can bring the conversation to a natural close. [instruction 6 of 6]",
      "UnixTime": 1590525977
    },
    {
      "Action": "select_task",
      "Agent": "Wizard",
      "PrimaryItem": {
        "APIName": "weather",
        "City": "New York City",
        "Day": "Friday",
        "TemperatureCelsius": 11,
        "Weather": "Raining",
        "id": 94
      },
      "Task": "hotel_book",
      "UnixTime": 1590525977
    },
    {
      "Action": "select_task",
      "Agent": "Wizard",
      "PrimaryItem": {
        "APIName": "weather",
        "City": "New York City",
        "Day": "Friday",
        "TemperatureCelsius": 11,
        "Weather": "Raining",
        "id": 94
      },
      "Task": "weather",
      "UnixTime": 1590525977
    },
    {
      "Action": "select_task",
      "Agent": "Wizard",
      "PrimaryItem": {
        "APIName": "weather",
        "City": "New York City",
        "Day": "Friday",
        "TemperatureCelsius": 11,
        "Weather": "Raining",
        "id": 94
      },
      "Task": "hotel_search",
      "UnixTime": 1590525977
    },
    {
      "Action": "select_task",
      "Agent": "Wizard",
      "PrimaryItem": {
        "APIName": "weather",
        "City": "New York City",
        "Day": "Friday",
        "TemperatureCelsius": 11,
        "Weather": "Raining",
        "id": 94
      },
      "Task": "hotel_book",
      "UnixTime": 1590525977
    },
    {
      "Action": "select_task",
      "Agent": "Wizard",
      "PrimaryItem": {
        "APIName": "weather",
        "City": "New York City",
        "Day": "Friday",
        "TemperatureCelsius": 11,
        "Weather": "Raining",
        "id": 94
      },
      "Task": "weather",
      "UnixTime": 1590525977
    },
    {
      "Action": "select_task",
      "Agent": "Wizard",
      "PrimaryItem": {
        "APIName": "weather",
        "City": "New York City",
        "Day": "Friday",
        "TemperatureCelsius": 11,
        "Weather": "Raining",
        "id": 94
      },
      "Task": "hotel_book",
      "UnixTime": 1590525977
    },
    {
      "Action": "select_task",
      "Agent": "Wizard",
      "PrimaryItem": {
        "APIName": "weather",
        "City": "New York City",
        "Day": "Friday",
        "TemperatureCelsius": 11,
        "Weather": "Raining",
        "id": 94
      },
      "Task": "hotel_search",
      "UnixTime": 1590525978
    },
    {
      "Action": "select_task",
      "Agent": "Wizard",
      "PrimaryItem": {
        "APIName": "weather",
        "City": "New York City",
        "Day": "Friday",
        "TemperatureCelsius": 11,
        "Weather": "Raining",
        "id": 94
      },
      "Task": "hotel_book",
      "UnixTime": 1590525979
    },
    {
      "Action": "select_task",
      "Agent": "Wizard",
      "PrimaryItem": {
        "APIName": "weather",
        "City": "New York City",
        "Day": "Friday",
        "TemperatureCelsius": 11,
        "Weather": "Raining",
        "id": 94
      },
      "Task": "weather",
      "UnixTime": 1590525981
    },
    {
      "Action": "request_suggestions",
      "Agent": "Wizard",
      "PrimaryItem": {
        "APIName": "weather",
        "City": "New York City",
        "Day": "Friday",
        "TemperatureCelsius": 11,
        "Weather": "Raining",
        "id": 94
      },
      "Text": "Raining",
      "UnixTime": 1590525994
    },
    {
      "Action": "pick_suggestion",
      "ActionLabel": "weather_inform_forecast",
      "ActionLabelOptions": [
        "goodbye_1",
        "weather_ask_location",
        "weather_inform_forecast"
      ],
      "Agent": "Wizard",
      "PrimaryItem": {
        "APIName": "weather",
        "City": "New York City",
        "Day": "Friday",
        "TemperatureCelsius": 11,
        "Weather": "Raining",
        "id": 94
      },
      "Text": "It will be Raining all day on Friday in New York City, with temperatures of around 11 degrees celsius.",
      "UnixTime": 1590525997
    },
    {
      "Action": "utter",
      "Agent": "User",
      "Text": "oh terrible. i hjate the rain",
      "UnixTime": 1590526091
    },
    {
      "Action": "select_task",
      "Agent": "Wizard",
      "PrimaryItem": {
        "APIName": "weather",
        "City": "New York City",
        "Day": "Friday",
        "TemperatureCelsius": 11,
        "Weather": "Raining",
        "id": 94
      },
      "Task": "hotel_search",
      "UnixTime": 1590526091
    },
    {
      "Action": "select_task",
      "Agent": "Wizard",
      "PrimaryItem": {
        "APIName": "weather",
        "City": "New York City",
        "Day": "Friday",
        "TemperatureCelsius": 11,
        "Weather": "Raining",
        "id": 94
      },
      "Task": "hotel_book",
      "UnixTime": 1590526091
    },
    {
      "Action": "select_task",
      "Agent": "Wizard",
      "PrimaryItem": {
        "APIName": "weather",
        "City": "New York City",
        "Day": "Friday",
        "TemperatureCelsius": 11,
        "Weather": "Raining",
        "id": 94
      },
      "Task": "weather",
      "UnixTime": 1590526091
    },
    {
      "Action": "select_task",
      "Agent": "Wizard",
      "PrimaryItem": {
        "APIName": "weather",
        "City": "New York City",
        "Day": "Friday",
        "TemperatureCelsius": 11,
        "Weather": "Raining",
        "id": 94
      },
      "Task": "hotel_book",
      "UnixTime": 1590526091
    },
    {
      "Action": "select_task",
      "Agent": "Wizard",
      "PrimaryItem": {
        "APIName": "weather",
        "City": "New York City",
        "Day": "Friday",
        "TemperatureCelsius": 11,
        "Weather": "Raining",
        "id": 94
      },
      "Task": "hotel_search",
      "UnixTime": 1590526091
    },
    {
      "Action": "select_task",
      "Agent": "Wizard",
      "PrimaryItem": {
        "APIName": "weather",
        "City": "New York City",
        "Day": "Friday",
        "TemperatureCelsius": 11,
        "Weather": "Raining",
        "id": 94
      },
      "Task": "weather",
      "UnixTime": 1590526091
    },
    {
      "Action": "select_task",
      "Agent": "Wizard",
      "PrimaryItem": {
        "APIName": "weather",
        "City": "New York City",
        "Day": "Friday",
        "TemperatureCelsius": 11,
        "Weather": "Raining",
        "id": 94
      },
      "Task": "hotel_book",
      "UnixTime": 1590526091
    },
    {
      "Action": "select_task",
      "Agent": "Wizard",
      "PrimaryItem": {
        "APIName": "weather",
        "City": "New York City",
        "Day": "Friday",
        "TemperatureCelsius": 11,
        "Weather": "Raining",
        "id": 94
      },
      "Task": "hotel_search",
      "UnixTime": 1590526091
    },
    {
      "Action": "select_task",
      "Agent": "Wizard",
      "PrimaryItem": {
        "APIName": "weather",
        "City": "New York City",
        "Day": "Friday",
        "TemperatureCelsius": 11,
        "Weather": "Raining",
        "id": 94
      },
      "Task": "weather",
      "UnixTime": 1590526091
    },
    {
      "Action": "select_task",
      "Agent": "Wizard",
      "PrimaryItem": {
        "APIName": "weather",
        "City": "New York City",
        "Day": "Friday",
        "TemperatureCelsius": 11,
        "Weather": "Raining",
        "id": 94
      },
      "Task": "hotel_book",
      "UnixTime": 1590526091
    },
    {
      "Action": "select_task",
      "Agent": "Wizard",
      "PrimaryItem": {
        "APIName": "weather",
        "City": "New York City",
        "Day": "Friday",
        "TemperatureCelsius": 11,
        "Weather": "Raining",
        "id": 94
      },
      "Task": "hotel_search",
      "UnixTime": 1590526091
    },
    {
      "Action": "select_task",
      "Agent": "Wizard",
      "PrimaryItem": {
        "APIName": "weather",
        "City": "New York City",
        "Day": "Friday",
        "TemperatureCelsius": 11,
        "Weather": "Raining",
        "id": 94
      },
      "Task": "weather",
      "UnixTime": 1590526091
    },
    {
      "Action": "request_suggestions",
      "Agent": "Wizard",
      "PrimaryItem": {
        "APIName": "weather",
        "City": "New York City",
        "Day": "Friday",
        "TemperatureCelsius": 11,
        "Weather": "Raining",
        "id": 94
      },
      "Text": "Is that there",
      "UnixTime": 1590526101
    },
    {
      "Action": "pick_suggestion",
      "ActionLabel": "hello",
      "ActionLabelOptions": [
        "weather_ask_location",
        "weather_inform_forecast",
        "hello"
      ],
      "Agent": "Wizard",
      "PrimaryItem": {
        "APIName": "weather",
        "City": "New York City",
        "Day": "Friday",
        "TemperatureCelsius": 11,
        "Weather": "Raining",
        "id": 94
      },
      "Text": "Hello, how can I help?",
      "UnixTime": 1590526110
    },
    {
      "Action": "complete",
      "Agent": "User",
      "UnixTime": 1590526126
    }
  ],
  "FORMAT-VERSION": 7,
  "IntroducesConflicts": false,
  "Scenario": {
    "Domains": [
      "hotel",
      "weather"
    ],
    "Happy": false,
    "MultiTask": true,
    "UserTask": "Come up with your own scenario!\n\nAbout you:\n- Your name: Brian White\n- Today is Friday the 9th, 3 pm\n\n The AI Assistant can handle:\n- Search for a hotel (e.g. in the East of town`)\n- Book a room at a hotel (e.g. Hyatt Hotel or whatever the assistant can find for you; e.g. from 6th to 31st)\n- Checking the weather forecast in different Cities (e.g. Chicago or New York City)",
    "WizardCapabilities": [
      {
        "Domain": "hotel",
        "SchemaImage": "hotel_search.jpg",
        "Task": "hotel_search"
      },
      {
        "Domain": "hotel",
        "SchemaImage": "hotel_book.jpg",
        "Task": "hotel_book"
      },
      {
        "Domain": "weather",
        "SchemaImage": "weather.jpg",
        "Task": "weather"
      }
    ],
    "WizardTask": "Follow the flow charts and help the user. Assume:\n\n- Today is Friday the 9th, 3 pm"
  },
  "UserQuestionnaire": [
    {
      "Answer": true,
      "Question": "Did the assistant stay calm and helpful throughout the dialogue?"
    }
  ],
  "WizardQuestionnaire": [
    {
      "Answer": false,
      "Question": "Did the user change his/her mind about what he/she wants at any time?"
    },
    {
      "Answer": false,
      "Question": "Did the user become aggressive or annoyed during the dialogue? (Note: some users may be instructed to be annoying.)"
    },
    {
      "Answer": false,
      "Question": "Where you unsure about what to do at any time? (Feel free to send us an email with details.)"
    }
  ]
}