{
  "AnonymizedUserWorkerID": "ac9c2dc2-a643-8ec0-d96c-1bc923b2777f",
  "AnonymizedWizardWorkerID": "6f51e967-ce78-081f-da64-6595f6cdfeca",
  "BatchID": "woz_1590513462",
  "CompletionLevel": "Complete",
  "DialogueID": 6392,
  "Events": [
    {
      "Action": "instruct",
      "Agent": "UserGuide",
      "Text": "Use your imagination to generate a conversation about the topics 'looking for a flight', 'schedule a meeting', 'RSVP to a party' and 'book a table at a restaurant' (in any order), as shown on the left. You may also make a request to your hotel's room service.  [instruction 1 of 9]",
      "UnixTime": 1590536406
    },
    {
      "Action": "utter",
      "Agent": "User",
      "Text": "Hi I'm Tyler Jones I need room service",
      "UnixTime": 1590536431
    },
    {
      "Action": "select_task",
      "Agent": "Wizard",
      "Task": "hotel_service_request",
      "UnixTime": 1590536453
    },
    {
      "Action": "request_suggestions",
      "Agent": "Wizard",
      "Text": "hotel",
      "UnixTime": 1590536457
    },
    {
      "Action": "pick_suggestion",
      "ActionLabel": "hotel_ask_hotel",
      "ActionLabelOptions": [
        "hotel_ask_hotel",
        "hotel_inform_nothing_found",
        "goodbye_1"
      ],
      "Agent": "Wizard",
      "Text": "At what hotel are you currently staying?",
      "UnixTime": 1590536459
    },
    {
      "Action": "utter",
      "Agent": "User",
      "Text": "Hilton hotel",
      "UnixTime": 1590536500
    },
    {
      "Action": "request_suggestions",
      "Agent": "Wizard",
      "Text": "room number?",
      "UnixTime": 1590536537
    },
    {
      "Action": "pick_suggestion",
      "ActionLabel": "hotel_ask_room_number",
      "ActionLabelOptions": [
        "hotel_ask_room_number",
        "hotel_inform_service_request_failed",
        "hotel_ask_time"
      ],
      "Agent": "Wizard",
      "Text": "Could you provide your room number, please?",
      "UnixTime": 1590536539
    },
    {
      "Action": "utter",
      "Agent": "User",
      "Text": "66",
      "UnixTime": 1590536673
    },
    {
      "Action": "instruct",
      "Agent": "UserGuide",
      "Text": "You may attempt to do some smalltalk with the AI Assistant at any time. [instruction 2 of 9]",
      "UnixTime": 1590536673
    },
    {
      "Action": "request_suggestions",
      "Agent": "Wizard",
      "Text": "time",
      "UnixTime": 1590536710
    },
    {
      "Action": "pick_suggestion",
      "ActionLabel": "hotel_ask_time",
      "ActionLabelOptions": [
        "hotel_ask_time",
        "hotel_inform_service_request_failed",
        "ask_name"
      ],
      "Agent": "Wizard",
      "Text": "At what time would you like us to provide the service?",
      "UnixTime": 1590536712
    },
    {
      "Action": "utter",
      "Agent": "User",
      "Text": "6pm",
      "UnixTime": 1590536734
    },
    {
      "Action": "request_suggestions",
      "Agent": "Wizard",
      "Text": "What is your request?",
      "UnixTime": 1590536753
    },
    {
      "Action": "pick_suggestion",
      "ActionLabel": "hotel_ask_service_request",
      "ActionLabelOptions": [
        "hotel_ask_service_request",
        "out_of_scope",
        "hello"
      ],
      "Agent": "Wizard",
      "Text": "Right, please let us know your request now.",
      "UnixTime": 1590536755
    },
    {
      "Action": "utter",
      "Agent": "User",
      "Text": "How cool is San Francisco right now",
      "UnixTime": 1590536776
    },
    {
      "Action": "select_task",
      "Agent": "Wizard",
      "Task": "party_rsvp",
      "UnixTime": 1590536811
    },
    {
      "Action": "select_task",
      "Agent": "Wizard",
      "Task": "restaurant_book",
      "UnixTime": 1590536812
    },
    {
      "Action": "select_task",
      "Agent": "Wizard",
      "Task": "meeting_schedule",
      "UnixTime": 1590536812
    },
    {
      "Action": "select_task",
      "Agent": "Wizard",
      "Task": "plane_search",
      "UnixTime": 1590536813
    },
    {
      "Action": "request_suggestions",
      "Agent": "Wizard",
      "Text": "sorry",
      "UnixTime": 1590536816
    },
    {
      "Action": "select_task",
      "Agent": "Wizard",
      "Task": "hotel_service_request",
      "UnixTime": 1590536820
    },
    {
      "Action": "request_suggestions",
      "Agent": "Wizard",
      "Text": "sorry",
      "UnixTime": 1590536822
    },
    {
      "Action": "pick_suggestion",
      "ActionLabel": "out_of_scope",
      "ActionLabelOptions": [
        "hotel_inform_service_request_failed",
        "out_of_scope",
        "hello"
      ],
      "Agent": "Wizard",
      "Text": "I am sorry, I don't quite understand what you mean. I am only able to help you with room service.",
      "UnixTime": 1590536825
    },
    {
      "Action": "utter",
      "Agent": "User",
      "Text": "I need towels",
      "UnixTime": 1590536856
    },
    {
      "Action": "instruct",
      "Agent": "UserGuide",
      "Text": "If you haven't yet, it's time to change topic. You can also go back and forth between topics. [instruction 3 of 9]",
      "UnixTime": 1590536856
    },
    {
      "APIName": "hotel_service_request",
      "Action": "query",
      "Agent": "Wizard",
      "Constraints": [
        {
          "Name": "\"Hilton Hotel\""
        },
        {
          "RoomNumber": "66"
        },
        {
          "Time": "\"6 pm\""
        },
        {
          "CustomerName": "\"Tyler Jones\""
        },
        {
          "CustomerRequest": "\"towels\""
        }
      ],
      "UnixTime": 1590536877
    },
    {
      "APIName": "hotel_service_request",
      "Action": "return_item",
      "Agent": "KnowledgeBase",
      "Item": {
        "APIName": "hotel_service_request",
        "RequestStatus": "Request Confirmed",
        "RoomNumber": 66,
        "Time": "6 pm"
      },
      "TotalItems": -1
    },
    {
      "Action": "request_suggestions",
      "Agent": "Wizard",
      "PrimaryItem": {
        "APIName": "hotel_service_request",
        "RequestStatus": "Request Confirmed",
        "RoomNumber": 66,
        "Time": "6 pm"
      },
      "Text": "Request Confirmed",
      "UnixTime": 1590536884
    },
    {
      "Action": "pick_suggestion",
      "ActionLabel": "hotel_inform_service_request_successful",
      "ActionLabelOptions": [
        "hotel_inform_service_request_successful",
        "hotel_ask_time",
        "anything_else"
      ],
      "Agent": "Wizard",
      "PrimaryItem": {
        "APIName": "hotel_service_request",
        "RequestStatus": "Request Confirmed",
        "RoomNumber": 66,
        "Time": "6 pm"
      },
      "Text": "Your request has been submitted successfully.\nA member of the service team will knock on the door of room 66 at 6 pm!",
      "UnixTime": 1590536885
    },
    {
      "Action": "utter",
      "Agent": "User",
      "Text": "Schedule a meeting ",
      "UnixTime": 1590536902
    },
    {
      "Action": "instruct",
      "Agent": "UserGuide",
      "Text": "If it makes sense, use some negations ('I don't want', or 'anything but ...', etc.) [instruction 4 of 9]",
      "UnixTime": 1590536902
    },
    {
      "Action": "request_suggestions",
      "Agent": "Wizard",
      "PrimaryItem": {
        "APIName": "hotel_service_request",
        "RequestStatus": "Request Confirmed",
        "RoomNumber": 66,
        "Time": "6 pm"
      },
      "Text": "who with",
      "UnixTime": 1590536914
    },
    {
      "Action": "select_task",
      "Agent": "Wizard",
      "PrimaryItem": {
        "APIName": "hotel_service_request",
        "RequestStatus": "Request Confirmed",
        "RoomNumber": 66,
        "Time": "6 pm"
      },
      "Task": "meeting_schedule",
      "UnixTime": 1590536916
    },
    {
      "Action": "request_suggestions",
      "Agent": "Wizard",
      "PrimaryItem": {
        "APIName": "hotel_service_request",
        "RequestStatus": "Request Confirmed",
        "RoomNumber": 66,
        "Time": "6 pm"
      },
      "Text": "Who",
      "UnixTime": 1590536918
    },
    {
      "Action": "pick_suggestion",
      "ActionLabel": "meeting_ask_guest_name",
      "ActionLabelOptions": [
        "meeting_ask_guest_name",
        "out_of_scope",
        "hotel_ask_hotel",
        "ask_name",
        "hello",
        "meeting_ask_day"
      ],
      "Agent": "Wizard",
      "PrimaryItem": {
        "APIName": "hotel_service_request",
        "RequestStatus": "Request Confirmed",
        "RoomNumber": 66,
        "Time": "6 pm"
      },
      "Text": "With whom would you like to schedule the meeting?",
      "UnixTime": 1590536920
    },
    {
      "Action": "utter",
      "Agent": "User",
      "Text": "Michael ",
      "UnixTime": 1590536965
    },
    {
      "Action": "request_suggestions",
      "Agent": "Wizard",
      "PrimaryItem": {
        "APIName": "hotel_service_request",
        "RequestStatus": "Request Confirmed",
        "RoomNumber": 66,
        "Time": "6 pm"
      },
      "Text": "day",
      "UnixTime": 1590536982
    },
    {
      "Action": "pick_suggestion",
      "ActionLabel": "meeting_ask_day",
      "ActionLabelOptions": [
        "meeting_ask_day",
        "goodbye_1",
        "hello",
        "hotel_ask_time",
        "ask_name",
        "goodbye_1"
      ],
      "Agent": "Wizard",
      "PrimaryItem": {
        "APIName": "hotel_service_request",
        "RequestStatus": "Request Confirmed",
        "RoomNumber": 66,
        "Time": "6 pm"
      },
      "Text": "What day did you have in mind for the meeting?",
      "UnixTime": 1590536984
    },
    {
      "Action": "utter",
      "Agent": "User",
      "Text": "4pm",
      "UnixTime": 1590537005
    },
    {
      "Action": "instruct",
      "Agent": "UserGuide",
      "Text": "If you like, you can ask for room service at any point. This is not necessary, however. [instruction 5 of 9]",
      "UnixTime": 1590537005
    },
    {
      "Action": "request_suggestions",
      "Agent": "Wizard",
      "PrimaryItem": {
        "APIName": "hotel_service_request",
        "RequestStatus": "Request Confirmed",
        "RoomNumber": 66,
        "Time": "6 pm"
      },
      "Text": "Day",
      "UnixTime": 1590537035
    },
    {
      "Action": "pick_suggestion",
      "ActionLabel": "meeting_ask_day",
      "ActionLabelOptions": [
        "meeting_ask_day",
        "goodbye_1",
        "hello",
        "hotel_ask_time",
        "ask_name",
        "goodbye_1"
      ],
      "Agent": "Wizard",
      "PrimaryItem": {
        "APIName": "hotel_service_request",
        "RequestStatus": "Request Confirmed",
        "RoomNumber": 66,
        "Time": "6 pm"
      },
      "Text": "What day did you have in mind for the meeting?",
      "UnixTime": 1590537037
    },
    {
      "Action": "utter",
      "Agent": "User",
      "Text": "Monday 4pm",
      "UnixTime": 1590537058
    },
    {
      "Action": "request_suggestions",
      "Agent": "Wizard",
      "PrimaryItem": {
        "APIName": "hotel_service_request",
        "RequestStatus": "Request Confirmed",
        "RoomNumber": 66,
        "Time": "6 pm"
      },
      "Text": "wrap",
      "UnixTime": 1590537074
    },
    {
      "Action": "select_task",
      "Agent": "Wizard",
      "PrimaryItem": {
        "APIName": "hotel_service_request",
        "RequestStatus": "Request Confirmed",
        "RoomNumber": 66,
        "Time": "6 pm"
      },
      "Task": "meeting_schedule",
      "UnixTime": 1590537078
    },
    {
      "Action": "select_task",
      "Agent": "Wizard",
      "PrimaryItem": {
        "APIName": "hotel_service_request",
        "RequestStatus": "Request Confirmed",
        "RoomNumber": 66,
        "Time": "6 pm"
      },
      "Task": "meeting_schedule",
      "UnixTime": 1590537079
    },
    {
      "Action": "request_suggestions",
      "Agent": "Wizard",
      "PrimaryItem": {
        "APIName": "hotel_service_request",
        "RequestStatus": "Request Confirmed",
        "RoomNumber": 66,
        "Time": "6 pm"
      },
      "Text": "wrap",
      "UnixTime": 1590537081
    },
    {
      "Action": "utter",
      "Agent": "Wizard",
      "PrimaryItem": {
        "APIName": "hotel_service_request",
        "RequestStatus": "Request Confirmed",
        "RoomNumber": 66,
        "Time": "6 pm"
      },
      "Text": "What time do you expect your meeting to wrap up?",
      "UnixTime": 1590537090
    },
    {
      "Action": "utter",
      "Agent": "User",
      "Text": "5pm",
      "UnixTime": 1590537099
    },
    {
      "Action": "instruct",
      "Agent": "UserGuide",
      "Text": "Keep going :) - don't forget some smalltalk. Perhaps say something related to the first topic you talked about. [instruction 6 of 9]",
      "UnixTime": 1590537099
    },
    {
      "APIName": "meeting_schedule",
      "Action": "query",
      "Agent": "Wizard",
      "Constraints": [
        {
          "Name": "\"Michael\""
        },
        {
          "UserName": "\"Tyler Jones\""
        },
        {
          "Day": "\"Monday\""
        },
        {
          "StartTimeHour": "\"4 pm\""
        },
        {
          "EndTimeHour": "\"5 pm\""
        }
      ],
      "PrimaryItem": {
        "APIName": "hotel_service_request",
        "RequestStatus": "Request Confirmed",
        "RoomNumber": 66,
        "Time": "6 pm"
      },
      "UnixTime": 1590537123
    },
    {
      "APIName": "meeting_schedule",
      "Action": "return_item",
      "Agent": "KnowledgeBase",
      "Item": {
        "APIName": "meeting_schedule",
        "Day": "Monday",
        "EndTime": "5 pm",
        "GuestName": "Michael",
        "Message": "Your meeting has been successfuly scheduled.",
        "StartTime": "4 pm"
      },
      "TotalItems": -1
    },
    {
      "Action": "request_suggestions",
      "Agent": "Wizard",
      "PrimaryItem": {
        "APIName": "meeting_schedule",
        "Day": "Monday",
        "EndTime": "5 pm",
        "GuestName": "Michael",
        "Message": "Your meeting has been successfuly scheduled.",
        "StartTime": "4 pm"
      },
      "Text": "\tYour meeting has been successfuly scheduled.",
      "UnixTime": 1590537127
    },
    {
      "Action": "request_suggestions",
      "Agent": "Wizard",
      "PrimaryItem": {
        "APIName": "meeting_schedule",
        "Day": "Monday",
        "EndTime": "5 pm",
        "GuestName": "Michael",
        "Message": "Your meeting has been successfuly scheduled.",
        "StartTime": "4 pm"
      },
      "Text": "Your meeting has been successfuly scheduled.",
      "UnixTime": 1590537130
    },
    {
      "Action": "pick_suggestion",
      "ActionLabel": "meeting_inform_confirmed",
      "ActionLabelOptions": [
        "meeting_inform_confirmed",
        "meeting_inform_nothing_found",
        "meeting_ask_end_time"
      ],
      "Agent": "Wizard",
      "PrimaryItem": {
        "APIName": "meeting_schedule",
        "Day": "Monday",
        "EndTime": "5 pm",
        "GuestName": "Michael",
        "Message": "Your meeting has been successfuly scheduled.",
        "StartTime": "4 pm"
      },
      "Text": "Fantastic, your meeting with Michael has been successfully scheduled for Monday, 4 pm-5 pm.",
      "UnixTime": 1590537132
    },
    {
      "Action": "utter",
      "Agent": "User",
      "Text": "Search for flights from San Francisco to Los Angeles ",
      "UnixTime": 1590537158
    },
    {
      "Action": "select_task",
      "Agent": "Wizard",
      "PrimaryItem": {
        "APIName": "meeting_schedule",
        "Day": "Monday",
        "EndTime": "5 pm",
        "GuestName": "Michael",
        "Message": "Your meeting has been successfuly scheduled.",
        "StartTime": "4 pm"
      },
      "Task": "plane_search",
      "UnixTime": 1590537165
    },
    {
      "Action": "request_suggestions",
      "Agent": "Wizard",
      "PrimaryItem": {
        "APIName": "meeting_schedule",
        "Day": "Monday",
        "EndTime": "5 pm",
        "GuestName": "Michael",
        "Message": "Your meeting has been successfuly scheduled.",
        "StartTime": "4 pm"
      },
      "Text": "What date would you like?",
      "UnixTime": 1590537173
    },
    {
      "Action": "utter",
      "Agent": "Wizard",
      "PrimaryItem": {
        "APIName": "meeting_schedule",
        "Day": "Monday",
        "EndTime": "5 pm",
        "GuestName": "Michael",
        "Message": "Your meeting has been successfuly scheduled.",
        "StartTime": "4 pm"
      },
      "Text": "What date would you like to search for?",
      "UnixTime": 1590537183
    },
    {
      "Action": "utter",
      "Agent": "User",
      "Text": "16",
      "UnixTime": 1590537193
    },
    {
      "Action": "instruct",
      "Agent": "UserGuide",
      "Text": "Keep going until you've covered all the topics ('looking for a flight', 'schedule a meeting', 'RSVP to a party' and 'book a table at a restaurant'). The conversation should continue at least until the last instruction is given. [instruction 7 of 9]",
      "UnixTime": 1590537193
    },
    {
      "APIName": "plane_search",
      "Action": "query",
      "Agent": "Wizard",
      "Constraints": [
        {
          "DepartureCity": "\"San Francisco\""
        },
        {
          "ArrivalCity": "api.is_equal_to(\"Los Angeles\")"
        },
        {
          "Date": "\"16th\""
        }
      ],
      "PrimaryItem": {
        "APIName": "meeting_schedule",
        "Day": "Monday",
        "EndTime": "5 pm",
        "GuestName": "Michael",
        "Message": "Your meeting has been successfuly scheduled.",
        "StartTime": "4 pm"
      },
      "UnixTime": 1590537233
    },
    {
      "APIName": "plane_search",
      "Action": "return_item",
      "Agent": "KnowledgeBase",
      "TotalItems": 0
    },
    {
      "Action": "request_suggestions",
      "Agent": "Wizard",
      "Text": "Nothing found.",
      "UnixTime": 1590537236
    },
    {
      "Action": "pick_suggestion",
      "ActionLabel": "plane_inform_nothing_found",
      "ActionLabelOptions": [
        "plane_inform_nothing_found",
        "out_of_scope",
        "plane_ask_arrival_city"
      ],
      "Agent": "Wizard",
      "Text": "Unfortunately there are no flights that match your search. Would you like to change any of your criteria?",
      "UnixTime": 1590537238
    },
    {
      "Action": "utter",
      "Agent": "User",
      "Text": "17",
      "UnixTime": 1590537257
    },
    {
      "APIName": "plane_search",
      "Action": "query",
      "Agent": "Wizard",
      "Constraints": [
        {
          "DepartureCity": "\"San Francisco\""
        },
        {
          "ArrivalCity": "api.is_equal_to(\"Los Angeles\")"
        },
        {
          "Date": "\"17th\""
        }
      ],
      "UnixTime": 1590537272
    },
    {
      "APIName": "plane_search",
      "Action": "return_item",
      "Agent": "KnowledgeBase",
      "Item": {
        "APIName": "plane_search",
        "Airline": "American",
        "ArrivalCity": "Los Angeles",
        "ArrivalTime": "12 pm",
        "Class": "Business",
        "Date": "17th",
        "DepartureCity": "San Francisco",
        "DurationHours": 5,
        "Price": 278,
        "id": 437
      },
      "TotalItems": 1
    },
    {
      "Action": "request_suggestions",
      "Agent": "Wizard",
      "PrimaryItem": {
        "APIName": "plane_search",
        "Airline": "American",
        "ArrivalCity": "Los Angeles",
        "ArrivalTime": "12 pm",
        "Class": "Business",
        "Date": "17th",
        "DepartureCity": "San Francisco",
        "DurationHours": 5,
        "Price": 278,
        "id": 437
      },
      "Text": "available",
      "UnixTime": 1590537361
    },
    {
      "Action": "utter",
      "Agent": "Wizard",
      "PrimaryItem": {
        "APIName": "plane_search",
        "Airline": "American",
        "ArrivalCity": "Los Angeles",
        "ArrivalTime": "12 pm",
        "Class": "Business",
        "Date": "17th",
        "DepartureCity": "San Francisco",
        "DurationHours": 5,
        "Price": 278,
        "id": 437
      },
      "Text": "There is an American flight available.",
      "UnixTime": 1590537371
    },
    {
      "Action": "utter",
      "Agent": "User",
      "Text": "Reserve a table at Lucca ",
      "UnixTime": 1590537402
    },
    {
      "Action": "instruct",
      "Agent": "UserGuide",
      "Text": "Almost there. A few more turns. [instruction 8 of 9]",
      "UnixTime": 1590537402
    },
    {
      "Action": "select_task",
      "Agent": "Wizard",
      "PrimaryItem": {
        "APIName": "plane_search",
        "Airline": "American",
        "ArrivalCity": "Los Angeles",
        "ArrivalTime": "12 pm",
        "Class": "Business",
        "Date": "17th",
        "DepartureCity": "San Francisco",
        "DurationHours": 5,
        "Price": 278,
        "id": 437
      },
      "Task": "restaurant_book",
      "UnixTime": 1590537430
    },
    {
      "Action": "request_suggestions",
      "Agent": "Wizard",
      "PrimaryItem": {
        "APIName": "plane_search",
        "Airline": "American",
        "ArrivalCity": "Los Angeles",
        "ArrivalTime": "12 pm",
        "Class": "Business",
        "Date": "17th",
        "DepartureCity": "San Francisco",
        "DurationHours": 5,
        "Price": 278,
        "id": 437
      },
      "Text": "time",
      "UnixTime": 1590537434
    },
    {
      "Action": "pick_suggestion",
      "ActionLabel": "restaurant_ask_time",
      "ActionLabelOptions": [
        "restaurant_ask_time",
        "plane_ask_date",
        "plane_request_optional",
        "plane_ask_arrival_city",
        "hello",
        "ask_name"
      ],
      "Agent": "Wizard",
      "PrimaryItem": {
        "APIName": "plane_search",
        "Airline": "American",
        "ArrivalCity": "Los Angeles",
        "ArrivalTime": "12 pm",
        "Class": "Business",
        "Date": "17th",
        "DepartureCity": "San Francisco",
        "DurationHours": 5,
        "Price": 278,
        "id": 437
      },
      "Text": "For what time should the reservation be made?",
      "UnixTime": 1590537436
    },
    {
      "Action": "utter",
      "Agent": "User",
      "Text": "8pm",
      "UnixTime": 1590537491
    },
    {
      "Action": "request_suggestions",
      "Agent": "Wizard",
      "PrimaryItem": {
        "APIName": "plane_search",
        "Airline": "American",
        "ArrivalCity": "Los Angeles",
        "ArrivalTime": "12 pm",
        "Class": "Business",
        "Date": "17th",
        "DepartureCity": "San Francisco",
        "DurationHours": 5,
        "Price": 278,
        "id": 437
      },
      "Text": "size",
      "UnixTime": 1590537498
    },
    {
      "Action": "select_task",
      "Agent": "Wizard",
      "PrimaryItem": {
        "APIName": "plane_search",
        "Airline": "American",
        "ArrivalCity": "Los Angeles",
        "ArrivalTime": "12 pm",
        "Class": "Business",
        "Date": "17th",
        "DepartureCity": "San Francisco",
        "DurationHours": 5,
        "Price": 278,
        "id": 437
      },
      "Task": "restaurant_book",
      "UnixTime": 1590537501
    },
    {
      "Action": "request_suggestions",
      "Agent": "Wizard",
      "PrimaryItem": {
        "APIName": "plane_search",
        "Airline": "American",
        "ArrivalCity": "Los Angeles",
        "ArrivalTime": "12 pm",
        "Class": "Business",
        "Date": "17th",
        "DepartureCity": "San Francisco",
        "DurationHours": 5,
        "Price": 278,
        "id": 437
      },
      "Text": "What is your party size?",
      "UnixTime": 1590537507
    },
    {
      "Action": "pick_suggestion",
      "ActionLabel": "restaurant_ask_size",
      "ActionLabelOptions": [
        "restaurant_ask_size",
        "plane_request_optional",
        "plane_ask_arrival_city",
        "plane_ask_date",
        "restaurant_inform_unavailable",
        "out_of_scope"
      ],
      "Agent": "Wizard",
      "PrimaryItem": {
        "APIName": "plane_search",
        "Airline": "American",
        "ArrivalCity": "Los Angeles",
        "ArrivalTime": "12 pm",
        "Class": "Business",
        "Date": "17th",
        "DepartureCity": "San Francisco",
        "DurationHours": 5,
        "Price": 278,
        "id": 437
      },
      "Text": "For how many people should the reservation be made?",
      "UnixTime": 1590537509
    },
    {
      "Action": "utter",
      "Agent": "User",
      "Text": "3",
      "UnixTime": 1590537513
    },
    {
      "APIName": "restaurant_book",
      "Action": "query",
      "Agent": "Wizard",
      "Constraints": [
        {
          "Name": "\"Lucca\""
        },
        {
          "Time": "\"8 pm\""
        },
        {
          "PartySize": "3"
        },
        {
          "CustomerName": "\"Tyler Jones\""
        },
        {
          "RequestType": "\"Check\""
        }
      ],
      "PrimaryItem": {
        "APIName": "plane_search",
        "Airline": "American",
        "ArrivalCity": "Los Angeles",
        "ArrivalTime": "12 pm",
        "Class": "Business",
        "Date": "17th",
        "DepartureCity": "San Francisco",
        "DurationHours": 5,
        "Price": 278,
        "id": 437
      },
      "UnixTime": 1590537544
    },
    {
      "APIName": "restaurant_book",
      "Action": "return_item",
      "Agent": "KnowledgeBase",
      "Item": {
        "APIName": "restaurant_book",
        "Message": "Available",
        "RestaurantName": "Lucca"
      },
      "TotalItems": -1
    },
    {
      "Action": "request_suggestions",
      "Agent": "Wizard",
      "PrimaryItem": {
        "APIName": "restaurant_book",
        "Message": "Available",
        "RestaurantName": "Lucca"
      },
      "Text": "Available",
      "UnixTime": 1590537549
    },
    {
      "Action": "pick_suggestion",
      "ActionLabel": "restaurant_ask_confirm_booking",
      "ActionLabelOptions": [
        "restaurant_inform_booking_successful",
        "restaurant_ask_confirm_booking",
        "hello"
      ],
      "Agent": "Wizard",
      "PrimaryItem": {
        "APIName": "restaurant_book",
        "Message": "Available",
        "RestaurantName": "Lucca"
      },
      "Text": "Great, the Lucca is happy to accommodate you.\nCan I confirm your reservation with them?",
      "UnixTime": 1590537551
    },
    {
      "Action": "utter",
      "Agent": "User",
      "Text": "Reserve it please",
      "UnixTime": 1590537567
    },
    {
      "Action": "instruct",
      "Agent": "UserGuide",
      "Text": "Ok, once you've touched on all the topics ('looking for a flight', 'schedule a meeting', 'RSVP to a party' and 'book a table at a restaurant') and engaged in some smalltalk, you can bring the conversation to a natural close. [instruction 9 of 9]",
      "UnixTime": 1590537567
    },
    {
      "APIName": "restaurant_book",
      "Action": "query",
      "Agent": "Wizard",
      "Constraints": [
        {
          "Name": "\"Lucca\""
        },
        {
          "Time": "\"8 pm\""
        },
        {
          "PartySize": "3"
        },
        {
          "CustomerName": "\"Tyler Jones\""
        },
        {
          "RequestType": "\"Book\""
        }
      ],
      "PrimaryItem": {
        "APIName": "restaurant_book",
        "Message": "Available",
        "RestaurantName": "Lucca"
      },
      "UnixTime": 1590537587
    },
    {
      "APIName": "restaurant_book",
      "Action": "return_item",
      "Agent": "KnowledgeBase",
      "Item": {
        "APIName": "restaurant_book",
        "ReservationStatus": "Reservation Confirmed",
        "RestaurantName": "Lucca"
      },
      "TotalItems": -1
    },
    {
      "Action": "request_suggestions",
      "Agent": "Wizard",
      "PrimaryItem": {
        "APIName": "restaurant_book",
        "ReservationStatus": "Reservation Confirmed",
        "RestaurantName": "Lucca"
      },
      "Text": "Reservation Confirmed",
      "UnixTime": 1590537590
    },
    {
      "Action": "pick_suggestion",
      "ActionLabel": "restaurant_inform_booking_successful",
      "ActionLabelOptions": [
        "restaurant_inform_booking_failed",
        "restaurant_inform_booking_successful",
        "restaurant_ask_confirm_booking"
      ],
      "Agent": "Wizard",
      "PrimaryItem": {
        "APIName": "restaurant_book",
        "ReservationStatus": "Reservation Confirmed",
        "RestaurantName": "Lucca"
      },
      "Text": "Excellent, your reservation at the Lucca is confirmed!",
      "UnixTime": 1590537592
    },
    {
      "Action": "utter",
      "Agent": "User",
      "Text": "Rsvp me to a party west bay",
      "UnixTime": 1590537616
    },
    {
      "Action": "select_task",
      "Agent": "Wizard",
      "PrimaryItem": {
        "APIName": "restaurant_book",
        "ReservationStatus": "Reservation Confirmed",
        "RestaurantName": "Lucca"
      },
      "Task": "party_rsvp",
      "UnixTime": 1590537640
    },
    {
      "Action": "request_suggestions",
      "Agent": "Wizard",
      "PrimaryItem": {
        "APIName": "restaurant_book",
        "ReservationStatus": "Reservation Confirmed",
        "RestaurantName": "Lucca"
      },
      "Text": "host nam,e",
      "UnixTime": 1590537644
    },
    {
      "Action": "pick_suggestion",
      "ActionLabel": "party_ask_host",
      "ActionLabelOptions": [
        "party_ask_host",
        "party_ask_arrival_time",
        "restaurant_ask_confirm_booking",
        "party_ask_number_of_guests",
        "restaurant_ask_restaurant",
        "restaurant_inform_unavailable"
      ],
      "Agent": "Wizard",
      "PrimaryItem": {
        "APIName": "restaurant_book",
        "ReservationStatus": "Reservation Confirmed",
        "RestaurantName": "Lucca"
      },
      "Text": "Could you provide me with the name of the host, please?",
      "UnixTime": 1590537646
    },
    {
      "Action": "utter",
      "Agent": "User",
      "Text": "John",
      "UnixTime": 1590537665
    },
    {
      "Action": "request_suggestions",
      "Agent": "Wizard",
      "PrimaryItem": {
        "APIName": "restaurant_book",
        "ReservationStatus": "Reservation Confirmed",
        "RestaurantName": "Lucca"
      },
      "Text": "arrival",
      "UnixTime": 1590537683
    },
    {
      "Action": "pick_suggestion",
      "ActionLabel": "party_ask_arrival_time",
      "ActionLabelOptions": [
        "hello",
        "party_ask_arrival_time",
        "restaurant_ask_restaurant",
        "ask_name",
        "restaurant_ask_time",
        "party_ask_parking_needed"
      ],
      "Agent": "Wizard",
      "PrimaryItem": {
        "APIName": "restaurant_book",
        "ReservationStatus": "Reservation Confirmed",
        "RestaurantName": "Lucca"
      },
      "Text": "When are you planning to arrive at the party?",
      "UnixTime": 1590537685
    },
    {
      "Action": "utter",
      "Agent": "User",
      "Text": "6pm",
      "UnixTime": 1590537699
    },
    {
      "Action": "request_suggestions",
      "Agent": "Wizard",
      "PrimaryItem": {
        "APIName": "restaurant_book",
        "ReservationStatus": "Reservation Confirmed",
        "RestaurantName": "Lucca"
      },
      "Text": "guest",
      "UnixTime": 1590537727
    },
    {
      "Action": "pick_suggestion",
      "ActionLabel": "party_ask_number_of_guests",
      "ActionLabelOptions": [
        "party_ask_number_of_guests",
        "goodbye_1",
        "restaurant_ask_time",
        "hello",
        "restaurant_inform_booking_successful",
        "party_confirm_rsvp"
      ],
      "Agent": "Wizard",
      "PrimaryItem": {
        "APIName": "restaurant_book",
        "ReservationStatus": "Reservation Confirmed",
        "RestaurantName": "Lucca"
      },
      "Text": "How many guests will you be bringing with you?",
      "UnixTime": 1590537729
    },
    {
      "Action": "utter",
      "Agent": "User",
      "Text": "7",
      "UnixTime": 1590537735
    },
    {
      "Action": "request_suggestions",
      "Agent": "Wizard",
      "PrimaryItem": {
        "APIName": "restaurant_book",
        "ReservationStatus": "Reservation Confirmed",
        "RestaurantName": "Lucca"
      },
      "Text": "parking",
      "UnixTime": 1590537779
    },
    {
      "Action": "pick_suggestion",
      "ActionLabel": "party_ask_parking_needed",
      "ActionLabelOptions": [
        "party_ask_parking_needed",
        "out_of_scope",
        "restaurant_inform_booking_failed",
        "hello",
        "party_ask_arrival_time",
        "party_ask_venue"
      ],
      "Agent": "Wizard",
      "PrimaryItem": {
        "APIName": "restaurant_book",
        "ReservationStatus": "Reservation Confirmed",
        "RestaurantName": "Lucca"
      },
      "Text": "Do you require parking at the venue?",
      "UnixTime": 1590537781
    },
    {
      "Action": "utter",
      "Agent": "User",
      "Text": "No",
      "UnixTime": 1590537790
    },
    {
      "APIName": "party_rsvp",
      "Action": "query",
      "Agent": "Wizard",
      "Constraints": [
        {
          "Name": "api.is_equal_to(\"Southside Venue\")"
        },
        {
          "HostName": "\"John\""
        },
        {
          "GuestName": "\"Tyler Jones\""
        },
        {
          "ArrivalTime": "\"6 pm\""
        },
        {
          "NumberGuests": "7"
        },
        {
          "NeedParking": "\"No\""
        }
      ],
      "PrimaryItem": {
        "APIName": "restaurant_book",
        "ReservationStatus": "Reservation Confirmed",
        "RestaurantName": "Lucca"
      },
      "UnixTime": 1590537794
    },
    {
      "APIName": "party_rsvp",
      "Action": "return_item",
      "Agent": "KnowledgeBase",
      "Item": {
        "APIName": "party_rsvp",
        "Message": "Thank you for your RSVP. See you there."
      },
      "TotalItems": -1
    },
    {
      "Action": "request_suggestions",
      "Agent": "Wizard",
      "PrimaryItem": {
        "APIName": "party_rsvp",
        "Message": "Thank you for your RSVP. See you there."
      },
      "Text": "Thank you for your RSVP. See you there.",
      "UnixTime": 1590537798
    },
    {
      "Action": "pick_suggestion",
      "ActionLabel": "party_confirm_rsvp",
      "ActionLabelOptions": [
        "party_confirm_rsvp",
        "party_ask_arrival_time",
        "party_ask_number_of_guests"
      ],
      "Agent": "Wizard",
      "PrimaryItem": {
        "APIName": "party_rsvp",
        "Message": "Thank you for your RSVP. See you there."
      },
      "Text": "Great, your rsvp is all done and confirmed!",
      "UnixTime": 1590537800
    },
    {
      "Action": "utter",
      "Agent": "User",
      "Text": "Thanks that would be all for today ",
      "UnixTime": 1590537809
    },
    {
      "Action": "request_suggestions",
      "Agent": "Wizard",
      "PrimaryItem": {
        "APIName": "party_rsvp",
        "Message": "Thank you for your RSVP. See you there."
      },
      "Text": "Bye",
      "UnixTime": 1590537828
    },
    {
      "Action": "pick_suggestion",
      "ActionLabel": "goodbye_1",
      "ActionLabelOptions": [
        "goodbye_1",
        "party_ask_parking_needed",
        "out_of_scope"
      ],
      "Agent": "Wizard",
      "PrimaryItem": {
        "APIName": "party_rsvp",
        "Message": "Thank you for your RSVP. See you there."
      },
      "Text": "Thank you and goodbye.",
      "UnixTime": 1590537830
    },
    {
      "Action": "complete",
      "Agent": "User",
      "UnixTime": 1590537850
    }
  ],
  "FORMAT-VERSION": 7,
  "IntroducesConflicts": false,
  "Scenario": {
    "Domains": [
      "hotel",
      "meeting",
      "party",
      "plane",
      "restaurant"
    ],
    "Happy": false,
    "MultiTask": true,
    "UserTask": "Come up with your own scenario!\n\nAbout you:\n- Your name: Tyler Jones\n- Your current location: Hilton Hotel\n- Today is Saturday the 15th, 2 pm\n\n The AI Assistant can handle:\n- Searching for flights (e.g. from San Francisco to Los Angeles or Detroit)\n- Schedule a meeting\n- Reserving a table at a restaurant (e.g. Lucca or Tamarind) for today\n- RSVP you to a party (Example venues: West Bay Venue or Southside Venue)\n- Request room service",
    "WizardCapabilities": [
      {
        "Domain": "plane",
        "SchemaImage": "plane_search.jpg",
        "Task": "plane_search"
      },
      {
        "Domain": "meeting",
        "SchemaImage": "meeting_schedule.jpg",
        "Task": "meeting_schedule"
      },
      {
        "Domain": "restaurant",
        "SchemaImage": "restaurant_book.jpg",
        "Task": "restaurant_book"
      },
      {
        "Domain": "party",
        "SchemaImage": "party_rsvp.jpg",
        "Task": "party_rsvp"
      },
      {
        "Domain": "hotel",
        "SchemaImage": "hotel_service_request.jpg",
        "Task": "hotel_service_request"
      }
    ],
    "WizardTask": "Follow the flow charts and help the user. Assume:\n\n- Today is Saturday the 15th, 2 pm"
  },
  "UserQuestionnaire": [
    {
      "Answer": true,
      "Question": "Did the assistant stay calm and helpful throughout the dialogue?"
    }
  ],
  "WizardQuestionnaire": [
    {
      "Answer": false,
      "Question": "Did the user change his/her mind about what he/she wants at any time?"
    },
    {
      "Answer": false,
      "Question": "Did the user become aggressive or annoyed during the dialogue? (Note: some users may be instructed to be annoying.)"
    },
    {
      "Answer": false,
      "Question": "Where you unsure about what to do at any time? (Feel free to send us an email with details.)"
    }
  ]
}