{
  "AnonymizedUserWorkerID": "d063746c-0ca1-ad09-7159-11880a755cd0",
  "AnonymizedWizardWorkerID": "73cd3146-78b3-8662-261e-62d39ac21292",
  "BatchID": "woz_1590513462",
  "CompletionLevel": "Complete",
  "DialogueID": 6437,
  "Events": [
    {
      "Action": "instruct",
      "Agent": "UserGuide",
      "Text": "Use your imagination to generate a conversation about the topics 'Reserving a table at a restaurant', 'Bank balance checking' and 'Filing a bank fraud report' (in any order), as shown on the left. You may also play up to two rounds of trivia with the assistant.  [instruction 1 of 9]",
      "UnixTime": 1590532118
    },
    {
      "Action": "utter",
      "Agent": "User",
      "Text": "Can I check my ballanc?",
      "UnixTime": 1590532139
    },
    {
      "Action": "request_suggestions",
      "Agent": "Wizard",
      "Text": "what is your name?",
      "UnixTime": 1590532150
    },
    {
      "Action": "pick_suggestion",
      "ActionLabel": "ask_name",
      "ActionLabelOptions": [
        "ask_name",
        "restaurant_ask_restaurant",
        "restaurant_ask_time"
      ],
      "Agent": "Wizard",
      "Text": "May I have your name, please?",
      "UnixTime": 1590532174
    },
    {
      "Action": "utter",
      "Agent": "User",
      "Text": "153531981 at Chase,",
      "UnixTime": 1590532182
    },
    {
      "Action": "request_suggestions",
      "Agent": "Wizard",
      "Text": "your name",
      "UnixTime": 1590532196
    },
    {
      "Action": "pick_suggestion",
      "ActionLabel": "ask_name",
      "ActionLabelOptions": [
        "ask_name",
        "restaurant_ask_restaurant",
        "restaurant_ask_time"
      ],
      "Agent": "Wizard",
      "Text": "May I have your name, please?",
      "UnixTime": 1590532198
    },
    {
      "Action": "utter",
      "Agent": "User",
      "Text": "Tyler Jones",
      "UnixTime": 1590532209
    },
    {
      "Action": "instruct",
      "Agent": "UserGuide",
      "Text": "You may attempt to do some smalltalk with the AI Assistant at any time. [instruction 2 of 9]",
      "UnixTime": 1590532209
    },
    {
      "Action": "request_suggestions",
      "Agent": "Wizard",
      "Text": "I need the PIN",
      "UnixTime": 1590532227
    },
    {
      "Action": "select_task",
      "Agent": "Wizard",
      "Task": "bank_balance",
      "UnixTime": 1590532236
    },
    {
      "Action": "request_suggestions",
      "Agent": "Wizard",
      "Text": "Your pin",
      "UnixTime": 1590532248
    },
    {
      "Action": "pick_suggestion",
      "ActionLabel": "bank_ask_pin",
      "ActionLabelOptions": [
        "bank_ask_pin",
        "out_of_scope",
        "bank_ask_childhood_pets_name"
      ],
      "Agent": "Wizard",
      "Text": "Right, and your PIN as well please.",
      "UnixTime": 1590532250
    },
    {
      "Action": "utter",
      "Agent": "User",
      "Text": "Im sorry, how are you doing today? Its been a long day for me",
      "UnixTime": 1590532272
    },
    {
      "Action": "request_suggestions",
      "Agent": "Wizard",
      "Text": "Hello",
      "UnixTime": 1590532314
    },
    {
      "Action": "pick_suggestion",
      "ActionLabel": "hello",
      "ActionLabelOptions": [
        "hello",
        "bank_inform_nothing_found",
        "bank_ask_account_number"
      ],
      "Agent": "Wizard",
      "Text": "Hello, how can I help?",
      "UnixTime": 1590532316
    },
    {
      "Action": "utter",
      "Agent": "User",
      "Text": "Can you check my account I dont have my pin number. ",
      "UnixTime": 1590532340
    },
    {
      "Action": "request_suggestions",
      "Agent": "Wizard",
      "Text": "what is your date of birth?",
      "UnixTime": 1590532386
    },
    {
      "Action": "pick_suggestion",
      "ActionLabel": "bank_ask_dob",
      "ActionLabelOptions": [
        "bank_ask_dob",
        "out_of_scope",
        "bank_inform_cannot_authenticate"
      ],
      "Agent": "Wizard",
      "Text": "Could you provide your date of birth, please?",
      "UnixTime": 1590532390
    },
    {
      "Action": "utter",
      "Agent": "User",
      "Text": "29/02/1980",
      "UnixTime": 1590532402
    },
    {
      "Action": "request_suggestions",
      "Agent": "Wizard",
      "Text": "what is your mother's name?",
      "UnixTime": 1590532422
    },
    {
      "Action": "pick_suggestion",
      "ActionLabel": "bank_ask_mothers_maiden_name",
      "ActionLabelOptions": [
        "bank_ask_mothers_maiden_name",
        "ask_name",
        "out_of_scope"
      ],
      "Agent": "Wizard",
      "Text": "What was your mother's maiden name?",
      "UnixTime": 1590532425
    },
    {
      "Action": "utter",
      "Agent": "User",
      "Text": "Sanchez",
      "UnixTime": 1590532437
    },
    {
      "Action": "instruct",
      "Agent": "UserGuide",
      "Text": "If you haven't yet, it's time to change topic. You can also go back and forth between topics. [instruction 3 of 9]",
      "UnixTime": 1590532437
    },
    {
      "Action": "request_suggestions",
      "Agent": "Wizard",
      "Text": "what is your pet?",
      "UnixTime": 1590532446
    },
    {
      "Action": "pick_suggestion",
      "ActionLabel": "bank_ask_childhood_pets_name",
      "ActionLabelOptions": [
        "bank_ask_childhood_pets_name",
        "bank_ask_dob",
        "bank_ask_pin"
      ],
      "Agent": "Wizard",
      "Text": "And what was the name of the pet you had as a child?",
      "UnixTime": 1590532449
    },
    {
      "Action": "utter",
      "Agent": "User",
      "Text": "Poppy",
      "UnixTime": 1590532454
    },
    {
      "Action": "instruct",
      "Agent": "UserGuide",
      "Text": "If it makes sense, use some negations ('I don't want', or 'anything but ...', etc.) [instruction 4 of 9]",
      "UnixTime": 1590532454
    },
    {
      "Action": "select_task",
      "Agent": "Wizard",
      "Task": "bank_balance",
      "UnixTime": 1590532477
    },
    {
      "APIName": "bank_balance",
      "Action": "query",
      "Agent": "Wizard",
      "Constraints": [
        {
          "BankName": "api.is_equal_to(\"Chase\")"
        },
        {
          "FullName": "\"Tyler Jones\""
        },
        {
          "DateOfBirth": "\"29/02/1980\""
        },
        {
          "AccountNumber": "153531981 "
        },
        {
          "SecurityAnswer1": "\"Sanchez\""
        },
        {
          "SecurityAnswer2": "\"Poppy\""
        }
      ],
      "UnixTime": 1590532546
    },
    {
      "APIName": "bank_balance",
      "Action": "return_item",
      "Agent": "KnowledgeBase",
      "Item": {
        "APIName": "bank_balance",
        "BankBalance": 5997,
        "BankName": "Chase",
        "id": 305
      },
      "TotalItems": -1
    },
    {
      "Action": "request_suggestions",
      "Agent": "Wizard",
      "PrimaryItem": {
        "APIName": "bank_balance",
        "BankBalance": 5997,
        "BankName": "Chase",
        "id": 305
      },
      "Text": "you have 5997",
      "UnixTime": 1590532559
    },
    {
      "Action": "pick_suggestion",
      "ActionLabel": "bank_inform_balance",
      "ActionLabelOptions": [
        "bank_inform_balance",
        "out_of_scope",
        "bank_ask_pin"
      ],
      "Agent": "Wizard",
      "PrimaryItem": {
        "APIName": "bank_balance",
        "BankBalance": 5997,
        "BankName": "Chase",
        "id": 305
      },
      "Text": "Your current balance is 5997 in credit.",
      "UnixTime": 1590532562
    },
    {
      "Action": "utter",
      "Agent": "User",
      "Text": "Oh thats great I think I can afford to go to dinner. Lets make a reservation",
      "UnixTime": 1590532619
    },
    {
      "Action": "instruct",
      "Agent": "UserGuide",
      "Text": "If you like, you can ask for a game of trivia at any point. But don't play more than two rounds. [instruction 5 of 9]",
      "UnixTime": 1590532619
    },
    {
      "Action": "select_task",
      "Agent": "Wizard",
      "PrimaryItem": {
        "APIName": "bank_balance",
        "BankBalance": 5997,
        "BankName": "Chase",
        "id": 305
      },
      "Task": "restaurant_book",
      "UnixTime": 1590532628
    },
    {
      "Action": "request_suggestions",
      "Agent": "Wizard",
      "PrimaryItem": {
        "APIName": "bank_balance",
        "BankBalance": 5997,
        "BankName": "Chase",
        "id": 305
      },
      "Text": "which restaurant?",
      "UnixTime": 1590532644
    },
    {
      "Action": "pick_suggestion",
      "ActionLabel": "restaurant_ask_restaurant",
      "ActionLabelOptions": [
        "restaurant_ask_restaurant",
        "bank_ask_childhood_pets_name",
        "hello",
        "ask_name",
        "restaurant_ask_time",
        "out_of_scope"
      ],
      "Agent": "Wizard",
      "PrimaryItem": {
        "APIName": "bank_balance",
        "BankBalance": 5997,
        "BankName": "Chase",
        "id": 305
      },
      "Text": "What restaurant would you like to go to?",
      "UnixTime": 1590532648
    },
    {
      "Action": "utter",
      "Agent": "User",
      "Text": "Lets Check the Porch",
      "UnixTime": 1590532674
    },
    {
      "Action": "request_suggestions",
      "Agent": "Wizard",
      "PrimaryItem": {
        "APIName": "bank_balance",
        "BankBalance": 5997,
        "BankName": "Chase",
        "id": 305
      },
      "Text": "what time?",
      "UnixTime": 1590532707
    },
    {
      "Action": "pick_suggestion",
      "ActionLabel": "restaurant_ask_time",
      "ActionLabelOptions": [
        "restaurant_ask_time",
        "bank_ask_dob",
        "bank_ask_account_number",
        "ask_name",
        "ask_name",
        "restaurant_ask_restaurant"
      ],
      "Agent": "Wizard",
      "PrimaryItem": {
        "APIName": "bank_balance",
        "BankBalance": 5997,
        "BankName": "Chase",
        "id": 305
      },
      "Text": "For what time should the reservation be made?",
      "UnixTime": 1590532712
    },
    {
      "Action": "utter",
      "Agent": "User",
      "Text": "how about 7 pm",
      "UnixTime": 1590532724
    },
    {
      "Action": "instruct",
      "Agent": "UserGuide",
      "Text": "Keep going :) - don't forget some smalltalk. Perhaps say something related to the first topic you talked about. [instruction 6 of 9]",
      "UnixTime": 1590532724
    },
    {
      "Action": "request_suggestions",
      "Agent": "Wizard",
      "PrimaryItem": {
        "APIName": "bank_balance",
        "BankBalance": 5997,
        "BankName": "Chase",
        "id": 305
      },
      "Text": "How many people will be attending?",
      "UnixTime": 1590532764
    },
    {
      "Action": "pick_suggestion",
      "ActionLabel": "restaurant_ask_size",
      "ActionLabelOptions": [
        "restaurant_ask_size",
        "bank_ask_dob",
        "bank_ask_childhood_pets_name",
        "ask_name",
        "hello",
        "out_of_scope"
      ],
      "Agent": "Wizard",
      "PrimaryItem": {
        "APIName": "bank_balance",
        "BankBalance": 5997,
        "BankName": "Chase",
        "id": 305
      },
      "Text": "For how many people should the reservation be made?",
      "UnixTime": 1590532766
    },
    {
      "Action": "utter",
      "Agent": "User",
      "Text": "Hang on one second, I need to chack with my wife.  Im so glad its warm again arent you?",
      "UnixTime": 1590532805
    },
    {
      "Action": "request_suggestions",
      "Agent": "Wizard",
      "PrimaryItem": {
        "APIName": "bank_balance",
        "BankBalance": 5997,
        "BankName": "Chase",
        "id": 305
      },
      "Text": "What can I do for you?",
      "UnixTime": 1590532827
    },
    {
      "Action": "pick_suggestion",
      "ActionLabel": "anything_else",
      "ActionLabelOptions": [
        "anything_else",
        "anything_else",
        "out_of_scope",
        "hello",
        "out_of_scope",
        "hello"
      ],
      "Agent": "Wizard",
      "PrimaryItem": {
        "APIName": "bank_balance",
        "BankBalance": 5997,
        "BankName": "Chase",
        "id": 305
      },
      "Text": "Is there anything else that I can do for you?",
      "UnixTime": 1590532831
    },
    {
      "Action": "utter",
      "Agent": "User",
      "Text": "While I am waiting, lets play some trivia",
      "UnixTime": 1590532849
    },
    {
      "Action": "instruct",
      "Agent": "UserGuide",
      "Text": "Keep going until you've covered all the topics (reserving a table at a restaurant, bank balance checking, and bank fraud report). The conversation should continue at least until the last instruction is given. [instruction 7 of 9]",
      "UnixTime": 1590532849
    },
    {
      "Action": "select_task",
      "Agent": "Wizard",
      "PrimaryItem": {
        "APIName": "bank_balance",
        "BankBalance": 5997,
        "BankName": "Chase",
        "id": 305
      },
      "Task": "trivia",
      "UnixTime": 1590532869
    },
    {
      "Action": "request_suggestions",
      "Agent": "Wizard",
      "PrimaryItem": {
        "APIName": "bank_balance",
        "BankBalance": 5997,
        "BankName": "Chase",
        "id": 305
      },
      "Text": "question number?",
      "UnixTime": 1590532898
    },
    {
      "Action": "pick_suggestion",
      "ActionLabel": "trivia_ask_question_number",
      "ActionLabelOptions": [
        "trivia_ask_question_number",
        "bank_ask_dob",
        "bank_ask_account_number",
        "out_of_scope",
        "trivia_inform_nothing_found",
        "trivia_inform_answer_correct_ask_next"
      ],
      "Agent": "Wizard",
      "PrimaryItem": {
        "APIName": "bank_balance",
        "BankBalance": 5997,
        "BankName": "Chase",
        "id": 305
      },
      "Text": "At what question would you like to start?",
      "UnixTime": 1590532901
    },
    {
      "Action": "utter",
      "Agent": "User",
      "Text": "number 7",
      "UnixTime": 1590532912
    },
    {
      "APIName": "trivia",
      "Action": "query",
      "Agent": "Wizard",
      "Constraints": [
        {
          "QuestionNum": "7"
        }
      ],
      "PrimaryItem": {
        "APIName": "bank_balance",
        "BankBalance": 5997,
        "BankName": "Chase",
        "id": 305
      },
      "UnixTime": 1590532926
    },
    {
      "APIName": "trivia",
      "Action": "return_item",
      "Agent": "KnowledgeBase",
      "Item": {
        "APIName": "trivia",
        "Answer": "do not iron",
        "Question": "A 300,000 pound wedding dress made of platinum was once exhibited, and in the instructions from the designer was a warning. What was it"
      },
      "TotalItems": -1
    },
    {
      "Action": "request_suggestions",
      "Agent": "Wizard",
      "PrimaryItem": {
        "APIName": "trivia",
        "Answer": "do not iron",
        "Question": "A 300,000 pound wedding dress made of platinum was once exhibited, and in the instructions from the designer was a warning. What was it"
      },
      "Text": "a 300000 pound wedding dress",
      "UnixTime": 1590532945
    },
    {
      "Action": "pick_suggestion",
      "ActionLabel": "trivia_ask_question",
      "ActionLabelOptions": [
        "trivia_ask_question",
        "hello",
        "anything_else"
      ],
      "Agent": "Wizard",
      "PrimaryItem": {
        "APIName": "trivia",
        "Answer": "do not iron",
        "Question": "A 300,000 pound wedding dress made of platinum was once exhibited, and in the instructions from the designer was a warning. What was it"
      },
      "Text": "A 300,000 pound wedding dress made of platinum was once exhibited, and in the instructions from the designer was a warning. What was it",
      "UnixTime": 1590532948
    },
    {
      "Action": "utter",
      "Agent": "User",
      "Text": "Do not Iron?",
      "UnixTime": 1590532969
    },
    {
      "Action": "instruct",
      "Agent": "UserGuide",
      "Text": "Almost there. A few more turns. [instruction 8 of 9]",
      "UnixTime": 1590532969
    },
    {
      "Action": "request_suggestions",
      "Agent": "Wizard",
      "PrimaryItem": {
        "APIName": "trivia",
        "Answer": "do not iron",
        "Question": "A 300,000 pound wedding dress made of platinum was once exhibited, and in the instructions from the designer was a warning. What was it"
      },
      "Text": "you got it right",
      "UnixTime": 1590532984
    },
    {
      "Action": "pick_suggestion",
      "ActionLabel": "trivia_inform_answer_correct_ask_next",
      "ActionLabelOptions": [
        "trivia_bye",
        "trivia_inform_answer_correct_ask_next",
        "trivia_inform_answer_incorrect_ask_next"
      ],
      "Agent": "Wizard",
      "PrimaryItem": {
        "APIName": "trivia",
        "Answer": "do not iron",
        "Question": "A 300,000 pound wedding dress made of platinum was once exhibited, and in the instructions from the designer was a warning. What was it"
      },
      "Text": "Your answer was correct! Great job! Would you like to continue playing?",
      "UnixTime": 1590532987
    },
    {
      "Action": "utter",
      "Agent": "User",
      "Text": "Okay shes back, Lets go back to my reservation",
      "UnixTime": 1590533016
    },
    {
      "Action": "request_suggestions",
      "Agent": "Wizard",
      "PrimaryItem": {
        "APIName": "trivia",
        "Answer": "do not iron",
        "Question": "A 300,000 pound wedding dress made of platinum was once exhibited, and in the instructions from the designer was a warning. What was it"
      },
      "Text": "For how many people should I book?",
      "UnixTime": 1590533051
    },
    {
      "Action": "select_task",
      "Agent": "Wizard",
      "PrimaryItem": {
        "APIName": "trivia",
        "Answer": "do not iron",
        "Question": "A 300,000 pound wedding dress made of platinum was once exhibited, and in the instructions from the designer was a warning. What was it"
      },
      "Task": "restaurant_book",
      "UnixTime": 1590533062
    },
    {
      "Action": "request_suggestions",
      "Agent": "Wizard",
      "PrimaryItem": {
        "APIName": "trivia",
        "Answer": "do not iron",
        "Question": "A 300,000 pound wedding dress made of platinum was once exhibited, and in the instructions from the designer was a warning. What was it"
      },
      "Text": "for how many people?",
      "UnixTime": 1590533071
    },
    {
      "Action": "pick_suggestion",
      "ActionLabel": "restaurant_ask_size",
      "ActionLabelOptions": [
        "restaurant_ask_size",
        "trivia_ask_question_number",
        "trivia_inform_answer_correct_ask_next",
        "hello",
        "out_of_scope",
        "hello"
      ],
      "Agent": "Wizard",
      "PrimaryItem": {
        "APIName": "trivia",
        "Answer": "do not iron",
        "Question": "A 300,000 pound wedding dress made of platinum was once exhibited, and in the instructions from the designer was a warning. What was it"
      },
      "Text": "For how many people should the reservation be made?",
      "UnixTime": 1590533075
    },
    {
      "Action": "utter",
      "Agent": "User",
      "Text": "10 total",
      "UnixTime": 1590533110
    },
    {
      "APIName": "restaurant_book",
      "Action": "query",
      "Agent": "Wizard",
      "Constraints": [
        {
          "Name": "\"The Porch\""
        },
        {
          "Time": "\"7 pm\""
        },
        {
          "PartySize": "10"
        },
        {
          "CustomerName": "\"Tyler Jones\""
        },
        {
          "RequestType": "\"Check\""
        }
      ],
      "PrimaryItem": {
        "APIName": "trivia",
        "Answer": "do not iron",
        "Question": "A 300,000 pound wedding dress made of platinum was once exhibited, and in the instructions from the designer was a warning. What was it"
      },
      "UnixTime": 1590533151
    },
    {
      "APIName": "restaurant_book",
      "Action": "return_item",
      "Agent": "KnowledgeBase",
      "Item": {
        "APIName": "restaurant_book",
        "Message": "Unavailable",
        "RestaurantName": "The Porch"
      },
      "TotalItems": -1
    },
    {
      "Action": "request_suggestions",
      "Agent": "Wizard",
      "PrimaryItem": {
        "APIName": "restaurant_book",
        "Message": "Unavailable",
        "RestaurantName": "The Porch"
      },
      "Text": "unavailable",
      "UnixTime": 1590533158
    },
    {
      "Action": "pick_suggestion",
      "ActionLabel": "restaurant_inform_unavailable",
      "ActionLabelOptions": [
        "hello",
        "restaurant_inform_unavailable",
        "restaurant_inform_booking_failed"
      ],
      "Agent": "Wizard",
      "PrimaryItem": {
        "APIName": "restaurant_book",
        "Message": "Unavailable",
        "RestaurantName": "The Porch"
      },
      "Text": "I am sorry, but it looks like the restaurant is not able to accomodate you.",
      "UnixTime": 1590533161
    },
    {
      "Action": "utter",
      "Agent": "User",
      "Text": "Well shoot lets try Taramid then",
      "UnixTime": 1590533186
    },
    {
      "Action": "instruct",
      "Agent": "UserGuide",
      "Text": "Ok, once you've touched on all the topics (restaurant, bank balance checking, and bank fraud report) and engaged in some smalltalk, you can bring the conversation to a natural close. [instruction 9 of 9]",
      "UnixTime": 1590533186
    },
    {
      "APIName": "restaurant_book",
      "Action": "query",
      "Agent": "Wizard",
      "Constraints": [
        {
          "Name": "\"Tamarind\""
        },
        {
          "Time": "\"7 pm\""
        },
        {
          "PartySize": "10"
        },
        {
          "CustomerName": "\"Tyler Jones\""
        },
        {
          "RequestType": "\"Check\""
        }
      ],
      "PrimaryItem": {
        "APIName": "restaurant_book",
        "Message": "Unavailable",
        "RestaurantName": "The Porch"
      },
      "UnixTime": 1590533207
    },
    {
      "APIName": "restaurant_book",
      "Action": "return_item",
      "Agent": "KnowledgeBase",
      "Item": {
        "APIName": "restaurant_book",
        "Message": "Unavailable",
        "RestaurantName": "Tamarind"
      },
      "TotalItems": -1
    },
    {
      "Action": "request_suggestions",
      "Agent": "Wizard",
      "PrimaryItem": {
        "APIName": "restaurant_book",
        "Message": "Unavailable",
        "RestaurantName": "Tamarind"
      },
      "Text": "not available",
      "UnixTime": 1590533216
    },
    {
      "Action": "pick_suggestion",
      "ActionLabel": "restaurant_inform_unavailable",
      "ActionLabelOptions": [
        "restaurant_inform_unavailable",
        "hello",
        "restaurant_inform_booking_successful"
      ],
      "Agent": "Wizard",
      "PrimaryItem": {
        "APIName": "restaurant_book",
        "Message": "Unavailable",
        "RestaurantName": "Tamarind"
      },
      "Text": "I am sorry, but it looks like the restaurant is not able to accomodate you.",
      "UnixTime": 1590533218
    },
    {
      "Action": "utter",
      "Agent": "User",
      "Text": "how about at 8pm?",
      "UnixTime": 1590533263
    },
    {
      "APIName": "restaurant_book",
      "Action": "query",
      "Agent": "Wizard",
      "Constraints": [
        {
          "Name": "\"Tamarind\""
        },
        {
          "Time": "\"8 pm\""
        },
        {
          "PartySize": "10"
        },
        {
          "CustomerName": "\"Tyler Jones\""
        },
        {
          "RequestType": "\"Check\""
        }
      ],
      "PrimaryItem": {
        "APIName": "restaurant_book",
        "Message": "Unavailable",
        "RestaurantName": "Tamarind"
      },
      "UnixTime": 1590533297
    },
    {
      "APIName": "restaurant_book",
      "Action": "return_item",
      "Agent": "KnowledgeBase",
      "Item": {
        "APIName": "restaurant_book",
        "Message": "Available",
        "RestaurantName": "Tamarind"
      },
      "TotalItems": -1
    },
    {
      "Action": "request_suggestions",
      "Agent": "Wizard",
      "PrimaryItem": {
        "APIName": "restaurant_book",
        "Message": "Available",
        "RestaurantName": "Tamarind"
      },
      "Text": "it is available",
      "UnixTime": 1590533304
    },
    {
      "Action": "pick_suggestion",
      "ActionLabel": "restaurant_inform_booking_successful",
      "ActionLabelOptions": [
        "restaurant_inform_booking_successful",
        "restaurant_inform_unavailable",
        "restaurant_ask_time"
      ],
      "Agent": "Wizard",
      "PrimaryItem": {
        "APIName": "restaurant_book",
        "Message": "Available",
        "RestaurantName": "Tamarind"
      },
      "Text": "Excellent, your reservation at the Tamarind is confirmed!",
      "UnixTime": 1590533309
    },
    {
      "Action": "utter",
      "Agent": "User",
      "Text": "Thanks",
      "UnixTime": 1590533317
    },
    {
      "Action": "request_suggestions",
      "Agent": "Wizard",
      "PrimaryItem": {
        "APIName": "restaurant_book",
        "Message": "Available",
        "RestaurantName": "Tamarind"
      },
      "Text": "goodbye",
      "UnixTime": 1590533331
    },
    {
      "Action": "utter",
      "Agent": "Wizard",
      "PrimaryItem": {
        "APIName": "restaurant_book",
        "Message": "Available",
        "RestaurantName": "Tamarind"
      },
      "Text": "Thanks and have a good day",
      "UnixTime": 1590533348
    },
    {
      "Action": "complete",
      "Agent": "User",
      "UnixTime": 1590533354
    }
  ],
  "FORMAT-VERSION": 7,
  "IntroducesConflicts": false,
  "Scenario": {
    "Domains": [
      "bank",
      "restaurant",
      "trivia"
    ],
    "Happy": false,
    "MultiTask": true,
    "UserTask": "Come up with your own scenario!\n\nAbout you:\n- Your name: Tyler Jones\n- Your bank account: 153531981 at Chase, but you don't know your PIN\n- Your date of birth is 29/02/1980\n- Your mother's maiden name is Sanchez\n- Your childhood pet is Poppy\n- Today is Tuesday the 22nd of June, 10 am\n\n The AI Assistant can handle:\n- Checking bank balance\n- Filing a bank fraud report\n- Reserving a table at a restaurant (e.g. The Porch or Tamarind) for today\n- A game of trivia",
    "WizardCapabilities": [
      {
        "Domain": "restaurant",
        "SchemaImage": "restaurant_book.jpg",
        "Task": "restaurant_book"
      },
      {
        "Domain": "bank",
        "SchemaImage": "bank_balance.jpg",
        "Task": "bank_balance"
      },
      {
        "Domain": "bank",
        "SchemaImage": "bank_fraud_report.jpg",
        "Task": "bank_fraud_report"
      },
      {
        "Domain": "trivia",
        "SchemaImage": "trivia.jpg",
        "Task": "trivia"
      }
    ],
    "WizardTask": "Follow the flow charts and help the user. Assume:\n\n- Today is Tuesday the 22nd of June, 10 am"
  },
  "UserQuestionnaire": [
    {
      "Answer": true,
      "Question": "Did the assistant stay calm and helpful throughout the dialogue?"
    }
  ],
  "WizardQuestionnaire": [
    {
      "Answer": false,
      "Question": "Did the user change his/her mind about what he/she wants at any time?"
    },
    {
      "Answer": false,
      "Question": "Did the user become aggressive or annoyed during the dialogue? (Note: some users may be instructed to be annoying.)"
    },
    {
      "Answer": false,
      "Question": "Where you unsure about what to do at any time? (Feel free to send us an email with details.)"
    }
  ]
}