{
  "AnonymizedUserWorkerID": "ab9f01dc-2cad-988e-9e96-f7509ea2a536",
  "AnonymizedWizardWorkerID": "7e46c32f-64e8-9560-702e-82f6b52463d7",
  "BatchID": "woz_1590513462",
  "CompletionLevel": "Complete",
  "DialogueID": 6454,
  "Events": [
    {
      "Action": "instruct",
      "Agent": "UserGuide",
      "Text": "Say hello and ask for directions (see left panel). [instruction 1 of 4]",
      "UnixTime": 1590537566
    },
    {
      "Action": "utter",
      "Agent": "User",
      "Text": "Hello. I need directions to Craig and Center. I think I am at University.",
      "UnixTime": 1590537592
    },
    {
      "Action": "request_suggestions",
      "Agent": "Wizard",
      "Text": "driving walking",
      "UnixTime": 1590537609
    },
    {
      "Action": "pick_suggestion",
      "ActionLabel": "trip_ask_travel_mode",
      "ActionLabelOptions": [
        "trip_ask_travel_mode",
        "trip_ask_arrival_location",
        "trip_instructions_done"
      ],
      "Agent": "Wizard",
      "Text": "Do you want to drive, walk, or use public transit?",
      "UnixTime": 1590537611
    },
    {
      "Action": "utter",
      "Agent": "User",
      "Text": "The big hand is on the 12 and the little hand is on 11. I do not know this technology. I am still learning. I arrived from the past. I will walk.",
      "UnixTime": 1590537657
    },
    {
      "APIName": "trip_directions",
      "Action": "query",
      "Agent": "Wizard",
      "Constraints": [
        {
          "DepartureLocation": "\"University\""
        },
        {
          "ArrivalLocation": "\"Craig and Center\""
        },
        {
          "TravelMode": "\"Walking\""
        },
        {
          "DepartureTime": "\"12 pm\""
        }
      ],
      "UnixTime": 1590537686
    },
    {
      "APIName": "trip_directions",
      "Action": "return_item",
      "Agent": "KnowledgeBase",
      "Item": {
        "APIName": "trip_directions",
        "DetailedWalkingInstructions": [
          "Turn right on El Camino Real and walk towards the Target.",
          "Walk for 5 blocks, turn right onto Castro St right after you pass a library",
          "Walk for 3 blocks and turn left at the Irish pub. You will pass several restaurants.",
          "Your destination will be on the left besides the ice cream store."
        ],
        "TravelMode": "Walking",
        "TripLengthMinutes": 63,
        "WalkingInstructions": [
          "Turn right on El Camino Real",
          "After 5 blocks, turn right on Castro St.",
          "Walk for 3 blocks and turn left at the pub",
          "Your destination will be on the left."
        ],
        "id": 370
      },
      "TotalItems": -1
    },
    {
      "Action": "request_suggestions",
      "Agent": "Wizard",
      "PrimaryItem": {
        "APIName": "trip_directions",
        "DetailedWalkingInstructions": [
          "Turn right on El Camino Real and walk towards the Target.",
          "Walk for 5 blocks, turn right onto Castro St right after you pass a library",
          "Walk for 3 blocks and turn left at the Irish pub. You will pass several restaurants.",
          "Your destination will be on the left besides the ice cream store."
        ],
        "TravelMode": "Walking",
        "TripLengthMinutes": 63,
        "WalkingInstructions": [
          "Turn right on El Camino Real",
          "After 5 blocks, turn right on Castro St.",
          "Walk for 3 blocks and turn left at the pub",
          "Your destination will be on the left."
        ],
        "id": 370
      },
      "Text": "Turn right on El Camino Real",
      "UnixTime": 1590537691
    },
    {
      "Action": "pick_suggestion",
      "ActionLabel": "trip_inform_simple_step_ask_proceed",
      "ActionLabelOptions": [
        "trip_inform_simple_step_ask_proceed",
        "out_of_scope",
        "trip_ask_travel_mode"
      ],
      "Agent": "Wizard",
      "PrimaryItem": {
        "APIName": "trip_directions",
        "DetailedWalkingInstructions": [
          "Turn right on El Camino Real and walk towards the Target.",
          "Walk for 5 blocks, turn right onto Castro St right after you pass a library",
          "Walk for 3 blocks and turn left at the Irish pub. You will pass several restaurants.",
          "Your destination will be on the left besides the ice cream store."
        ],
        "TravelMode": "Walking",
        "TripLengthMinutes": 63,
        "WalkingInstructions": [
          "Turn right on El Camino Real",
          "After 5 blocks, turn right on Castro St.",
          "Walk for 3 blocks and turn left at the pub",
          "Your destination will be on the left."
        ],
        "id": 370
      },
      "Text": "Turn right on El Camino Real. Can I proceed or do you require more detailed instructions?",
      "UnixTime": 1590537694
    },
    {
      "Action": "utter",
      "Agent": "User",
      "Text": "It will take me a while to get there. I have big slow cave man feet. In my village we had a game where we would try to guess questions. Do you have anything like that while I walk?",
      "UnixTime": 1590537748
    },
    {
      "Action": "instruct",
      "Agent": "UserGuide",
      "Text": "If you haven't yet, start a game of trivia with the assistant while you're getting directions (see left panel). [instruction 2 of 4]",
      "UnixTime": 1590537748
    },
    {
      "Action": "select_task",
      "Agent": "Wizard",
      "PrimaryItem": {
        "APIName": "trip_directions",
        "DetailedWalkingInstructions": [
          "Turn right on El Camino Real and walk towards the Target.",
          "Walk for 5 blocks, turn right onto Castro St right after you pass a library",
          "Walk for 3 blocks and turn left at the Irish pub. You will pass several restaurants.",
          "Your destination will be on the left besides the ice cream store."
        ],
        "TravelMode": "Walking",
        "TripLengthMinutes": 63,
        "WalkingInstructions": [
          "Turn right on El Camino Real",
          "After 5 blocks, turn right on Castro St.",
          "Walk for 3 blocks and turn left at the pub",
          "Your destination will be on the left."
        ],
        "id": 370
      },
      "Task": "trivia",
      "UnixTime": 1590537755
    },
    {
      "Action": "request_suggestions",
      "Agent": "Wizard",
      "PrimaryItem": {
        "APIName": "trip_directions",
        "DetailedWalkingInstructions": [
          "Turn right on El Camino Real and walk towards the Target.",
          "Walk for 5 blocks, turn right onto Castro St right after you pass a library",
          "Walk for 3 blocks and turn left at the Irish pub. You will pass several restaurants.",
          "Your destination will be on the left besides the ice cream store."
        ],
        "TravelMode": "Walking",
        "TripLengthMinutes": 63,
        "WalkingInstructions": [
          "Turn right on El Camino Real",
          "After 5 blocks, turn right on Castro St.",
          "Walk for 3 blocks and turn left at the pub",
          "Your destination will be on the left."
        ],
        "id": 370
      },
      "Text": "question number",
      "UnixTime": 1590537760
    },
    {
      "Action": "pick_suggestion",
      "ActionLabel": "trivia_ask_question_number",
      "ActionLabelOptions": [
        "trivia_ask_question_number",
        "goodbye_1",
        "trip_ask_departure_time",
        "anything_else",
        "trivia_inform_nothing_found",
        "anything_else"
      ],
      "Agent": "Wizard",
      "PrimaryItem": {
        "APIName": "trip_directions",
        "DetailedWalkingInstructions": [
          "Turn right on El Camino Real and walk towards the Target.",
          "Walk for 5 blocks, turn right onto Castro St right after you pass a library",
          "Walk for 3 blocks and turn left at the Irish pub. You will pass several restaurants.",
          "Your destination will be on the left besides the ice cream store."
        ],
        "TravelMode": "Walking",
        "TripLengthMinutes": 63,
        "WalkingInstructions": [
          "Turn right on El Camino Real",
          "After 5 blocks, turn right on Castro St.",
          "Walk for 3 blocks and turn left at the pub",
          "Your destination will be on the left."
        ],
        "id": 370
      },
      "Text": "At what question would you like to start?",
      "UnixTime": 1590537763
    },
    {
      "Action": "utter",
      "Agent": "User",
      "Text": "3",
      "UnixTime": 1590537768
    },
    {
      "APIName": "trivia",
      "Action": "query",
      "Agent": "Wizard",
      "Constraints": [
        {
          "QuestionNum": "3"
        }
      ],
      "PrimaryItem": {
        "APIName": "trip_directions",
        "DetailedWalkingInstructions": [
          "Turn right on El Camino Real and walk towards the Target.",
          "Walk for 5 blocks, turn right onto Castro St right after you pass a library",
          "Walk for 3 blocks and turn left at the Irish pub. You will pass several restaurants.",
          "Your destination will be on the left besides the ice cream store."
        ],
        "TravelMode": "Walking",
        "TripLengthMinutes": 63,
        "WalkingInstructions": [
          "Turn right on El Camino Real",
          "After 5 blocks, turn right on Castro St.",
          "Walk for 3 blocks and turn left at the pub",
          "Your destination will be on the left."
        ],
        "id": 370
      },
      "UnixTime": 1590537772
    },
    {
      "APIName": "trivia",
      "Action": "return_item",
      "Agent": "KnowledgeBase",
      "Item": {
        "APIName": "trivia",
        "Answer": "snail",
        "Question": "A ____ takes 33 hours to crawl one mile"
      },
      "TotalItems": -1
    },
    {
      "Action": "request_suggestions",
      "Agent": "Wizard",
      "PrimaryItem": {
        "APIName": "trivia",
        "Answer": "snail",
        "Question": "A ____ takes 33 hours to crawl one mile"
      },
      "Text": "a",
      "UnixTime": 1590537776
    },
    {
      "Action": "pick_suggestion",
      "ActionLabel": "trivia_ask_question",
      "ActionLabelOptions": [
        "trivia_ask_question",
        "trivia_inform_answer_2_ask_next",
        "trivia_bye"
      ],
      "Agent": "Wizard",
      "PrimaryItem": {
        "APIName": "trivia",
        "Answer": "snail",
        "Question": "A ____ takes 33 hours to crawl one mile"
      },
      "Text": "A ____ takes 33 hours to crawl one mile",
      "UnixTime": 1590537778
    },
    {
      "Action": "utter",
      "Agent": "User",
      "Text": "Stegosaurus?",
      "UnixTime": 1590537795
    },
    {
      "Action": "request_suggestions",
      "Agent": "Wizard",
      "PrimaryItem": {
        "APIName": "trivia",
        "Answer": "snail",
        "Question": "A ____ takes 33 hours to crawl one mile"
      },
      "Text": "incorrect",
      "UnixTime": 1590537803
    },
    {
      "Action": "pick_suggestion",
      "ActionLabel": "trivia_inform_answer_incorrect_ask_next",
      "ActionLabelOptions": [
        "trivia_inform_answer_incorrect_ask_next",
        "trivia_bye",
        "trivia_ask_question"
      ],
      "Agent": "Wizard",
      "PrimaryItem": {
        "APIName": "trivia",
        "Answer": "snail",
        "Question": "A ____ takes 33 hours to crawl one mile"
      },
      "Text": "Unfortunately your answer was wrong. 'snail' would have been correct.\nWould you like to continue playing?",
      "UnixTime": 1590537805
    },
    {
      "Action": "utter",
      "Agent": "User",
      "Text": "I'm at the next spot. Please proceed with directions.",
      "UnixTime": 1590537821
    },
    {
      "Action": "instruct",
      "Agent": "UserGuide",
      "Text": "Also ask for more details on some instructions. [instruction 3 of 4]",
      "UnixTime": 1590537821
    },
    {
      "Action": "select_task",
      "Agent": "Wizard",
      "PrimaryItem": {
        "APIName": "trivia",
        "Answer": "snail",
        "Question": "A ____ takes 33 hours to crawl one mile"
      },
      "Task": "trip_directions",
      "UnixTime": 1590537827
    },
    {
      "Action": "request_suggestions",
      "Agent": "Wizard",
      "PrimaryItem": {
        "APIName": "trivia",
        "Answer": "snail",
        "Question": "A ____ takes 33 hours to crawl one mile"
      },
      "Text": "After 5 blocks, turn right on Castro St.",
      "UnixTime": 1590537836
    },
    {
      "Action": "pick_suggestion",
      "ActionLabel": "trip_inform_simple_step_ask_proceed",
      "ActionLabelOptions": [
        "trip_inform_simple_step_ask_proceed",
        "trivia_ask_question",
        "trivia_inform_answer_2_ask_next",
        "trivia_ask_question_number",
        "out_of_scope",
        "trip_ask_departure_time"
      ],
      "Agent": "Wizard",
      "PrimaryItem": {
        "APIName": "trivia",
        "Answer": "snail",
        "Question": "A ____ takes 33 hours to crawl one mile"
      },
      "Text": "After 5 blocks, turn right on Castro St. Can I proceed or do you require more detailed instructions?",
      "UnixTime": 1590537845
    },
    {
      "Action": "utter",
      "Agent": "User",
      "Text": "More detail.",
      "UnixTime": 1590537853
    },
    {
      "Action": "instruct",
      "Agent": "UserGuide",
      "Text": "Keep going until you've arrived at your destination. Then bring the conversation to a natural close. [instruction 4 of 4]",
      "UnixTime": 1590537853
    },
    {
      "Action": "request_suggestions",
      "Agent": "Wizard",
      "PrimaryItem": {
        "APIName": "trivia",
        "Answer": "snail",
        "Question": "A ____ takes 33 hours to crawl one mile"
      },
      "Text": "Walk for 5 blocks, turn right onto Castro St right after you pass a library",
      "UnixTime": 1590537857
    },
    {
      "Action": "pick_suggestion",
      "ActionLabel": "trip_inform_detailed_step",
      "ActionLabelOptions": [
        "trip_inform_detailed_step",
        "trivia_ask_question",
        "trivia_inform_answer_2_ask_next",
        "hello",
        "trip_inform_simple_step_ask_proceed",
        "hello"
      ],
      "Agent": "Wizard",
      "PrimaryItem": {
        "APIName": "trivia",
        "Answer": "snail",
        "Question": "A ____ takes 33 hours to crawl one mile"
      },
      "Text": "Walk for 5 blocks, turn right onto Castro St right after you pass a library.",
      "UnixTime": 1590537861
    },
    {
      "Action": "utter",
      "Agent": "User",
      "Text": "I'm on my way. I need another question as I get over.",
      "UnixTime": 1590537877
    },
    {
      "Action": "select_task",
      "Agent": "Wizard",
      "PrimaryItem": {
        "APIName": "trivia",
        "Answer": "snail",
        "Question": "A ____ takes 33 hours to crawl one mile"
      },
      "Task": "trivia",
      "UnixTime": 1590537882
    },
    {
      "APIName": "trivia",
      "Action": "query",
      "Agent": "Wizard",
      "Constraints": [
        {
          "QuestionNum": "4"
        }
      ],
      "PrimaryItem": {
        "APIName": "trivia",
        "Answer": "snail",
        "Question": "A ____ takes 33 hours to crawl one mile"
      },
      "UnixTime": 1590537884
    },
    {
      "APIName": "trivia",
      "Action": "return_item",
      "Agent": "KnowledgeBase",
      "Item": {
        "APIName": "trivia",
        "Answer": "poem",
        "Question": "A ____ written to celebrate a wedding is called a epithalamium"
      },
      "TotalItems": -1
    },
    {
      "Action": "request_suggestions",
      "Agent": "Wizard",
      "PrimaryItem": {
        "APIName": "trivia",
        "Answer": "poem",
        "Question": "A ____ written to celebrate a wedding is called a epithalamium"
      },
      "Text": "a",
      "UnixTime": 1590537887
    },
    {
      "Action": "pick_suggestion",
      "ActionLabel": "trivia_ask_question",
      "ActionLabelOptions": [
        "trivia_ask_question",
        "trivia_inform_answer_2_ask_next",
        "trivia_bye"
      ],
      "Agent": "Wizard",
      "PrimaryItem": {
        "APIName": "trivia",
        "Answer": "poem",
        "Question": "A ____ written to celebrate a wedding is called a epithalamium"
      },
      "Text": "A ____ written to celebrate a wedding is called a epithalamium",
      "UnixTime": 1590537889
    },
    {
      "Action": "utter",
      "Agent": "User",
      "Text": "Club?",
      "UnixTime": 1590537905
    },
    {
      "Action": "request_suggestions",
      "Agent": "Wizard",
      "PrimaryItem": {
        "APIName": "trivia",
        "Answer": "poem",
        "Question": "A ____ written to celebrate a wedding is called a epithalamium"
      },
      "Text": "incorrect",
      "UnixTime": 1590537912
    },
    {
      "Action": "pick_suggestion",
      "ActionLabel": "trivia_inform_answer_incorrect_ask_next",
      "ActionLabelOptions": [
        "trivia_inform_answer_incorrect_ask_next",
        "trivia_bye",
        "trivia_ask_question"
      ],
      "Agent": "Wizard",
      "PrimaryItem": {
        "APIName": "trivia",
        "Answer": "poem",
        "Question": "A ____ written to celebrate a wedding is called a epithalamium"
      },
      "Text": "Unfortunately your answer was wrong. 'poem' would have been correct.\nWould you like to continue playing?",
      "UnixTime": 1590537915
    },
    {
      "Action": "utter",
      "Agent": "User",
      "Text": "Maybe in a bit. I need the next directions.",
      "UnixTime": 1590537933
    },
    {
      "Action": "select_task",
      "Agent": "Wizard",
      "PrimaryItem": {
        "APIName": "trivia",
        "Answer": "poem",
        "Question": "A ____ written to celebrate a wedding is called a epithalamium"
      },
      "Task": "trip_directions",
      "UnixTime": 1590537933
    },
    {
      "Action": "request_suggestions",
      "Agent": "Wizard",
      "PrimaryItem": {
        "APIName": "trivia",
        "Answer": "poem",
        "Question": "A ____ written to celebrate a wedding is called a epithalamium"
      },
      "Text": "Walk for 3 blocks and turn left at the pub",
      "UnixTime": 1590537938
    },
    {
      "Action": "pick_suggestion",
      "ActionLabel": "trip_inform_simple_step_ask_proceed",
      "ActionLabelOptions": [
        "trip_inform_simple_step_ask_proceed",
        "trivia_ask_question",
        "trivia_ask_question_number",
        "hello",
        "trip_ask_arrival_location",
        "out_of_scope"
      ],
      "Agent": "Wizard",
      "PrimaryItem": {
        "APIName": "trivia",
        "Answer": "poem",
        "Question": "A ____ written to celebrate a wedding is called a epithalamium"
      },
      "Text": "Walk for 3 blocks and turn left at the pub. Can I proceed or do you require more detailed instructions?",
      "UnixTime": 1590537940
    },
    {
      "Action": "utter",
      "Agent": "User",
      "Text": "I am on the right track, I think. Another question.",
      "UnixTime": 1590537962
    },
    {
      "Action": "select_task",
      "Agent": "Wizard",
      "PrimaryItem": {
        "APIName": "trivia",
        "Answer": "poem",
        "Question": "A ____ written to celebrate a wedding is called a epithalamium"
      },
      "Task": "trivia",
      "UnixTime": 1590537966
    },
    {
      "APIName": "trivia",
      "Action": "query",
      "Agent": "Wizard",
      "Constraints": [
        {
          "QuestionNum": "5"
        }
      ],
      "PrimaryItem": {
        "APIName": "trivia",
        "Answer": "poem",
        "Question": "A ____ written to celebrate a wedding is called a epithalamium"
      },
      "UnixTime": 1590537969
    },
    {
      "APIName": "trivia",
      "Action": "return_item",
      "Agent": "KnowledgeBase",
      "Item": {
        "APIName": "trivia",
        "Answer": "wind",
        "Question": "A 'sirocco' refers to a type of ____"
      },
      "TotalItems": -1
    },
    {
      "Action": "request_suggestions",
      "Agent": "Wizard",
      "PrimaryItem": {
        "APIName": "trivia",
        "Answer": "wind",
        "Question": "A 'sirocco' refers to a type of ____"
      },
      "Text": "a",
      "UnixTime": 1590537972
    },
    {
      "Action": "pick_suggestion",
      "ActionLabel": "trivia_ask_question",
      "ActionLabelOptions": [
        "trivia_ask_question",
        "trivia_inform_answer_2_ask_next",
        "trivia_bye"
      ],
      "Agent": "Wizard",
      "PrimaryItem": {
        "APIName": "trivia",
        "Answer": "wind",
        "Question": "A 'sirocco' refers to a type of ____"
      },
      "Text": "A 'sirocco' refers to a type of ____",
      "UnixTime": 1590537974
    },
    {
      "Action": "utter",
      "Agent": "User",
      "Text": "Dinosaur?",
      "UnixTime": 1590537989
    },
    {
      "Action": "request_suggestions",
      "Agent": "Wizard",
      "PrimaryItem": {
        "APIName": "trivia",
        "Answer": "wind",
        "Question": "A 'sirocco' refers to a type of ____"
      },
      "Text": "incorrect",
      "UnixTime": 1590537995
    },
    {
      "Action": "pick_suggestion",
      "ActionLabel": "trivia_inform_answer_incorrect_ask_next",
      "ActionLabelOptions": [
        "trivia_inform_answer_incorrect_ask_next",
        "trivia_bye",
        "trivia_ask_question"
      ],
      "Agent": "Wizard",
      "PrimaryItem": {
        "APIName": "trivia",
        "Answer": "wind",
        "Question": "A 'sirocco' refers to a type of ____"
      },
      "Text": "Unfortunately your answer was wrong. 'wind' would have been correct.\nWould you like to continue playing?",
      "UnixTime": 1590537996
    },
    {
      "Action": "utter",
      "Agent": "User",
      "Text": "I think I am on the right track. Please proceed with directions.",
      "UnixTime": 1590538016
    },
    {
      "Action": "request_suggestions",
      "Agent": "Wizard",
      "PrimaryItem": {
        "APIName": "trivia",
        "Answer": "wind",
        "Question": "A 'sirocco' refers to a type of ____"
      },
      "Text": "Your destination will be on the left.",
      "UnixTime": 1590538020
    },
    {
      "Action": "select_task",
      "Agent": "Wizard",
      "PrimaryItem": {
        "APIName": "trivia",
        "Answer": "wind",
        "Question": "A 'sirocco' refers to a type of ____"
      },
      "Task": "trip_directions",
      "UnixTime": 1590538025
    },
    {
      "Action": "request_suggestions",
      "Agent": "Wizard",
      "PrimaryItem": {
        "APIName": "trivia",
        "Answer": "wind",
        "Question": "A 'sirocco' refers to a type of ____"
      },
      "Text": "Your destination will be on the left.",
      "UnixTime": 1590538027
    },
    {
      "Action": "pick_suggestion",
      "ActionLabel": "trip_inform_last_step_and_done",
      "ActionLabelOptions": [
        "trip_inform_last_step_and_done",
        "trivia_ask_question",
        "anything_else",
        "trivia_bye",
        "trip_ask_travel_mode",
        "anything_else"
      ],
      "Agent": "Wizard",
      "PrimaryItem": {
        "APIName": "trivia",
        "Answer": "wind",
        "Question": "A 'sirocco' refers to a type of ____"
      },
      "Text": "Your destination will be on the left. Do you know how to reach your destination or would you require more detailed instructions?",
      "UnixTime": 1590538030
    },
    {
      "Action": "utter",
      "Agent": "User",
      "Text": "I see it. Praise the hundred headed god! You saved me. That is all.",
      "UnixTime": 1590538067
    },
    {
      "Action": "request_suggestions",
      "Agent": "Wizard",
      "PrimaryItem": {
        "APIName": "trivia",
        "Answer": "wind",
        "Question": "A 'sirocco' refers to a type of ____"
      },
      "Text": "goodbye",
      "UnixTime": 1590538076
    },
    {
      "Action": "pick_suggestion",
      "ActionLabel": "goodbye_1",
      "ActionLabelOptions": [
        "trivia_bye",
        "goodbye_1",
        "anything_else",
        "trip_ask_arrival_location",
        "trivia_inform_nothing_found",
        "anything_else"
      ],
      "Agent": "Wizard",
      "PrimaryItem": {
        "APIName": "trivia",
        "Answer": "wind",
        "Question": "A 'sirocco' refers to a type of ____"
      },
      "Text": "Thank you and goodbye.",
      "UnixTime": 1590538080
    },
    {
      "Action": "complete",
      "Agent": "User",
      "UnixTime": 1590538085
    }
  ],
  "FORMAT-VERSION": 7,
  "IntroducesConflicts": false,
  "Scenario": {
    "Domains": [
      "trip",
      "trivia"
    ],
    "Happy": false,
    "MultiTask": true,
    "UserTask": "You want directions from 'University' to 'Craig and Center', leaving now (11 pm). As the assistant gives you the directions, alternate randomly between (i) asking for the next instruction, (ii) asking for more details, and (iii) asking for the next trivia question (start at question 3)\n\n The AI Assistant can handle:\n- Giving trip directions\n- Playing trivia",
    "WizardCapabilities": [
      {
        "Domain": "trip",
        "SchemaImage": "trip_directions.jpg",
        "Task": "trip_directions"
      },
      {
        "Domain": "trivia",
        "SchemaImage": "trivia.jpg",
        "Task": "trivia"
      }
    ],
    "WizardTask": "Follow the flow charts and help the user. Assume:\n\n- Today is Monday the 19th, 11 pm"
  },
  "UserQuestionnaire": [
    {
      "Answer": true,
      "Question": "Did the assistant stay calm and helpful throughout the dialogue?"
    }
  ],
  "WizardQuestionnaire": [
    {
      "Answer": false,
      "Question": "Did the user change his/her mind about what he/she wants at any time?"
    },
    {
      "Answer": false,
      "Question": "Did the user become aggressive or annoyed during the dialogue? (Note: some users may be instructed to be annoying.)"
    },
    {
      "Answer": false,
      "Question": "Where you unsure about what to do at any time? (Feel free to send us an email with details.)"
    }
  ]
}