{
  "AnonymizedUserWorkerID": "3a5ea463-ded5-1b72-cab6-2e2ea04d6cf7",
  "AnonymizedWizardWorkerID": "804d857e-47ad-db37-19b1-ecdd331f0a69",
  "BatchID": "woz_1590513462",
  "CompletionLevel": "Complete",
  "DialogueID": 6623,
  "Events": [
    {
      "Action": "instruct",
      "Agent": "UserGuide",
      "Text": "Use your imagination to generate a conversation about the topics 'Reserving a table at a restaurant' and 'Bank balance checking' (in any order), as shown on the left. You may also ask the assistant about the weather.  [instruction 1 of 6]",
      "UnixTime": 1590531716
    },
    {
      "Action": "utter",
      "Agent": "User",
      "Text": "hi",
      "UnixTime": 1590531757
    },
    {
      "Action": "request_suggestions",
      "Agent": "Wizard",
      "Text": "hello",
      "UnixTime": 1590531763
    },
    {
      "Action": "pick_suggestion",
      "ActionLabel": "hello",
      "ActionLabelOptions": [
        "hello",
        "restaurant_ask_size",
        "restaurant_ask_time"
      ],
      "Agent": "Wizard",
      "Text": "Hello, how can I help?",
      "UnixTime": 1590531765
    },
    {
      "Action": "utter",
      "Agent": "User",
      "Text": "I wanna check my bank balance",
      "UnixTime": 1590531797
    },
    {
      "Action": "select_task",
      "Agent": "Wizard",
      "Task": "bank_balance",
      "UnixTime": 1590531801
    },
    {
      "Action": "request_suggestions",
      "Agent": "Wizard",
      "Text": "can I get your full name?",
      "UnixTime": 1590531834
    },
    {
      "Action": "pick_suggestion",
      "ActionLabel": "ask_name",
      "ActionLabelOptions": [
        "ask_name",
        "bank_ask_childhood_pets_name",
        "bank_ask_pin"
      ],
      "Agent": "Wizard",
      "Text": "Could I get your full name, please?",
      "UnixTime": 1590531840
    },
    {
      "Action": "utter",
      "Agent": "User",
      "Text": "Sarah Brown",
      "UnixTime": 1590531849
    },
    {
      "Action": "instruct",
      "Agent": "UserGuide",
      "Text": "Please have some smalltalk with the AI Assistant at some point in this dialogue. [instruction 2 of 6]",
      "UnixTime": 1590531849
    },
    {
      "Action": "request_suggestions",
      "Agent": "Wizard",
      "Text": "can I get your pin",
      "UnixTime": 1590531880
    },
    {
      "Action": "pick_suggestion",
      "ActionLabel": "bank_ask_pin",
      "ActionLabelOptions": [
        "bank_ask_pin",
        "bank_ask_childhood_pets_name",
        "out_of_scope"
      ],
      "Agent": "Wizard",
      "Text": "Right, and your PIN as well please.",
      "UnixTime": 1590531883
    },
    {
      "Action": "utter",
      "Agent": "User",
      "Text": "1596",
      "UnixTime": 1590532021
    },
    {
      "Action": "request_suggestions",
      "Agent": "Wizard",
      "Text": "account number",
      "UnixTime": 1590532037
    },
    {
      "Action": "pick_suggestion",
      "ActionLabel": "bank_ask_account_number",
      "ActionLabelOptions": [
        "bank_ask_account_number",
        "goodbye_1",
        "bank_ask_mothers_maiden_name"
      ],
      "Agent": "Wizard",
      "Text": "Can you tell me your account number, please?",
      "UnixTime": 1590532039
    },
    {
      "Action": "utter",
      "Agent": "User",
      "Text": "68318931",
      "UnixTime": 1590532090
    },
    {
      "Action": "instruct",
      "Agent": "UserGuide",
      "Text": "If you haven't yet, it's time to change topic. You can also go back and forth between topics. [instruction 3 of 6]",
      "UnixTime": 1590532090
    },
    {
      "APIName": "bank_balance",
      "Action": "query",
      "Agent": "Wizard",
      "Constraints": [
        {
          "FullName": "\"Sarah Brown\""
        },
        {
          "PIN": "1596"
        },
        {
          "AccountNumber": "68318931"
        }
      ],
      "UnixTime": 1590532097
    },
    {
      "APIName": "bank_balance",
      "Action": "return_item",
      "Agent": "KnowledgeBase",
      "Item": {
        "APIName": "bank_balance",
        "BankBalance": 1767,
        "BankName": "Bank of America",
        "id": 34
      },
      "TotalItems": -1
    },
    {
      "Action": "request_suggestions",
      "Agent": "Wizard",
      "PrimaryItem": {
        "APIName": "bank_balance",
        "BankBalance": 1767,
        "BankName": "Bank of America",
        "id": 34
      },
      "Text": "bank balance",
      "UnixTime": 1590532112
    },
    {
      "Action": "pick_suggestion",
      "ActionLabel": "bank_inform_balance",
      "ActionLabelOptions": [
        "bank_inform_balance",
        "bank_ask_account_number",
        "goodbye_1"
      ],
      "Agent": "Wizard",
      "PrimaryItem": {
        "APIName": "bank_balance",
        "BankBalance": 1767,
        "BankName": "Bank of America",
        "id": 34
      },
      "Text": "Your current balance is 1767 in credit.",
      "UnixTime": 1590532114
    },
    {
      "Action": "utter",
      "Agent": "User",
      "Text": "Hell yea! My deposit went though",
      "UnixTime": 1590532127
    },
    {
      "Action": "instruct",
      "Agent": "UserGuide",
      "Text": "If it makes sense, use some negations ('I don't want X', or 'anything but Y', etc.) [instruction 4 of 6]",
      "UnixTime": 1590532127
    },
    {
      "Action": "request_suggestions",
      "Agent": "Wizard",
      "PrimaryItem": {
        "APIName": "bank_balance",
        "BankBalance": 1767,
        "BankName": "Bank of America",
        "id": 34
      },
      "Text": "hurray",
      "UnixTime": 1590532134
    },
    {
      "Action": "pick_suggestion",
      "ActionLabel": "anything_else",
      "ActionLabelOptions": [
        "goodbye_1",
        "anything_else",
        "bank_inform_cannot_authenticate"
      ],
      "Agent": "Wizard",
      "PrimaryItem": {
        "APIName": "bank_balance",
        "BankBalance": 1767,
        "BankName": "Bank of America",
        "id": 34
      },
      "Text": "Is there anything else that I can do for you?",
      "UnixTime": 1590532139
    },
    {
      "Action": "utter",
      "Agent": "User",
      "Text": "Yeah lets book a restaurant. I'm rich and hungry ",
      "UnixTime": 1590532170
    },
    {
      "Action": "instruct",
      "Agent": "UserGuide",
      "Text": "Keep going until you've covered all the topics (reserving a table at a restaurant and bank balance checking). The conversation should continue at least until the last instruction is given. [instruction 5 of 6]",
      "UnixTime": 1590532170
    },
    {
      "Action": "select_task",
      "Agent": "Wizard",
      "PrimaryItem": {
        "APIName": "bank_balance",
        "BankBalance": 1767,
        "BankName": "Bank of America",
        "id": 34
      },
      "Task": "restaurant_book",
      "UnixTime": 1590532175
    },
    {
      "Action": "request_suggestions",
      "Agent": "Wizard",
      "PrimaryItem": {
        "APIName": "bank_balance",
        "BankBalance": 1767,
        "BankName": "Bank of America",
        "id": 34
      },
      "Text": "resturaunt name, time",
      "UnixTime": 1590532211
    },
    {
      "Action": "pick_suggestion",
      "ActionLabel": "restaurant_ask_restaurant",
      "ActionLabelOptions": [
        "restaurant_ask_restaurant",
        "ask_name",
        "ask_name",
        "restaurant_ask_time",
        "bank_inform_cannot_authenticate",
        "anything_else"
      ],
      "Agent": "Wizard",
      "PrimaryItem": {
        "APIName": "bank_balance",
        "BankBalance": 1767,
        "BankName": "Bank of America",
        "id": 34
      },
      "Text": "What restaurant would you like to go to?",
      "UnixTime": 1590532216
    },
    {
      "Action": "utter",
      "Agent": "User",
      "Text": "Cactus Club",
      "UnixTime": 1590532224
    },
    {
      "Action": "request_suggestions",
      "Agent": "Wizard",
      "PrimaryItem": {
        "APIName": "bank_balance",
        "BankBalance": 1767,
        "BankName": "Bank of America",
        "id": 34
      },
      "Text": "what time and party size?",
      "UnixTime": 1590532244
    },
    {
      "Action": "pick_suggestion",
      "ActionLabel": "restaurant_ask_time",
      "ActionLabelOptions": [
        "bank_ask_dob",
        "restaurant_ask_time",
        "restaurant_ask_size",
        "restaurant_ask_restaurant",
        "bank_ask_childhood_pets_name",
        "ask_name"
      ],
      "Agent": "Wizard",
      "PrimaryItem": {
        "APIName": "bank_balance",
        "BankBalance": 1767,
        "BankName": "Bank of America",
        "id": 34
      },
      "Text": "For what time should the reservation be made?",
      "UnixTime": 1590532248
    },
    {
      "Action": "utter",
      "Agent": "User",
      "Text": "7pm?",
      "UnixTime": 1590532257
    },
    {
      "Action": "instruct",
      "Agent": "UserGuide",
      "Text": "Ok, once you've touched on all the topics (restaurant and bank balance checking) and engaged in some smalltalk, you can bring the conversation to a natural close. [instruction 6 of 6]",
      "UnixTime": 1590532257
    },
    {
      "Action": "request_suggestions",
      "Agent": "Wizard",
      "PrimaryItem": {
        "APIName": "bank_balance",
        "BankBalance": 1767,
        "BankName": "Bank of America",
        "id": 34
      },
      "Text": "how many",
      "UnixTime": 1590532266
    },
    {
      "Action": "pick_suggestion",
      "ActionLabel": "restaurant_ask_size",
      "ActionLabelOptions": [
        "restaurant_ask_size",
        "bank_ask_dob",
        "ask_name",
        "hello",
        "out_of_scope",
        "hello"
      ],
      "Agent": "Wizard",
      "PrimaryItem": {
        "APIName": "bank_balance",
        "BankBalance": 1767,
        "BankName": "Bank of America",
        "id": 34
      },
      "Text": "For how many people should the reservation be made?",
      "UnixTime": 1590532269
    },
    {
      "Action": "utter",
      "Agent": "User",
      "Text": "Just the two of us. Not trying to spend all my cheddah!",
      "UnixTime": 1590532285
    },
    {
      "APIName": "restaurant_book",
      "Action": "query",
      "Agent": "Wizard",
      "Constraints": [
        {
          "Name": "api.is_equal_to(\"Cactus Club\")"
        },
        {
          "Time": "\"7 pm\""
        },
        {
          "PartySize": "2"
        },
        {
          "CustomerName": "\"Sarah Brown\""
        },
        {
          "RequestType": "\"Check\""
        }
      ],
      "PrimaryItem": {
        "APIName": "bank_balance",
        "BankBalance": 1767,
        "BankName": "Bank of America",
        "id": 34
      },
      "UnixTime": 1590532300
    },
    {
      "APIName": "restaurant_book",
      "Action": "return_item",
      "Agent": "KnowledgeBase",
      "Item": {
        "APIName": "restaurant_book",
        "Message": "Unavailable",
        "RestaurantName": "Cactus Club"
      },
      "TotalItems": -1
    },
    {
      "Action": "request_suggestions",
      "Agent": "Wizard",
      "PrimaryItem": {
        "APIName": "restaurant_book",
        "Message": "Unavailable",
        "RestaurantName": "Cactus Club"
      },
      "Text": "unavaliable",
      "UnixTime": 1590532311
    },
    {
      "Action": "pick_suggestion",
      "ActionLabel": "restaurant_inform_unavailable",
      "ActionLabelOptions": [
        "restaurant_inform_booking_failed",
        "restaurant_inform_unavailable",
        "hello"
      ],
      "Agent": "Wizard",
      "PrimaryItem": {
        "APIName": "restaurant_book",
        "Message": "Unavailable",
        "RestaurantName": "Cactus Club"
      },
      "Text": "I am sorry, but it looks like the restaurant is not able to accomodate you.",
      "UnixTime": 1590532317
    },
    {
      "Action": "utter",
      "Agent": "User",
      "Text": "Can we try 8pm?",
      "UnixTime": 1590532327
    },
    {
      "APIName": "restaurant_book",
      "Action": "query",
      "Agent": "Wizard",
      "Constraints": [
        {
          "Name": "api.is_equal_to(\"Cactus Club\")"
        },
        {
          "Time": "\"8 pm\""
        },
        {
          "PartySize": "2"
        },
        {
          "CustomerName": "\"Sarah Brown\""
        },
        {
          "RequestType": "\"Check\""
        }
      ],
      "PrimaryItem": {
        "APIName": "restaurant_book",
        "Message": "Unavailable",
        "RestaurantName": "Cactus Club"
      },
      "UnixTime": 1590532336
    },
    {
      "APIName": "restaurant_book",
      "Action": "return_item",
      "Agent": "KnowledgeBase",
      "Item": {
        "APIName": "restaurant_book",
        "Message": "Unavailable",
        "RestaurantName": "Cactus Club"
      },
      "TotalItems": -1
    },
    {
      "Action": "request_suggestions",
      "Agent": "Wizard",
      "PrimaryItem": {
        "APIName": "restaurant_book",
        "Message": "Unavailable",
        "RestaurantName": "Cactus Club"
      },
      "Text": "Unavailable",
      "UnixTime": 1590532342
    },
    {
      "Action": "pick_suggestion",
      "ActionLabel": "restaurant_inform_unavailable",
      "ActionLabelOptions": [
        "hello",
        "restaurant_inform_unavailable",
        "restaurant_inform_booking_failed"
      ],
      "Agent": "Wizard",
      "PrimaryItem": {
        "APIName": "restaurant_book",
        "Message": "Unavailable",
        "RestaurantName": "Cactus Club"
      },
      "Text": "I am sorry, but it looks like the restaurant is not able to accomodate you.",
      "UnixTime": 1590532346
    },
    {
      "Action": "utter",
      "Agent": "User",
      "Text": "9pm???",
      "UnixTime": 1590532361
    },
    {
      "APIName": "restaurant_book",
      "Action": "query",
      "Agent": "Wizard",
      "Constraints": [
        {
          "Name": "api.is_equal_to(\"Cactus Club\")"
        },
        {
          "Time": "\"9 pm\""
        },
        {
          "PartySize": "2"
        },
        {
          "CustomerName": "\"Sarah Brown\""
        },
        {
          "RequestType": "\"Check\""
        }
      ],
      "PrimaryItem": {
        "APIName": "restaurant_book",
        "Message": "Unavailable",
        "RestaurantName": "Cactus Club"
      },
      "UnixTime": 1590532368
    },
    {
      "APIName": "restaurant_book",
      "Action": "return_item",
      "Agent": "KnowledgeBase",
      "Item": {
        "APIName": "restaurant_book",
        "Message": "Available",
        "RestaurantName": "Cactus Club"
      },
      "TotalItems": -1
    },
    {
      "Action": "request_suggestions",
      "Agent": "Wizard",
      "PrimaryItem": {
        "APIName": "restaurant_book",
        "Message": "Available",
        "RestaurantName": "Cactus Club"
      },
      "Text": "avalaible",
      "UnixTime": 1590532375
    },
    {
      "Action": "pick_suggestion",
      "ActionLabel": "restaurant_ask_confirm_booking",
      "ActionLabelOptions": [
        "restaurant_ask_time",
        "restaurant_inform_booking_successful",
        "restaurant_ask_confirm_booking"
      ],
      "Agent": "Wizard",
      "PrimaryItem": {
        "APIName": "restaurant_book",
        "Message": "Available",
        "RestaurantName": "Cactus Club"
      },
      "Text": "Great, the Cactus Club is happy to accommodate you.\nCan I confirm your reservation with them?",
      "UnixTime": 1590532383
    },
    {
      "Action": "utter",
      "Agent": "User",
      "Text": "Yeah! finally. Thanks.",
      "UnixTime": 1590532391
    },
    {
      "APIName": "restaurant_book",
      "Action": "query",
      "Agent": "Wizard",
      "Constraints": [
        {
          "Name": "api.is_equal_to(\"Cactus Club\")"
        },
        {
          "Time": "\"9 pm\""
        },
        {
          "PartySize": "2"
        },
        {
          "CustomerName": "\"Sarah Brown\""
        },
        {
          "RequestType": "\"Book\""
        }
      ],
      "PrimaryItem": {
        "APIName": "restaurant_book",
        "Message": "Available",
        "RestaurantName": "Cactus Club"
      },
      "UnixTime": 1590532393
    },
    {
      "APIName": "restaurant_book",
      "Action": "return_item",
      "Agent": "KnowledgeBase",
      "Item": {
        "APIName": "restaurant_book",
        "ReservationStatus": "Reservation Confirmed",
        "RestaurantName": "Cactus Club"
      },
      "TotalItems": -1
    },
    {
      "Action": "request_suggestions",
      "Agent": "Wizard",
      "PrimaryItem": {
        "APIName": "restaurant_book",
        "ReservationStatus": "Reservation Confirmed",
        "RestaurantName": "Cactus Club"
      },
      "Text": "confirmed",
      "UnixTime": 1590532403
    },
    {
      "Action": "pick_suggestion",
      "ActionLabel": "restaurant_inform_booking_successful",
      "ActionLabelOptions": [
        "restaurant_inform_booking_successful",
        "restaurant_inform_nothing_found",
        "restaurant_ask_confirm_booking"
      ],
      "Agent": "Wizard",
      "PrimaryItem": {
        "APIName": "restaurant_book",
        "ReservationStatus": "Reservation Confirmed",
        "RestaurantName": "Cactus Club"
      },
      "Text": "Excellent, your reservation at the Cactus Club is confirmed!",
      "UnixTime": 1590532405
    },
    {
      "Action": "utter",
      "Agent": "User",
      "Text": "Thanks so much. Take care!",
      "UnixTime": 1590532414
    },
    {
      "Action": "request_suggestions",
      "Agent": "Wizard",
      "PrimaryItem": {
        "APIName": "restaurant_book",
        "ReservationStatus": "Reservation Confirmed",
        "RestaurantName": "Cactus Club"
      },
      "Text": "happy to help",
      "UnixTime": 1590532420
    },
    {
      "Action": "request_suggestions",
      "Agent": "Wizard",
      "PrimaryItem": {
        "APIName": "restaurant_book",
        "ReservationStatus": "Reservation Confirmed",
        "RestaurantName": "Cactus Club"
      },
      "Text": "bye",
      "UnixTime": 1590532428
    },
    {
      "Action": "pick_suggestion",
      "ActionLabel": "anything_else",
      "ActionLabelOptions": [
        "hello",
        "anything_else",
        "restaurant_ask_size"
      ],
      "Agent": "Wizard",
      "PrimaryItem": {
        "APIName": "restaurant_book",
        "ReservationStatus": "Reservation Confirmed",
        "RestaurantName": "Cactus Club"
      },
      "Text": "Is there anything else that I can do for you?",
      "UnixTime": 1590532430
    },
    {
      "Action": "complete",
      "Agent": "User",
      "UnixTime": 1590532434
    }
  ],
  "FORMAT-VERSION": 7,
  "IntroducesConflicts": false,
  "Scenario": {
    "Domains": [
      "bank",
      "restaurant",
      "weather"
    ],
    "Happy": false,
    "MultiTask": true,
    "UserTask": "Come up with your own scenario!\n\nAbout you:\n- Your name: Sarah Brown\n- Your bank account: 68318931, with PIN 1596\n- Today is Wednesday the 30th of June, 6 pm\n\n The AI Assistant can handle:\n- Checking bank balance\n- Reserving a table at a restaurant (e.g. Cactus Club or Lucca) for today\n- Checking the weather forecast in different Cities (e.g. San Francisco or Chicago)",
    "WizardCapabilities": [
      {
        "Domain": "restaurant",
        "SchemaImage": "restaurant_book.jpg",
        "Task": "restaurant_book"
      },
      {
        "Domain": "bank",
        "SchemaImage": "bank_balance.jpg",
        "Task": "bank_balance"
      },
      {
        "Domain": "weather",
        "SchemaImage": "weather.jpg",
        "Task": "weather"
      }
    ],
    "WizardTask": "Follow the flow charts and help the user. Assume:\n\n- Today is Wednesday the 30th of June, 6 pm"
  },
  "UserQuestionnaire": [
    {
      "Answer": true,
      "Question": "Did the assistant stay calm and helpful throughout the dialogue?"
    }
  ],
  "WizardQuestionnaire": [
    {
      "Answer": false,
      "Question": "Did the user change his/her mind about what he/she wants at any time?"
    },
    {
      "Answer": false,
      "Question": "Did the user become aggressive or annoyed during the dialogue? (Note: some users may be instructed to be annoying.)"
    },
    {
      "Answer": false,
      "Question": "Where you unsure about what to do at any time? (Feel free to send us an email with details.)"
    }
  ]
}