{
  "AnonymizedUserWorkerID": "9f21d8b6-df7e-edd4-ef00-9da97dbb279f",
  "AnonymizedWizardWorkerID": "3edcce52-bbdf-48d8-3d95-d45dad2e0182",
  "BatchID": "woz_1590513462",
  "CompletionLevel": "Complete",
  "DialogueID": 6648,
  "Events": [
    {
      "Action": "instruct",
      "Agent": "UserGuide",
      "Text": "Use your imagination to generate a conversation about the topics 'Reserving a table at a restaurant', 'Bank balance checking' and 'Filing a bank fraud report' (in any order), as shown on the left. You may also play up to three rounds of trivia with the assistant.  [instruction 1 of 9]",
      "UnixTime": 1590536522
    },
    {
      "Action": "utter",
      "Agent": "User",
      "Text": "Hello. I would like to check my bank balance.",
      "UnixTime": 1590536531
    },
    {
      "Action": "select_task",
      "Agent": "Wizard",
      "Task": "bank_balance",
      "UnixTime": 1590536632
    },
    {
      "Action": "request_suggestions",
      "Agent": "Wizard",
      "Text": "what is your name",
      "UnixTime": 1590536647
    },
    {
      "Action": "pick_suggestion",
      "ActionLabel": "ask_name",
      "ActionLabelOptions": [
        "ask_name",
        "bank_ask_childhood_pets_name",
        "bank_ask_dob"
      ],
      "Agent": "Wizard",
      "Text": "Could I get your full name, please?",
      "UnixTime": 1590536648
    },
    {
      "Action": "utter",
      "Agent": "User",
      "Text": "Katarina Miller",
      "UnixTime": 1590536664
    },
    {
      "Action": "request_suggestions",
      "Agent": "Wizard",
      "Text": "What is your account id",
      "UnixTime": 1590536704
    },
    {
      "Action": "pick_suggestion",
      "ActionLabel": "bank_ask_account_number",
      "ActionLabelOptions": [
        "bank_ask_account_number",
        "ask_name",
        "goodbye_1"
      ],
      "Agent": "Wizard",
      "Text": "Can you tell me your account number, please?",
      "UnixTime": 1590536706
    },
    {
      "Action": "utter",
      "Agent": "User",
      "Text": "93418043810",
      "UnixTime": 1590536712
    },
    {
      "Action": "instruct",
      "Agent": "UserGuide",
      "Text": "You may attempt to do some smalltalk with the AI Assistant at any time. [instruction 2 of 9]",
      "UnixTime": 1590536712
    },
    {
      "Action": "request_suggestions",
      "Agent": "Wizard",
      "Text": "pin please",
      "UnixTime": 1590536716
    },
    {
      "Action": "pick_suggestion",
      "ActionLabel": "bank_ask_pin",
      "ActionLabelOptions": [
        "bank_ask_pin",
        "bank_ask_childhood_pets_name",
        "out_of_scope"
      ],
      "Agent": "Wizard",
      "Text": "Right, and your PIN as well please.",
      "UnixTime": 1590536717
    },
    {
      "Action": "utter",
      "Agent": "User",
      "Text": "0314",
      "UnixTime": 1590536721
    },
    {
      "APIName": "bank_balance",
      "Action": "query",
      "Agent": "Wizard",
      "Constraints": [
        {
          "FullName": "\"Katarina Miller\""
        },
        {
          "AccountNumber": "93418043810"
        },
        {
          "PIN": "0314"
        }
      ],
      "UnixTime": 1590536757
    },
    {
      "APIName": "bank_balance",
      "Action": "return_item",
      "Agent": "KnowledgeBase",
      "Item": {
        "APIName": "bank_balance",
        "BankBalance": 3601,
        "BankName": "Chase",
        "id": 565
      },
      "TotalItems": -1
    },
    {
      "Action": "request_suggestions",
      "Agent": "Wizard",
      "PrimaryItem": {
        "APIName": "bank_balance",
        "BankBalance": 3601,
        "BankName": "Chase",
        "id": 565
      },
      "Text": "Your balnace is 3601",
      "UnixTime": 1590536763
    },
    {
      "Action": "pick_suggestion",
      "ActionLabel": "bank_inform_balance",
      "ActionLabelOptions": [
        "bank_inform_balance",
        "anything_else",
        "out_of_scope"
      ],
      "Agent": "Wizard",
      "PrimaryItem": {
        "APIName": "bank_balance",
        "BankBalance": 3601,
        "BankName": "Chase",
        "id": 565
      },
      "Text": "Your current balance is 3601 in credit.",
      "UnixTime": 1590536764
    },
    {
      "Action": "utter",
      "Agent": "User",
      "Text": "3601",
      "UnixTime": 1590536768
    },
    {
      "Action": "request_suggestions",
      "Agent": "Wizard",
      "PrimaryItem": {
        "APIName": "bank_balance",
        "BankBalance": 3601,
        "BankName": "Chase",
        "id": 565
      },
      "Text": "Can i hlep with anythign else",
      "UnixTime": 1590536911
    },
    {
      "Action": "pick_suggestion",
      "ActionLabel": "anything_else",
      "ActionLabelOptions": [
        "anything_else",
        "bank_inform_cannot_authenticate",
        "ask_name"
      ],
      "Agent": "Wizard",
      "PrimaryItem": {
        "APIName": "bank_balance",
        "BankBalance": 3601,
        "BankName": "Chase",
        "id": 565
      },
      "Text": "Is there anything else that I can do for you?",
      "UnixTime": 1590536912
    },
    {
      "Action": "utter",
      "Agent": "User",
      "Text": "Hmm yes, this bank balance is low... I'm missing 6000 credits. I want to file a fraud report.",
      "UnixTime": 1590536956
    },
    {
      "Action": "instruct",
      "Agent": "UserGuide",
      "Text": "If you haven't yet, it's time to change topic. You can also go back and forth between topics. [instruction 3 of 9]",
      "UnixTime": 1590536956
    },
    {
      "Action": "select_task",
      "Agent": "Wizard",
      "PrimaryItem": {
        "APIName": "bank_balance",
        "BankBalance": 3601,
        "BankName": "Chase",
        "id": 565
      },
      "Task": "bank_fraud_report",
      "UnixTime": 1590536987
    },
    {
      "APIName": "bank_fraud_report",
      "Action": "query",
      "Agent": "Wizard",
      "Constraints": [
        {
          "FraudReport": "\" missing 6000 credits. \""
        },
        {
          "AccountNumber": "93418043810"
        },
        {
          "FullName": "\"Katarina Miller\""
        },
        {
          "PIN": "0314"
        }
      ],
      "PrimaryItem": {
        "APIName": "bank_balance",
        "BankBalance": 3601,
        "BankName": "Chase",
        "id": 565
      },
      "UnixTime": 1590537006
    },
    {
      "APIName": "bank_fraud_report",
      "Action": "return_item",
      "Agent": "KnowledgeBase",
      "Item": {
        "APIName": "bank_fraud_report",
        "Confirmation": "Fraud report submitted successfully."
      },
      "TotalItems": -1
    },
    {
      "Action": "request_suggestions",
      "Agent": "Wizard",
      "PrimaryItem": {
        "APIName": "bank_fraud_report",
        "Confirmation": "Fraud report submitted successfully."
      },
      "Text": "Your fraud report is submitted succesfully",
      "UnixTime": 1590537012
    },
    {
      "Action": "pick_suggestion",
      "ActionLabel": "bank_inform_fraud_report_submitted",
      "ActionLabelOptions": [
        "bank_inform_fraud_report_submitted",
        "bank_ask_fraud_details",
        "goodbye_1"
      ],
      "Agent": "Wizard",
      "PrimaryItem": {
        "APIName": "bank_fraud_report",
        "Confirmation": "Fraud report submitted successfully."
      },
      "Text": "Your report has been successfully submitted.\nWe will have a look at the matter ASAP and will contact you with details in due course.",
      "UnixTime": 1590537013
    },
    {
      "Action": "utter",
      "Agent": "User",
      "Text": "Great! I want to reserve a table at Legume, now that I know those criminals will be caught",
      "UnixTime": 1590537057
    },
    {
      "Action": "select_task",
      "Agent": "Wizard",
      "PrimaryItem": {
        "APIName": "bank_fraud_report",
        "Confirmation": "Fraud report submitted successfully."
      },
      "Task": "restaurant_book",
      "UnixTime": 1590537125
    },
    {
      "Action": "request_suggestions",
      "Agent": "Wizard",
      "PrimaryItem": {
        "APIName": "bank_fraud_report",
        "Confirmation": "Fraud report submitted successfully."
      },
      "Text": "How many people ",
      "UnixTime": 1590537137
    },
    {
      "Action": "pick_suggestion",
      "ActionLabel": "restaurant_ask_size",
      "ActionLabelOptions": [
        "restaurant_ask_size",
        "bank_ask_dob",
        "anything_else",
        "ask_name",
        "hello",
        "out_of_scope"
      ],
      "Agent": "Wizard",
      "PrimaryItem": {
        "APIName": "bank_fraud_report",
        "Confirmation": "Fraud report submitted successfully."
      },
      "Text": "For how many people should the reservation be made?",
      "UnixTime": 1590537138
    },
    {
      "Action": "utter",
      "Agent": "User",
      "Text": "Let's go with 6",
      "UnixTime": 1590537179
    },
    {
      "Action": "instruct",
      "Agent": "UserGuide",
      "Text": "If it makes sense, use some negations ('I don't want', or 'anything but ...', etc.) [instruction 4 of 9]",
      "UnixTime": 1590537179
    },
    {
      "Action": "request_suggestions",
      "Agent": "Wizard",
      "PrimaryItem": {
        "APIName": "bank_fraud_report",
        "Confirmation": "Fraud report submitted successfully."
      },
      "Text": "What time",
      "UnixTime": 1590537211
    },
    {
      "Action": "pick_suggestion",
      "ActionLabel": "restaurant_ask_time",
      "ActionLabelOptions": [
        "restaurant_ask_time",
        "bank_ask_dob",
        "bank_ask_fraud_details",
        "ask_name",
        "ask_name",
        "restaurant_ask_restaurant"
      ],
      "Agent": "Wizard",
      "PrimaryItem": {
        "APIName": "bank_fraud_report",
        "Confirmation": "Fraud report submitted successfully."
      },
      "Text": "For what time should the reservation be made?",
      "UnixTime": 1590537212
    },
    {
      "Action": "utter",
      "Agent": "User",
      "Text": "Anytime between 4pm to 11pm is fine. The later the better, more reasons to get drunk",
      "UnixTime": 1590537268
    },
    {
      "Action": "instruct",
      "Agent": "UserGuide",
      "Text": "If you like, you can ask for a game of trivia at any point. But don't play more than three rounds. [instruction 5 of 9]",
      "UnixTime": 1590537268
    },
    {
      "APIName": "restaurant_book",
      "Action": "query",
      "Agent": "Wizard",
      "Constraints": [
        {
          "Name": "\"Legume\""
        },
        {
          "Time": "\"8 pm\""
        },
        {
          "PartySize": "6"
        },
        {
          "CustomerName": "\"Katarina\""
        },
        {
          "RequestType": "\"Check\""
        }
      ],
      "PrimaryItem": {
        "APIName": "bank_fraud_report",
        "Confirmation": "Fraud report submitted successfully."
      },
      "UnixTime": 1590537276
    },
    {
      "APIName": "restaurant_book",
      "Action": "return_item",
      "Agent": "KnowledgeBase",
      "Item": {
        "APIName": "restaurant_book",
        "Message": "Unavailable",
        "RestaurantName": "Legume"
      },
      "TotalItems": -1
    },
    {
      "APIName": "restaurant_book",
      "Action": "query",
      "Agent": "Wizard",
      "Constraints": [
        {
          "Name": "\"Legume\""
        },
        {
          "Time": "\"9 pm\""
        },
        {
          "PartySize": "6"
        },
        {
          "CustomerName": "\"Katarina\""
        },
        {
          "RequestType": "\"Check\""
        }
      ],
      "PrimaryItem": {
        "APIName": "restaurant_book",
        "Message": "Unavailable",
        "RestaurantName": "Legume"
      },
      "UnixTime": 1590537279
    },
    {
      "APIName": "restaurant_book",
      "Action": "return_item",
      "Agent": "KnowledgeBase",
      "Item": {
        "APIName": "restaurant_book",
        "Message": "Unavailable",
        "RestaurantName": "Legume"
      },
      "TotalItems": -1
    },
    {
      "APIName": "restaurant_book",
      "Action": "query",
      "Agent": "Wizard",
      "Constraints": [
        {
          "Name": "\"Legume\""
        },
        {
          "Time": "\"6 pm\""
        },
        {
          "PartySize": "6"
        },
        {
          "CustomerName": "\"Katarina\""
        },
        {
          "RequestType": "\"Check\""
        }
      ],
      "PrimaryItem": {
        "APIName": "restaurant_book",
        "Message": "Unavailable",
        "RestaurantName": "Legume"
      },
      "UnixTime": 1590537283
    },
    {
      "APIName": "restaurant_book",
      "Action": "return_item",
      "Agent": "KnowledgeBase",
      "Item": {
        "APIName": "restaurant_book",
        "Message": "Unavailable",
        "RestaurantName": "Legume"
      },
      "TotalItems": -1
    },
    {
      "APIName": "restaurant_book",
      "Action": "query",
      "Agent": "Wizard",
      "Constraints": [
        {
          "Name": "\"Legume\""
        },
        {
          "Time": "\"4 pm\""
        },
        {
          "PartySize": "6"
        },
        {
          "CustomerName": "\"Katarina\""
        },
        {
          "RequestType": "\"Check\""
        }
      ],
      "PrimaryItem": {
        "APIName": "restaurant_book",
        "Message": "Unavailable",
        "RestaurantName": "Legume"
      },
      "UnixTime": 1590537286
    },
    {
      "APIName": "restaurant_book",
      "Action": "return_item",
      "Agent": "KnowledgeBase",
      "Item": {
        "APIName": "restaurant_book",
        "Message": "Available",
        "RestaurantName": "Legume"
      },
      "TotalItems": -1
    },
    {
      "Action": "request_suggestions",
      "Agent": "Wizard",
      "PrimaryItem": {
        "APIName": "restaurant_book",
        "Message": "Available",
        "RestaurantName": "Legume"
      },
      "Text": "4 pm is avaiabe. do uouwa nt me to book",
      "UnixTime": 1590537293
    },
    {
      "Action": "utter",
      "Agent": "Wizard",
      "PrimaryItem": {
        "APIName": "restaurant_book",
        "Message": "Available",
        "RestaurantName": "Legume"
      },
      "Text": "4pm is available, do you want me to book",
      "UnixTime": 1590537299
    },
    {
      "Action": "utter",
      "Agent": "User",
      "Text": "yes go ahead",
      "UnixTime": 1590537318
    },
    {
      "APIName": "restaurant_book",
      "Action": "query",
      "Agent": "Wizard",
      "Constraints": [
        {
          "Name": "\"Legume\""
        },
        {
          "Time": "\"4 pm\""
        },
        {
          "PartySize": "6"
        },
        {
          "CustomerName": "\"Katarina\""
        },
        {
          "RequestType": "\"Book\""
        }
      ],
      "PrimaryItem": {
        "APIName": "restaurant_book",
        "Message": "Available",
        "RestaurantName": "Legume"
      },
      "UnixTime": 1590537369
    },
    {
      "APIName": "restaurant_book",
      "Action": "return_item",
      "Agent": "KnowledgeBase",
      "Item": {
        "APIName": "restaurant_book",
        "ReservationStatus": "Reservation Failed",
        "RestaurantName": "Legume"
      },
      "TotalItems": -1
    },
    {
      "APIName": "restaurant_book",
      "Action": "query",
      "Agent": "Wizard",
      "Constraints": [
        {
          "Name": "\"Legume\""
        },
        {
          "Time": "\"4 pm\""
        },
        {
          "PartySize": "6"
        },
        {
          "CustomerName": "\"Katarina\""
        },
        {
          "RequestType": "\"Book\""
        }
      ],
      "PrimaryItem": {
        "APIName": "restaurant_book",
        "ReservationStatus": "Reservation Failed",
        "RestaurantName": "Legume"
      },
      "UnixTime": 1590537372
    },
    {
      "APIName": "restaurant_book",
      "Action": "return_item",
      "Agent": "KnowledgeBase",
      "Item": {
        "APIName": "restaurant_book",
        "ReservationStatus": "Reservation Failed",
        "RestaurantName": "Legume"
      },
      "TotalItems": -1
    },
    {
      "Action": "request_suggestions",
      "Agent": "Wizard",
      "PrimaryItem": {
        "APIName": "restaurant_book",
        "ReservationStatus": "Reservation Failed",
        "RestaurantName": "Legume"
      },
      "Text": "i'm sorry the reservation failed",
      "UnixTime": 1590537377
    },
    {
      "Action": "pick_suggestion",
      "ActionLabel": "restaurant_inform_booking_failed",
      "ActionLabelOptions": [
        "restaurant_inform_booking_failed",
        "restaurant_ask_confirm_booking",
        "hello"
      ],
      "Agent": "Wizard",
      "PrimaryItem": {
        "APIName": "restaurant_book",
        "ReservationStatus": "Reservation Failed",
        "RestaurantName": "Legume"
      },
      "Text": "I am sorry, but the reservation request was not successful.",
      "UnixTime": 1590537379
    },
    {
      "Action": "utter",
      "Agent": "User",
      "Text": "Oh no.... can we try again",
      "UnixTime": 1590537396
    },
    {
      "Action": "instruct",
      "Agent": "UserGuide",
      "Text": "Keep going :) - don't forget some smalltalk. Perhaps say something related to the first topic you talked about. [instruction 6 of 9]",
      "UnixTime": 1590537396
    },
    {
      "APIName": "restaurant_book",
      "Action": "query",
      "Agent": "Wizard",
      "Constraints": [
        {
          "Name": "\"Legume\""
        },
        {
          "Time": "\"4 pm\""
        },
        {
          "PartySize": "6"
        },
        {
          "CustomerName": "\"Katarina\""
        },
        {
          "RequestType": "\"Book\""
        }
      ],
      "PrimaryItem": {
        "APIName": "restaurant_book",
        "ReservationStatus": "Reservation Failed",
        "RestaurantName": "Legume"
      },
      "UnixTime": 1590537410
    },
    {
      "APIName": "restaurant_book",
      "Action": "return_item",
      "Agent": "KnowledgeBase",
      "Item": {
        "APIName": "restaurant_book",
        "ReservationStatus": "Reservation Failed",
        "RestaurantName": "Legume"
      },
      "TotalItems": -1
    },
    {
      "APIName": "restaurant_book",
      "Action": "query",
      "Agent": "Wizard",
      "Constraints": [
        {
          "Name": "\"Legume\""
        },
        {
          "Time": "\"4 pm\""
        },
        {
          "PartySize": "6"
        },
        {
          "CustomerName": "\"Katarina\""
        },
        {
          "RequestType": "\"Book\""
        }
      ],
      "PrimaryItem": {
        "APIName": "restaurant_book",
        "ReservationStatus": "Reservation Failed",
        "RestaurantName": "Legume"
      },
      "UnixTime": 1590537413
    },
    {
      "APIName": "restaurant_book",
      "Action": "return_item",
      "Agent": "KnowledgeBase",
      "Item": {
        "APIName": "restaurant_book",
        "ReservationStatus": "Reservation Failed",
        "RestaurantName": "Legume"
      },
      "TotalItems": -1
    },
    {
      "APIName": "restaurant_book",
      "Action": "query",
      "Agent": "Wizard",
      "Constraints": [
        {
          "Name": "\"Legume\""
        },
        {
          "Time": "\"5 pm\""
        },
        {
          "PartySize": "6"
        },
        {
          "CustomerName": "\"Katarina\""
        },
        {
          "RequestType": "\"Book\""
        }
      ],
      "PrimaryItem": {
        "APIName": "restaurant_book",
        "ReservationStatus": "Reservation Failed",
        "RestaurantName": "Legume"
      },
      "UnixTime": 1590537416
    },
    {
      "APIName": "restaurant_book",
      "Action": "return_item",
      "Agent": "KnowledgeBase",
      "Item": {
        "APIName": "restaurant_book",
        "ReservationStatus": "Reservation Confirmed",
        "RestaurantName": "Legume"
      },
      "TotalItems": -1
    },
    {
      "Action": "request_suggestions",
      "Agent": "Wizard",
      "PrimaryItem": {
        "APIName": "restaurant_book",
        "ReservationStatus": "Reservation Confirmed",
        "RestaurantName": "Legume"
      },
      "Text": "I was able to book for 5 pm ",
      "UnixTime": 1590537421
    },
    {
      "Action": "utter",
      "Agent": "Wizard",
      "PrimaryItem": {
        "APIName": "restaurant_book",
        "ReservationStatus": "Reservation Confirmed",
        "RestaurantName": "Legume"
      },
      "Text": "I was able to book for 5 pm!",
      "UnixTime": 1590537427
    },
    {
      "Action": "utter",
      "Agent": "User",
      "Text": "Great! Let's celebrate by playing some trivia!",
      "UnixTime": 1590537447
    },
    {
      "Action": "select_task",
      "Agent": "Wizard",
      "PrimaryItem": {
        "APIName": "restaurant_book",
        "ReservationStatus": "Reservation Confirmed",
        "RestaurantName": "Legume"
      },
      "Task": "trivia",
      "UnixTime": 1590537468
    },
    {
      "Action": "request_suggestions",
      "Agent": "Wizard",
      "PrimaryItem": {
        "APIName": "restaurant_book",
        "ReservationStatus": "Reservation Confirmed",
        "RestaurantName": "Legume"
      },
      "Text": "What question",
      "UnixTime": 1590537472
    },
    {
      "Action": "pick_suggestion",
      "ActionLabel": "trivia_ask_question_number",
      "ActionLabelOptions": [
        "out_of_scope",
        "trivia_ask_question_number",
        "restaurant_ask_restaurant",
        "trivia_inform_nothing_found",
        "restaurant_inform_nothing_found",
        "out_of_scope"
      ],
      "Agent": "Wizard",
      "PrimaryItem": {
        "APIName": "restaurant_book",
        "ReservationStatus": "Reservation Confirmed",
        "RestaurantName": "Legume"
      },
      "Text": "At what question would you like to start?",
      "UnixTime": 1590537474
    },
    {
      "Action": "utter",
      "Agent": "User",
      "Text": "3",
      "UnixTime": 1590537497
    },
    {
      "Action": "instruct",
      "Agent": "UserGuide",
      "Text": "Keep going until you've covered all the topics (reserving a table at a restaurant, bank balance checking, and bank fraud report). The conversation should continue at least until the last instruction is given. [instruction 7 of 9]",
      "UnixTime": 1590537497
    },
    {
      "APIName": "trivia",
      "Action": "query",
      "Agent": "Wizard",
      "Constraints": [
        {
          "QuestionNum": "3"
        }
      ],
      "PrimaryItem": {
        "APIName": "restaurant_book",
        "ReservationStatus": "Reservation Confirmed",
        "RestaurantName": "Legume"
      },
      "UnixTime": 1590537519
    },
    {
      "APIName": "trivia",
      "Action": "return_item",
      "Agent": "KnowledgeBase",
      "Item": {
        "APIName": "trivia",
        "Answer": "snail",
        "Question": "A ____ takes 33 hours to crawl one mile"
      },
      "TotalItems": -1
    },
    {
      "Action": "request_suggestions",
      "Agent": "Wizard",
      "PrimaryItem": {
        "APIName": "trivia",
        "Answer": "snail",
        "Question": "A ____ takes 33 hours to crawl one mile"
      },
      "Text": "\tA ____ takes 33 hours to crawl one mile",
      "UnixTime": 1590537522
    },
    {
      "Action": "request_suggestions",
      "Agent": "Wizard",
      "PrimaryItem": {
        "APIName": "trivia",
        "Answer": "snail",
        "Question": "A ____ takes 33 hours to crawl one mile"
      },
      "Text": "a -- rtakes 33 hours to crawl 1 miel",
      "UnixTime": 1590537529
    },
    {
      "Action": "pick_suggestion",
      "ActionLabel": "trivia_ask_question",
      "ActionLabelOptions": [
        "trivia_ask_question",
        "trivia_inform_answer_2_ask_next",
        "hello"
      ],
      "Agent": "Wizard",
      "PrimaryItem": {
        "APIName": "trivia",
        "Answer": "snail",
        "Question": "A ____ takes 33 hours to crawl one mile"
      },
      "Text": "A ____ takes 33 hours to crawl one mile",
      "UnixTime": 1590537530
    },
    {
      "Action": "utter",
      "Agent": "User",
      "Text": "snail",
      "UnixTime": 1590537538
    },
    {
      "Action": "request_suggestions",
      "Agent": "Wizard",
      "PrimaryItem": {
        "APIName": "trivia",
        "Answer": "snail",
        "Question": "A ____ takes 33 hours to crawl one mile"
      },
      "Text": "good job!",
      "UnixTime": 1590537567
    },
    {
      "Action": "pick_suggestion",
      "ActionLabel": "trivia_inform_answer_correct_ask_next",
      "ActionLabelOptions": [
        "trivia_bye",
        "trivia_inform_answer_correct_ask_next",
        "anything_else"
      ],
      "Agent": "Wizard",
      "PrimaryItem": {
        "APIName": "trivia",
        "Answer": "snail",
        "Question": "A ____ takes 33 hours to crawl one mile"
      },
      "Text": "Your answer was correct! Great job! Would you like to continue playing?",
      "UnixTime": 1590537569
    },
    {
      "Action": "utter",
      "Agent": "User",
      "Text": "Yes next!",
      "UnixTime": 1590537574
    },
    {
      "Action": "instruct",
      "Agent": "UserGuide",
      "Text": "Almost there. A few more turns. [instruction 8 of 9]",
      "UnixTime": 1590537574
    },
    {
      "APIName": "trivia",
      "Action": "query",
      "Agent": "Wizard",
      "Constraints": [
        {
          "QuestionNum": "4"
        }
      ],
      "PrimaryItem": {
        "APIName": "trivia",
        "Answer": "snail",
        "Question": "A ____ takes 33 hours to crawl one mile"
      },
      "UnixTime": 1590537581
    },
    {
      "APIName": "trivia",
      "Action": "return_item",
      "Agent": "KnowledgeBase",
      "Item": {
        "APIName": "trivia",
        "Answer": "poem",
        "Question": "A ____ written to celebrate a wedding is called a epithalamium"
      },
      "TotalItems": -1
    },
    {
      "Action": "request_suggestions",
      "Agent": "Wizard",
      "PrimaryItem": {
        "APIName": "trivia",
        "Answer": "poem",
        "Question": "A ____ written to celebrate a wedding is called a epithalamium"
      },
      "Text": "witten to celebrate a wedding is called a epithalamium'",
      "UnixTime": 1590537588
    },
    {
      "Action": "pick_suggestion",
      "ActionLabel": "trivia_ask_question",
      "ActionLabelOptions": [
        "trivia_ask_question",
        "trivia_inform_answer_2_ask_next",
        "trivia_bye"
      ],
      "Agent": "Wizard",
      "PrimaryItem": {
        "APIName": "trivia",
        "Answer": "poem",
        "Question": "A ____ written to celebrate a wedding is called a epithalamium"
      },
      "Text": "A ____ written to celebrate a wedding is called a epithalamium",
      "UnixTime": 1590537589
    },
    {
      "Action": "utter",
      "Agent": "User",
      "Text": "poem",
      "UnixTime": 1590537605
    },
    {
      "Action": "request_suggestions",
      "Agent": "Wizard",
      "PrimaryItem": {
        "APIName": "trivia",
        "Answer": "poem",
        "Question": "A ____ written to celebrate a wedding is called a epithalamium"
      },
      "Text": "yes!",
      "UnixTime": 1590537733
    },
    {
      "Action": "pick_suggestion",
      "ActionLabel": "trivia_inform_answer_correct_ask_next",
      "ActionLabelOptions": [
        "trivia_inform_answer_correct_ask_next",
        "out_of_scope",
        "trivia_bye"
      ],
      "Agent": "Wizard",
      "PrimaryItem": {
        "APIName": "trivia",
        "Answer": "poem",
        "Question": "A ____ written to celebrate a wedding is called a epithalamium"
      },
      "Text": "Your answer was correct! Great job! Would you like to continue playing?",
      "UnixTime": 1590537734
    },
    {
      "Action": "utter",
      "Agent": "User",
      "Text": "Yes one more please",
      "UnixTime": 1590537743
    },
    {
      "APIName": "trivia",
      "Action": "query",
      "Agent": "Wizard",
      "Constraints": [
        {
          "QuestionNum": "5"
        }
      ],
      "PrimaryItem": {
        "APIName": "trivia",
        "Answer": "poem",
        "Question": "A ____ written to celebrate a wedding is called a epithalamium"
      },
      "UnixTime": 1590537755
    },
    {
      "APIName": "trivia",
      "Action": "return_item",
      "Agent": "KnowledgeBase",
      "Item": {
        "APIName": "trivia",
        "Answer": "wind",
        "Question": "A 'sirocco' refers to a type of ____"
      },
      "TotalItems": -1
    },
    {
      "Action": "request_suggestions",
      "Agent": "Wizard",
      "PrimaryItem": {
        "APIName": "trivia",
        "Answer": "wind",
        "Question": "A 'sirocco' refers to a type of ____"
      },
      "Text": " 'sirocco' refers to a type of ",
      "UnixTime": 1590537759
    },
    {
      "Action": "pick_suggestion",
      "ActionLabel": "trivia_ask_question",
      "ActionLabelOptions": [
        "trivia_ask_question",
        "trivia_inform_answer_2_ask_next",
        "hello"
      ],
      "Agent": "Wizard",
      "PrimaryItem": {
        "APIName": "trivia",
        "Answer": "wind",
        "Question": "A 'sirocco' refers to a type of ____"
      },
      "Text": "A 'sirocco' refers to a type of ____",
      "UnixTime": 1590537761
    },
    {
      "Action": "utter",
      "Agent": "User",
      "Text": "Wind",
      "UnixTime": 1590537772
    },
    {
      "Action": "instruct",
      "Agent": "UserGuide",
      "Text": "Ok, once you've touched on all the topics (restaurant, bank balance checking, and bank fraud report) and engaged in some smalltalk, you can bring the conversation to a natural close. [instruction 9 of 9]",
      "UnixTime": 1590537772
    },
    {
      "Action": "request_suggestions",
      "Agent": "Wizard",
      "PrimaryItem": {
        "APIName": "trivia",
        "Answer": "wind",
        "Question": "A 'sirocco' refers to a type of ____"
      },
      "Text": "that is right!",
      "UnixTime": 1590537814
    },
    {
      "Action": "pick_suggestion",
      "ActionLabel": "trivia_inform_answer_correct_ask_next",
      "ActionLabelOptions": [
        "trivia_inform_answer_correct_ask_next",
        "out_of_scope",
        "trivia_inform_nothing_found"
      ],
      "Agent": "Wizard",
      "PrimaryItem": {
        "APIName": "trivia",
        "Answer": "wind",
        "Question": "A 'sirocco' refers to a type of ____"
      },
      "Text": "Your answer was correct! Great job! Would you like to continue playing?",
      "UnixTime": 1590537815
    },
    {
      "Action": "utter",
      "Agent": "User",
      "Text": "Nice. I am a genius. That will be all thank you.",
      "UnixTime": 1590537841
    },
    {
      "Action": "request_suggestions",
      "Agent": "Wizard",
      "PrimaryItem": {
        "APIName": "trivia",
        "Answer": "wind",
        "Question": "A 'sirocco' refers to a type of ____"
      },
      "Text": "bye",
      "UnixTime": 1590537893
    },
    {
      "Action": "pick_suggestion",
      "ActionLabel": "trivia_bye",
      "ActionLabelOptions": [
        "trivia_bye",
        "trivia_ask_question",
        "trivia_inform_answer_incorrect_ask_next"
      ],
      "Agent": "Wizard",
      "PrimaryItem": {
        "APIName": "trivia",
        "Answer": "wind",
        "Question": "A 'sirocco' refers to a type of ____"
      },
      "Text": "Nice playing with you, bye!",
      "UnixTime": 1590537894
    },
    {
      "Action": "complete",
      "Agent": "User",
      "UnixTime": 1590537899
    }
  ],
  "FORMAT-VERSION": 7,
  "IntroducesConflicts": false,
  "Scenario": {
    "Domains": [
      "bank",
      "restaurant",
      "trivia"
    ],
    "Happy": false,
    "MultiTask": true,
    "UserTask": "Come up with your own scenario!\n\nAbout you:\n- Your name: Katarina Miller\n- Your bank account: 93418043810, with PIN 0314\n- Today is Tuesday the 26th of June, 6 pm\n\n The AI Assistant can handle:\n- Checking bank balance\n- Filing a bank fraud report\n- Reserving a table at a restaurant (e.g. Cactus Club or Legume) for today\n- A game of trivia",
    "WizardCapabilities": [
      {
        "Domain": "restaurant",
        "SchemaImage": "restaurant_book.jpg",
        "Task": "restaurant_book"
      },
      {
        "Domain": "bank",
        "SchemaImage": "bank_balance.jpg",
        "Task": "bank_balance"
      },
      {
        "Domain": "bank",
        "SchemaImage": "bank_fraud_report.jpg",
        "Task": "bank_fraud_report"
      },
      {
        "Domain": "trivia",
        "SchemaImage": "trivia.jpg",
        "Task": "trivia"
      }
    ],
    "WizardTask": "Follow the flow charts and help the user. Assume:\n\n- Today is Tuesday the 26th of June, 6 pm"
  },
  "UserQuestionnaire": [
    {
      "Answer": true,
      "Question": "Did the assistant stay calm and helpful throughout the dialogue?"
    }
  ],
  "WizardQuestionnaire": [
    {
      "Answer": false,
      "Question": "Did the user change his/her mind about what he/she wants at any time?"
    },
    {
      "Answer": false,
      "Question": "Did the user become aggressive or annoyed during the dialogue? (Note: some users may be instructed to be annoying.)"
    },
    {
      "Answer": false,
      "Question": "Where you unsure about what to do at any time? (Feel free to send us an email with details.)"
    }
  ]
}