{
    "AnonymizedUserWorkerID": "cd16c4d4-79bc-8ba3-bf47-368689966c2c",
    "AnonymizedWizardWorkerID": "ab9f01dc-2cad-988e-9e96-f7509ea2a536",
    "BatchID": "woz_1589458635",
    "CompletionLevel": "Complete",
    "DialogueID": 75,
    "Events": [
        {
            "Action": "utter",
            "Agent": "User",
            "Text": "Hi",
            "UnixTime": 1589466440,
            "PredictedBeliefState": {},
            "ActionLabel": [
                "user_hello"
            ]
        },
        {
            "Action": "request_suggestions",
            "Agent": "Wizard",
            "Text": "Hello",
            "UnixTime": 1589466447
        },
        {
            "Action": "pick_suggestion",
            "ActionLabel": "hello",
            "ActionLabelOptions": [
                "hello",
                "hotel_reservation_succeeded"
            ],
            "Agent": "Wizard",
            "Text": "Hello, how can I help?",
            "UnixTime": 1589466449
        },
        {
            "Action": "utter",
            "Agent": "User",
            "Text": "Yeah, I need to reserve a room please",
            "UnixTime": 1589466458,
            "PredictedBeliefState": {},
            "ActionLabel": [
                "user_hotel_book_ask_hotel_book"
            ]
        },
        {
            "Action": "request_suggestions",
            "Agent": "Wizard",
            "Text": "Ok. What is your name?",
            "UnixTime": 1589466470
        },
        {
            "Action": "pick_suggestion",
            "ActionLabel": "ask_name",
            "ActionLabelOptions": [
                "ask_name",
                "anything_else"
            ],
            "Agent": "Wizard",
            "Text": "May I have your name, please?",
            "UnixTime": 1589466472
        },
        {
            "Action": "utter",
            "Agent": "User",
            "Text": "Ben",
            "UnixTime": 1589466476,
            "PredictedBeliefState": {
                "CustomerName": "ben"
            },
            "ActionLabel": [
                "user_hotel_book_inform_name"
            ]
        },
        {
            "Action": "request_suggestions",
            "Agent": "Wizard",
            "Text": "What hotel would you like?",
            "UnixTime": 1589466489
        },
        {
            "Action": "pick_suggestion",
            "ActionLabel": "hotel_ask_hotel",
            "ActionLabelOptions": [
                "hotel_ask_hotel",
                "hotel_reservation_succeeded"
            ],
            "Agent": "Wizard",
            "Text": "What hotel would you like to stay at?",
            "UnixTime": 1589466491
        },
        {
            "Action": "utter",
            "Agent": "User",
            "Text": "Shadyside Inn please",
            "UnixTime": 1589466498,
            "PredictedBeliefState": {
                "CustomerName": "ben",
                "Name": "shadyside inn"
            },
            "ActionLabel": [
                "user_hotel_book_inform_hotel_name"
            ]
        },
        {
            "Action": "request_suggestions",
            "Agent": "Wizard",
            "Text": "What is the start day and end day?",
            "UnixTime": 1589466510
        },
        {
            "Action": "pick_suggestion",
            "ActionLabel": "hotel_ask_date_from",
            "ActionLabelOptions": [
                "hotel_ask_date_from",
                "hotel_ask_date_to"
            ],
            "Agent": "Wizard",
            "Text": "When are you arriving?",
            "UnixTime": 1589466513
        },
        {
            "Action": "utter",
            "Agent": "User",
            "Text": "May 5th",
            "UnixTime": 1589466518,
            "PredictedBeliefState": {
                "CustomerName": "ben",
                "StartDate": "5th",
                "Name": "shadyside inn"
            },
            "ActionLabel": [
                "user_hotel_book_inform_start_date"
            ]
        },
        {
            "Action": "request_suggestions",
            "Agent": "Wizard",
            "Text": "When are you leaving?",
            "UnixTime": 1589466530
        },
        {
            "Action": "pick_suggestion",
            "ActionLabel": "hotel_ask_date_from",
            "ActionLabelOptions": [
                "hotel_ask_date_to",
                "hotel_ask_date_from"
            ],
            "Agent": "Wizard",
            "Text": "When are you arriving?",
            "UnixTime": 1589466532
        },
        {
            "Action": "utter",
            "Agent": "User",
            "Text": "Arriving? May 5th",
            "UnixTime": 1589466543,
            "PredictedBeliefState": {
                "CustomerName": "ben",
                "Name": "shadyside inn",
                "StartDate": "5th"
            },
            "ActionLabel": []
        },
        {
            "Action": "request_suggestions",
            "Agent": "Wizard",
            "Text": "When are you leaving?",
            "UnixTime": 1589466552
        },
        {
            "Action": "pick_suggestion",
            "ActionLabel": "hotel_ask_date_to",
            "ActionLabelOptions": [
                "hotel_ask_date_to",
                "hotel_ask_date_from"
            ],
            "Agent": "Wizard",
            "Text": "When will you be leaving again?",
            "UnixTime": 1589466555
        },
        {
            "Action": "utter",
            "Agent": "User",
            "Text": "May 21st",
            "UnixTime": 1589466563,
            "PredictedBeliefState": {
                "StartDate": "5th",
                "Name": "shadyside inn",
                "EndDate": "21st",
                "CustomerName": "ben"
            },
            "ActionLabel": [
                "user_hotel_book_inform_end_date"
            ]
        },
        {
            "Action": "request_suggestions",
            "Agent": "Wizard",
            "Text": "Any special requests?",
            "UnixTime": 1589466582
        },
        {
            "Action": "pick_suggestion",
            "ActionLabel": "custom",
            "ActionLabelOptions": [
                "custom"
            ],
            "Agent": "Wizard",
            "Text": "Any special requests?",
            "UnixTime": 1589466589
        },
        {
            "Action": "utter",
            "Agent": "User",
            "Text": "Nope",
            "UnixTime": 1589466594,
            "PredictedBeliefState": {
                "CustomerRequest": "no",
                "Name": "shadyside inn",
                "CustomerName": "ben",
                "EndDate": "21st",
                "StartDate": "5th"
            },
            "ActionLabel": [
                "user_hotel_book_inform_customer_request"
            ]
        },
        {
            "APIName": "hotel_book",
            "Action": "query",
            "Agent": "Wizard",
            "Constraints": [
                {
                    "Name": "api.is_equal_to(\"Shadyside Inn\")"
                },
                {
                    "StartDate": "\"5th\""
                },
                {
                    "EndDate": "\"21st\""
                },
                {
                    "CustomerName": "\"Ben\""
                },
                {
                    "RequestType": "\"Check\""
                }
            ],
            "UnixTime": 1589466606
        },
        {
            "APIName": "hotel_book",
            "Action": "return_item",
            "Agent": "KnowledgeBase",
            "Item": {
                "APIName": "hotel_book",
                "HotelName": "Shadyside Inn",
                "Message": "Unavailable"
            },
            "TotalItems": -1,
            "PredictedBeliefState": {
                "CustomerRequest": "no",
                "Name": "shadyside inn",
                "CustomerName": "ben",
                "EndDate": "21st",
                "StartDate": "5th"
            },
            "ActionLabel": [
                "db_hotel_unavailable"
            ]
        },
        {
            "Action": "request_suggestions",
            "Agent": "Wizard",
            "PrimaryItem": {
                "APIName": "hotel_book",
                "HotelName": "Shadyside Inn",
                "Message": "Unavailable"
            },
            "Text": "Sorry. That hotel is unavailable.",
            "UnixTime": 1589466623
        },
        {
            "Action": "pick_suggestion",
            "ActionLabel": "hotel_unavailable",
            "ActionLabelOptions": [
                "hotel_unavailable",
                "hotel_ask_hotel"
            ],
            "Agent": "Wizard",
            "PrimaryItem": {
                "APIName": "hotel_book",
                "HotelName": "Shadyside Inn",
                "Message": "Unavailable"
            },
            "Text": "I'm very sorry, but there is no room available at the Shadyside Inn for your requested dates.",
            "UnixTime": 1589466626
        },
        {
            "Action": "utter",
            "Agent": "User",
            "Text": "Bummer, oh well, thanks anyway. bye",
            "UnixTime": 1589466640,
            "PredictedBeliefState": {
                "CustomerName": "ben",
                "StartDate": "5th",
                "Name": "shadyside inn",
                "EndDate": "21st",
                "CustomerRequest": "no"
            },
            "ActionLabel": [
                "user_hotel_book_thank_you"
            ]
        },
        {
            "Action": "request_suggestions",
            "Agent": "Wizard",
            "PrimaryItem": {
                "APIName": "hotel_book",
                "HotelName": "Shadyside Inn",
                "Message": "Unavailable"
            },
            "Text": "Goodbye.",
            "UnixTime": 1589466652
        },
        {
            "Action": "pick_suggestion",
            "ActionLabel": "goodbye_1",
            "ActionLabelOptions": [
                "goodbye_1",
                "hotel_unavailable"
            ],
            "Agent": "Wizard",
            "PrimaryItem": {
                "APIName": "hotel_book",
                "HotelName": "Shadyside Inn",
                "Message": "Unavailable"
            },
            "Text": "Thank you and goodbye.",
            "UnixTime": 1589466655
        },
        {
            "Action": "complete",
            "Agent": "User",
            "UnixTime": 1589466657
        }
    ],
    "FORMAT-VERSION": 7,
    "IntroducesConflicts": false,
    "Scenario": {
        "Domains": [
            "hotel"
        ],
        "Happy": true,
        "MultiTask": false,
        "UserTask": "You want to reserve a room at the Shadyside Inn from May 5th to 21st. Your name is Ben. Please do not make a custom request, and it is ok if no room is available - just say goodbye in this case.",
        "WizardCapabilities": [
            {
                "Domain": "hotel",
                "SchemaImage": "hotel_book.jpg",
                "Task": "hotel_book"
            }
        ],
        "WizardTask": "Help the user reserve a hotel room. "
    },
    "UserQuestionnaire": [
        {
            "Answer": false,
            "Question": "Did the assistant reserve your hotel?"
        },
        {
            "Answer": true,
            "Question": "Did the assistant stay calm and helpful throughout the dialogue?"
        }
    ],
    "WizardQuestionnaire": [
        {
            "Answer": false,
            "Question": "Did the user change his/her mind about what he/she wants at any time?"
        },
        {
            "Answer": false,
            "Question": "Did the user become aggressive or annoyed during the dialogue? (Note: some users may be instructed to be annoying.)"
        },
        {
            "Answer": false,
            "Question": "Where you unsure about what to do at any time? (Feel free to send us an email with details.)"
        }
    ]
}