{
    "AnonymizedUserWorkerID": "cd16c4d4-79bc-8ba3-bf47-368689966c2c",
    "AnonymizedWizardWorkerID": "714682ad-f218-f762-7605-00e7c4baee47",
    "BatchID": "woz_1590426434",
    "CompletionLevel": "Complete",
    "DialogueID": 794,
    "Events": [
        {
            "Action": "utter",
            "Agent": "User",
            "Text": "Hey, I need to get a ride please",
            "UnixTime": 1590440413,
            "PredictedBeliefState": {},
            "ActionLabel": [
                "user_ride_book_ask_ride_book"
            ]
        },
        {
            "Action": "request_suggestions",
            "Agent": "Wizard",
            "Text": "name",
            "UnixTime": 1590440417
        },
        {
            "Action": "pick_suggestion",
            "ActionLabel": "ask_name",
            "ActionLabelOptions": [
                "ask_name",
                "ride_inform_search_criteria",
                "ride_bye"
            ],
            "Agent": "Wizard",
            "Text": "May I have your name, please?",
            "UnixTime": 1590440418
        },
        {
            "Action": "utter",
            "Agent": "User",
            "Text": "I'm Alexis",
            "UnixTime": 1590440424,
            "PredictedBeliefState": {
                "CustomerName": "alexis"
            },
            "ActionLabel": [
                "user_ride_book_inform_name"
            ]
        },
        {
            "Action": "instruct",
            "Agent": "UserGuide",
            "Text": "You remember, last time your driver was John and he got lost and you ended up missing an important appointment. Make sure you get another driver this time. [instruction 1 of 3]",
            "UnixTime": 1590440424
        },
        {
            "Action": "request_suggestions",
            "Agent": "Wizard",
            "Text": "departure",
            "UnixTime": 1590440430
        },
        {
            "Action": "pick_suggestion",
            "ActionLabel": "ride_ask_departure",
            "ActionLabelOptions": [
                "ride_ask_departure",
                "ride_bye",
                "ride_inform_search_criteria"
            ],
            "Agent": "Wizard",
            "Text": "OK, and where are you departing from?",
            "UnixTime": 1590440432
        },
        {
            "Action": "utter",
            "Agent": "User",
            "Text": "5th and Main",
            "UnixTime": 1590440441,
            "PredictedBeliefState": {
                "DepartureLocation": "5th and main",
                "CustomerName": "alexis"
            },
            "ActionLabel": [
                "user_ride_book_inform_departure_location"
            ]
        },
        {
            "Action": "instruct",
            "Agent": "UserGuide",
            "Text": "You forgot that your friend told you to meet at the BrewLab cafe at University not Hospital. Tell the assistant you want a ride to University. [instruction 2 of 3]",
            "UnixTime": 1590440441
        },
        {
            "Action": "request_suggestions",
            "Agent": "Wizard",
            "Text": "and arriving?",
            "UnixTime": 1590440445
        },
        {
            "Action": "pick_suggestion",
            "ActionLabel": "ride_ask_destination",
            "ActionLabelOptions": [
                "ride_ask_destination",
                "ride_ask_departure",
                "anything_else"
            ],
            "Agent": "Wizard",
            "Text": "Alright, where do you want to go?",
            "UnixTime": 1590440447
        },
        {
            "Action": "utter",
            "Agent": "User",
            "Text": "Hospital please. Oh, it's not an emergency, I'm just meeting someone there",
            "UnixTime": 1590440471,
            "PredictedBeliefState": {
                "ArrivalLocation": "hospital",
                "DepartureLocation": "5th and main",
                "CustomerName": "alexis"
            },
            "ActionLabel": [
                "user_ride_book_inform_destination"
            ]
        },
        {
            "Action": "instruct",
            "Agent": "UserGuide",
            "Text": "You are a big fan of classy European cars. Ask for the car to be a BMW. [instruction 3 of 3]",
            "UnixTime": 1590440471
        },
        {
            "APIName": "ride_book",
            "Action": "query",
            "Agent": "Wizard",
            "Constraints": [
                {
                    "CustomerName": "\"Alexis\""
                },
                {
                    "DepartureLocation": "\"5th and Main\""
                },
                {
                    "ArrivalLocation": "\"Hospital\""
                },
                {
                    "RequestType": "\"Check\""
                }
            ],
            "UnixTime": 1590440482
        },
        {
            "APIName": "ride_book",
            "Action": "return_item",
            "Agent": "KnowledgeBase",
            "Item": {
                "APIName": "ride_book",
                "AllowsChanges": false,
                "ArrivalLocation": "Hospital",
                "CarModel": "Ford",
                "CustomerName": "Alexis",
                "DepartureLocation": "5th and Main",
                "DriverName": "Ella",
                "LicensePlate": "313 EA9",
                "MinutesTillPickup": 24,
                "Price": 31,
                "ServiceProvider": "Uber",
                "id": 409
            },
            "TotalItems": -1,
            "PredictedBeliefState": {
                "ArrivalLocation": "hospital",
                "DepartureLocation": "5th and main",
                "CustomerName": "alexis"
            },
            "ActionLabel": [
                "db_ask_confirm_booking"
            ]
        },
        {
            "Action": "request_suggestions",
            "Agent": "Wizard",
            "PrimaryItem": {
                "APIName": "ride_book",
                "AllowsChanges": false,
                "ArrivalLocation": "Hospital",
                "CarModel": "Ford",
                "CustomerName": "Alexis",
                "DepartureLocation": "5th and Main",
                "DriverName": "Ella",
                "LicensePlate": "313 EA9",
                "MinutesTillPickup": 24,
                "Price": 31,
                "ServiceProvider": "Uber",
                "id": 409
            },
            "Text": "Uber Ella Ford",
            "UnixTime": 1590440487
        },
        {
            "Action": "request_suggestions",
            "Agent": "Wizard",
            "PrimaryItem": {
                "APIName": "ride_book",
                "AllowsChanges": false,
                "ArrivalLocation": "Hospital",
                "CarModel": "Ford",
                "CustomerName": "Alexis",
                "DepartureLocation": "5th and Main",
                "DriverName": "Ella",
                "LicensePlate": "313 EA9",
                "MinutesTillPickup": 24,
                "Price": 31,
                "ServiceProvider": "Uber",
                "id": 409
            },
            "Text": "I found an Uber with Ella",
            "UnixTime": 1590440498
        },
        {
            "Action": "pick_suggestion",
            "ActionLabel": "ride_ask_confirm_booking",
            "ActionLabelOptions": [
                "ride_ask_confirm_booking",
                "ride_bye",
                "ask_name"
            ],
            "Agent": "Wizard",
            "PrimaryItem": {
                "APIName": "ride_book",
                "AllowsChanges": false,
                "ArrivalLocation": "Hospital",
                "CarModel": "Ford",
                "CustomerName": "Alexis",
                "DepartureLocation": "5th and Main",
                "DriverName": "Ella",
                "LicensePlate": "313 EA9",
                "MinutesTillPickup": 24,
                "Price": 31,
                "ServiceProvider": "Uber",
                "id": 409
            },
            "Text": "I found a Uber ride for you from '5th and Main' to 'Hospital' for 31 credits\nthat could pick you up in 24 minutes. Should I book that for you?",
            "UnixTime": 1590440500
        },
        {
            "Action": "utter",
            "Agent": "User",
            "Text": "Which driver is it? There's a guy named John I don't like 'cuz he's slow and I really want to be on time for this date.",
            "UnixTime": 1590440533,
            "PredictedBeliefState": {
                "CustomerName": "alexis",
                "DepartureLocation": "5th and main",
                "ArrivalLocation": "hospital"
            },
            "ActionLabel": [
                "user_bad_label"
            ]
        },
        {
            "Action": "request_suggestions",
            "Agent": "Wizard",
            "PrimaryItem": {
                "APIName": "ride_book",
                "AllowsChanges": false,
                "ArrivalLocation": "Hospital",
                "CarModel": "Ford",
                "CustomerName": "Alexis",
                "DepartureLocation": "5th and Main",
                "DriverName": "Ella",
                "LicensePlate": "313 EA9",
                "MinutesTillPickup": 24,
                "Price": 31,
                "ServiceProvider": "Uber",
                "id": 409
            },
            "Text": "The Driver's name is Ella",
            "UnixTime": 1590440541
        },
        {
            "Action": "pick_suggestion",
            "ActionLabel": "ride_provide_driver_details",
            "ActionLabelOptions": [
                "ride_provide_driver_details",
                "ask_name",
                "ride_bye"
            ],
            "Agent": "Wizard",
            "PrimaryItem": {
                "APIName": "ride_book",
                "AllowsChanges": false,
                "ArrivalLocation": "Hospital",
                "CarModel": "Ford",
                "CustomerName": "Alexis",
                "DepartureLocation": "5th and Main",
                "DriverName": "Ella",
                "LicensePlate": "313 EA9",
                "MinutesTillPickup": 24,
                "Price": 31,
                "ServiceProvider": "Uber",
                "id": 409
            },
            "Text": "Your driver will be Ella.",
            "UnixTime": 1590440543
        },
        {
            "Action": "utter",
            "Agent": "User",
            "Text": "She sounds fine, but I just got a text, apparently this place is at University, not the Hospital. So I need a ride there",
            "UnixTime": 1590440586,
            "PredictedBeliefState": {
                "DepartureLocation": "5th and main",
                "ArrivalLocation": "university",
                "CustomerName": "alexis"
            },
            "ActionLabel": [
                "user_ride_book_inform_destination"
            ]
        },
        {
            "APIName": "ride_book",
            "Action": "query",
            "Agent": "Wizard",
            "Constraints": [
                {
                    "CustomerName": "\"Alexis\""
                },
                {
                    "DepartureLocation": "\"5th and Main\""
                },
                {
                    "ArrivalLocation": "\"University\""
                },
                {
                    "RequestType": "\"Check\""
                }
            ],
            "PrimaryItem": {
                "APIName": "ride_book",
                "AllowsChanges": false,
                "ArrivalLocation": "Hospital",
                "CarModel": "Ford",
                "CustomerName": "Alexis",
                "DepartureLocation": "5th and Main",
                "DriverName": "Ella",
                "LicensePlate": "313 EA9",
                "MinutesTillPickup": 24,
                "Price": 31,
                "ServiceProvider": "Uber",
                "id": 409
            },
            "UnixTime": 1590440595
        },
        {
            "APIName": "ride_book",
            "Action": "return_item",
            "Agent": "KnowledgeBase",
            "Item": {
                "APIName": "ride_book",
                "AllowsChanges": true,
                "ArrivalLocation": "University",
                "CarModel": "BMW",
                "CustomerName": "Alexis",
                "DepartureLocation": "5th and Main",
                "DriverName": "Mark",
                "LicensePlate": "432 LSA",
                "MinutesTillPickup": 13,
                "Price": 5,
                "ServiceProvider": "Uber",
                "id": 855
            },
            "TotalItems": -1,
            "PredictedBeliefState": {
                "DepartureLocation": "5th and main",
                "ArrivalLocation": "university",
                "CustomerName": "alexis"
            },
            "ActionLabel": [
                "db_ask_confirm_booking"
            ]
        },
        {
            "Action": "request_suggestions",
            "Agent": "Wizard",
            "PrimaryItem": {
                "APIName": "ride_book",
                "AllowsChanges": true,
                "ArrivalLocation": "University",
                "CarModel": "BMW",
                "CustomerName": "Alexis",
                "DepartureLocation": "5th and Main",
                "DriverName": "Mark",
                "LicensePlate": "432 LSA",
                "MinutesTillPickup": 13,
                "Price": 5,
                "ServiceProvider": "Uber",
                "id": 855
            },
            "Text": "I found an Uber with Mark",
            "UnixTime": 1590440602
        },
        {
            "Action": "pick_suggestion",
            "ActionLabel": "ride_ask_confirm_booking",
            "ActionLabelOptions": [
                "ride_ask_confirm_booking",
                "ride_ask_departure",
                "ride_bye"
            ],
            "Agent": "Wizard",
            "PrimaryItem": {
                "APIName": "ride_book",
                "AllowsChanges": true,
                "ArrivalLocation": "University",
                "CarModel": "BMW",
                "CustomerName": "Alexis",
                "DepartureLocation": "5th and Main",
                "DriverName": "Mark",
                "LicensePlate": "432 LSA",
                "MinutesTillPickup": 13,
                "Price": 5,
                "ServiceProvider": "Uber",
                "id": 855
            },
            "Text": "I found a Uber ride for you from '5th and Main' to 'University' for 5 credits\nthat could pick you up in 13 minutes. Should I book that for you?",
            "UnixTime": 1590440604
        },
        {
            "Action": "utter",
            "Agent": "User",
            "Text": "Not John, right? And actually, could I request a BMW? I loooove them, and don't get the chance to ride in them often.",
            "UnixTime": 1590440647,
            "PredictedBeliefState": {
                "DepartureLocation": "5th and main",
                "CustomerName": "alexis",
                "ArrivalLocation": "university",
                "CarModel": "bmw"
            },
            "ActionLabel": [
                "user_bad_label"
            ]
        },
        {
            "Action": "request_suggestions",
            "Agent": "Wizard",
            "PrimaryItem": {
                "APIName": "ride_book",
                "AllowsChanges": true,
                "ArrivalLocation": "University",
                "CarModel": "BMW",
                "CustomerName": "Alexis",
                "DepartureLocation": "5th and Main",
                "DriverName": "Mark",
                "LicensePlate": "432 LSA",
                "MinutesTillPickup": 13,
                "Price": 5,
                "ServiceProvider": "Uber",
                "id": 855
            },
            "Text": "The driver is Mark and the car is a BMW in that Uber ride. Shall I book it for you?",
            "UnixTime": 1590440667
        },
        {
            "Action": "utter",
            "Agent": "Wizard",
            "PrimaryItem": {
                "APIName": "ride_book",
                "AllowsChanges": true,
                "ArrivalLocation": "University",
                "CarModel": "BMW",
                "CustomerName": "Alexis",
                "DepartureLocation": "5th and Main",
                "DriverName": "Mark",
                "LicensePlate": "432 LSA",
                "MinutesTillPickup": 13,
                "Price": 5,
                "ServiceProvider": "Uber",
                "id": 855
            },
            "Text": "The driver is Mark and the car is a BMW in that Uber ride. Shall I book it for you?",
            "UnixTime": 1590440669
        },
        {
            "Action": "utter",
            "Agent": "User",
            "Text": "Yes please!",
            "UnixTime": 1590440679,
            "PredictedBeliefState": {
                "ArrivalLocation": "university",
                "DepartureLocation": "5th and main",
                "CarModel": "bmw",
                "CustomerName": "alexis",
                "DriverName": "mark"
            },
            "ActionLabel": [
                "user_bad_label"
            ]
        },
        {
            "APIName": "ride_book",
            "Action": "query",
            "Agent": "Wizard",
            "Constraints": [
                {
                    "CustomerName": "\"Alexis\""
                },
                {
                    "DepartureLocation": "\"5th and Main\""
                },
                {
                    "ArrivalLocation": "\"University\""
                },
                {
                    "RequestType": "\"Book\""
                }
            ],
            "PrimaryItem": {
                "APIName": "ride_book",
                "AllowsChanges": true,
                "ArrivalLocation": "University",
                "CarModel": "BMW",
                "CustomerName": "Alexis",
                "DepartureLocation": "5th and Main",
                "DriverName": "Mark",
                "LicensePlate": "432 LSA",
                "MinutesTillPickup": 13,
                "Price": 5,
                "ServiceProvider": "Uber",
                "id": 855
            },
            "UnixTime": 1590440681
        },
        {
            "APIName": "ride_book",
            "Action": "return_item",
            "Agent": "KnowledgeBase",
            "Item": {
                "APIName": "ride_book",
                "Message": "Ride booked."
            },
            "TotalItems": -1,
            "PredictedBeliefState": {
                "ArrivalLocation": "university",
                "DepartureLocation": "5th and main",
                "CarModel": "bmw",
                "CustomerName": "alexis",
                "DriverName": "mark"
            },
            "ActionLabel": [
                "result_bad_label"
            ]
        },
        {
            "Action": "request_suggestions",
            "Agent": "Wizard",
            "PrimaryItem": {
                "APIName": "ride_book",
                "Message": "Ride booked."
            },
            "Text": "success",
            "UnixTime": 1590440684
        },
        {
            "Action": "pick_suggestion",
            "ActionLabel": "anything_else",
            "ActionLabelOptions": [
                "anything_else",
                "hello",
                "out_of_scope"
            ],
            "Agent": "Wizard",
            "PrimaryItem": {
                "APIName": "ride_book",
                "Message": "Ride booked."
            },
            "Text": "Is there anything else that I can do for you?",
            "UnixTime": 1590440686
        },
        {
            "Action": "utter",
            "Agent": "User",
            "Text": "That's it, but can I get the ride ID and stuff? For security :)",
            "UnixTime": 1590440718,
            "PredictedBeliefState": {
                "CarModel": "bmw",
                "DepartureLocation": "5th and main",
                "CustomerName": "alexis",
                "ArrivalLocation": "university",
                "DriverName": "mark"
            },
            "ActionLabel": [
                "user_bad_label"
            ]
        },
        {
            "Action": "request_suggestions",
            "Agent": "Wizard",
            "PrimaryItem": {
                "APIName": "ride_book",
                "Message": "Ride booked."
            },
            "Text": "Ride ID is 855.",
            "UnixTime": 1590440735
        },
        {
            "Action": "pick_suggestion",
            "ActionLabel": "custom",
            "ActionLabelOptions": [
                "custom"
            ],
            "Agent": "Wizard",
            "PrimaryItem": {
                "APIName": "ride_book",
                "Message": "Ride booked."
            },
            "Text": "Ride ID is 855.",
            "UnixTime": 1590440740
        },
        {
            "Action": "utter",
            "Agent": "User",
            "Text": "Thanks!",
            "UnixTime": 1590440750,
            "PredictedBeliefState": {
                "CustomerName": "alexis",
                "CarModel": "bmw",
                "DepartureLocation": "5th and main",
                "ArrivalLocation": "university",
                "DriverName": "mark"
            },
            "ActionLabel": [
                "user_ride_book_goodbye"
            ]
        },
        {
            "Action": "request_suggestions",
            "Agent": "Wizard",
            "PrimaryItem": {
                "APIName": "ride_book",
                "Message": "Ride booked."
            },
            "Text": "Thank you goodbye",
            "UnixTime": 1590440754
        },
        {
            "Action": "pick_suggestion",
            "ActionLabel": "ride_bye",
            "ActionLabelOptions": [
                "ride_bye",
                "ride_inform_search_criteria",
                "ride_inform_nothing_found"
            ],
            "Agent": "Wizard",
            "PrimaryItem": {
                "APIName": "ride_book",
                "Message": "Ride booked."
            },
            "Text": "Goodbye. Enjoy your ride!",
            "UnixTime": 1590440756
        },
        {
            "Action": "complete",
            "Agent": "User",
            "UnixTime": 1590440769
        }
    ],
    "FORMAT-VERSION": 7,
    "IntroducesConflicts": false,
    "Scenario": {
        "Domains": [
            "ride"
        ],
        "Happy": false,
        "MultiTask": false,
        "UserTask": "You want a ride from '5th and Main' to 'Hospital'. Your name is Alexis.",
        "WizardCapabilities": [
            {
                "Domain": "ride",
                "SchemaImage": "ride_book.jpg",
                "Task": "ride_book"
            }
        ],
        "WizardTask": "Help the user book a ride. (You can find the video tutorial under https://youtu.be/L7QpscLPTFM, in case you want to watch it again.)"
    },
    "UserQuestionnaire": [
        {
            "Answer": true,
            "Question": "Did the assistant find you a suitable ride?"
        },
        {
            "Answer": true,
            "Question": "Did the assistant stay calm and helpful throughout the dialogue?"
        }
    ],
    "WizardQuestionnaire": [
        {
            "Answer": true,
            "Question": "Did the user change his/her mind about what he/she wants at any time?"
        },
        {
            "Answer": false,
            "Question": "Did the user become aggressive or annoyed during the dialogue? (Note: some users may be instructed to be annoying.)"
        },
        {
            "Answer": false,
            "Question": "Where you unsure about what to do at any time? (Feel free to send us an email with details.)"
        }
    ]
}