{
    "AnonymizedUserWorkerID": "6f51e967-ce78-081f-da64-6595f6cdfeca",
    "AnonymizedWizardWorkerID": "a0362f23-a428-0712-805e-13fe4ea1da38",
    "BatchID": "woz_1590426434",
    "CompletionLevel": "Complete",
    "DialogueID": 818,
    "Events": [
        {
            "Action": "utter",
            "Agent": "User",
            "Text": "My name is Angela. I want to reserve a room at the Hyatt Hotel from May 11th to 20th.",
            "UnixTime": 1590440193,
            "PredictedBeliefState": {
                "Name": "hyatt hotel",
                "CustomerName": "angela",
                "StartDate": "11th",
                "EndDate": "20th"
            },
            "ActionLabel": [
                "user_hotel_book_inform_hotel_name",
                "user_hotel_book_inform_name",
                "user_hotel_book_inform_start_date",
                "user_hotel_book_inform_end_date",
                "user_hotel_book_ask_hotel_book"
            ]
        },
        {
            "Action": "instruct",
            "Agent": "UserGuide",
            "Text": "You remember that your friend recommended the Hilton Hotel. Tell the assistant you've changed your mind and want to stay at Hilton Hotel. [instruction 1 of 5]",
            "UnixTime": 1590440193
        },
        {
            "APIName": "hotel_book",
            "Action": "query",
            "Agent": "Wizard",
            "Constraints": [
                {
                    "Name": "\"Hyatt Hotel\""
                },
                {
                    "StartDate": "\"11th\""
                },
                {
                    "EndDate": "\"20th\""
                },
                {
                    "CustomerName": "\"Angela\""
                },
                {
                    "RequestType": "\"Check\""
                }
            ],
            "UnixTime": 1590440210
        },
        {
            "APIName": "hotel_book",
            "Action": "return_item",
            "Agent": "KnowledgeBase",
            "Item": {
                "APIName": "hotel_book",
                "HotelName": "Hyatt Hotel",
                "Message": "Unavailable"
            },
            "TotalItems": -1,
            "PredictedBeliefState": {
                "Name": "hyatt hotel",
                "CustomerName": "angela",
                "StartDate": "11th",
                "EndDate": "20th"
            },
            "ActionLabel": [
                "db_hotel_unavailable"
            ]
        },
        {
            "Action": "request_suggestions",
            "Agent": "Wizard",
            "PrimaryItem": {
                "APIName": "hotel_book",
                "HotelName": "Hyatt Hotel",
                "Message": "Unavailable"
            },
            "Text": "Unavailable",
            "UnixTime": 1590440213
        },
        {
            "Action": "pick_suggestion",
            "ActionLabel": "hotel_unavailable",
            "ActionLabelOptions": [
                "hotel_unavailable",
                "hotel_ask_hotel",
                "goodbye_1"
            ],
            "Agent": "Wizard",
            "PrimaryItem": {
                "APIName": "hotel_book",
                "HotelName": "Hyatt Hotel",
                "Message": "Unavailable"
            },
            "Text": "I'm very sorry, but there is no room available at the Hyatt Hotel for your requested dates.",
            "UnixTime": 1590440215
        },
        {
            "Action": "utter",
            "Agent": "User",
            "Text": "I see.",
            "UnixTime": 1590440263,
            "PredictedBeliefState": {
                "StartDate": "11th",
                "Name": "hilton hotel",
                "EndDate": "20th",
                "CustomerName": "angela"
            },
            "ActionLabel": [
                "user_hotel_book_inform_hotel_name",
                "user_bad_label"
            ]
        },
        {
            "Action": "request_suggestions",
            "Agent": "Wizard",
            "PrimaryItem": {
                "APIName": "hotel_book",
                "HotelName": "Hyatt Hotel",
                "Message": "Unavailable"
            },
            "Text": "anytihng else",
            "UnixTime": 1590440267
        },
        {
            "Action": "utter",
            "Agent": "Wizard",
            "PrimaryItem": {
                "APIName": "hotel_book",
                "HotelName": "Hyatt Hotel",
                "Message": "Unavailable"
            },
            "Text": "Is there anything else I can do for you?",
            "UnixTime": 1590440276
        },
        {
            "Action": "utter",
            "Agent": "User",
            "Text": "I want to stay at the Hilton instead.",
            "UnixTime": 1590440312,
            "PredictedBeliefState": {
                "EndDate": "20th",
                "CustomerName": "angela",
                "StartDate": "11th",
                "Name": "hilton hotel"
            },
            "ActionLabel": []
        },
        {
            "Action": "instruct",
            "Agent": "UserGuide",
            "Text": "Actually, you recall that your friend stayed at Hilton Hotel in another town. However you've read on a blog that the Shadyside Inn is by long and far the most authentic one. Tell the assistant you've changed your mind and want to stay at Shadyside Inn. [instruction 2 of 5]",
            "UnixTime": 1590440312
        },
        {
            "APIName": "hotel_book",
            "Action": "query",
            "Agent": "Wizard",
            "Constraints": [
                {
                    "Name": "\"Hilton Hotel\""
                },
                {
                    "StartDate": "\"11th\""
                },
                {
                    "EndDate": "\"20th\""
                },
                {
                    "CustomerName": "\"Angela\""
                },
                {
                    "RequestType": "\"Check\""
                }
            ],
            "PrimaryItem": {
                "APIName": "hotel_book",
                "HotelName": "Hyatt Hotel",
                "Message": "Unavailable"
            },
            "UnixTime": 1590440320
        },
        {
            "APIName": "hotel_book",
            "Action": "return_item",
            "Agent": "KnowledgeBase",
            "Item": {
                "APIName": "hotel_book",
                "HotelName": "Hilton Hotel",
                "Message": "Available"
            },
            "TotalItems": -1,
            "PredictedBeliefState": {
                "EndDate": "20th",
                "CustomerName": "angela",
                "StartDate": "11th",
                "Name": "hilton hotel"
            },
            "ActionLabel": [
                "db_hotel_available"
            ]
        },
        {
            "Action": "request_suggestions",
            "Agent": "Wizard",
            "PrimaryItem": {
                "APIName": "hotel_book",
                "HotelName": "Hilton Hotel",
                "Message": "Available"
            },
            "Text": "Available",
            "UnixTime": 1590440324
        },
        {
            "Action": "pick_suggestion",
            "ActionLabel": "hotel_ask_confirm_booking",
            "ActionLabelOptions": [
                "hotel_ask_confirm_booking",
                "hotel_reservation_failed",
                "hotel_ask_date_to"
            ],
            "Agent": "Wizard",
            "PrimaryItem": {
                "APIName": "hotel_book",
                "HotelName": "Hilton Hotel",
                "Message": "Available"
            },
            "Text": "Alright, the Hilton Hotel ticks all of your boxes, can I book this room for you?",
            "UnixTime": 1590440325
        },
        {
            "Action": "utter",
            "Agent": "User",
            "Text": "I want to stay at Shadyside Inn instead.",
            "UnixTime": 1590440379,
            "PredictedBeliefState": {
                "StartDate": "11th",
                "CustomerName": "angela",
                "EndDate": "20th",
                "Name": "shadyside inn"
            },
            "ActionLabel": [
                "user_hotel_book_inform_hotel_name",
                "user_hotel_book_inform_book"
            ]
        },
        {
            "Action": "instruct",
            "Agent": "UserGuide",
            "Text": "Talk to the assistant about this great travel blog that you rely on and that its never let you down on your journeys. Be creative! [instruction 3 of 5]",
            "UnixTime": 1590440379
        },
        {
            "APIName": "hotel_book",
            "Action": "query",
            "Agent": "Wizard",
            "Constraints": [
                {
                    "Name": "\"Shadyside Inn\""
                },
                {
                    "StartDate": "\"11th\""
                },
                {
                    "EndDate": "\"20th\""
                },
                {
                    "CustomerName": "\"Angela\""
                },
                {
                    "RequestType": "\"Check\""
                }
            ],
            "PrimaryItem": {
                "APIName": "hotel_book",
                "HotelName": "Hilton Hotel",
                "Message": "Available"
            },
            "UnixTime": 1590440384
        },
        {
            "APIName": "hotel_book",
            "Action": "return_item",
            "Agent": "KnowledgeBase",
            "Item": {
                "APIName": "hotel_book",
                "HotelName": "Shadyside Inn",
                "Message": "Unavailable"
            },
            "TotalItems": -1,
            "PredictedBeliefState": {
                "StartDate": "11th",
                "CustomerName": "angela",
                "EndDate": "20th",
                "Name": "shadyside inn"
            },
            "ActionLabel": [
                "db_hotel_unavailable"
            ]
        },
        {
            "Action": "request_suggestions",
            "Agent": "Wizard",
            "PrimaryItem": {
                "APIName": "hotel_book",
                "HotelName": "Shadyside Inn",
                "Message": "Unavailable"
            },
            "Text": "Unavailable",
            "UnixTime": 1590440387
        },
        {
            "Action": "pick_suggestion",
            "ActionLabel": "hotel_unavailable",
            "ActionLabelOptions": [
                "hotel_unavailable",
                "hotel_ask_hotel",
                "goodbye_1"
            ],
            "Agent": "Wizard",
            "PrimaryItem": {
                "APIName": "hotel_book",
                "HotelName": "Shadyside Inn",
                "Message": "Unavailable"
            },
            "Text": "I'm very sorry, but there is no room available at the Shadyside Inn for your requested dates.",
            "UnixTime": 1590440388
        },
        {
            "Action": "utter",
            "Agent": "User",
            "Text": "There is this great travel blog that I rely on and it has never let me down on my journeys.",
            "UnixTime": 1590440426,
            "PredictedBeliefState": {
                "StartDate": "11th",
                "EndDate": "20th",
                "CustomerName": "angela",
                "Name": "shadyside inn"
            },
            "ActionLabel": [
                "user_bad_label"
            ]
        },
        {
            "Action": "instruct",
            "Agent": "UserGuide",
            "Text": "You just received a text from your partner saying: 'Hey, my brother invited us to his wedding in London on the 20th and I already booked us a flight for the 11th!' Tell the assistant you would like to change your reservation to 7th-19th the following month. [instruction 4 of 5]",
            "UnixTime": 1590440426
        },
        {
            "Action": "request_suggestions",
            "Agent": "Wizard",
            "PrimaryItem": {
                "APIName": "hotel_book",
                "HotelName": "Shadyside Inn",
                "Message": "Unavailable"
            },
            "Text": "I'm glad to hear that, is there anything else I can do for you?",
            "UnixTime": 1590440442
        },
        {
            "Action": "utter",
            "Agent": "Wizard",
            "PrimaryItem": {
                "APIName": "hotel_book",
                "HotelName": "Shadyside Inn",
                "Message": "Unavailable"
            },
            "Text": "I'm glad to hear that, is there anything else I can do for you?",
            "UnixTime": 1590440444
        },
        {
            "Action": "utter",
            "Agent": "User",
            "Text": "I would like to change your reservation to 7th-19th the following month. ",
            "UnixTime": 1590440456,
            "PredictedBeliefState": {
                "CustomerName": "angela",
                "Name": "shadyside inn",
                "EndDate": "19th",
                "StartDate": "7th"
            },
            "ActionLabel": [
                "user_hotel_book_inform_end_date",
                "user_hotel_book_inform_start_date"
            ]
        },
        {
            "Action": "instruct",
            "Agent": "UserGuide",
            "Text": "Tell the assistant you don't really want to go to London because your partner's brother is a bit of a show-off, but obviously you'll be going to the wedding. Finish the booking and bring the conversation to an end. [instruction 5 of 5]",
            "UnixTime": 1590440456
        },
        {
            "APIName": "hotel_book",
            "Action": "query",
            "Agent": "Wizard",
            "Constraints": [
                {
                    "Name": "\"Shadyside Inn\""
                },
                {
                    "StartDate": "\"7th\""
                },
                {
                    "EndDate": "\"19th\""
                },
                {
                    "CustomerName": "\"Angela\""
                },
                {
                    "RequestType": "\"Check\""
                }
            ],
            "PrimaryItem": {
                "APIName": "hotel_book",
                "HotelName": "Shadyside Inn",
                "Message": "Unavailable"
            },
            "UnixTime": 1590440466
        },
        {
            "APIName": "hotel_book",
            "Action": "return_item",
            "Agent": "KnowledgeBase",
            "Item": {
                "APIName": "hotel_book",
                "HotelName": "Shadyside Inn",
                "Message": "Unavailable"
            },
            "TotalItems": -1,
            "PredictedBeliefState": {
                "CustomerName": "angela",
                "Name": "shadyside inn",
                "EndDate": "19th",
                "StartDate": "7th"
            },
            "ActionLabel": [
                "db_hotel_unavailable"
            ]
        },
        {
            "Action": "request_suggestions",
            "Agent": "Wizard",
            "PrimaryItem": {
                "APIName": "hotel_book",
                "HotelName": "Shadyside Inn",
                "Message": "Unavailable"
            },
            "Text": "Unavailable",
            "UnixTime": 1590440469
        },
        {
            "Action": "pick_suggestion",
            "ActionLabel": "hotel_unavailable",
            "ActionLabelOptions": [
                "hotel_unavailable",
                "hotel_ask_hotel",
                "goodbye_1"
            ],
            "Agent": "Wizard",
            "PrimaryItem": {
                "APIName": "hotel_book",
                "HotelName": "Shadyside Inn",
                "Message": "Unavailable"
            },
            "Text": "I'm very sorry, but there is no room available at the Shadyside Inn for your requested dates.",
            "UnixTime": 1590440471
        },
        {
            "Action": "utter",
            "Agent": "User",
            "Text": "Can you please try again? I don't really want to go to London because my partner's brother is a bit of a show-off, but obviously I'll be going to the wedding.",
            "UnixTime": 1590440549,
            "PredictedBeliefState": {
                "StartDate": "7th",
                "CustomerName": "angela",
                "EndDate": "19th",
                "Name": "shadyside inn"
            },
            "ActionLabel": []
        },
        {
            "APIName": "hotel_book",
            "Action": "query",
            "Agent": "Wizard",
            "Constraints": [
                {
                    "Name": "\"Shadyside Inn\""
                },
                {
                    "StartDate": "\"7th\""
                },
                {
                    "EndDate": "\"19th\""
                },
                {
                    "CustomerName": "\"Angela\""
                },
                {
                    "RequestType": "\"Check\""
                }
            ],
            "PrimaryItem": {
                "APIName": "hotel_book",
                "HotelName": "Shadyside Inn",
                "Message": "Unavailable"
            },
            "UnixTime": 1590440554
        },
        {
            "APIName": "hotel_book",
            "Action": "return_item",
            "Agent": "KnowledgeBase",
            "Item": {
                "APIName": "hotel_book",
                "HotelName": "Shadyside Inn",
                "Message": "Unavailable"
            },
            "TotalItems": -1,
            "PredictedBeliefState": {
                "StartDate": "7th",
                "CustomerName": "angela",
                "EndDate": "19th",
                "Name": "shadyside inn"
            },
            "ActionLabel": [
                "db_hotel_unavailable"
            ]
        },
        {
            "Action": "request_suggestions",
            "Agent": "Wizard",
            "PrimaryItem": {
                "APIName": "hotel_book",
                "HotelName": "Shadyside Inn",
                "Message": "Unavailable"
            },
            "Text": "Unavailable",
            "UnixTime": 1590440557
        },
        {
            "Action": "pick_suggestion",
            "ActionLabel": "hotel_unavailable",
            "ActionLabelOptions": [
                "hotel_unavailable",
                "hotel_ask_hotel",
                "goodbye_1"
            ],
            "Agent": "Wizard",
            "PrimaryItem": {
                "APIName": "hotel_book",
                "HotelName": "Shadyside Inn",
                "Message": "Unavailable"
            },
            "Text": "I'm very sorry, but there is no room available at the Shadyside Inn for your requested dates.",
            "UnixTime": 1590440559
        },
        {
            "Action": "complete",
            "Agent": "User",
            "UnixTime": 1590440579
        }
    ],
    "FORMAT-VERSION": 7,
    "IntroducesConflicts": false,
    "Scenario": {
        "Domains": [
            "hotel"
        ],
        "Happy": false,
        "MultiTask": false,
        "UserTask": "You want to reserve a room at the Hyatt Hotel from May 11th to 20th. Your name is Angela. Please do not make a custom request, and it is ok if no room is available - just say goodbye in this case.",
        "WizardCapabilities": [
            {
                "Domain": "hotel",
                "SchemaImage": "hotel_book.jpg",
                "Task": "hotel_book"
            }
        ],
        "WizardTask": "Help the user reserve a hotel room. (You can find the video tutorial under https://youtu.be/L7QpscLPTFM, in case you want to watch it again.)"
    },
    "UserQuestionnaire": [
        {
            "Answer": false,
            "Question": "Did the assistant reserve your hotel?"
        },
        {
            "Answer": true,
            "Question": "Did the assistant stay calm and helpful throughout the dialogue?"
        }
    ],
    "WizardQuestionnaire": [
        {
            "Answer": true,
            "Question": "Did the user change his/her mind about what he/she wants at any time?"
        },
        {
            "Answer": false,
            "Question": "Did the user become aggressive or annoyed during the dialogue? (Note: some users may be instructed to be annoying.)"
        },
        {
            "Answer": false,
            "Question": "Where you unsure about what to do at any time? (Feel free to send us an email with details.)"
        }
    ]
}