{
    "AnonymizedUserWorkerID": "ab9f01dc-2cad-988e-9e96-f7509ea2a536",
    "AnonymizedWizardWorkerID": "750c3b94-faf8-5308-8f53-b3ede1581787",
    "BatchID": "woz_1590426434",
    "CompletionLevel": "Complete",
    "DialogueID": 829,
    "Events": [
        {
            "Action": "instruct",
            "Agent": "UserGuide",
            "Text": "Say hello to the AI assistant and ask for help (see instructions on the left). [instruction 1 of 6]",
            "UnixTime": 1590444503
        },
        {
            "Action": "utter",
            "Agent": "User",
            "Text": "Hello",
            "UnixTime": 1590444515,
            "PredictedBeliefState": {},
            "ActionLabel": [
                "user_hello"
            ]
        },
        {
            "Action": "instruct",
            "Agent": "UserGuide",
            "Text": "Try to get an appointment as soon as possible (right now it is 6 pm on Monday). [instruction 2 of 6]",
            "UnixTime": 1590444515
        },
        {
            "Action": "request_suggestions",
            "Agent": "Wizard",
            "Text": "hi",
            "UnixTime": 1590444522
        },
        {
            "Action": "pick_suggestion",
            "ActionLabel": "hello",
            "ActionLabelOptions": [
                "hello",
                "ask_name",
                "doctor_ask_symptoms"
            ],
            "Agent": "Wizard",
            "Text": "Hello, how can I help?",
            "UnixTime": 1590444523
        },
        {
            "Action": "utter",
            "Agent": "User",
            "Text": "I need to make an appointment with Dr. Alexis.",
            "UnixTime": 1590444542,
            "PredictedBeliefState": {
                "Name": "dr. alexis"
            },
            "ActionLabel": [
                "user_doctor_schedule_inform_doctor_name",
                "user_doctor_schedule_ask_schedule"
            ]
        },
        {
            "Action": "instruct",
            "Agent": "UserGuide",
            "Text": "Keep asking for other times until the assistant has found a slot for you. Engage in smalltalk once this is done. [instruction 3 of 6]",
            "UnixTime": 1590444542
        },
        {
            "Action": "request_suggestions",
            "Agent": "Wizard",
            "Text": "name",
            "UnixTime": 1590444552
        },
        {
            "Action": "pick_suggestion",
            "ActionLabel": "ask_name",
            "ActionLabelOptions": [
                "ask_name",
                "goodbye_1",
                "hello"
            ],
            "Agent": "Wizard",
            "Text": "Could I have your name, please?",
            "UnixTime": 1590444553
        },
        {
            "Action": "utter",
            "Agent": "User",
            "Text": "Ben",
            "UnixTime": 1590444574,
            "PredictedBeliefState": {
                "Name": "dr. alexis",
                "PatientName": "ben"
            },
            "ActionLabel": [
                "user_doctor_schedule_inform_name"
            ]
        },
        {
            "Action": "instruct",
            "Agent": "UserGuide",
            "Text": "Say something about Dr. Alexis, the AI Assistant, or something that has happened to you today. Be creative! [instruction 4 of 6]",
            "UnixTime": 1590444574
        },
        {
            "Action": "request_suggestions",
            "Agent": "Wizard",
            "Text": "day time symptoms",
            "UnixTime": 1590444597
        },
        {
            "Action": "pick_suggestion",
            "ActionLabel": "doctor_ask_day",
            "ActionLabelOptions": [
                "doctor_ask_day",
                "doctor_ask_symptoms",
                "hello"
            ],
            "Agent": "Wizard",
            "Text": "What day of the week would you like to schedule the appointment for?",
            "UnixTime": 1590444600
        },
        {
            "Action": "utter",
            "Agent": "User",
            "Text": "Dr. Alexis saved my life. I was being chased by a giant green man holding a beanstalk. Dr. Alexis gave me a pill and the giant man stopped chasing me.",
            "UnixTime": 1590444640,
            "PredictedBeliefState": {
                "Name": "dr. alexis",
                "PatientName": "ben"
            },
            "ActionLabel": []
        },
        {
            "Action": "instruct",
            "Agent": "UserGuide",
            "Text": "It occurs to you that you also want to make an appointment to get your kid Mark vaccinated. Perhaps you can schedule a second appointment at the same time? [instruction 5 of 6]",
            "UnixTime": 1590444640
        },
        {
            "Action": "request_suggestions",
            "Agent": "Wizard",
            "Text": "You should rewrite your adventure as a child's fable, it should generate quite an income for you",
            "UnixTime": 1590444698
        },
        {
            "Action": "utter",
            "Agent": "Wizard",
            "Text": "You should rewrite your adventure as a child's fable, it should generate quite an income for you.",
            "UnixTime": 1590444702
        },
        {
            "Action": "utter",
            "Agent": "User",
            "Text": "I would love to do that! I think Monday, today, would be best for an appointment.",
            "UnixTime": 1590444731,
            "PredictedBeliefState": {
                "PatientName": "ben",
                "Day": "monday",
                "Name": "dr. alexis"
            },
            "ActionLabel": [
                "user_doctor_schedule_inform_day",
                "user_bad_label"
            ]
        },
        {
            "Action": "request_suggestions",
            "Agent": "Wizard",
            "Text": "symptoms",
            "UnixTime": 1590444759
        },
        {
            "Action": "pick_suggestion",
            "ActionLabel": "doctor_ask_symptoms",
            "ActionLabelOptions": [
                "doctor_ask_symptoms",
                "doctor_ask_doctor_name",
                "doctor_inform_nothing_found"
            ],
            "Agent": "Wizard",
            "Text": "Could you describe your symptoms, please?",
            "UnixTime": 1590444760
        },
        {
            "Action": "utter",
            "Agent": "User",
            "Text": "I have a headache, and muscle weakness for two days. You know what, I need to get my son Mark vaccinated too. Maybe we can make second appointment for same day.",
            "UnixTime": 1590444811,
            "PredictedBeliefState": {
                "Day": "monday",
                "PatientName": "ben",
                "Symptoms": "vaccination for son mark",
                "Name": "dr. alexis"
            },
            "ActionLabel": [
                "user_doctor_schedule_inform_symptoms"
            ]
        },
        {
            "Action": "instruct",
            "Agent": "UserGuide",
            "Text": "Keep going until both yours and your kid's appointments are made (this should take a few more turns). Then say goodbye. [instruction 6 of 6]",
            "UnixTime": 1590444811
        },
        {
            "APIName": "doctor_schedule",
            "Action": "query",
            "Agent": "Wizard",
            "Constraints": [
                {
                    "Name": "\"Dr. Alexis\""
                },
                {
                    "PatientName": "\"Ben\""
                },
                {
                    "Day": "\"Monday\""
                },
                {
                    "StartTimeHour": "\"7 pm\""
                },
                {
                    "Symptoms": "\" I have a headache, and muscle weakness for two days.\""
                },
                {
                    "RequestType": "\"Check\""
                }
            ],
            "UnixTime": 1590444840
        },
        {
            "APIName": "doctor_schedule",
            "Action": "return_item",
            "Agent": "KnowledgeBase",
            "Item": {
                "APIName": "doctor_schedule",
                "DoctorName": "Dr. Alexis",
                "Message": "The time slot is available.",
                "Time": "7 pm"
            },
            "TotalItems": -1,
            "PredictedBeliefState": {
                "Day": "monday",
                "PatientName": "ben",
                "Symptoms": "vaccination for son mark",
                "Name": "dr. alexis"
            },
            "ActionLabel": [
                "db_doctor_inform_booking_available"
            ]
        },
        {
            "Action": "request_suggestions",
            "Agent": "Wizard",
            "PrimaryItem": {
                "APIName": "doctor_schedule",
                "DoctorName": "Dr. Alexis",
                "Message": "The time slot is available.",
                "Time": "7 pm"
            },
            "Text": "available",
            "UnixTime": 1590444859
        },
        {
            "Action": "pick_suggestion",
            "ActionLabel": "doctor_inform_booking_available",
            "ActionLabelOptions": [
                "doctor_inform_booking_available",
                "doctor_inform_booking_unavailable",
                "doctor_ask_end_time"
            ],
            "Agent": "Wizard",
            "PrimaryItem": {
                "APIName": "doctor_schedule",
                "DoctorName": "Dr. Alexis",
                "Message": "The time slot is available.",
                "Time": "7 pm"
            },
            "Text": "Alright, Dr. Alexis is available at 7 pm. Can I book the appointment for you?",
            "UnixTime": 1590444861
        },
        {
            "Action": "utter",
            "Agent": "User",
            "Text": "Yes, please.",
            "UnixTime": 1590444867,
            "PredictedBeliefState": {
                "StartTimeHour": "7 pm",
                "Symptoms": "headache, and muscle weakness for two days",
                "Name": "dr. alexis",
                "Day": "monday",
                "PatientName": "ben"
            },
            "ActionLabel": [
                "user_doctor_schedule_inform_start_time",
                "user_doctor_schedule_inform_book"
            ]
        },
        {
            "APIName": "doctor_schedule",
            "Action": "query",
            "Agent": "Wizard",
            "Constraints": [
                {
                    "Name": "\"Dr. Alexis\""
                },
                {
                    "PatientName": "\"Ben\""
                },
                {
                    "Day": "\"Monday\""
                },
                {
                    "StartTimeHour": "\"7 pm\""
                },
                {
                    "Symptoms": "\" I have a headache, and muscle weakness for two days.\""
                },
                {
                    "RequestType": "\"Book\""
                }
            ],
            "PrimaryItem": {
                "APIName": "doctor_schedule",
                "DoctorName": "Dr. Alexis",
                "Message": "The time slot is available.",
                "Time": "7 pm"
            },
            "UnixTime": 1590444871
        },
        {
            "APIName": "doctor_schedule",
            "Action": "return_item",
            "Agent": "KnowledgeBase",
            "Item": {
                "APIName": "doctor_schedule",
                "DoctorName": "Dr. Alexis",
                "Message": "Your appointment has been successfuly scheduled.",
                "Time": "7 pm"
            },
            "TotalItems": -1,
            "PredictedBeliefState": {
                "StartTimeHour": "7 pm",
                "Symptoms": "headache, and muscle weakness for two days",
                "Name": "dr. alexis",
                "Day": "monday",
                "PatientName": "ben"
            },
            "ActionLabel": [
                "db_doctor_inform_booking_successful"
            ]
        },
        {
            "Action": "request_suggestions",
            "Agent": "Wizard",
            "PrimaryItem": {
                "APIName": "doctor_schedule",
                "DoctorName": "Dr. Alexis",
                "Message": "Your appointment has been successfuly scheduled.",
                "Time": "7 pm"
            },
            "Text": "success",
            "UnixTime": 1590444881
        },
        {
            "Action": "pick_suggestion",
            "ActionLabel": "doctor_inform_booking_successful",
            "ActionLabelOptions": [
                "doctor_inform_booking_successful",
                "out_of_scope",
                "goodbye_1"
            ],
            "Agent": "Wizard",
            "PrimaryItem": {
                "APIName": "doctor_schedule",
                "DoctorName": "Dr. Alexis",
                "Message": "Your appointment has been successfuly scheduled.",
                "Time": "7 pm"
            },
            "Text": "Great, your appointment with Dr. Alexis is booked for you!",
            "UnixTime": 1590444883
        },
        {
            "Action": "utter",
            "Agent": "User",
            "Text": "Great. Does Mark have his appointment for same day?",
            "UnixTime": 1590444913,
            "PredictedBeliefState": {
                "PatientName": "ben",
                "Day": "monday",
                "Symptoms": "vaccination for son mark",
                "Name": "dr. alexis",
                "StartTimeHour": "7 pm"
            },
            "ActionLabel": [
                "user_doctor_schedule_inform_book"
            ]
        },
        {
            "APIName": "doctor_schedule",
            "Action": "query",
            "Agent": "Wizard",
            "Constraints": [
                {
                    "Name": "\"Dr. Alexis\""
                },
                {
                    "PatientName": "\"Ben\""
                },
                {
                    "Day": "\"Monday\""
                },
                {
                    "StartTimeHour": "\"8 pm\""
                },
                {
                    "Symptoms": "\" I have a headache, and muscle weakness for two days.\""
                },
                {
                    "RequestType": "\"Check\""
                }
            ],
            "PrimaryItem": {
                "APIName": "doctor_schedule",
                "DoctorName": "Dr. Alexis",
                "Message": "Your appointment has been successfuly scheduled.",
                "Time": "7 pm"
            },
            "UnixTime": 1590444922
        },
        {
            "APIName": "doctor_schedule",
            "Action": "return_item",
            "Agent": "KnowledgeBase",
            "Item": {
                "APIName": "doctor_schedule",
                "DoctorName": "Dr. Alexis",
                "Message": "The doctor has a conflicting appointment at that time. Try another time or another doctor.",
                "Time": "8 pm"
            },
            "TotalItems": -1,
            "PredictedBeliefState": {
                "PatientName": "ben",
                "Day": "monday",
                "Symptoms": "vaccination for son mark",
                "Name": "dr. alexis",
                "StartTimeHour": "7 pm"
            },
            "ActionLabel": [
                "db_doctor_inform_booking_available"
            ]
        },
        {
            "APIName": "doctor_schedule",
            "Action": "query",
            "Agent": "Wizard",
            "Constraints": [
                {
                    "Name": "\"Dr. Alexis\""
                },
                {
                    "PatientName": "\"Ben\""
                },
                {
                    "Day": "\"Monday\""
                },
                {
                    "StartTimeHour": "\"9 pm\""
                },
                {
                    "Symptoms": "\" I have a headache, and muscle weakness for two days.\""
                },
                {
                    "RequestType": "\"Check\""
                }
            ],
            "PrimaryItem": {
                "APIName": "doctor_schedule",
                "DoctorName": "Dr. Alexis",
                "Message": "The doctor has a conflicting appointment at that time. Try another time or another doctor.",
                "Time": "8 pm"
            },
            "UnixTime": 1590444929
        },
        {
            "APIName": "doctor_schedule",
            "Action": "return_item",
            "Agent": "KnowledgeBase",
            "Item": {
                "APIName": "doctor_schedule",
                "DoctorName": "Dr. Alexis",
                "Message": "The time slot is available.",
                "Time": "9 pm"
            },
            "TotalItems": -1,
            "PredictedBeliefState": {
                "PatientName": "ben",
                "Day": "monday",
                "Symptoms": "vaccination for son mark",
                "Name": "dr. alexis",
                "StartTimeHour": "7 pm"
            },
            "ActionLabel": [
                "db_doctor_inform_booking_available"
            ]
        },
        {
            "Action": "request_suggestions",
            "Agent": "Wizard",
            "PrimaryItem": {
                "APIName": "doctor_schedule",
                "DoctorName": "Dr. Alexis",
                "Message": "The time slot is available.",
                "Time": "9 pm"
            },
            "Text": "available",
            "UnixTime": 1590444937
        },
        {
            "Action": "pick_suggestion",
            "ActionLabel": "doctor_inform_booking_available",
            "ActionLabelOptions": [
                "doctor_inform_booking_available",
                "doctor_inform_booking_unavailable",
                "doctor_ask_end_time"
            ],
            "Agent": "Wizard",
            "PrimaryItem": {
                "APIName": "doctor_schedule",
                "DoctorName": "Dr. Alexis",
                "Message": "The time slot is available.",
                "Time": "9 pm"
            },
            "Text": "Alright, Dr. Alexis is available at 9 pm. Can I book the appointment for you?",
            "UnixTime": 1590444939
        },
        {
            "Action": "utter",
            "Agent": "User",
            "Text": "Yes, you are a life saver.",
            "UnixTime": 1590444949,
            "PredictedBeliefState": {
                "Name": "dr. alexis",
                "StartTimeHour": "9 pm",
                "Day": "monday",
                "PatientName": "ben",
                "Symptoms": "headache, and muscle weakness for two days"
            },
            "ActionLabel": [
                "user_doctor_schedule_inform_start_time",
                "user_doctor_schedule_inform_book"
            ]
        },
        {
            "APIName": "doctor_schedule",
            "Action": "query",
            "Agent": "Wizard",
            "Constraints": [
                {
                    "Name": "\"Dr. Alexis\""
                },
                {
                    "PatientName": "\"Ben\""
                },
                {
                    "Day": "\"Monday\""
                },
                {
                    "StartTimeHour": "\"9 pm\""
                },
                {
                    "Symptoms": "\" vaccination for son, Mark\""
                },
                {
                    "RequestType": "\"Book\""
                }
            ],
            "PrimaryItem": {
                "APIName": "doctor_schedule",
                "DoctorName": "Dr. Alexis",
                "Message": "The time slot is available.",
                "Time": "9 pm"
            },
            "UnixTime": 1590444971
        },
        {
            "APIName": "doctor_schedule",
            "Action": "return_item",
            "Agent": "KnowledgeBase",
            "Item": {
                "APIName": "doctor_schedule",
                "DoctorName": "Dr. Alexis",
                "Message": "Your appointment has been successfuly scheduled.",
                "Time": "9 pm"
            },
            "TotalItems": -1,
            "PredictedBeliefState": {
                "Name": "dr. alexis",
                "StartTimeHour": "9 pm",
                "Day": "monday",
                "PatientName": "ben",
                "Symptoms": "headache, and muscle weakness for two days"
            },
            "ActionLabel": [
                "db_doctor_inform_booking_successful"
            ]
        },
        {
            "Action": "request_suggestions",
            "Agent": "Wizard",
            "PrimaryItem": {
                "APIName": "doctor_schedule",
                "DoctorName": "Dr. Alexis",
                "Message": "Your appointment has been successfuly scheduled.",
                "Time": "9 pm"
            },
            "Text": "success",
            "UnixTime": 1590444977
        },
        {
            "Action": "pick_suggestion",
            "ActionLabel": "doctor_inform_booking_successful",
            "ActionLabelOptions": [
                "doctor_inform_booking_successful",
                "out_of_scope",
                "goodbye_1"
            ],
            "Agent": "Wizard",
            "PrimaryItem": {
                "APIName": "doctor_schedule",
                "DoctorName": "Dr. Alexis",
                "Message": "Your appointment has been successfuly scheduled.",
                "Time": "9 pm"
            },
            "Text": "Great, your appointment with Dr. Alexis is booked for you!",
            "UnixTime": 1590444979
        },
        {
            "Action": "utter",
            "Agent": "User",
            "Text": "Thanks so much. That is all I needed.",
            "UnixTime": 1590444991,
            "PredictedBeliefState": {
                "StartTimeHour": "9 pm",
                "Day": "monday",
                "PatientName": "ben",
                "Symptoms": "headache, and muscle weakness for two days",
                "Name": "dr. alexis"
            },
            "ActionLabel": [
                "user_doctor_schedule_goodbye"
            ]
        },
        {
            "Action": "request_suggestions",
            "Agent": "Wizard",
            "PrimaryItem": {
                "APIName": "doctor_schedule",
                "DoctorName": "Dr. Alexis",
                "Message": "Your appointment has been successfuly scheduled.",
                "Time": "9 pm"
            },
            "Text": "goodbye",
            "UnixTime": 1590445003
        },
        {
            "Action": "pick_suggestion",
            "ActionLabel": "goodbye_1",
            "ActionLabelOptions": [
                "goodbye_1",
                "doctor_ask_end_time",
                "ask_name"
            ],
            "Agent": "Wizard",
            "PrimaryItem": {
                "APIName": "doctor_schedule",
                "DoctorName": "Dr. Alexis",
                "Message": "Your appointment has been successfuly scheduled.",
                "Time": "9 pm"
            },
            "Text": "Thank you and goodbye.",
            "UnixTime": 1590445004
        },
        {
            "Action": "complete",
            "Agent": "User",
            "UnixTime": 1590445006
        }
    ],
    "FORMAT-VERSION": 7,
    "IntroducesConflicts": false,
    "Scenario": {
        "Domains": [
            "doctor"
        ],
        "Happy": false,
        "MultiTask": false,
        "UserTask": "You are Ben and would like to make an appointment with Dr. Alexis for today (Monday). You have had a headache, dizziness and muscle weakness for two days now.",
        "WizardCapabilities": [
            {
                "Domain": "doctor",
                "SchemaImage": "doctor_schedule.jpg",
                "Task": "doctor_schedule"
            }
        ],
        "WizardTask": "Follow the flow charts and help the user. Some facts you should be aware of: \n\n* Right now it is Monday, 6 pm"
    },
    "UserQuestionnaire": [
        {
            "Answer": true,
            "Question": "Did the assistant stay calm and helpful throughout the dialogue?"
        }
    ],
    "WizardQuestionnaire": [
        {
            "Answer": true,
            "Question": "Did the user change his/her mind about what he/she wants at any time?"
        },
        {
            "Answer": false,
            "Question": "Did the user become aggressive or annoyed during the dialogue? (Note: some users may be instructed to be annoying.)"
        },
        {
            "Answer": false,
            "Question": "Where you unsure about what to do at any time? (Feel free to send us an email with details.)"
        }
    ]
}