{
    "AnonymizedUserWorkerID": "9f21d8b6-df7e-edd4-ef00-9da97dbb279f",
    "AnonymizedWizardWorkerID": "a0362f23-a428-0712-805e-13fe4ea1da38",
    "BatchID": "woz_1590426434",
    "CompletionLevel": "Complete",
    "DialogueID": 854,
    "Events": [
        {
            "Action": "instruct",
            "Agent": "UserGuide",
            "Text": "You (Angela) want to organize a surprise party for your friend Ben, who just got a degree in Engineering. Talk to your personal AI assistant. Maybe it can help? [instruction 1 of 6]",
            "UnixTime": 1590427198
        },
        {
            "Action": "utter",
            "Agent": "User",
            "Text": "Hello",
            "UnixTime": 1590427205,
            "PredictedBeliefState": {},
            "ActionLabel": [
                "user_hello"
            ]
        },
        {
            "Action": "instruct",
            "Agent": "UserGuide",
            "Text": "Ideally, the thing should happen on Thursday at the Southside Venue, 3 pm, and you'd expect about 3 to show up. [instruction 2 of 6]",
            "UnixTime": 1590427205
        },
        {
            "Action": "request_suggestions",
            "Agent": "Wizard",
            "Text": "hello",
            "UnixTime": 1590427208
        },
        {
            "Action": "pick_suggestion",
            "ActionLabel": "hello",
            "ActionLabelOptions": [
                "hello",
                "party_ask_day",
                "party_no_venue_available"
            ],
            "Agent": "Wizard",
            "Text": "Hello, how can I help?",
            "UnixTime": 1590427210
        },
        {
            "Action": "utter",
            "Agent": "User",
            "Text": "I want to organize a surprise party for my friend Ben, I am Angela",
            "UnixTime": 1590427219,
            "PredictedBeliefState": {
                "HostName": "angela"
            },
            "ActionLabel": [
                "user_party_plan_inform_name",
                "user_party_plan_ask_party_plan"
            ]
        },
        {
            "Action": "request_suggestions",
            "Agent": "Wizard",
            "Text": "which venue",
            "UnixTime": 1590427223
        },
        {
            "Action": "pick_suggestion",
            "ActionLabel": "party_ask_venue",
            "ActionLabelOptions": [
                "party_ask_venue",
                "party_booking_failed",
                "party_ask_drinks"
            ],
            "Agent": "Wizard",
            "Text": "At what venue would you like to have your party organised?",
            "UnixTime": 1590427224
        },
        {
            "Action": "utter",
            "Agent": "User",
            "Text": "Soutshide Venue",
            "UnixTime": 1590427229,
            "PredictedBeliefState": {
                "Name": "southside venue",
                "HostName": "angela"
            },
            "ActionLabel": [
                "user_party_plan_inform_venue"
            ]
        },
        {
            "Action": "request_suggestions",
            "Agent": "Wizard",
            "Text": "day",
            "UnixTime": 1590427239
        },
        {
            "Action": "pick_suggestion",
            "ActionLabel": "party_ask_day",
            "ActionLabelOptions": [
                "party_ask_day",
                "party_ask_number_of_guests",
                "goodbye_1"
            ],
            "Agent": "Wizard",
            "Text": "On what day would you like your party organised?",
            "UnixTime": 1590427240
        },
        {
            "Action": "utter",
            "Agent": "User",
            "Text": "Thursday at 3pm",
            "UnixTime": 1590427245,
            "PredictedBeliefState": {
                "Day": "thursday",
                "HostName": "angela",
                "StartTimeHour": "3 pm",
                "Name": "southside venue"
            },
            "ActionLabel": [
                "user_party_plan_inform_day",
                "user_party_plan_inform_starting_time"
            ]
        },
        {
            "Action": "instruct",
            "Agent": "UserGuide",
            "Text": "Interrupt the conversation with a little small talk [instruction 3 of 6]",
            "UnixTime": 1590427245
        },
        {
            "Action": "request_suggestions",
            "Agent": "Wizard",
            "Text": "guests",
            "UnixTime": 1590427248
        },
        {
            "Action": "pick_suggestion",
            "ActionLabel": "party_ask_number_of_guests",
            "ActionLabelOptions": [
                "party_ask_number_of_guests",
                "out_of_scope",
                "goodbye_1"
            ],
            "Agent": "Wizard",
            "Text": "How many people would you like to invite?",
            "UnixTime": 1590427250
        },
        {
            "Action": "utter",
            "Agent": "User",
            "Text": "3 guests, it's a small gathering",
            "UnixTime": 1590427257,
            "PredictedBeliefState": {
                "HostName": "angela",
                "Day": "thursday",
                "Name": "southside venue",
                "NumberGuests": "3",
                "StartTimeHour": "3 pm"
            },
            "ActionLabel": [
                "user_party_plan_inform_number_of_guests"
            ]
        },
        {
            "Action": "instruct",
            "Agent": "UserGuide",
            "Text": "You just learn that on Thursday Ben will be away. So you have to plan the party for a different day. [instruction 4 of 6]",
            "UnixTime": 1590427257
        },
        {
            "APIName": "party_plan",
            "Action": "query",
            "Agent": "Wizard",
            "Constraints": [
                {
                    "Name": "api.is_equal_to(\"Southside Venue\")"
                },
                {
                    "HostName": "\"Angela\""
                },
                {
                    "Day": "\"Thursday\""
                },
                {
                    "StartTimeHour": "\"3 pm\""
                },
                {
                    "NumberGuests": "3"
                },
                {
                    "RequestType": "\"Check\""
                }
            ],
            "UnixTime": 1590427262
        },
        {
            "APIName": "party_plan",
            "Action": "return_item",
            "Agent": "KnowledgeBase",
            "Item": {
                "APIName": "party_plan",
                "Day": "Thursday",
                "Message": "The venue is available.",
                "Time": "3 pm",
                "VenueName": "Southside Venue"
            },
            "TotalItems": -1,
            "PredictedBeliefState": {
                "HostName": "angela",
                "Day": "thursday",
                "Name": "southside venue",
                "NumberGuests": "3",
                "StartTimeHour": "3 pm"
            },
            "ActionLabel": [
                "db_party_venue_available"
            ]
        },
        {
            "Action": "request_suggestions",
            "Agent": "Wizard",
            "PrimaryItem": {
                "APIName": "party_plan",
                "Day": "Thursday",
                "Message": "The venue is available.",
                "Time": "3 pm",
                "VenueName": "Southside Venue"
            },
            "Text": "The venue is available",
            "UnixTime": 1590427265
        },
        {
            "Action": "pick_suggestion",
            "ActionLabel": "party_ask_confirm_booking",
            "ActionLabelOptions": [
                "party_ask_confirm_booking",
                "party_venue_not_available",
                "party_ask_venue"
            ],
            "Agent": "Wizard",
            "PrimaryItem": {
                "APIName": "party_plan",
                "Day": "Thursday",
                "Message": "The venue is available.",
                "Time": "3 pm",
                "VenueName": "Southside Venue"
            },
            "Text": "OK, the Southside Venue would be happy to accommodate you on Thursday @ 3 pm.\nCan I book it for you now?",
            "UnixTime": 1590427267
        },
        {
            "Action": "utter",
            "Agent": "User",
            "Text": "Oh actually. Ben is going to the circus on Thursday, let's make it Friday instead.",
            "UnixTime": 1590427280,
            "PredictedBeliefState": {
                "HostName": "angela",
                "StartTimeHour": "3 pm",
                "Name": "southside venue",
                "NumberGuests": "3",
                "Day": "friday"
            },
            "ActionLabel": [
                "user_party_plan_inform_day",
                "user_party_plan_inform_book"
            ]
        },
        {
            "APIName": "party_plan",
            "Action": "query",
            "Agent": "Wizard",
            "Constraints": [
                {
                    "Name": "api.is_equal_to(\"Southside Venue\")"
                },
                {
                    "HostName": "\"Angela\""
                },
                {
                    "Day": "\"Friday\""
                },
                {
                    "StartTimeHour": "\"3 pm\""
                },
                {
                    "NumberGuests": "3"
                },
                {
                    "RequestType": "\"Check\""
                }
            ],
            "PrimaryItem": {
                "APIName": "party_plan",
                "Day": "Thursday",
                "Message": "The venue is available.",
                "Time": "3 pm",
                "VenueName": "Southside Venue"
            },
            "UnixTime": 1590427288
        },
        {
            "APIName": "party_plan",
            "Action": "return_item",
            "Agent": "KnowledgeBase",
            "Item": {
                "APIName": "party_plan",
                "Day": "Friday",
                "Message": "The venue is available.",
                "Time": "3 pm",
                "VenueName": "Southside Venue"
            },
            "TotalItems": -1,
            "PredictedBeliefState": {
                "HostName": "angela",
                "StartTimeHour": "3 pm",
                "Name": "southside venue",
                "NumberGuests": "3",
                "Day": "friday"
            },
            "ActionLabel": [
                "db_party_booking_successful"
            ]
        },
        {
            "APIName": "party_plan",
            "Action": "query",
            "Agent": "Wizard",
            "Constraints": [
                {
                    "Name": "api.is_equal_to(\"Southside Venue\")"
                },
                {
                    "HostName": "\"Angela\""
                },
                {
                    "Day": "\"Friday\""
                },
                {
                    "StartTimeHour": "\"3 pm\""
                },
                {
                    "NumberGuests": "3"
                },
                {
                    "RequestType": "\"Book\""
                }
            ],
            "PrimaryItem": {
                "APIName": "party_plan",
                "Day": "Friday",
                "Message": "The venue is available.",
                "Time": "3 pm",
                "VenueName": "Southside Venue"
            },
            "UnixTime": 1590427293
        },
        {
            "APIName": "party_plan",
            "Action": "return_item",
            "Agent": "KnowledgeBase",
            "Item": {
                "APIName": "party_plan",
                "Day": "Friday",
                "Message": "Your event has been successfully scheduled.",
                "Time": "3 pm",
                "VenueName": "Southside Venue"
            },
            "TotalItems": -1,
            "PredictedBeliefState": {
                "HostName": "angela",
                "StartTimeHour": "3 pm",
                "Name": "southside venue",
                "NumberGuests": "3",
                "Day": "friday"
            },
            "ActionLabel": [
                "db_party_booking_successful"
            ]
        },
        {
            "Action": "request_suggestions",
            "Agent": "Wizard",
            "PrimaryItem": {
                "APIName": "party_plan",
                "Day": "Friday",
                "Message": "Your event has been successfully scheduled.",
                "Time": "3 pm",
                "VenueName": "Southside Venue"
            },
            "Text": "Your event has been successfully scheduled",
            "UnixTime": 1590427296
        },
        {
            "Action": "pick_suggestion",
            "ActionLabel": "party_booking_successful",
            "ActionLabelOptions": [
                "party_booking_successful",
                "party_ask_food",
                "hello"
            ],
            "Agent": "Wizard",
            "PrimaryItem": {
                "APIName": "party_plan",
                "Day": "Friday",
                "Message": "Your event has been successfully scheduled.",
                "Time": "3 pm",
                "VenueName": "Southside Venue"
            },
            "Text": "Great, your party has been successfully booked at the Southside Venue on Friday at 3 pm!",
            "UnixTime": 1590427297
        },
        {
            "Action": "utter",
            "Agent": "User",
            "Text": "Oh great, that was fast.",
            "UnixTime": 1590427309,
            "PredictedBeliefState": {
                "NumberGuests": "3",
                "Name": "southside venue",
                "HostName": "angela",
                "StartTimeHour": "3 pm",
                "Day": "friday"
            },
            "ActionLabel": [
                "user_party_plan_thanks"
            ]
        },
        {
            "Action": "instruct",
            "Agent": "UserGuide",
            "Text": "Either make some more smalltalk, tell a joke, or say something about the Southside Venue. [instruction 5 of 6]",
            "UnixTime": 1590427309
        },
        {
            "Action": "request_suggestions",
            "Agent": "Wizard",
            "PrimaryItem": {
                "APIName": "party_plan",
                "Day": "Friday",
                "Message": "Your event has been successfully scheduled.",
                "Time": "3 pm",
                "VenueName": "Southside Venue"
            },
            "Text": "anything else",
            "UnixTime": 1590427312
        },
        {
            "Action": "pick_suggestion",
            "ActionLabel": "anything_else",
            "ActionLabelOptions": [
                "anything_else",
                "party_inform_food_drink_criteria",
                "goodbye_1"
            ],
            "Agent": "Wizard",
            "PrimaryItem": {
                "APIName": "party_plan",
                "Day": "Friday",
                "Message": "Your event has been successfully scheduled.",
                "Time": "3 pm",
                "VenueName": "Southside Venue"
            },
            "Text": "Is there anything else that I can do for you?",
            "UnixTime": 1590427314
        },
        {
            "Action": "utter",
            "Agent": "User",
            "Text": "We're going to have a blast at this venue yo",
            "UnixTime": 1590427325,
            "PredictedBeliefState": {
                "StartTimeHour": "3 pm",
                "Name": "southside venue",
                "Day": "friday",
                "NumberGuests": "3",
                "HostName": "angela"
            },
            "ActionLabel": [
                "user_bad_label"
            ]
        },
        {
            "Action": "instruct",
            "Agent": "UserGuide",
            "Text": "Make sure you have booked a venue. If nothing was available, change the day or reduce the number of guests until it works. Then you can bring the conversation to a natural close. [instruction 6 of 6]",
            "UnixTime": 1590427325
        },
        {
            "Action": "request_suggestions",
            "Agent": "Wizard",
            "PrimaryItem": {
                "APIName": "party_plan",
                "Day": "Friday",
                "Message": "Your event has been successfully scheduled.",
                "Time": "3 pm",
                "VenueName": "Southside Venue"
            },
            "Text": "I'm so happy for you! Is there anything else I can do for you?",
            "UnixTime": 1590427338
        },
        {
            "Action": "utter",
            "Agent": "Wizard",
            "PrimaryItem": {
                "APIName": "party_plan",
                "Day": "Friday",
                "Message": "Your event has been successfully scheduled.",
                "Time": "3 pm",
                "VenueName": "Southside Venue"
            },
            "Text": "I'm so happy for you! Is there anything else I can do for you?",
            "UnixTime": 1590427340
        },
        {
            "Action": "utter",
            "Agent": "User",
            "Text": "Thanks for the help. Good bye!",
            "UnixTime": 1590427348,
            "PredictedBeliefState": {
                "NumberGuests": "3",
                "StartTimeHour": "3 pm",
                "Name": "southside venue",
                "Day": "friday",
                "HostName": "angela"
            },
            "ActionLabel": [
                "user_bad_label"
            ]
        },
        {
            "Action": "request_suggestions",
            "Agent": "Wizard",
            "PrimaryItem": {
                "APIName": "party_plan",
                "Day": "Friday",
                "Message": "Your event has been successfully scheduled.",
                "Time": "3 pm",
                "VenueName": "Southside Venue"
            },
            "Text": "bye",
            "UnixTime": 1590427351
        },
        {
            "Action": "pick_suggestion",
            "ActionLabel": "goodbye_1",
            "ActionLabelOptions": [
                "goodbye_1",
                "party_ask_end_time",
                "out_of_scope"
            ],
            "Agent": "Wizard",
            "PrimaryItem": {
                "APIName": "party_plan",
                "Day": "Friday",
                "Message": "Your event has been successfully scheduled.",
                "Time": "3 pm",
                "VenueName": "Southside Venue"
            },
            "Text": "Thank you and goodbye.",
            "UnixTime": 1590427353
        },
        {
            "Action": "complete",
            "Agent": "User",
            "UnixTime": 1590427355
        }
    ],
    "FORMAT-VERSION": 7,
    "IntroducesConflicts": false,
    "Scenario": {
        "Domains": [
            "party"
        ],
        "Happy": false,
        "MultiTask": false,
        "UserTask": "Follow the instructions and comments of the MTurk System bot (darker yellow boxes in the dialogue). Do not end the dialogue before the MTurk System bot (not the assistant) has told you to do so. ",
        "WizardCapabilities": [
            {
                "Domain": "party",
                "SchemaImage": "party_plan.jpg",
                "Task": "party_plan"
            }
        ],
        "WizardTask": "Follow the flow charts and help the user plan a party."
    },
    "UserQuestionnaire": [
        {
            "Answer": true,
            "Question": "Did the assistant stay calm and helpful throughout the dialogue?"
        }
    ],
    "WizardQuestionnaire": [
        {
            "Answer": true,
            "Question": "Did the user change his/her mind about what he/she wants at any time?"
        },
        {
            "Answer": false,
            "Question": "Did the user become aggressive or annoyed during the dialogue? (Note: some users may be instructed to be annoying.)"
        },
        {
            "Answer": false,
            "Question": "Where you unsure about what to do at any time? (Feel free to send us an email with details.)"
        }
    ]
}