{
    "AnonymizedUserWorkerID": "8829abee-d7b6-d749-1f21-2eee378e34bb",
    "AnonymizedWizardWorkerID": "ab9f01dc-2cad-988e-9e96-f7509ea2a536",
    "BatchID": "woz_1590426434",
    "CompletionLevel": "Complete",
    "DialogueID": 878,
    "Events": [
        {
            "Action": "instruct",
            "Agent": "UserGuide",
            "Text": "Contact your ship's onboard computer (AI Assistant) and ask for help or explain the situation. (See instructions on the left panel.) [instruction 1 of 5]",
            "UnixTime": 1590440091
        },
        {
            "Action": "utter",
            "Agent": "User",
            "Text": "The ship is under attack!  I need to get onto the combat deck to defend it and save our skins!  But I'm locked out.",
            "UnixTime": 1590440125,
            "PredictedBeliefState": {},
            "ActionLabel": [
                "user_spaceshipcodes_ask_access"
            ]
        },
        {
            "Action": "request_suggestions",
            "Agent": "Wizard",
            "Text": "name",
            "UnixTime": 1590440132
        },
        {
            "Action": "pick_suggestion",
            "ActionLabel": "ask_name",
            "ActionLabelOptions": [
                "ask_name",
                "spaceship_inform_nothing_found",
                "spaceship_bye"
            ],
            "Agent": "Wizard",
            "Text": "Please provide your name.",
            "UnixTime": 1590440134
        },
        {
            "Action": "utter",
            "Agent": "User",
            "Text": "I'm Yoda.",
            "UnixTime": 1590440139,
            "PredictedBeliefState": {
                "UserName": "yoda"
            },
            "ActionLabel": [
                "user_spaceshipcodes_inform_name"
            ]
        },
        {
            "Action": "instruct",
            "Agent": "UserGuide",
            "Text": "Boom! You hear explosions all around you. [instruction 2 of 5]",
            "UnixTime": 1590440139
        },
        {
            "Action": "request_suggestions",
            "Agent": "Wizard",
            "Text": "rank",
            "UnixTime": 1590440148
        },
        {
            "Action": "pick_suggestion",
            "ActionLabel": "spaceship_ask_rank",
            "ActionLabelOptions": [
                "spaceship_ask_rank",
                "spaceship_bye",
                "spaceship_ask_code_type"
            ],
            "Agent": "Wizard",
            "Text": "Please provide your rank.",
            "UnixTime": 1590440150
        },
        {
            "Action": "utter",
            "Agent": "User",
            "Text": "Good lord, we've been hit.  I don't think we're going to make it.",
            "UnixTime": 1590440164,
            "PredictedBeliefState": {
                "UserName": "yoda"
            },
            "ActionLabel": []
        },
        {
            "Action": "instruct",
            "Agent": "UserGuide",
            "Text": "You get a message on your communicator. Apparently you just got promoted to acting captain. [instruction 3 of 5]",
            "UnixTime": 1590440164
        },
        {
            "Action": "request_suggestions",
            "Agent": "Wizard",
            "Text": "code",
            "UnixTime": 1590440171
        },
        {
            "Action": "pick_suggestion",
            "ActionLabel": "spaceship_ask_code",
            "ActionLabelOptions": [
                "spaceship_ask_code",
                "hello",
                "ask_name"
            ],
            "Agent": "Wizard",
            "Text": "Please enter the code.",
            "UnixTime": 1590440173
        },
        {
            "Action": "utter",
            "Agent": "User",
            "Text": "I'm a bartender.  I don't have the code.",
            "UnixTime": 1590440184,
            "PredictedBeliefState": {
                "UserName": "yoda",
                "UserRank": "bartender"
            },
            "ActionLabel": [
                "user_spaceshipcodes_inform_rank",
                "user_custom"
            ]
        },
        {
            "Action": "instruct",
            "Agent": "UserGuide",
            "Text": "For some reason (imagine something) you now know that the Access Code is 031431. [instruction 4 of 5]",
            "UnixTime": 1590440184
        },
        {
            "Action": "request_suggestions",
            "Agent": "Wizard",
            "Text": "unable",
            "UnixTime": 1590440199
        },
        {
            "Action": "pick_suggestion",
            "ActionLabel": "out_of_scope",
            "ActionLabelOptions": [
                "spaceship_inform_nothing_found",
                "hello",
                "out_of_scope"
            ],
            "Agent": "Wizard",
            "Text": "I am sorry, I don't quite understand what you mean. I am only able to help you with the access codes of the spaceship.",
            "UnixTime": 1590440205
        },
        {
            "Action": "utter",
            "Agent": "User",
            "Text": "Wait, I just got a message.  I'm now the acting captain.  Holy moly, a lot of people must have just died for me to get promoted to Captain.",
            "UnixTime": 1590440228,
            "PredictedBeliefState": {
                "UserName": "yoda",
                "UserRank": "captain"
            },
            "ActionLabel": [
                "user_spaceshipcodes_inform_rank",
                "user_bad_label"
            ]
        },
        {
            "Action": "instruct",
            "Agent": "UserGuide",
            "Text": "Once the door is open (not before!), you can enter the combat deck and save the ship by ending the conversation. [instruction 5 of 5]",
            "UnixTime": 1590440228
        },
        {
            "Action": "request_suggestions",
            "Agent": "Wizard",
            "Text": "code",
            "UnixTime": 1590440237
        },
        {
            "Action": "pick_suggestion",
            "ActionLabel": "spaceship_ask_code",
            "ActionLabelOptions": [
                "spaceship_ask_code",
                "hello",
                "ask_name"
            ],
            "Agent": "Wizard",
            "Text": "Please enter the code.",
            "UnixTime": 1590440239
        },
        {
            "Action": "utter",
            "Agent": "User",
            "Text": "Wait, here's the old Captain's lifeless corpse.  He's holding a note that reads, \"Access Code: 031431.\"  Try 031431.  And for the love of all things, hurry!",
            "UnixTime": 1590440283,
            "PredictedBeliefState": {
                "Code": "031431",
                "UserName": "yoda",
                "UserRank": "captain"
            },
            "ActionLabel": [
                "user_spaceshipcodes_inform_code"
            ]
        },
        {
            "APIName": "spaceship_access_codes",
            "Action": "query",
            "Agent": "Wizard",
            "Constraints": [
                {
                    "UserName": "\"Yoda\""
                },
                {
                    "UserRank": "\"Captain\""
                },
                {
                    "Code": "031431"
                },
                {
                    "CodeType": "\"Access Code\""
                }
            ],
            "UnixTime": 1590440301
        },
        {
            "APIName": "spaceship_access_codes",
            "Action": "return_item",
            "Agent": "KnowledgeBase",
            "Item": {
                "APIName": "spaceship_access_codes",
                "Message": "The door is now unlocked."
            },
            "TotalItems": -1,
            "PredictedBeliefState": {
                "Code": "031431",
                "UserName": "yoda",
                "UserRank": "captain"
            },
            "ActionLabel": [
                "db_spaceshipcodes_inform_outcome_pos"
            ]
        },
        {
            "Action": "request_suggestions",
            "Agent": "Wizard",
            "PrimaryItem": {
                "APIName": "spaceship_access_codes",
                "Message": "The door is now unlocked."
            },
            "Text": "unlocked",
            "UnixTime": 1590440307
        },
        {
            "Action": "pick_suggestion",
            "ActionLabel": "spaceship_inform_outcome",
            "ActionLabelOptions": [
                "spaceship_inform_outcome",
                "anything_else",
                "hello"
            ],
            "Agent": "Wizard",
            "PrimaryItem": {
                "APIName": "spaceship_access_codes",
                "Message": "The door is now unlocked."
            },
            "Text": "The door is now unlocked.",
            "UnixTime": 1590440309
        },
        {
            "Action": "utter",
            "Agent": "User",
            "Text": "I'm going in and I'm going to save us all.  Well, those of us who are still alive.  And one day people all across the galaxy are going to remember the name \"Yoda.'",
            "UnixTime": 1590440340,
            "PredictedBeliefState": {
                "UserRank": "captain",
                "UserName": "yoda",
                "Code": "031431"
            },
            "ActionLabel": [
                "user_spaceshipcodes_thanks"
            ]
        },
        {
            "Action": "request_suggestions",
            "Agent": "Wizard",
            "PrimaryItem": {
                "APIName": "spaceship_access_codes",
                "Message": "The door is now unlocked."
            },
            "Text": "Anything else",
            "UnixTime": 1590440352
        },
        {
            "Action": "pick_suggestion",
            "ActionLabel": "anything_else",
            "ActionLabelOptions": [
                "anything_else",
                "spaceship_ask_code_type",
                "spaceship_inform_nothing_found"
            ],
            "Agent": "Wizard",
            "PrimaryItem": {
                "APIName": "spaceship_access_codes",
                "Message": "The door is now unlocked."
            },
            "Text": "Is there anything else that I can do for you?",
            "UnixTime": 1590440354
        },
        {
            "Action": "utter",
            "Agent": "User",
            "Text": "I just saved the ship.  Some congratulations would be nice.  Otherwise I'm fine.",
            "UnixTime": 1590440374,
            "PredictedBeliefState": {
                "Code": "031431",
                "UserRank": "captain",
                "UserName": "yoda"
            },
            "ActionLabel": [
                "user_spaceshipcodes_goodbye"
            ]
        },
        {
            "Action": "request_suggestions",
            "Agent": "Wizard",
            "PrimaryItem": {
                "APIName": "spaceship_access_codes",
                "Message": "The door is now unlocked."
            },
            "Text": "Thanks",
            "UnixTime": 1590440382
        },
        {
            "Action": "pick_suggestion",
            "ActionLabel": "spaceship_bye",
            "ActionLabelOptions": [
                "spaceship_bye",
                "ask_name",
                "hello"
            ],
            "Agent": "Wizard",
            "PrimaryItem": {
                "APIName": "spaceship_access_codes",
                "Message": "The door is now unlocked."
            },
            "Text": "Goodbye.",
            "UnixTime": 1590440385
        },
        {
            "Action": "complete",
            "Agent": "User",
            "UnixTime": 1590440387
        }
    ],
    "FORMAT-VERSION": 7,
    "IntroducesConflicts": false,
    "Scenario": {
        "Domains": [
            "spaceship"
        ],
        "Happy": false,
        "MultiTask": false,
        "UserTask": "Your spaceship is under attack! You must enter the combat deck to mount a counterattack. Unfortunately, you are locked out. Please work with the spaceship's onboard computer to unlock the door. You (Yoda) are the ship's Bartender. But you don't know the Access Code (yet).",
        "WizardCapabilities": [
            {
                "Domain": "spaceship",
                "SchemaImage": "spaceship_access_codes.jpg",
                "Task": "spaceship_access_codes"
            }
        ],
        "WizardTask": "Act as the spaceship's onboard computer and help the user unlock the combat deck."
    },
    "UserQuestionnaire": [
        {
            "Answer": true,
            "Question": "Did the ship's computer unlock the door to the combat deck?"
        },
        {
            "Answer": true,
            "Question": "Did the ship's computer stay calm and helpful throughout the dialogue?"
        },
        {
            "Answer": true,
            "Question": "Did you enjoy this task?"
        }
    ],
    "WizardQuestionnaire": [
        {
            "Answer": false,
            "Question": "Did the user change his/her mind about what he/she wants at any time?"
        },
        {
            "Answer": false,
            "Question": "Did the user become aggressive or annoyed during the dialogue? (Note: some users may be instructed to be annoying.)"
        },
        {
            "Answer": false,
            "Question": "Where you unsure about what to do at any time? (Feel free to send us an email with details.)"
        }
    ]
}