{
    "AnonymizedUserWorkerID": "66c768ec-c1a7-affc-8806-fa55a561e851",
    "AnonymizedWizardWorkerID": "16097ca3-5946-ab85-b263-8bba736f47c3",
    "BatchID": "woz_1590426434",
    "CompletionLevel": "Complete",
    "DialogueID": 909,
    "Events": [
        {
            "Action": "instruct",
            "Agent": "UserGuide",
            "Text": "You (Alexis) want to organize a surprise party for your friend John, who just got a degree in Engineering. Talk to your personal AI assistant. Maybe it can help? [instruction 1 of 6]",
            "UnixTime": 1590448700
        },
        {
            "Action": "utter",
            "Agent": "User",
            "Text": "hello",
            "UnixTime": 1590448716,
            "PredictedBeliefState": {},
            "ActionLabel": [
                "user_hello"
            ]
        },
        {
            "Action": "instruct",
            "Agent": "UserGuide",
            "Text": "Ideally, the thing should happen on Tuesday at the West Bay Venue, 3 pm, and you'd expect about 75 to show up. [instruction 2 of 6]",
            "UnixTime": 1590448716
        },
        {
            "Action": "request_suggestions",
            "Agent": "Wizard",
            "Text": "How may I help you?",
            "UnixTime": 1590448724
        },
        {
            "Action": "pick_suggestion",
            "ActionLabel": "hello",
            "ActionLabelOptions": [
                "anything_else",
                "hello",
                "out_of_scope"
            ],
            "Agent": "Wizard",
            "Text": "Hello, how can I help?",
            "UnixTime": 1590448726
        },
        {
            "Action": "utter",
            "Agent": "User",
            "Text": "I want to organize a surprise party",
            "UnixTime": 1590448781,
            "PredictedBeliefState": {},
            "ActionLabel": [
                "user_party_plan_ask_party_plan"
            ]
        },
        {
            "Action": "request_suggestions",
            "Agent": "Wizard",
            "Text": "venue",
            "UnixTime": 1590448788
        },
        {
            "Action": "request_suggestions",
            "Agent": "Wizard",
            "Text": "May I have the venue name?",
            "UnixTime": 1590448797
        },
        {
            "Action": "pick_suggestion",
            "ActionLabel": "party_ask_venue",
            "ActionLabelOptions": [
                "party_ask_venue",
                "ask_name",
                "party_ask_drinks"
            ],
            "Agent": "Wizard",
            "Text": "At what venue would you like to have your party organised?",
            "UnixTime": 1590448799
        },
        {
            "Action": "utter",
            "Agent": "User",
            "Text": "West Bay Venue",
            "UnixTime": 1590448825,
            "PredictedBeliefState": {
                "Name": "west bay venue"
            },
            "ActionLabel": [
                "user_party_plan_inform_venue"
            ]
        },
        {
            "Action": "request_suggestions",
            "Agent": "Wizard",
            "Text": "May I have the host name and day?",
            "UnixTime": 1590448843
        },
        {
            "Action": "utter",
            "Agent": "Wizard",
            "Text": "May I have the host name and day?",
            "UnixTime": 1590448845
        },
        {
            "Action": "utter",
            "Agent": "User",
            "Text": "Alexis for Tuesday ",
            "UnixTime": 1590448917,
            "PredictedBeliefState": {
                "Name": "west bay venue",
                "Day": "tuesday",
                "HostName": "alexis"
            },
            "ActionLabel": [
                "user_party_plan_inform_day",
                "user_party_plan_inform_name",
                "user_bad_label"
            ]
        },
        {
            "Action": "instruct",
            "Agent": "UserGuide",
            "Text": "Interrupt the conversation with a little small talk [instruction 3 of 6]",
            "UnixTime": 1590448917
        },
        {
            "Action": "request_suggestions",
            "Agent": "Wizard",
            "Text": "And the time and guest number?",
            "UnixTime": 1590448939
        },
        {
            "Action": "utter",
            "Agent": "Wizard",
            "Text": "And the time and guest number?",
            "UnixTime": 1590448941
        },
        {
            "Action": "utter",
            "Agent": "User",
            "Text": "this party is for my friend John, who just got a degree in Engineering",
            "UnixTime": 1590449000,
            "PredictedBeliefState": {
                "Day": "tuesday",
                "Name": "west bay venue",
                "HostName": "alexis"
            },
            "ActionLabel": [
                "user_bad_label"
            ]
        },
        {
            "Action": "instruct",
            "Agent": "UserGuide",
            "Text": "You just learn that on Tuesday John will be away. So you have to plan the party for a different day. [instruction 4 of 6]",
            "UnixTime": 1590449000
        },
        {
            "Action": "request_suggestions",
            "Agent": "Wizard",
            "Text": "That's great news. Can I get the time and guest number?",
            "UnixTime": 1590449027
        },
        {
            "Action": "utter",
            "Agent": "Wizard",
            "Text": "That's great news. Can I get the time and guest number?",
            "UnixTime": 1590449030
        },
        {
            "Action": "utter",
            "Agent": "User",
            "Text": "3pm for 75",
            "UnixTime": 1590449046,
            "PredictedBeliefState": {
                "NumberGuests": "75",
                "Name": "west bay venue",
                "StartTimeHour": "3 pm",
                "HostName": "alexis",
                "Day": "friday"
            },
            "ActionLabel": [
                "user_party_plan_inform_number_of_guests",
                "user_party_plan_inform_starting_time",
                "user_party_plan_inform_day",
                "user_bad_label"
            ]
        },
        {
            "APIName": "party_plan",
            "Action": "query",
            "Agent": "Wizard",
            "Constraints": [
                {
                    "Name": "\"West Bay Venue\""
                },
                {
                    "HostName": "\"Alexis\""
                },
                {
                    "Day": "\"Tuesday\""
                },
                {
                    "StartTimeHour": "\"3 pm\""
                },
                {
                    "NumberGuests": "75"
                },
                {
                    "RequestType": "\"Check\""
                }
            ],
            "UnixTime": 1590449056
        },
        {
            "APIName": "party_plan",
            "Action": "return_item",
            "Agent": "KnowledgeBase",
            "Item": {
                "APIName": "party_plan",
                "Day": "Tuesday",
                "Message": "The venue is too small for your party. Try another venue.",
                "Time": "3 pm",
                "VenueName": "West Bay Venue"
            },
            "TotalItems": -1,
            "PredictedBeliefState": {
                "NumberGuests": "75",
                "Name": "west bay venue",
                "StartTimeHour": "3 pm",
                "HostName": "alexis",
                "Day": "friday"
            },
            "ActionLabel": [
                "result_bad_label"
            ]
        },
        {
            "Action": "request_suggestions",
            "Agent": "Wizard",
            "PrimaryItem": {
                "APIName": "party_plan",
                "Day": "Tuesday",
                "Message": "The venue is too small for your party. Try another venue.",
                "Time": "3 pm",
                "VenueName": "West Bay Venue"
            },
            "Text": "The venue is too small. ",
            "UnixTime": 1590449066
        },
        {
            "Action": "utter",
            "Agent": "Wizard",
            "PrimaryItem": {
                "APIName": "party_plan",
                "Day": "Tuesday",
                "Message": "The venue is too small for your party. Try another venue.",
                "Time": "3 pm",
                "VenueName": "West Bay Venue"
            },
            "Text": "The venue is too small for your party. Would you like to try another venue?",
            "UnixTime": 1590449084
        },
        {
            "Action": "utter",
            "Agent": "User",
            "Text": "I just learned john will be away Tuesday so i need to change the day to Thrusday",
            "UnixTime": 1590449133,
            "PredictedBeliefState": {
                "HostName": "alexis",
                "Day": "thursday",
                "StartTimeHour": "3 pm",
                "NumberGuests": "75",
                "Name": "west bay venue"
            },
            "ActionLabel": [
                "user_party_plan_inform_day"
            ]
        },
        {
            "Action": "instruct",
            "Agent": "UserGuide",
            "Text": "Either make some more smalltalk, tell a joke, or say something about the West Bay Venue. [instruction 5 of 6]",
            "UnixTime": 1590449133
        },
        {
            "APIName": "party_plan",
            "Action": "query",
            "Agent": "Wizard",
            "Constraints": [
                {
                    "Name": "\"West Bay Venue\""
                },
                {
                    "HostName": "\"Alexis\""
                },
                {
                    "Day": "\"Thursday\""
                },
                {
                    "StartTimeHour": "\"3 pm\""
                },
                {
                    "NumberGuests": "75"
                },
                {
                    "RequestType": "\"Check\""
                }
            ],
            "PrimaryItem": {
                "APIName": "party_plan",
                "Day": "Tuesday",
                "Message": "The venue is too small for your party. Try another venue.",
                "Time": "3 pm",
                "VenueName": "West Bay Venue"
            },
            "UnixTime": 1590449139
        },
        {
            "APIName": "party_plan",
            "Action": "return_item",
            "Agent": "KnowledgeBase",
            "Item": {
                "APIName": "party_plan",
                "Day": "Thursday",
                "Message": "The venue is available.",
                "Time": "3 pm",
                "VenueName": "West Bay Venue"
            },
            "TotalItems": -1,
            "PredictedBeliefState": {
                "HostName": "alexis",
                "Day": "thursday",
                "StartTimeHour": "3 pm",
                "NumberGuests": "75",
                "Name": "west bay venue"
            },
            "ActionLabel": [
                "db_party_venue_available"
            ]
        },
        {
            "Action": "request_suggestions",
            "Agent": "Wizard",
            "PrimaryItem": {
                "APIName": "party_plan",
                "Day": "Thursday",
                "Message": "The venue is available.",
                "Time": "3 pm",
                "VenueName": "West Bay Venue"
            },
            "Text": "The venue is available.",
            "UnixTime": 1590449154
        },
        {
            "Action": "pick_suggestion",
            "ActionLabel": "party_ask_confirm_booking",
            "ActionLabelOptions": [
                "party_ask_confirm_booking",
                "party_venue_not_available",
                "party_ask_venue"
            ],
            "Agent": "Wizard",
            "PrimaryItem": {
                "APIName": "party_plan",
                "Day": "Thursday",
                "Message": "The venue is available.",
                "Time": "3 pm",
                "VenueName": "West Bay Venue"
            },
            "Text": "OK, the West Bay Venue would be happy to accommodate you on Thursday @ 3 pm.\nCan I book it for you now?",
            "UnixTime": 1590449157
        },
        {
            "Action": "utter",
            "Agent": "User",
            "Text": "I heard the West Bay Venue is the best. I can't wait to have a party there",
            "UnixTime": 1590449203,
            "PredictedBeliefState": {
                "Name": "west bay venue",
                "StartTimeHour": "3 pm",
                "Day": "thursday",
                "HostName": "alexis",
                "NumberGuests": "75"
            },
            "ActionLabel": [
                "user_bad_label"
            ]
        },
        {
            "Action": "instruct",
            "Agent": "UserGuide",
            "Text": "Make sure you have booked a venue. If nothing was available, change the day or reduce the number of guests until it works. Then you can bring the conversation to a natural close. [instruction 6 of 6]",
            "UnixTime": 1590449203
        },
        {
            "Action": "request_suggestions",
            "Agent": "Wizard",
            "PrimaryItem": {
                "APIName": "party_plan",
                "Day": "Thursday",
                "Message": "The venue is available.",
                "Time": "3 pm",
                "VenueName": "West Bay Venue"
            },
            "Text": "Would you like to try West Bay?",
            "UnixTime": 1590449218
        },
        {
            "Action": "utter",
            "Agent": "Wizard",
            "PrimaryItem": {
                "APIName": "party_plan",
                "Day": "Thursday",
                "Message": "The venue is available.",
                "Time": "3 pm",
                "VenueName": "West Bay Venue"
            },
            "Text": "v",
            "UnixTime": 1590449220
        },
        {
            "Action": "utter",
            "Agent": "User",
            "Text": "book it",
            "UnixTime": 1590449235,
            "PredictedBeliefState": {
                "StartTimeHour": "3 pm",
                "HostName": "alexis",
                "NumberGuests": "75",
                "Day": "thursday",
                "Name": "west bay venue"
            },
            "ActionLabel": [
                "user_bad_label"
            ]
        },
        {
            "APIName": "party_plan",
            "Action": "query",
            "Agent": "Wizard",
            "Constraints": [
                {
                    "Name": "\"West Bay Venue\""
                },
                {
                    "HostName": "\"Alexis\""
                },
                {
                    "Day": "\"Thursday\""
                },
                {
                    "StartTimeHour": "\"3 pm\""
                },
                {
                    "NumberGuests": "75"
                },
                {
                    "RequestType": "\"Book\""
                }
            ],
            "PrimaryItem": {
                "APIName": "party_plan",
                "Day": "Thursday",
                "Message": "The venue is available.",
                "Time": "3 pm",
                "VenueName": "West Bay Venue"
            },
            "UnixTime": 1590449246
        },
        {
            "APIName": "party_plan",
            "Action": "return_item",
            "Agent": "KnowledgeBase",
            "Item": {
                "APIName": "party_plan",
                "Day": "Thursday",
                "Message": "Your event has been successfully scheduled.",
                "Time": "3 pm",
                "VenueName": "West Bay Venue"
            },
            "TotalItems": -1,
            "PredictedBeliefState": {
                "StartTimeHour": "3 pm",
                "HostName": "alexis",
                "NumberGuests": "75",
                "Day": "thursday",
                "Name": "west bay venue"
            },
            "ActionLabel": [
                "db_party_booking_successful"
            ]
        },
        {
            "Action": "request_suggestions",
            "Agent": "Wizard",
            "PrimaryItem": {
                "APIName": "party_plan",
                "Day": "Thursday",
                "Message": "Your event has been successfully scheduled.",
                "Time": "3 pm",
                "VenueName": "West Bay Venue"
            },
            "Text": "Your event has been scheduled.",
            "UnixTime": 1590449257
        },
        {
            "Action": "pick_suggestion",
            "ActionLabel": "party_booking_successful",
            "ActionLabelOptions": [
                "party_booking_successful",
                "party_ask_day",
                "party_ask_starting_time"
            ],
            "Agent": "Wizard",
            "PrimaryItem": {
                "APIName": "party_plan",
                "Day": "Thursday",
                "Message": "Your event has been successfully scheduled.",
                "Time": "3 pm",
                "VenueName": "West Bay Venue"
            },
            "Text": "Great, your party has been successfully booked at the West Bay Venue on Thursday at 3 pm!",
            "UnixTime": 1590449258
        },
        {
            "Action": "utter",
            "Agent": "User",
            "Text": "thanks",
            "UnixTime": 1590449267,
            "PredictedBeliefState": {
                "Name": "west bay venue",
                "Day": "thursday",
                "HostName": "alexis",
                "NumberGuests": "75",
                "StartTimeHour": "3 pm"
            },
            "ActionLabel": [
                "user_party_plan_thanks"
            ]
        },
        {
            "Action": "request_suggestions",
            "Agent": "Wizard",
            "PrimaryItem": {
                "APIName": "party_plan",
                "Day": "Thursday",
                "Message": "Your event has been successfully scheduled.",
                "Time": "3 pm",
                "VenueName": "West Bay Venue"
            },
            "Text": "Do you need",
            "UnixTime": 1590449272
        },
        {
            "Action": "pick_suggestion",
            "ActionLabel": "anything_else",
            "ActionLabelOptions": [
                "party_ask_confirm_booking",
                "party_ask_number_of_guests",
                "anything_else"
            ],
            "Agent": "Wizard",
            "PrimaryItem": {
                "APIName": "party_plan",
                "Day": "Thursday",
                "Message": "Your event has been successfully scheduled.",
                "Time": "3 pm",
                "VenueName": "West Bay Venue"
            },
            "Text": "Is there anything else that I can do for you?",
            "UnixTime": 1590449275
        },
        {
            "Action": "utter",
            "Agent": "User",
            "Text": "no",
            "UnixTime": 1590449299,
            "PredictedBeliefState": {
                "NumberGuests": "75",
                "HostName": "alexis",
                "Day": "thursday",
                "Name": "west bay venue",
                "StartTimeHour": "3 pm"
            },
            "ActionLabel": [
                "user_bad_label"
            ]
        },
        {
            "Action": "request_suggestions",
            "Agent": "Wizard",
            "PrimaryItem": {
                "APIName": "party_plan",
                "Day": "Thursday",
                "Message": "Your event has been successfully scheduled.",
                "Time": "3 pm",
                "VenueName": "West Bay Venue"
            },
            "Text": "Great, have fun!",
            "UnixTime": 1590449308
        },
        {
            "Action": "utter",
            "Agent": "Wizard",
            "PrimaryItem": {
                "APIName": "party_plan",
                "Day": "Thursday",
                "Message": "Your event has been successfully scheduled.",
                "Time": "3 pm",
                "VenueName": "West Bay Venue"
            },
            "Text": "Great, have fun!",
            "UnixTime": 1590449311
        },
        {
            "Action": "complete",
            "Agent": "User",
            "UnixTime": 1590449316
        }
    ],
    "FORMAT-VERSION": 7,
    "IntroducesConflicts": false,
    "Scenario": {
        "Domains": [
            "party"
        ],
        "Happy": false,
        "MultiTask": false,
        "UserTask": "Follow the instructions and comments of the MTurk System bot (darker yellow boxes in the dialogue). Do not end the dialogue before the MTurk System bot (not the assistant) has told you to do so. ",
        "WizardCapabilities": [
            {
                "Domain": "party",
                "SchemaImage": "party_plan.jpg",
                "Task": "party_plan"
            }
        ],
        "WizardTask": "Follow the flow charts and help the user plan a party."
    },
    "UserQuestionnaire": [
        {
            "Answer": true,
            "Question": "Did the assistant stay calm and helpful throughout the dialogue?"
        }
    ],
    "WizardQuestionnaire": [
        {
            "Answer": false,
            "Question": "Did the user change his/her mind about what he/she wants at any time?"
        },
        {
            "Answer": false,
            "Question": "Did the user become aggressive or annoyed during the dialogue? (Note: some users may be instructed to be annoying.)"
        },
        {
            "Answer": false,
            "Question": "Where you unsure about what to do at any time? (Feel free to send us an email with details.)"
        }
    ]
}