{
    "AnonymizedUserWorkerID": "91b16ed4-3c20-2cd4-e99c-ff1316c27cf2",
    "AnonymizedWizardWorkerID": "71f8d498-7034-65f3-de7c-7ac126139a2e",
    "BatchID": "woz_1590426434",
    "CompletionLevel": "Complete",
    "DialogueID": 927,
    "Events": [
        {
            "Action": "utter",
            "Agent": "User",
            "Text": "Hi can you help me reserve a room?",
            "UnixTime": 1590441278,
            "PredictedBeliefState": {},
            "ActionLabel": [
                "user_hotel_book_ask_hotel_book"
            ]
        },
        {
            "Action": "instruct",
            "Agent": "UserGuide",
            "Text": "You remember that your friend recommended the Hilton Hotel. Tell the assistant you've changed your mind and want to stay at Hilton Hotel. [instruction 1 of 5]",
            "UnixTime": 1590441278
        },
        {
            "Action": "request_suggestions",
            "Agent": "Wizard",
            "Text": "Where would you like",
            "UnixTime": 1590441293
        },
        {
            "Action": "pick_suggestion",
            "ActionLabel": "hotel_ask_hotel",
            "ActionLabelOptions": [
                "hotel_ask_hotel",
                "goodbye_1",
                "out_of_scope"
            ],
            "Agent": "Wizard",
            "Text": "What hotel would you like to stay at?",
            "UnixTime": 1590441296
        },
        {
            "Action": "utter",
            "Agent": "User",
            "Text": "Hyatt!  I am a member of their rewards club!  I'm so close to a free stay!",
            "UnixTime": 1590441312,
            "PredictedBeliefState": {
                "Name": "hyatt hotel"
            },
            "ActionLabel": [
                "user_hotel_book_inform_hotel_name"
            ]
        },
        {
            "Action": "request_suggestions",
            "Agent": "Wizard",
            "Text": "may i have your name",
            "UnixTime": 1590441325
        },
        {
            "Action": "pick_suggestion",
            "ActionLabel": "ask_name",
            "ActionLabelOptions": [
                "ask_name",
                "hotel_ask_date_from",
                "anything_else"
            ],
            "Agent": "Wizard",
            "Text": "May I have your name, please?",
            "UnixTime": 1590441327
        },
        {
            "Action": "utter",
            "Agent": "User",
            "Text": "Yes it is Angela.",
            "UnixTime": 1590441337,
            "PredictedBeliefState": {
                "Name": "hyatt hotel",
                "CustomerName": "angela"
            },
            "ActionLabel": [
                "user_hotel_book_inform_name"
            ]
        },
        {
            "Action": "instruct",
            "Agent": "UserGuide",
            "Text": "Actually, you recall that your friend stayed at Hilton Hotel in another town. However you've read on a blog that the Old Town Inn is by long and far the most authentic one. Tell the assistant you've changed your mind and want to stay at Old Town Inn. [instruction 2 of 5]",
            "UnixTime": 1590441337
        },
        {
            "Action": "request_suggestions",
            "Agent": "Wizard",
            "Text": "dates of your stay",
            "UnixTime": 1590441348
        },
        {
            "Action": "utter",
            "Agent": "Wizard",
            "Text": "Hi Angela, what dates did you want me to check at the Hyatt?",
            "UnixTime": 1590441374
        },
        {
            "Action": "utter",
            "Agent": "User",
            "Text": "You know what I just remembered a blog I read about the Old Town Inn.  I really want to stay there now that I think about it.",
            "UnixTime": 1590441445,
            "PredictedBeliefState": {
                "Name": "old town inn",
                "CustomerName": "angela"
            },
            "ActionLabel": [
                "user_hotel_book_inform_hotel_name",
                "user_bad_label"
            ]
        },
        {
            "Action": "instruct",
            "Agent": "UserGuide",
            "Text": "Talk to the assistant about this great travel blog that you rely on and that its never let you down on your journeys. Be creative! [instruction 3 of 5]",
            "UnixTime": 1590441445
        },
        {
            "Action": "request_suggestions",
            "Agent": "Wizard",
            "Text": "Of course, what dates should I check for you at the Old Town Inn?",
            "UnixTime": 1590441479
        },
        {
            "Action": "utter",
            "Agent": "Wizard",
            "Text": "Of course, what dates should I check for you at the Old Town Inn?",
            "UnixTime": 1590441483
        },
        {
            "Action": "utter",
            "Agent": "User",
            "Text": "Hmmm let me think on that one for a minute.  Sorry I'm distracted by this amazing blog.",
            "UnixTime": 1590441511,
            "PredictedBeliefState": {
                "CustomerName": "angela",
                "Name": "old town inn"
            },
            "ActionLabel": [
                "user_bad_label"
            ]
        },
        {
            "Action": "instruct",
            "Agent": "UserGuide",
            "Text": "You just received a text from your partner saying: 'Hey, my brother invited us to his wedding in London on the 24th and I already booked us a flight for the 6th!' Tell the assistant you would like to change your reservation to 13th-20th the following month. [instruction 4 of 5]",
            "UnixTime": 1590441511
        },
        {
            "Action": "request_suggestions",
            "Agent": "Wizard",
            "Text": "Some of those travel blog photographs are incredible, really make you feel like you're there",
            "UnixTime": 1590441555
        },
        {
            "Action": "utter",
            "Agent": "Wizard",
            "Text": "Some of those travel blog photographs are incredible, really make you feel like you're there",
            "UnixTime": 1590441558
        },
        {
            "Action": "utter",
            "Agent": "User",
            "Text": "Definitely!  Ok my brother just invited me to his wedding so that helps me decide.  Let's make reservations for the 13th-20th.",
            "UnixTime": 1590441599,
            "PredictedBeliefState": {
                "EndDate": "20th",
                "Name": "old town inn",
                "StartDate": "13th",
                "CustomerName": "angela"
            },
            "ActionLabel": [
                "user_hotel_book_inform_end_date",
                "user_hotel_book_inform_start_date",
                "user_bad_label"
            ]
        },
        {
            "Action": "instruct",
            "Agent": "UserGuide",
            "Text": "Tell the assistant you don't really want to go to London because your partner's brother is a bit of a show-off, but obviously you'll be going to the wedding. Finish the booking and bring the conversation to an end. [instruction 5 of 5]",
            "UnixTime": 1590441599
        },
        {
            "APIName": "hotel_book",
            "Action": "query",
            "Agent": "Wizard",
            "Constraints": [
                {
                    "Name": "\"Old Town Inn\""
                },
                {
                    "StartDate": "\"13th\""
                },
                {
                    "EndDate": "\"20th\""
                },
                {
                    "CustomerName": "\"Angela\""
                },
                {
                    "RequestType": "\"Check\""
                }
            ],
            "UnixTime": 1590441617
        },
        {
            "APIName": "hotel_book",
            "Action": "return_item",
            "Agent": "KnowledgeBase",
            "Item": {
                "APIName": "hotel_book",
                "HotelName": "Old Town Inn",
                "Message": "Available"
            },
            "TotalItems": -1,
            "PredictedBeliefState": {
                "EndDate": "20th",
                "Name": "old town inn",
                "StartDate": "13th",
                "CustomerName": "angela"
            },
            "ActionLabel": [
                "result_bad_label"
            ]
        },
        {
            "Action": "request_suggestions",
            "Agent": "Wizard",
            "PrimaryItem": {
                "APIName": "hotel_book",
                "HotelName": "Old Town Inn",
                "Message": "Available"
            },
            "Text": "Old town inn available",
            "UnixTime": 1590441628
        },
        {
            "Action": "utter",
            "Agent": "Wizard",
            "PrimaryItem": {
                "APIName": "hotel_book",
                "HotelName": "Old Town Inn",
                "Message": "Available"
            },
            "Text": "The Old Town Inn is available for those dates, should I reserve a room for you?",
            "UnixTime": 1590441651
        },
        {
            "Action": "utter",
            "Agent": "User",
            "Text": "Yeah that would be great!  I really don't want to go to London.  My brother is such a show off.  Oh well I'll go for the free food though.",
            "UnixTime": 1590441700,
            "PredictedBeliefState": {
                "Name": "old town inn",
                "StartDate": "13th",
                "EndDate": "20th",
                "CustomerName": "angela"
            },
            "ActionLabel": [
                "user_bad_label"
            ]
        },
        {
            "APIName": "hotel_book",
            "Action": "query",
            "Agent": "Wizard",
            "Constraints": [
                {
                    "Name": "\"Old Town Inn\""
                },
                {
                    "StartDate": "\"13th\""
                },
                {
                    "EndDate": "\"20th\""
                },
                {
                    "CustomerName": "\"Angela\""
                },
                {
                    "RequestType": "\"Book\""
                }
            ],
            "PrimaryItem": {
                "APIName": "hotel_book",
                "HotelName": "Old Town Inn",
                "Message": "Available"
            },
            "UnixTime": 1590441713
        },
        {
            "APIName": "hotel_book",
            "Action": "return_item",
            "Agent": "KnowledgeBase",
            "Item": {
                "APIName": "hotel_book",
                "HotelName": "Old Town Inn",
                "Message": "Reservation Confirmed"
            },
            "TotalItems": -1,
            "PredictedBeliefState": {
                "Name": "old town inn",
                "StartDate": "13th",
                "EndDate": "20th",
                "CustomerName": "angela"
            },
            "ActionLabel": [
                "db_hotel_reservation_succeeded"
            ]
        },
        {
            "Action": "request_suggestions",
            "Agent": "Wizard",
            "PrimaryItem": {
                "APIName": "hotel_book",
                "HotelName": "Old Town Inn",
                "Message": "Reservation Confirmed"
            },
            "Text": "Reservation confirmed",
            "UnixTime": 1590441725
        },
        {
            "Action": "pick_suggestion",
            "ActionLabel": "hotel_reservation_succeeded",
            "ActionLabelOptions": [
                "hotel_reservation_succeeded",
                "hello",
                "hotel_ask_hotel"
            ],
            "Agent": "Wizard",
            "PrimaryItem": {
                "APIName": "hotel_book",
                "HotelName": "Old Town Inn",
                "Message": "Reservation Confirmed"
            },
            "Text": "OK, I've successfully completed this Hotel booking for you!",
            "UnixTime": 1590441729
        },
        {
            "Action": "utter",
            "Agent": "User",
            "Text": "Oh great.  Thank you for all your help.  I hope you're getting paid time and a half for working on a holiday today!",
            "UnixTime": 1590441773,
            "PredictedBeliefState": {
                "EndDate": "20th",
                "CustomerName": "angela",
                "StartDate": "13th",
                "Name": "old town inn"
            },
            "ActionLabel": [
                "user_bad_label"
            ]
        },
        {
            "Action": "request_suggestions",
            "Agent": "Wizard",
            "PrimaryItem": {
                "APIName": "hotel_book",
                "HotelName": "Old Town Inn",
                "Message": "Reservation Confirmed"
            },
            "Text": "Is there anything",
            "UnixTime": 1590441815
        },
        {
            "Action": "utter",
            "Agent": "Wizard",
            "PrimaryItem": {
                "APIName": "hotel_book",
                "HotelName": "Old Town Inn",
                "Message": "Reservation Confirmed"
            },
            "Text": "Is there anything else I can do for you today?",
            "UnixTime": 1590441832
        },
        {
            "Action": "utter",
            "Agent": "User",
            "Text": "Nope I'm good!  Thanks for all your help!",
            "UnixTime": 1590441842,
            "PredictedBeliefState": {
                "StartDate": "13th",
                "Name": "old town inn",
                "CustomerName": "angela",
                "EndDate": "20th"
            },
            "ActionLabel": [
                "user_hotel_book_goodbye"
            ]
        },
        {
            "Action": "request_suggestions",
            "Agent": "Wizard",
            "PrimaryItem": {
                "APIName": "hotel_book",
                "HotelName": "Old Town Inn",
                "Message": "Reservation Confirmed"
            },
            "Text": "Thank you and goodbye",
            "UnixTime": 1590441854
        },
        {
            "Action": "pick_suggestion",
            "ActionLabel": "goodbye_1",
            "ActionLabelOptions": [
                "goodbye_1",
                "anything_else",
                "hotel_unavailable"
            ],
            "Agent": "Wizard",
            "PrimaryItem": {
                "APIName": "hotel_book",
                "HotelName": "Old Town Inn",
                "Message": "Reservation Confirmed"
            },
            "Text": "Thank you and goodbye.",
            "UnixTime": 1590441856
        },
        {
            "Action": "complete",
            "Agent": "User",
            "UnixTime": 1590441887
        }
    ],
    "FORMAT-VERSION": 7,
    "IntroducesConflicts": false,
    "Scenario": {
        "Domains": [
            "hotel"
        ],
        "Happy": false,
        "MultiTask": false,
        "UserTask": "You want to reserve a room at the Hyatt Hotel from May 6th to 24th. Your name is Angela. Please do not make a custom request, and it is ok if no room is available - just say goodbye in this case.",
        "WizardCapabilities": [
            {
                "Domain": "hotel",
                "SchemaImage": "hotel_book.jpg",
                "Task": "hotel_book"
            }
        ],
        "WizardTask": "Help the user reserve a hotel room. (You can find the video tutorial under https://youtu.be/L7QpscLPTFM, in case you want to watch it again.)"
    },
    "UserQuestionnaire": [
        {
            "Answer": true,
            "Question": "Did the assistant reserve your hotel?"
        },
        {
            "Answer": true,
            "Question": "Did the assistant stay calm and helpful throughout the dialogue?"
        }
    ],
    "WizardQuestionnaire": [
        {
            "Answer": true,
            "Question": "Did the user change his/her mind about what he/she wants at any time?"
        },
        {
            "Answer": false,
            "Question": "Did the user become aggressive or annoyed during the dialogue? (Note: some users may be instructed to be annoying.)"
        },
        {
            "Answer": false,
            "Question": "Where you unsure about what to do at any time? (Feel free to send us an email with details.)"
        }
    ]
}