{
    "AnonymizedUserWorkerID": "00f54eab-f813-a79e-fabe-cbdd3da9441d",
    "AnonymizedWizardWorkerID": "5d99ecec-8924-cc09-6519-ccb1eb7eb585",
    "BatchID": "woz_1590426434",
    "CompletionLevel": "Complete",
    "DialogueID": 978,
    "Events": [
        {
            "Action": "utter",
            "Agent": "User",
            "Text": "Hello",
            "UnixTime": 1590455107,
            "PredictedBeliefState": {},
            "ActionLabel": [
                "user_bad_label"
            ]
        },
        {
            "Action": "instruct",
            "Agent": "UserGuide",
            "Text": "You remember that your friend recommended the Shadyside Inn. Tell the assistant you've changed your mind and want to stay at Shadyside Inn. [instruction 1 of 5]",
            "UnixTime": 1590455107
        },
        {
            "Action": "request_suggestions",
            "Agent": "Wizard",
            "Text": "what can i do ",
            "UnixTime": 1590455139
        },
        {
            "Action": "request_suggestions",
            "Agent": "Wizard",
            "Text": "how can i help",
            "UnixTime": 1590455148
        },
        {
            "Action": "request_suggestions",
            "Agent": "Wizard",
            "Text": "what can",
            "UnixTime": 1590455161
        },
        {
            "Action": "request_suggestions",
            "Agent": "Wizard",
            "Text": "What can i do for you?",
            "UnixTime": 1590455181
        },
        {
            "Action": "utter",
            "Agent": "Wizard",
            "Text": "What can i do for you?",
            "UnixTime": 1590455188
        },
        {
            "Action": "utter",
            "Agent": "User",
            "Text": "I need to make a reservation at the Hyatt Hotel from May 3rd to the 31st, please.",
            "UnixTime": 1590455210,
            "PredictedBeliefState": {
                "Name": "hyatt hotel",
                "EndDate": "31st",
                "StartDate": "3rd"
            },
            "ActionLabel": [
                "user_hotel_book_inform_hotel_name",
                "user_hotel_book_inform_end_date",
                "user_hotel_book_inform_start_date",
                "user_bad_label"
            ]
        },
        {
            "Action": "request_suggestions",
            "Agent": "Wizard",
            "Text": "your name",
            "UnixTime": 1590455250
        },
        {
            "Action": "pick_suggestion",
            "ActionLabel": "ask_name",
            "ActionLabelOptions": [
                "ask_name",
                "anything_else",
                "hotel_ask_date_from"
            ],
            "Agent": "Wizard",
            "Text": "May I have your name, please?",
            "UnixTime": 1590455252
        },
        {
            "Action": "utter",
            "Agent": "User",
            "Text": "John",
            "UnixTime": 1590455267,
            "PredictedBeliefState": {
                "CustomerName": "john",
                "Name": "hilton hotel",
                "EndDate": "31st",
                "StartDate": "3rd"
            },
            "ActionLabel": [
                "user_hotel_book_inform_name",
                "user_hotel_book_inform_hotel_name",
                "user_hotel_book_ask_hotel_book"
            ]
        },
        {
            "Action": "instruct",
            "Agent": "UserGuide",
            "Text": "Actually, you recall that your friend stayed at Shadyside Inn in another town. However you've read on a blog that the Hilton Hotel is by long and far the most authentic one. Tell the assistant you've changed your mind and want to stay at Hilton Hotel. [instruction 2 of 5]",
            "UnixTime": 1590455267
        },
        {
            "APIName": "hotel_book",
            "Action": "query",
            "Agent": "Wizard",
            "Constraints": [
                {
                    "Name": "\"Hyatt Hotel\""
                },
                {
                    "StartDate": "\"4th\""
                },
                {
                    "EndDate": "\"31st\""
                },
                {
                    "CustomerName": "\"john\""
                },
                {
                    "RequestType": "\"Check\""
                }
            ],
            "UnixTime": 1590455289
        },
        {
            "APIName": "hotel_book",
            "Action": "return_item",
            "Agent": "KnowledgeBase",
            "Item": {
                "APIName": "hotel_book",
                "HotelName": "Hyatt Hotel",
                "Message": "Unavailable"
            },
            "TotalItems": -1,
            "PredictedBeliefState": {
                "CustomerName": "john",
                "Name": "hilton hotel",
                "EndDate": "31st",
                "StartDate": "3rd"
            },
            "ActionLabel": [
                "db_hotel_unavailable"
            ]
        },
        {
            "Action": "request_suggestions",
            "Agent": "Wizard",
            "PrimaryItem": {
                "APIName": "hotel_book",
                "HotelName": "Hyatt Hotel",
                "Message": "Unavailable"
            },
            "Text": "not unavailable",
            "UnixTime": 1590455308
        },
        {
            "Action": "pick_suggestion",
            "ActionLabel": "hotel_unavailable",
            "ActionLabelOptions": [
                "hotel_unavailable",
                "hotel_ask_date_to",
                "hotel_ask_hotel"
            ],
            "Agent": "Wizard",
            "PrimaryItem": {
                "APIName": "hotel_book",
                "HotelName": "Hyatt Hotel",
                "Message": "Unavailable"
            },
            "Text": "I'm very sorry, but there is no room available at the Hyatt Hotel for your requested dates.",
            "UnixTime": 1590455311
        },
        {
            "Action": "utter",
            "Agent": "User",
            "Text": "Actually, I just remembered my friend requested the Shadyside Inn.",
            "UnixTime": 1590455330,
            "PredictedBeliefState": {
                "StartDate": "3rd",
                "EndDate": "31st",
                "Name": "shadyside inn",
                "CustomerName": "john"
            },
            "ActionLabel": [
                "user_hotel_book_inform_hotel_name",
                "user_bad_label"
            ]
        },
        {
            "Action": "instruct",
            "Agent": "UserGuide",
            "Text": "Talk to the assistant about this great travel blog that you rely on and that its never let you down on your journeys. Be creative! [instruction 3 of 5]",
            "UnixTime": 1590455330
        },
        {
            "APIName": "hotel_book",
            "Action": "query",
            "Agent": "Wizard",
            "Constraints": [
                {
                    "Name": "\"Shadyside Inn\""
                },
                {
                    "StartDate": "\"4th\""
                },
                {
                    "EndDate": "\"31st\""
                },
                {
                    "CustomerName": "\"john\""
                },
                {
                    "RequestType": "\"Check\""
                }
            ],
            "PrimaryItem": {
                "APIName": "hotel_book",
                "HotelName": "Hyatt Hotel",
                "Message": "Unavailable"
            },
            "UnixTime": 1590455336
        },
        {
            "APIName": "hotel_book",
            "Action": "return_item",
            "Agent": "KnowledgeBase",
            "Item": {
                "APIName": "hotel_book",
                "HotelName": "Shadyside Inn",
                "Message": "Available"
            },
            "TotalItems": -1,
            "PredictedBeliefState": {
                "StartDate": "3rd",
                "EndDate": "31st",
                "Name": "shadyside inn",
                "CustomerName": "john"
            },
            "ActionLabel": [
                "db_hotel_reservation_succeeded"
            ]
        },
        {
            "Action": "request_suggestions",
            "Agent": "Wizard",
            "PrimaryItem": {
                "APIName": "hotel_book",
                "HotelName": "Shadyside Inn",
                "Message": "Available"
            },
            "Text": "all set",
            "UnixTime": 1590455345
        },
        {
            "Action": "pick_suggestion",
            "ActionLabel": "hotel_reservation_succeeded",
            "ActionLabelOptions": [
                "hotel_reservation_succeeded",
                "hello",
                "ask_name"
            ],
            "Agent": "Wizard",
            "PrimaryItem": {
                "APIName": "hotel_book",
                "HotelName": "Shadyside Inn",
                "Message": "Available"
            },
            "Text": "OK, I've successfully completed this Hotel booking for you!",
            "UnixTime": 1590455351
        },
        {
            "Action": "utter",
            "Agent": "User",
            "Text": "You know, I've changed my mind. I read on this great travel that the Hilton Hotel is by long and far the most authentic one. Let's try a booking there.",
            "UnixTime": 1590455400,
            "PredictedBeliefState": {
                "Name": "hilton hotel",
                "EndDate": "31st",
                "StartDate": "3rd",
                "CustomerName": "john"
            },
            "ActionLabel": [
                "user_hotel_book_inform_hotel_name"
            ]
        },
        {
            "Action": "instruct",
            "Agent": "UserGuide",
            "Text": "You just received a text from your partner saying: 'Hey, my brother invited us to his wedding in London on the 31st and I already booked us a flight for the 3rd!' Tell the assistant you would like to change your reservation to 7th-25th the following month. [instruction 4 of 5]",
            "UnixTime": 1590455400
        },
        {
            "APIName": "hotel_book",
            "Action": "query",
            "Agent": "Wizard",
            "Constraints": [
                {
                    "Name": "\"Hilton Hotel\""
                },
                {
                    "StartDate": "\"4th\""
                },
                {
                    "EndDate": "\"31st\""
                },
                {
                    "CustomerName": "\"john\""
                },
                {
                    "RequestType": "\"Check\""
                }
            ],
            "PrimaryItem": {
                "APIName": "hotel_book",
                "HotelName": "Shadyside Inn",
                "Message": "Available"
            },
            "UnixTime": 1590455410
        },
        {
            "APIName": "hotel_book",
            "Action": "return_item",
            "Agent": "KnowledgeBase",
            "Item": {
                "APIName": "hotel_book",
                "HotelName": "Hilton Hotel",
                "Message": "Unavailable"
            },
            "TotalItems": -1,
            "PredictedBeliefState": {
                "Name": "hilton hotel",
                "EndDate": "31st",
                "StartDate": "3rd",
                "CustomerName": "john"
            },
            "ActionLabel": [
                "db_hotel_unavailable"
            ]
        },
        {
            "Action": "request_suggestions",
            "Agent": "Wizard",
            "PrimaryItem": {
                "APIName": "hotel_book",
                "HotelName": "Hilton Hotel",
                "Message": "Unavailable"
            },
            "Text": "no",
            "UnixTime": 1590455417
        },
        {
            "Action": "pick_suggestion",
            "ActionLabel": "hotel_unavailable",
            "ActionLabelOptions": [
                "hotel_ask_hotel",
                "out_of_scope",
                "hotel_unavailable"
            ],
            "Agent": "Wizard",
            "PrimaryItem": {
                "APIName": "hotel_book",
                "HotelName": "Hilton Hotel",
                "Message": "Unavailable"
            },
            "Text": "I'm very sorry, but there is no room available at the Hilton Hotel for your requested dates.",
            "UnixTime": 1590455421
        },
        {
            "Action": "utter",
            "Agent": "User",
            "Text": "Hmm... well, that might be okay. I just got a text from my partner saying 'Hey, my brother invited us to his wedding in London on the 31st and I already booked us a flight for the 3rd!' Let's change the reservation to 7th - 25th the following month.",
            "UnixTime": 1590455462,
            "PredictedBeliefState": {
                "CustomerName": "john",
                "EndDate": "25th",
                "StartDate": "7th",
                "Name": "hilton hotel"
            },
            "ActionLabel": [
                "user_hotel_book_inform_end_date",
                "user_hotel_book_inform_start_date",
                "user_bad_label"
            ]
        },
        {
            "Action": "instruct",
            "Agent": "UserGuide",
            "Text": "Tell the assistant you don't really want to go to London because your partner's brother is a bit of a show-off, but obviously you'll be going to the wedding. Finish the booking and bring the conversation to an end. [instruction 5 of 5]",
            "UnixTime": 1590455462
        },
        {
            "APIName": "hotel_book",
            "Action": "query",
            "Agent": "Wizard",
            "Constraints": [
                {
                    "Name": "\"Hilton Hotel\""
                },
                {
                    "StartDate": "\"7th\""
                },
                {
                    "EndDate": "\"25th\""
                },
                {
                    "CustomerName": "\"john\""
                },
                {
                    "RequestType": "\"Check\""
                }
            ],
            "PrimaryItem": {
                "APIName": "hotel_book",
                "HotelName": "Hilton Hotel",
                "Message": "Unavailable"
            },
            "UnixTime": 1590455485
        },
        {
            "APIName": "hotel_book",
            "Action": "return_item",
            "Agent": "KnowledgeBase",
            "Item": {
                "APIName": "hotel_book",
                "HotelName": "Hilton Hotel",
                "Message": "Available"
            },
            "TotalItems": -1,
            "PredictedBeliefState": {
                "CustomerName": "john",
                "EndDate": "25th",
                "StartDate": "7th",
                "Name": "hilton hotel"
            },
            "ActionLabel": [
                "db_hotel_reservation_succeeded"
            ]
        },
        {
            "Action": "request_suggestions",
            "Agent": "Wizard",
            "PrimaryItem": {
                "APIName": "hotel_book",
                "HotelName": "Hilton Hotel",
                "Message": "Available"
            },
            "Text": "all set",
            "UnixTime": 1590455492
        },
        {
            "Action": "pick_suggestion",
            "ActionLabel": "hotel_reservation_succeeded",
            "ActionLabelOptions": [
                "hotel_reservation_succeeded",
                "hello",
                "ask_name"
            ],
            "Agent": "Wizard",
            "PrimaryItem": {
                "APIName": "hotel_book",
                "HotelName": "Hilton Hotel",
                "Message": "Available"
            },
            "Text": "OK, I've successfully completed this Hotel booking for you!",
            "UnixTime": 1590455495
        },
        {
            "Action": "utter",
            "Agent": "User",
            "Text": "Thanks.... I don't really want to go to London because my partner's brother is a bit of a show-off but obviously I'll be going to the wedding. Thanks for your help.",
            "UnixTime": 1590455530,
            "PredictedBeliefState": {
                "Name": "hilton hotel",
                "CustomerName": "john",
                "StartDate": "7th",
                "EndDate": "25th"
            },
            "ActionLabel": [
                "user_hotel_book_thank_you"
            ]
        },
        {
            "Action": "request_suggestions",
            "Agent": "Wizard",
            "PrimaryItem": {
                "APIName": "hotel_book",
                "HotelName": "Hilton Hotel",
                "Message": "Available"
            },
            "Text": "anything else",
            "UnixTime": 1590455574
        },
        {
            "Action": "pick_suggestion",
            "ActionLabel": "anything_else",
            "ActionLabelOptions": [
                "hotel_ask_customer_request",
                "anything_else",
                "hotel_ask_date_to"
            ],
            "Agent": "Wizard",
            "PrimaryItem": {
                "APIName": "hotel_book",
                "HotelName": "Hilton Hotel",
                "Message": "Available"
            },
            "Text": "Is there anything else that I can do for you?",
            "UnixTime": 1590455577
        },
        {
            "Action": "utter",
            "Agent": "User",
            "Text": "No, thank you. Goodbye.",
            "UnixTime": 1590455584,
            "PredictedBeliefState": {
                "CustomerName": "john",
                "StartDate": "7th",
                "Name": "hilton hotel",
                "EndDate": "25th"
            },
            "ActionLabel": [
                "user_hotel_book_goodbye"
            ]
        },
        {
            "Action": "request_suggestions",
            "Agent": "Wizard",
            "PrimaryItem": {
                "APIName": "hotel_book",
                "HotelName": "Hilton Hotel",
                "Message": "Available"
            },
            "Text": "bye",
            "UnixTime": 1590455591
        },
        {
            "Action": "pick_suggestion",
            "ActionLabel": "goodbye_1",
            "ActionLabelOptions": [
                "goodbye_1",
                "hotel_reservation_failed",
                "hotel_ask_date_from"
            ],
            "Agent": "Wizard",
            "PrimaryItem": {
                "APIName": "hotel_book",
                "HotelName": "Hilton Hotel",
                "Message": "Available"
            },
            "Text": "Thank you and goodbye.",
            "UnixTime": 1590455593
        },
        {
            "Action": "complete",
            "Agent": "User",
            "UnixTime": 1590455597
        }
    ],
    "FORMAT-VERSION": 7,
    "IntroducesConflicts": true,
    "Scenario": {
        "Domains": [
            "hotel"
        ],
        "Happy": false,
        "MultiTask": false,
        "UserTask": "Make a reservation at Hyatt Hotel from May 3rd to 31st. Your name is John. Please request extra towels. It is ok if the room is not available - just say goodbye in this case.",
        "WizardCapabilities": [
            {
                "Domain": "hotel",
                "SchemaImage": "hotel_book.jpg",
                "Task": "hotel_book"
            }
        ],
        "WizardTask": "Help the user reserve a hotel room. (You can find the video tutorial under https://youtu.be/L7QpscLPTFM, in case you want to watch it again.)"
    },
    "UserQuestionnaire": [
        {
            "Answer": true,
            "Question": "Did the assistant reserve your hotel?"
        },
        {
            "Answer": true,
            "Question": "Did the assistant stay calm and helpful throughout the dialogue?"
        }
    ],
    "WizardQuestionnaire": [
        {
            "Answer": true,
            "Question": "Did the user change his/her mind about what he/she wants at any time?"
        },
        {
            "Answer": false,
            "Question": "Did the user become aggressive or annoyed during the dialogue? (Note: some users may be instructed to be annoying.)"
        },
        {
            "Answer": false,
            "Question": "Where you unsure about what to do at any time? (Feel free to send us an email with details.)"
        }
    ]
}