{
    "hello": "Hello, how can I help?",
    "ask_name": "May I have your name, please?",
    "ride_ask_destination": "Alright, where do you want to go?",
    "ride_ask_departure": "OK, and where are you departing from?",
    "ride_ask_confirm_booking": "I found a {service_provider:s} ride for you from '{departure_location:s}' to '{arrival_location:s}' for {price:d} credits\nthat could pick you up in {minutes_till_pickup:d} minutes. Should I book that for you?",
    "ride_bye": "Goodbye. Enjoy your ride!",
    "ride_confirm_booking": "Ok, I have booked you a ride with licence plate '{license_plate:s}'. Your booking ID is '{booking_id:d}'.",
    "ride_provide_driver_details": "Your driver will be {driver_name:s}.",
    "ride_inform_search_criteria": "I can also filter for service provider, driver name, and the car’s model.",
    "anything_else": "Is there anything else that I can do for you?",
    "out_of_scope": "I am sorry, I don't quite understand what you mean. I am only able to help you book a ride."
}