{
    "task": "ride_book",
    "replies": {
        "user_hello": "Hello.",
        "hello": "Hello, how can I help?",
        "user_ride_book_ask_ride_book": "I'd like to book a ride",
        "ask_name": "May I have your name, please?",
        "user_ride_book_inform_name": "My name is [NAME]",
        "ride_ask_departure": "OK, and where are you departing from?",
        "user_ride_book_inform_departure_location": "I'm leaving from [LOCATION]",
        "ride_ask_destination": "Alright, where do you want to go?",
        "user_ride_book_inform_destination": "I want to go to [LOCATION]",
        "query_check": "[QUERY_CHECK]",
        "db_ask_confirm_booking": "[RESULT] APIName = ride_book ; AllowsChanges = [BOOLEAN] ; ArrivalLocation = [LOCATION] ; CarModel = [CAR_MODEL] ; CustomerName = [NAME] ; DepartureLocation = [LOCATION] ; DriverName = [NAME] ; LicensePlate = [PLATE] ; MinutesTillPickup = [NUMBER] ; Price = [NUMBER] ; ServiceProvider = [PROVIDER] ; id = [NUMBER] ; ",
        "ride_ask_confirm_booking": "I found a {service_provider:s} ride for you from '{departure_location:s}' to '{arrival_location:s}' for {price:d} credits\nthat could pick you up in {minutes_till_pickup:d} minutes. Should I book that for you?",
        "user_ride_book_confirm_booking": "Yes, please book the ride",
        "query_book": "[QUERY_BOOK]",
        "user_ride_book_no_booking": "No, don't book it",
        "ride_inform_search_criteria": "I can also filter for service provider, driver name, and the car's model.",
        "db_confirm_booking": "[RESULT] APIName = ride_book ; Message = Ride booked. ; ",
        "ride_confirm_booking": "Ok, I have booked you a ride with licence plate '{license_plate:s}'. Your booking ID is '{booking_id:d}'.",
        "user_ride_book_ask_driver": "Who is the driver?",
        "ride_provide_driver_details": "Your driver will be {driver_name:s}.",
        "db_inform_nothing_found": "[RESULT] NO RESULT",
        "ride_inform_nothing_found": "Unfortunately there are currently no rides available that match your search. Would you like to change any of your criteria?",
        "user_ride_book_thanks": "Thanks",
        "anything_else": "Is there anything else that I can do for you?",
        "user_ride_book_goodbye": "Goodbye",
        "ride_bye": "Goodbye. Enjoy your ride!",
        "out_of_scope": "I am sorry, I don't quite understand what you mean. I am only able to help you book a ride."
    },
    "slot_actions": {
        "CustomerName": [
            "ask_name"
        ],
        "DepartureLocation": [
            "ride_ask_departure"
        ],
        "ArrivalLocation": [
            "ride_ask_destination"
        ]
    },
    "graph": {
        "user_hello": "hello",
        "user_ride_book_ask_ride_book": "ask_name",
        "user_ride_book_inform_name": "ride_ask_departure",
        "user_ride_book_inform_departure_location": "ride_ask_destination",
        "user_ride_book_inform_destination": "query_check",
        "db_ask_confirm_booking": "ride_ask_confirm_booking",
        "user_ride_book_confirm_booking": "query_book",
        "user_ride_book_no_booking": "ride_inform_search_criteria",
        "db_confirm_booking": "ride_confirm_booking",
        "user_ride_book_ask_driver": "ride_provide_driver_details",
        "db_inform_nothing_found": "ride_inform_nothing_found",
        "user_ride_book_thanks": "anything_else",
        "user_ride_book_goodbye": "ride_bye"
    },
    "r_graph": {
        "user_ride_book_ask_ride_book": "hello",
        "user_ride_book_inform_name": "ask_name",
        "user_ride_book_inform_departure_location": "ride_ask_departure",
        "user_ride_book_inform_destination": "ride_ask_destination",
        "user_ride_book_confirm_booking": "ride_ask_confirm_booking",
        "user_ride_book_no_booking": "ride_ask_confirm_booking",
        "user_ride_book_ask_driver": "ride_ask_confirm_booking",
        "user_ride_book_thanks": "ride_confirm_booking",
        "user_ride_book_goodbye": "anything_else",
        "db_ask_confirm_booking": "query_check",
        "db_inform_nothing_found": "query_check",
        "db_confirm_booking": "query_book"
    },
    "useract_descs": {
        "user_hello": "user is saying hello",
        "user_ride_book_ask_ride_book": "user wants to book a ride",
        "user_ride_book_inform_name": "user is informing Customer Name",
        "user_ride_book_inform_departure_location": "user is informing Departure Location",
        "user_ride_book_inform_destination": "user is informing Arrival Location",
        "db_ask_confirm_booking": "query result: user's ride is available",
        "user_ride_book_confirm_booking": "user is confirming this ride",
        "user_ride_book_no_booking": "user no longer wants to book this ride",
        "db_confirm_booking": "query result: ride has been successfully booked",
        "user_ride_book_ask_driver": "user is requesting name of the driver",
        "db_inform_nothing_found": "query result: no rides were found",
        "user_ride_book_thanks": "user saying thanks",
        "user_ride_book_goodbye": "user saying goodbye"
    },
    "sysact_descs": {
        "hello": "say hello to user",
        "ask_name": "request Customer Name from user",
        "ride_ask_departure": "request Departure Location from user",
        "ride_ask_destination": "request Arrival Location from user",
        "query_check": "query api to find a ride for the user",
        "ride_ask_confirm_booking": "inform user you were able to find a ride",
        "query_book": "query to book the ride for the user",
        "ride_inform_search_criteria": "inform user what you can filter with",
        "ride_confirm_booking": "inform user the ride was successfully booked",
        "ride_provide_driver_details": "inform user the name of the driver",
        "ride_inform_nothing_found": "inform user no rides were found",
        "anything_else": "ask user if they need anything else",
        "ride_bye": "say goodbye to user",
        "out_of_scope": "tell the user that you're not sure what they'd like to do"
    }
}