{
    "hello": "Hello, how can I help?",
    "ask_name": "May I have your name, please?",
    "restaurant_ask_restaurant": "What restaurant would you like to go to?",
    "restaurant_ask_time": "For what time should the reservation be made?",
    "restaurant_ask_size": "For how many people should the reservation be made?",
    "restaurant_inform_unavailable": "I am sorry, but it looks like the restaurant is not able to accomodate you.",
    "restaurant_ask_confirm_booking": "Great, the {restaurant_name:s} is happy to accommodate you.\nCan I confirm your reservation with them?",
    "restaurant_inform_booking_successful": "Excellent, your reservation at the {restaurant_name:s} is confirmed!",
    "restaurant_inform_booking_failed": "I am sorry, but the reservation request was not successful.",
    "goodbye_1": "Thank you and goodbye!",
    "anything_else": "Is there anything else that I can do for you?",
    "out_of_scope": "I am sorry, I don't quite understand what you mean. I am only able to help you with restaurant reservations."
}