{
    "task": "party_rsvp",
    "replies": {
        "user_hello": "Hello.",
        "hello": "Hello, how can I help?",
        "user_party_rsvp_ask_rsvp": "I would like to RSVP to a party",
        "party_ask_venue": "At what venue is the party taking place?",
        "user_party_rsvp_inform_venue": "[VENUE_NAME]",
        "party_ask_host": "Could you provide me with the name of the host, please?",
        "user_party_rsvp_inform_host_name": "The party is hosted by [NAME]",
        "ask_name": "May I have your name, please?",
        "user_party_rsvp_inform_name": "My name is [NAME]",
        "party_ask_arrival_time": "When are you planning to arrive at the party?",
        "user_party_rsvp_inform_time": "[TIME]",
        "party_ask_number_of_guests": "How many guests will you be bringing with you?",
        "user_party_rsvp_inform_number_of_guests": "[NUMBER] guests",
        "party_ask_parking_needed": "Do you require parking at the venue?",
        "user_party_rsvp_inform_parking_needed": "Yes, I need parking",
        "party_ask_dietary_restrictions": "Do you have any dietary restrictions?",
        "user_party_rsvp_dietary_restrictions": "My dietary restrictions are [MESSAGE]",
        "query": "[QUERY]",
        "db_party_confirm_rsvp": " [RESULT] APIName = party_rsvp ; Message = Thank you for your RSVP. See you there. ; ",
        "party_confirm_rsvp": "Great, your rsvp is all done and confirmed!",
        "user_party_rsvp_thanks": "Thanks",
        "anything_else": "Is there anything else that I can do for you?",
        "user_party_rsvp_goodbye": "Goodbye",
        "goodbye_1": "Thank you and goodbye.",
        "out_of_scope": "I am sorry, I don't quite understand what you mean. I am only able to help you to rsvp to a party."
    },
    "slot_actions": {
        "Name": [
            "party_ask_venue"
        ],
        "HostName": [
            "party_ask_host"
        ],
        "GuestName": [
            "ask_name"
        ],
        "ArrivalTime": [
            "party_ask_arrival_time"
        ],
        "NumberGuests": [
            "party_ask_number_of_guests"
        ],
        "NeedParking": [
            "party_ask_parking_needed"
        ],
        "DietaryRestrictions": [
            "party_ask_dietary_restrictions"
        ]
    },
    "graph": {
        "user_hello": "hello",
        "user_party_rsvp_ask_rsvp": "party_ask_venue",
        "user_party_rsvp_inform_venue": "party_ask_host",
        "user_party_rsvp_inform_host_name": "ask_name",
        "user_party_rsvp_inform_name": "party_ask_arrival_time",
        "user_party_rsvp_inform_time": "party_ask_number_of_guests",
        "user_party_rsvp_inform_number_of_guests": "party_ask_parking_needed",
        "user_party_rsvp_inform_parking_needed": "party_ask_dietary_restrictions",
        "user_party_rsvp_dietary_restrictions": "query",
        "db_party_confirm_rsvp": "party_confirm_rsvp",
        "user_party_rsvp_thanks": "anything_else",
        "user_party_rsvp_goodbye": "goodbye_1"
    },
    "r_graph": {
        "user_party_rsvp_ask_rsvp": "hello",
        "user_party_rsvp_inform_venue": "party_ask_venue",
        "user_party_rsvp_inform_host_name": "party_ask_host",
        "user_party_rsvp_inform_name": "ask_name",
        "user_party_rsvp_inform_time": "party_ask_arrival_time",
        "user_party_rsvp_inform_number_of_guests": "party_ask_number_of_guests",
        "user_party_rsvp_inform_parking_needed": "party_ask_parking_needed",
        "user_party_rsvp_dietary_restrictions": "party_ask_dietary_restrictions",
        "user_party_rsvp_thanks": "party_confirm_rsvp",
        "user_party_rsvp_goodbye": "anything_else",
        "db_party_confirm_rsvp": "query"
    },
    "useract_descs": {
        "user_hello": "user is saying hello",
        "user_party_rsvp_inform_venue": "user is informing Venue Name",
        "user_party_rsvp_inform_host_name": "user is informing Host Name",
        "user_party_rsvp_inform_name": "user is informing Guest Name",
        "user_party_rsvp_inform_time": "user is informing Arrival Time",
        "user_party_rsvp_inform_number_of_guests": "user is informing Number Guests",
        "user_party_rsvp_inform_parking_needed": "user is informing Need Parking",
        "user_party_rsvp_dietary_restrictions": "user is informing Dietary Restrictions",
        "user_party_rsvp_ask_rsvp": "user would like to rsvp at a party",
        "db_party_confirm_rsvp": "query result: party rsvp succeeded",
        "user_party_rsvp_thanks": "user says thanks",
        "user_party_rsvp_goodbye": "user says goodbye"
    },
    "sysact_descs": {
        "hello": "say hello to user",
        "party_ask_venue": "request Venue Name from user",
        "party_ask_host": "request Host Name from user",
        "ask_name": "request Guest Name from user",
        "party_ask_arrival_time": "request Arrival Time from user",
        "party_ask_number_of_guests": "request Number Guests from user",
        "party_ask_parking_needed": "request Need Parking from user",
        "party_ask_dietary_restrictions": "request Dietary Restrictions from user",
        "query": "query api to make party rsvp",
        "party_confirm_rsvp": "inform user their party rsvp succeeded",
        "anything_else": "ask the user if there's anything else they need",
        "goodbye_1": "say goodbye to user",
        "out_of_scope": "tell user that you're not sure what they'd like to do"
    }
}