{
    "task": "doctor_schedule",
    "replies": {
        "user_hello": "Hello.",
        "hello": "Hello, how can I help?",
        "user_doctor_schedule_ask_schedule": "I would like to schedule a doctor's appointment",
        "ask_name": "Could I have your name, please?",
        "user_doctor_schedule_inform_name": "My name is [NAME].",
        "doctor_ask_doctor_name": "What doctor would you like to see?",
        "user_doctor_schedule_inform_doctor_name": "My doctor's name is Dr. [NAME]",
        "doctor_ask_day": "What day of the week would you like to schedule the appointment for?",
        "user_doctor_schedule_inform_day": "[DAY_OF_WEEK]",
        "doctor_ask_start_time": "At what time can you be at the clinic?",
        "user_doctor_schedule_inform_start_time": "[TIME]",
        "doctor_ask_symptoms": "Could you describe your symptoms, please?",
        "user_doctor_schedule_inform_symptoms": "I have a sore throat, headache, dizziness.",
        "query_check": "[QUERY_CHECK]",
        "db_doctor_inform_booking_available": "[RESULT] APIName = doctor_schedule ; DoctorName = Dr. [NAME] ; Message = The time slot is available. ; Time = [TIME] ; ",
        "doctor_inform_booking_available": "Alright, {doctor_name:s} is available at {time:s}. Can I book the appointment for you?",
        "db_doctor_inform_booking_unavailable": "[RESULT] APIName = doctor_schedule ; DoctorName = Dr. [NAME] ; Message = The doctor has a conflicting appointment at that time. Try another time or another doctor. ; Time = [TIME] ; ",
        "doctor_inform_booking_unavailable": "Unfortunately {doctor_name:s} has no appointment available at {time:s}.",
        "user_doctor_schedule_inform_no_book": "No, don't book it.",
        "user_doctor_schedule_inform_book": "Yes, please book it.",
        "query_book": "[QUERY_BOOK]",
        "db_doctor_inform_booking_successful": " [RESULT] APIName = doctor_schedule ; DoctorName = Dr. [NAME]; Message = Your appointment has been successfuly scheduled. ; Time = [TIME] ; ",
        "doctor_inform_booking_successful": "Great, your appointment with {doctor_name:s} is booked for you!",
        "user_doctor_schedule_thanks": "Thank you.",
        "anything_else": "Is there anything else that I can do for you?",
        "user_doctor_schedule_goodbye": "Goodbye.",
        "goodbye_1": "Thank you and goodbye.",
        "doctor_inform_nothing_found": "Unfortunately there is currently no doctor available.",
        "user_doctor_nothing_else": "No, nothing else.",
        "out_of_scope": "I am sorry, I don't quite understand what you mean. I am only able to help you book an appointment with your doctor."
    },
    "slot_actions": {
        "PatientName": [
            "ask_name"
        ],
        "Name": [
            "doctor_ask_doctor_name"
        ],
        "Day": [
            "doctor_ask_day"
        ],
        "StartTimeHour": [
            "doctor_ask_start_time"
        ],
        "Symptoms": [
            "doctor_ask_symptoms"
        ]
    },
    "graph": {
        "user_hello": "hello",
        "user_doctor_schedule_ask_schedule": "ask_name",
        "user_doctor_schedule_inform_name": "doctor_ask_doctor_name",
        "user_doctor_schedule_inform_doctor_name": "doctor_ask_day",
        "user_doctor_schedule_inform_day": "doctor_ask_start_time",
        "user_doctor_schedule_inform_start_time": "doctor_ask_symptoms",
        "user_doctor_schedule_inform_symptoms": "query_check",
        "db_doctor_inform_booking_available": "doctor_inform_booking_available",
        "db_doctor_inform_booking_unavailable": "doctor_inform_booking_unavailable",
        "user_doctor_schedule_inform_no_book": "doctor_ask_doctor_name",
        "user_doctor_schedule_inform_book": "query_book",
        "db_doctor_inform_booking_successful": "doctor_inform_booking_successful",
        "user_doctor_schedule_thanks": "anything_else",
        "user_doctor_schedule_goodbye": "goodbye_1"
    },
    "r_graph": {
        "user_doctor_schedule_ask_schedule": "hello",
        "user_doctor_schedule_inform_name": "ask_name",
        "user_doctor_schedule_inform_doctor_name": "doctor_ask_doctor_name",
        "user_doctor_schedule_inform_day": "doctor_ask_day",
        "user_doctor_schedule_inform_start_time": "doctor_ask_start_time",
        "user_doctor_schedule_inform_symptoms": "doctor_ask_symptoms",
        "user_doctor_schedule_inform_no_book": "doctor_inform_booking_available",
        "user_doctor_schedule_inform_book": "doctor_inform_booking_available",
        "user_doctor_schedule_thanks": "doctor_inform_booking_successful",
        "user_doctor_schedule_goodbye": "anything_else",
        "db_doctor_inform_booking_available": "query_check",
        "db_doctor_inform_booking_unavailable": "query_check",
        "db_doctor_inform_booking_successful": "query_book"
    },
    "useract_descs": {
        "user_hello": "user is saying hello",
        "user_doctor_schedule_ask_schedule": "user wants to schedule a doctor's appointments",
        "user_doctor_schedule_inform_name": "user is informing Patient Name",
        "user_doctor_schedule_inform_doctor_name": "user is informing Doctor Name",
        "user_doctor_schedule_inform_day": "user is informing Day",
        "user_doctor_schedule_inform_start_time": "user is informing Start Time Hour",
        "user_doctor_schedule_inform_symptoms": "user is informing Symptoms",
        "db_doctor_inform_booking_available": "query result: doctor appointment time slot is available",
        "db_doctor_inform_booking_unavailable": "query result: doctor has conflicting appointment at that time",
        "user_doctor_schedule_inform_no_book": "user no longer wants to book this doctor's appointment",
        "user_doctor_schedule_inform_book": "user is confirming doctor's appointment booking",
        "db_doctor_inform_booking_successful": "query result: doctor's appointment scheduled successfully",
        "user_doctor_schedule_thanks": "user is saying thanks",
        "user_doctor_schedule_goodbye": "user is saying goodbye",
        "user_doctor_nothing_else": "user doesn't need anything else"
    },
    "sysact_descs": {
        "hello": "say hello to user",
        "ask_name": "request Patient Name from user",
        "doctor_ask_doctor_name": "request Doctor Name from user",
        "doctor_ask_day": "request Day from user",
        "doctor_ask_start_time": "request Start Time Hour from user",
        "doctor_ask_symptoms": "request Symptoms from user",
        "query_check": "query to check that doctor is available at requested time",
        "doctor_inform_booking_available": "inform user that doctor is available at that time",
        "doctor_inform_booking_unavailable": "inform user doctor has no appointment available at that time",
        "query_book": "query to book doctor's appointment",
        "db_doctor_inform_booking_successful": "query result: doctor's appointment scheduled",
        "doctor_inform_booking_successful": "inform user doctor's appointment booked successfully",
        "anything_else": "ask user if they need anything else",
        "goodbye_1": "say goodbye to the user",
        "doctor_inform_nothing_found": "tell user no doctor's are available",
        "out_of_scope": "tell the user that you're not sure what they'd like to do"
    }
}