{
    "hello": "Hello, how can I help?",
    "party_ask_venue": "At what venue would you like to have your party organised?",
    "ask_name": "May I have your name, please?",
    "party_ask_number_of_guests": "How many people would you like to invite?",
    "party_ask_starting_time": "When would you like your party to kick off?",
    "party_ask_end_time": "When should the party end?",
    "party_ask_day": "On what day would you like your party organised?",
    "party_ask_food": "Would you like to order any particular type of food?",
    "party_ask_drinks": "What drinks should be served at your party?",
    "party_inform_food_drink_criteria": "Would you like to order any specific kinds of food or drinks for your party?",
    "party_venue_not_available": "I am sorry, but it looks like the {venue_name:s} is not available then.",
    "party_no_venue_available": "I am very sorry, but it looks like all venues are booked out then.",
    "party_ask_confirm_booking": "OK, the {venue_name:s} would be happy to accommodate you on {day:s} @ {time:d}.\nCan I book it for you now?",
    "party_booking_successful": "Great, your party has been successfully booked at the {venue_name:s} on {day:s} at {time:d}!",
    "party_booking_failed": "I am sorry, but your booking request failed.",
    "party_bye": "Thank you and goodbye.",
    "anything_else": "Is there anything else that I can do for you?",
    "out_of_scope": "I am sorry, I don't quite understand what you mean. I am only able to help you organise a party."
}