{
    "hello": "Hello, how can I help?",
    "ask_name": "Please provide your name.",
    "spaceship_ask_lock_manufacturer": "Please provide the name of the lock manufacturer.",
    "spaceship_ask_colour_top_cable": "Please provide the color of the top cable.",
    "spaceship_ask_colour_second_cable": "Please provide the color of the second cable.",
    "spaceship_inform_outcome": "{message:s}",
    "spaceship_bye": "Goodbye.",
    "anything_else": "Is there anything else that I can do for you?",
    "out_of_scope": "I am sorry, I don't quite understand what you mean. I am only able to help you with spaceship life support."
}