{
    "task": "weather",
    "replies": {
        "user_hello": "Hello.",
        "hello": "Hello, how can I help?",
        "user_weather_ask_weather": "What is the weather like?",
        "weather_ask_day": "For what day would you like the weather forecast?",
        "user_weather_inform_day": "On [DAY_OF_WEEK]",
        "weather_ask_location": "For what location would you like the weather forecast?",
        "user_weather_inform_city": "[CITY]",
        "query": "[QUERY]",
        "db_inform_forecast": "[RESULT] APIName = weather ; City = [CITY] ; Day = [DAY_OF_WEEK] ; TemperatureCelsius = [NUMBER] ; Weather = [WEATHER]; id = [NUMBER] ; ",
        "weather_inform_forecast": "It will be {weather:s} all day on {day:s} in {city:s}, with temperatures of around {temperature:d} degrees celsius.",
        "user_weather_thanks": "Thanks",
        "anything_else": "Is there anything else that I can do for you?",
        "user_weather_goodbye": "Goodbye",
        "goodbye_1": "Thank you and goodbye.",
        "weather_inform_nothing_found": "Unfortunately there are no forecasts that match your search. Would you like to change any of your criteria?",
        "out_of_scope": "I am sorry, I don't quite understand what you mean. I am only able to tell you the weather."
    },
    "slot_actions": {
        "Day": [
            "weather_ask_day"
        ],
        "City": [
            "weather_ask_location"
        ]
    },
    "graph": {
        "user_hello": "hello",
        "user_weather_ask_weather": "weather_ask_day",
        "user_weather_inform_day": "weather_ask_location",
        "user_weather_inform_city": "query",
        "db_inform_forecast": "weather_inform_forecast",
        "user_weather_thanks": "anything_else",
        "user_weather_goodbye": "goodbye_1"
    },
    "r_graph": {
        "user_weather_ask_weather": "hello",
        "user_weather_inform_day": "weather_ask_day",
        "user_weather_inform_city": "weather_ask_location",
        "user_weather_thanks": "weather_inform_forecast",
        "user_weather_goodbye": "anything_else",
        "db_inform_forecast": "query"
    },
    "useract_descs": {
        "user_hello": "user is saying hello",
        "user_weather_ask_weather": "user wants to know the weather",
        "user_weather_inform_day": "user is informing Day",
        "user_weather_inform_city": "user is informing City",
        "db_inform_forecast": "query result: weather forecast",
        "user_weather_thanks": "user is saying thanks",
        "user_weather_goodbye": "user is saying goodbye"
    },
    "sysact_descs": {
        "hello": "say hello to user",
        "weather_ask_day": "request Day from user",
        "weather_ask_location": "request City from user",
        "query": "query weather api",
        "weather_inform_forecast": "inform user the weather forecast",
        "anything_else": "ask user if they need anything else",
        "goodbye_1": "say goodbye to user",
        "weather_inform_nothing_found": "tell user you weren't able to find anything",
        "out_of_scope": "tell the user that you're not sure what they'd like to do"
    }
}