{
    "task": "restaurant_search",
    "replies": {
        "user_hello": "Hello.",
        "hello": "Hello, how can I help?",
        "user_restaurant_search_ask_restaurant_search": "I would like to find a restaurant",
        "restaurant_inform_search_criteria": "I can filter restaurants by name, location, food type, its average rating, whether or not they take reservations, and whether or not they have a delivery service.",
        "user_restaurant_search_inform_search_criteria": "I would like a [FOOD_TYPE], [COST] restaurant near [LOCATION] part of town",
        "query": "[QUERY]",
        "db_restaurant_inform_search_results": "[RESULT] APIName = restaurant_search ; AverageRating = [NUMBER] ; AverageWaitMinutes = [NUMBER] ; CloseTimeHour = [TIME] ; Cost = [COST] ; DoesDelivery = [BOOLEAN]; Food = [FOOD_TYPE] ; Location = [LOCATION] ; MaxPartySize = [NUMBER] ; Name = [RESTAURANT_NAME] ; OpenTimeHour = [TIME] ; TakesReservations = [BOOLEAN] ; id = [NUMBER] ; ",
        "restaurant_inform_search_results": "Great, I found the {restaurant_name:s}, located {location:s}. It serves {food_type:s},\nhas an average rating of {rating:d} and is in the {cost:s} price range",
        "db_restaurant_inform_nothing_found": "[RESULT] NO RESULT",
        "restaurant_inform_nothing_found": "Unfortunately there are no restaurants that match your search. Would you like to change any of your criteria?",
        "user_restaurant_search_thanks": "Thanks",
        "restaurant_ask_continue_searching": "Would you like to search for any more restaurants?",
        "user_restaurant_search_search_more": "Yes, keep searching",
        "user_restaurant_search_no_more": "No, stop searching",
        "anything_else": "Is there anything else that I can do for you?",
        "user_restaurant_search_goodbye": "Goodbye",
        "restaurant_bye": "Thank you and goodbye!",
        "out_of_scope": "I am sorry, I don't quite understand what you mean. I am only able to help you search for restaurants.",
        "restaurant_ask_restaurant": "What restaurant would you like to go to?",
        "user_restaurant_search_inform_restaurant": "The restaurant is [RESTAURANT]",
        "restaurant_ask_location": "In what part of town should the restaurant be located?",
        "user_restaurant_search_inform_location": "The location is [LOCATION].",
        "restaurant_ask_food_type": "What cuisine are you looking for?",
        "user_restaurant_search_inform_food_type": "I'd like to eat [FOOD_TYPE].",
        "restaurant_ask_rating": "Any minimum rating that the restaurant should have?",
        "user_restaurant_search_inform_rating": "I'd like the rating to be [RATING] or higher.",
        "restaurant_ask_delivery": "Are you looking for a restaurant that offers a delivery service?",
        "user_restaurant_search_inform_delivery": "Yes, I'd like delivery.",
        "restaurant_ask_takes_reservations": "Are you looking for restaurants that offer a reservation service?",
        "user_restaurant_search_inform_takes_reservations": "Yes, I'd like to make reservations."
    },
    "slot_actions": {
        "Name": [
            "restaurant_ask_restaurant"
        ],
        "Location": [
            "restaurant_ask_location"
        ],
        "Food": [
            "restaurant_ask_food_type"
        ],
        "AverageRating": [
            "restaurant_ask_rating"
        ],
        "DoesDelivery": [
            "restaurant_ask_delivery"
        ],
        "TakesReservations": [
            "restaurant_ask_takes_reservations"
        ]
    },
    "graph": {
        "user_hello": "hello",
        "user_restaurant_search_ask_restaurant_search": "restaurant_inform_search_criteria",
        "user_restaurant_search_inform_search_criteria": "query",
        "user_restaurant_search_inform_restaurant": "restaurant_ask_location",
        "user_restaurant_search_inform_location": "restaurant_ask_food_type",
        "user_restaurant_search_inform_food_type": "restaurant_ask_rating",
        "user_restaurant_search_inform_rating": "restaurant_ask_delivery",
        "user_restaurant_search_inform_delivery": "restaurant_ask_takes_reservations",
        "user_restaurant_search_inform_takes_reservations": "query",
        "db_restaurant_inform_search_results": "restaurant_inform_search_results",
        "db_restaurant_inform_nothing_found": "restaurant_inform_nothing_found",
        "user_restaurant_search_thanks": "restaurant_ask_continue_searching",
        "user_restaurant_search_search_more": "restaurant_inform_search_criteria",
        "user_restaurant_search_no_more": "anything_else",
        "user_restaurant_search_goodbye": "restaurant_bye"
    },
    "r_graph": {
        "user_restaurant_search_ask_restaurant_search": "hello",
        "user_restaurant_search_inform_search_criteria": "restaurant_inform_search_criteria",
        "user_restaurant_search_inform_restaurant": "restaurant_ask_restaurant",
        "user_restaurant_search_inform_location": "restaurant_ask_location",
        "user_restaurant_search_inform_food_type": "restaurant_ask_food_type",
        "user_restaurant_search_inform_rating": "restaurant_ask_rating",
        "user_restaurant_search_inform_delivery": "restaurant_ask_delivery",
        "user_restaurant_search_inform_takes_reservations": "restaurant_ask_takes_reservations",
        "user_restaurant_search_thanks": "restaurant_inform_search_results",
        "user_restaurant_search_search_more": "restaurant_ask_continue_searching",
        "user_restaurant_search_no_more": "restaurant_ask_continue_searching",
        "user_restaurant_search_goodbye": "anything_else",
        "db_restaurant_inform_search_results": "query",
        "db_restaurant_inform_nothing_found": "query"
    },
    "useract_descs": {
        "user_hello": "user is saying hello",
        "user_restaurant_search_ask_restaurant_search": "user wants to search for restaurants",
        "db_restaurant_inform_search_results": "query result: restaurant search results",
        "db_restaurant_inform_nothing_found": "query result: no results",
        "user_restaurant_search_thanks": "user saying thanks",
        "user_restaurant_search_search_more": "user wants to keep searching",
        "user_restaurant_search_no_more": "user wants to stop searching",
        "user_restaurant_search_goodbye": "user is saying goodbye",
        "user_restaurant_search_inform_restaurant": "user is informing Restaurant Name",
        "user_restaurant_search_inform_location": "user is informing Location",
        "user_restaurant_search_inform_food_type": "user is informing Food",
        "user_restaurant_search_inform_rating": "user is informing Average Rating",
        "user_restaurant_search_inform_delivery": "user is informing Does Delivery",
        "user_restaurant_search_inform_takes_reservations": "user is informing Takes Reservations"
    },
    "sysact_descs": {
        "hello": "Hello, how can I help?",
        "restaurant_inform_search_criteria": "I can filter restaurants by name, location, food type, its average rating, whether or not they take reservations, and whether or not they have a delivery service.",
        "query": "[QUERY]",
        "restaurant_inform_search_results": "Great, I found the {restaurant_name:s}, located {location:s}. It serves {food_type:s},\nhas an average rating of {rating:d} and is in the {cost:s} price range",
        "restaurant_inform_nothing_found": "Unfortunately there are no restaurants that match your search. Would you like to change any of your criteria?",
        "restaurant_ask_continue_searching": "Would you like to search for any more restaurants?",
        "anything_else": "Is there anything else that I can do for you?",
        "restaurant_bye": "Thank you and goodbye!",
        "out_of_scope": "I am sorry, I don't quite understand what you mean. I am only able to help you search for restaurants.",
        "restaurant_ask_restaurant": "What restaurant would you like to go to?",
        "restaurant_ask_location": "In what part of town should the restaurant be located?",
        "restaurant_ask_food_type": "What cuisine are you looking for?",
        "restaurant_ask_rating": "Any minimum rating that the restaurant should have?",
        "restaurant_ask_delivery": "Are you looking for a restaurant that offers a delivery service?",
        "restaurant_ask_takes_reservations": "Are you looking for restaurants that offer a reservation service?"
    }
}