{
    "hello": "Hello, how can I help?",
    "apartment_inform_search_criteria": "I can apply the following filters: number of bedrooms, price, floor, balcony, elevator and nearby POIs.",
    "apartment_ask_num_bedrooms": "How many bedrooms does the apartment need to have?",
    "apartment_ask_price": "What is your budget?",
    "apartment_ask_floor": "Are you looking for an apartment on a specific floor?",
    "apartment_ask_balcony": "Does the apartment need to have a balcony?",
    "apartment_ask_elevator": "Do you require an elevator?",
    "apartment_ask_nearby_pois": "Are you looking for an apartment near specific surroundings?",
    "apartment_inform_search_result": "OK, I found a free flat in {apartment_name:s}, located near {pois:s}, that is matching your search criteria.\nIt is on level {floor:d}, has {size:d} square meters and {num_bedrooms:d} bedrooms.\nIt {has_balcony:s} and {has_elevator:s}, and comes at the price of {price:d} per month.",
    "apartment_ask_search_more": "Would you like to search for any more apartments?",
    "goodbye_1": "Thank you and goodbye!",
    "anything_else": "Is there anything else that I can do for you?",
    "out_of_scope": "I am sorry, I don't quite understand what you mean. I am only able to help you search for apartments."
}