{
    "task": "hotel_service_request",
    "replies": {
        "user_hello": "Hello.",
        "hello": "Hello, how can I help?",
        "user_hotel_service_request_ask_service": "I'd like to submit a service request.",
        "hotel_ask_hotel": "At what hotel are you currently staying?",
        "user_hotel_service_request_inform_hotel": "I'm staying at [HOTEL_NAME]",
        "ask_name": "Could I get your name, please?",
        "user_hotel_service_request_inform_name": "My name is [NAME]",
        "hotel_ask_room_number": "Could you provide your room number, please?",
        "user_hotel_service_request_inform_room_number": "My room number is [NUMBER]",
        "hotel_ask_service_request": "Right, please let us know your request now.",
        "user_hotel_service_request_inform_request": "My request is [MESSAGE]",
        "hotel_ask_time": "At what time would you like us to provide the service?",
        "user_hotel_service_request_inform_time": "[TIME]",
        "query": "[QUERY]",
        "db_hotel_inform_service_request_successful": "[RESULT] APIName = hotel_service_request ; RequestStatus = Request Confirmed ; RoomNumber = [NUMBER] ; Time = [TIME] ; ",
        "hotel_inform_service_request_successful": "Your request has been submitted successfully.\nA member of the service team will knock on the door of room {room_number:d} at {time:s}!",
        "db_hotel_inform_service_request_failed": "[RESULT] APIName = hotel_service_request ; RequestStatus = Request Failed ; RoomNumber = [NUMBER] ; Time = [TIME] ; ",
        "hotel_inform_service_request_failed": "I am sorry to inform you that your request could not be processed at this time.",
        "user_hotel_service_request_thanks": "Ok, thank you.",
        "anything_else": "Is there anything else that I can do for you?",
        "user_hotel_service_request_goodbye": "Goodbye",
        "goodbye_1": "Thank you and goodbye.",
        "hotel_inform_nothing_found": "Unfortunately there are no services available that match your search. Would you like to change any of your criteria?",
        "out_of_scope": "I am sorry, I don't quite understand what you mean. I am only able to help you with room service."
    },
    "slot_actions": {
        "Name": [
            "hotel_ask_hotel"
        ],
        "CustomerName": [
            "ask_name"
        ],
        "RoomNumber": [
            "hotel_ask_room_number"
        ],
        "CustomerRequest": [
            "hotel_ask_service_request"
        ],
        "Time": [
            "hotel_ask_time"
        ]
    },
    "graph": {
        "user_hello": "hello",
        "user_hotel_service_request_ask_service": "hotel_ask_hotel",
        "user_hotel_service_request_inform_hotel": "ask_name",
        "user_hotel_service_request_inform_name": "hotel_ask_room_number",
        "user_hotel_service_request_inform_room_number": "hotel_ask_service_request",
        "user_hotel_service_request_inform_request": "hotel_ask_time",
        "user_hotel_service_request_inform_time": "query",
        "db_hotel_inform_service_request_successful": "hotel_inform_service_request_successful",
        "db_hotel_inform_service_request_failed": "hotel_inform_service_request_failed",
        "user_hotel_service_request_thanks": "anything_else",
        "user_hotel_service_request_goodbye": "goodbye_1"
    },
    "r_graph": {
        "user_hotel_service_request_ask_service": "hello",
        "user_hotel_service_request_inform_hotel": "hotel_ask_hotel",
        "user_hotel_service_request_inform_name": "ask_name",
        "user_hotel_service_request_inform_room_number": "hotel_ask_room_number",
        "user_hotel_service_request_inform_request": "hotel_ask_service_request",
        "user_hotel_service_request_inform_time": "hotel_ask_time",
        "user_hotel_service_request_thanks": "hotel_inform_service_request_successful",
        "user_hotel_service_request_goodbye": "anything_else",
        "db_hotel_inform_service_request_successful": "query",
        "db_hotel_inform_service_request_failed": "query"
    },
    "useract_descs": {
        "user_hello": "user is saying hello",
        "user_hotel_service_request_ask_service": "user wants to submit a hotel service request",
        "user_hotel_service_request_inform_hotel": "user is informing Hotel Name",
        "user_hotel_service_request_inform_name": "user is informing Customer Name",
        "user_hotel_service_request_inform_room_number": "user is informing Room Number",
        "user_hotel_service_request_inform_request": "user is informing Customer Request",
        "user_hotel_service_request_inform_time": "user is informing Time",
        "db_hotel_inform_service_request_successful": "query result: hotel service request confirmed",
        "db_hotel_inform_service_request_failed": "query result: hotel service request failed",
        "user_hotel_service_request_thanks": "user is saying thanks",
        "user_hotel_service_request_goodbye": "user is saying goodbye"
    },
    "sysact_descs": {
        "hello": "say hello to user",
        "hotel_ask_hotel": "request Hotel Name from user",
        "ask_name": "request Customer Name from user",
        "hotel_ask_room_number": "request Room Number from user",
        "hotel_ask_service_request": "request Customer Request from user",
        "hotel_ask_time": "request Time from user",
        "query": "query hotel service api",
        "hotel_inform_service_request_successful": "inform user hotel service request was scheduled successfully",
        "hotel_inform_service_request_failed": "inform user hotel service request failed",
        "anything_else": "ask if user needs anything else",
        "goodbye_1": "say bye to user",
        "hotel_inform_nothing_found": "inform user nothing was found",
        "out_of_scope": "tell the user that you're not sure what they'd like to do"
    }
}