{
    "hello": "Hello, how can I help?",
    "ask_name": "Could I get your name, please?",
    "hotel_ask_hotel": "At what hotel are you currently staying?",
    "hotel_ask_room_number": "Could you provide your room number, please?",
    "hotel_ask_service_request": "Right, please let us know your request now.",
    "hotel_ask_time": "At what time would you like us to provide the service?",
    "hotel_inform_service_request_successful": "Your request has been submitted successfully.\nA member of the service team will knock on the door of room {room_number:d} at {time:d} o'clock!",
    "hotel_inform_service_request_failed": "I am sorry to inform you that your request could not be processed at this time.",
    "goodbye_1": "Thank you and goodbye.",
    "anything_else": "Is there anything else that I can do for you?",
    "out_of_scope": "I am sorry, I don't quite understand what you mean. I am only able to help you with room service."
}