{
    "task": "ride_change",
    "replies": {
        "user_hello": "Hello.",
        "hello": "Hello, how can I help?",
        "user_ride_change_ask_ride_change": "I would like to change my ride",
        "ask_name": "Could you give me your name, please?",
        "user_ride_change_inform_name": "My name is [NAME]",
        "ride_ask_booking_number": "Can I get your booking ID, please?",
        "user_ride_change_inform_id": "My booking ID is [NUMBER]",
        "ride_ask_change": "Sure, what can I change for you?",
        "user_ride_change_ask_change": "I would like to change [MESSAGE]",
        "query": "[QUERY]",
        "db_ride_inform_changes_successful": "[RESULT] APIName = ride_change ; ChangeStatus = Your trip has been successfully changed. ; ",
        "ride_inform_changes_successful": "Alright, thats all changes done for you!",
        "db_ride_inform_changes_failed": "[RESULT] APIName = ride_change ; ChangeStatus = We are unable to change your trip. ; ",
        "ride_inform_changes_failed": "Unfortunately I wasn't able to update your booking, sorry.",
        "user_ride_change_thanks": "Thanks",
        "anything_else": "Is there anything else that I can do for you?",
        "user_ride_change_goodbye": "Goodbye",
        "ride_bye": "Goodbye. Enjoy your ride!",
        "ride_inform_nothing_found": "Unfortunately there are currently no rides available that match your search. Would you like to change any of your criteria?",
        "out_of_scope": "I am sorry, I don't quite understand what you mean. I am only able to help you to change or cancel your ride."
    },
    "slot_actions": {
        "CustomerName": [
            "ask_name"
        ],
        "id": [
            "ride_ask_booking_number"
        ],
        "ChangeDescription": [
            "ride_ask_change"
        ]
    },
    "graph": {
        "user_hello": "hello",
        "user_ride_change_ask_ride_change": "ask_name",
        "user_ride_change_inform_name": "ride_ask_booking_number",
        "user_ride_change_inform_id": "ride_ask_change",
        "user_ride_change_ask_change": "query",
        "db_ride_inform_changes_successful": "ride_inform_changes_successful",
        "db_ride_inform_changes_failed": "ride_inform_changes_failed",
        "user_ride_change_thanks": "anything_else",
        "user_ride_change_goodbye": "ride_bye"
    },
    "r_graph": {
        "user_ride_change_ask_ride_change": "hello",
        "user_ride_change_inform_name": "ask_name",
        "user_ride_change_inform_id": "ride_ask_booking_number",
        "user_ride_change_ask_change": "ride_ask_change",
        "user_ride_change_thanks": "ride_inform_changes_successful",
        "user_ride_change_goodbye": "anything_else",
        "db_ride_inform_changes_successful": "query",
        "db_ride_inform_changes_failed": "query"
    },
    "useract_descs": {
        "user_hello": "user is saying hello",
        "user_ride_change_ask_ride_change": "user wants to make changes to their ride",
        "user_ride_change_inform_name": "user is informing Customer Name",
        "user_ride_change_inform_id": "user is informing id",
        "user_ride_change_ask_change": "user is informing Change Description",
        "query": "query the ride api to mak changes",
        "db_ride_inform_changes_successful": "query result: ride trip was successfully changed",
        "db_ride_inform_changes_failed": "query result: ride trip changes failed",
        "user_ride_change_thanks": "user is saying thanks",
        "user_ride_change_goodbye": "user is saying goodbye"
    },
    "sysact_descs": {
        "hello": "say hello to the user",
        "ask_name": "request Customer Name from user",
        "ride_ask_booking_number": "request id from user",
        "ride_ask_change": "request Change Description from user",
        "query": "query ride change api",
        "ride_inform_changes_successful": "inform user ride changes successful",
        "ride_inform_changes_failed": "inform user ride changes failed",
        "anything_else": "ask user if they need anything else",
        "ride_bye": "say bye to user",
        "ride_inform_nothing_found": "inform user no ride were found matching their criteria",
        "out_of_scope": "tell the user that you're not sure what they'd like to do"
    }
}