{
    "task": "bank_fraud_report",
    "replies": {
        "user_hello": "Hello.",
        "hello": "Hello, how can I help?",
        "user_bank_ask_fraud": "I'd like to submit a fraud report.",
        "ask_name": "Could I get your full name, please?",
        "user_bank_inform_name": "My name is [NAME]",
        "bank_ask_account_number": "Can you tell me your account number, please?",
        "user_bank_inform_account_number": "My account nubmer is [NUMBER]",
        "bank_ask_pin": "Right, and your PIN as well please.",
        "user_bank_inform_pin": "My PIN is [NUMBER]",
        "bank_ask_fraud_details": "Could you provide a detailed fraud report now, please?",
        "user_bank_inform_fraud_details": "My fraud report is [MESSAGE]",
        "query": "[QUERY]",
        "db_bank_inform_cannot_authenticate": "[RESULT] APIName = bank_fraud_report ; Message = You must provide either AccountNumber/FullName/PIN or FullName/DateOfBirth/SecurityAnswer1/SecurityAnswer2. We cannot authenticate the user otherwise. ;",
        "bank_inform_cannot_authenticate": "I am sorry, but I cannot authenticate you with the information you have provided.",
        "db_bank_inform_fraud_report_submitted": "[RESULT] APIName = bank_fraud_report ; Confirmation = Fraud report submitted successfully. ; ",
        "bank_inform_fraud_report_submitted": "Your report has been successfully submitted.\nWe will have a look at the matter ASAP and will contact you with details in due course.",
        "user_bank_forgot_account_number": "I don't know my account number",
        "user_bank_forgot_pin": "I don't know my PIN",
        "bank_ask_dob": "Could you provide your date of birth, please?",
        "user_bank_inform_dob": "My date of birth is [NUMBER]/[NUMBER]/[NUMBER]",
        "bank_ask_mothers_maiden_name": "What was your mother's maiden name?",
        "user_bank_inform_mothers_maiden_name": "My mother's maiden name is [NAME]",
        "bank_ask_childhood_pets_name": "And what was the name of the pet you had as a child?",
        "user_bank_inform_childhood_pets_name": "My childhood pet's name is [NAME]",
        "user_bank_forgot_dob": "I don't know my date of birth",
        "user_bank_forgot_mothers_maiden_name": "I don't know my mother's maiden name",
        "user_bank_forgot_childhood_pets_name": "I don't know the name of my childhood pet",
        "user_bank_thanks": "Thank you.",
        "anything_else": "Is there anything else that I can do for you?",
        "user_bank_nothing_else": "No, I don't need anything else.",
        "user_bank_goodbye": "Goodbye",
        "goodbye_1": "Thank you and goodbye.",
        "bank_inform_nothing_found": "I'm sorry, but I wasn't able to find anything."
    },
    "slot_actions": {
        "FullName": [
            "ask_name"
        ],
        "AccountNumber": [
            "bank_ask_account_number"
        ],
        "PIN": [
            "bank_ask_pin"
        ],
        "DateOfBirth": [
            "bank_ask_dob"
        ],
        "SecurityAnswer1": [
            "bank_ask_mothers_maiden_name"
        ],
        "SecurityAnswer2": [
            "bank_ask_childhood_pets_name"
        ],
        "FraudReport": [
            "bank_ask_fraud_details"
        ]
    },
    "graph": {
        "user_hello": "hello",
        "user_bank_ask_fraud": "ask_name",
        "user_bank_inform_name": "bank_ask_account_number",
        "user_bank_inform_account_number": "bank_ask_pin",
        "user_bank_inform_pin": "bank_ask_fraud_details",
        "user_bank_inform_fraud_details": "query",
        "db_bank_inform_cannot_authenticate": "bank_inform_cannot_authenticate",
        "db_bank_inform_fraud_report_submitted": "bank_inform_fraud_report_submitted",
        "user_bank_forgot_account_number": "bank_ask_dob",
        "user_bank_forgot_pin": "bank_ask_dob",
        "user_bank_inform_dob": "bank_ask_mothers_maiden_name",
        "user_bank_inform_mothers_maiden_name": "bank_ask_childhood_pets_name",
        "user_bank_inform_childhood_pets_name": "bank_ask_fraud_details",
        "user_bank_forgot_dob": "bank_inform_cannot_authenticate",
        "user_bank_forgot_mothers_maiden_name": "bank_inform_cannot_authenticate",
        "user_bank_forgot_childhood_pets_name": "bank_inform_cannot_authenticate",
        "user_bank_thanks": "anything_else",
        "user_bank_nothing_else": "goodbye_1"
    },
    "r_graph": {
        "user_bank_ask_fraud": "hello",
        "user_bank_inform_name": "ask_name",
        "user_bank_inform_account_number": "bank_ask_account_number",
        "user_bank_inform_pin": "bank_ask_pin",
        "user_bank_inform_fraud_details": "bank_ask_fraud_details",
        "user_bank_forgot_account_number": "bank_ask_account_number",
        "user_bank_forgot_pin": "bank_ask_pin",
        "user_bank_inform_dob": "bank_ask_dob",
        "user_bank_inform_mothers_maiden_name": "bank_ask_mothers_maiden_name",
        "user_bank_inform_childhood_pets_name": "bank_ask_childhood_pets_name",
        "user_bank_forgot_dob": "bank_ask_dob",
        "user_bank_forgot_mothers_maiden_name": "bank_ask_mothers_maiden_name",
        "user_bank_forgot_childhood_pets_name": "bank_ask_childhood_pets_name",
        "user_bank_thanks": "bank_inform_fraud_report_submitted",
        "user_bank_nothing_else": "anything_else",
        "db_bank_inform_cannot_authenticate": "query",
        "db_bank_inform_fraud_report_submitted": "query"
    },
    "useract_descs": {
        "user_hello": "user is saying hello",
        "user_bank_ask_fraud": "user wants to submit a fraud report for their bank account",
        "user_bank_inform_name": "user is informing Full Name",
        "user_bank_inform_account_number": "user is informing Account Number",
        "user_bank_inform_pin": "user is informing PIN",
        "user_bank_inform_fraud_details": "user is informing Fraud Report",
        "db_bank_inform_cannot_authenticate": "query result: could not authentication user",
        "db_bank_inform_fraud_report_submitted": "query result: fraud report submitted successfully",
        "user_bank_forgot_account_number": "user doesn't know their account number",
        "user_bank_forgot_pin": "user doesn't know their pin",
        "user_bank_forgot_dob": "user doesn't know their date of birth",
        "user_bank_forgot_mothers_maiden_name": "user doesn't know their mother's maiden name",
        "user_bank_forgot_childhood_pets_name": "user doesn't know the name of their childhood pet",
        "user_bank_inform_dob": "user is informing Date Of Birth",
        "user_bank_inform_mothers_maiden_name": "user is informing Mother's Maiden Name",
        "user_bank_inform_childhood_pets_name": "user is informing Name Of Childhood Pet",
        "user_bank_thanks": "user is saying thanks",
        "user_bank_nothing_else": "user doesn't need anything else",
        "user_bank_goodbye": "user is saying goodbye"
    },
    "sysact_descs": {
        "hello": "say hello to user",
        "ask_name": "request Full Name from user",
        "bank_ask_account_number": "request Account Number from user",
        "bank_ask_pin": "request PIN from user",
        "bank_ask_fraud_details": "request Fraud Report from user",
        "query": "query bank api to authenticate user",
        "bank_inform_cannot_authenticate": "inform user authentication failed",
        "bank_inform_fraud_report_submitted": "inform user fraud report was submitted successfully",
        "bank_ask_dob": "request Date Of Birth from user",
        "bank_ask_mothers_maiden_name": "request Mother's Maiden Name from user",
        "bank_ask_childhood_pets_name": "request Name Of Childhood Pet from user",
        "anything_else": "ask user if they need anything else",
        "goodbye_1": "say goodbye to user",
        "bank_inform_nothing_found": "inform user nothing was found"
    }
}