{
    "hello": "Hello, how can I help?",
    "ask_name": "Could I get your full name, please?",
    "bank_ask_account_number": "Can you tell me your account number, please?",
    "bank_ask_pin": "Right, and your PIN as well please.",
    "bank_ask_dob": "Could you provide your date of birth, please?",
    "bank_ask_mothers_maiden_name": "What was your mother's maiden name?",
    "bank_ask_childhood_pets_name": "And what was the name of the pet you had as a child?",
    "bank_inform_cannot_authenticate": "I am sorry, but I cannot authenticate you with the information you have provided.",
    "bank_ask_fraud_details": "Could you provide a detailed fraud report now, please?",
    "bank_inform_fraud_report_submitted": "Your report has been successfully submitted.\nWe will have a look at the matter ASAP and will contact you with details in due course.",
    "bank_bye": "Thank you and goodbye.",
    "anything_else": "Is there anything else that I can do for you?",
    "out_of_scope": "I am sorry, I don't quite understand what you mean. I am only able to help you issue fraud reports."
}