{
  "input": [
    {
      "Name": "Name",
      "Type": "Categorical",
      "Categories": [
        "One on Center Apartments",
        "Shadyside Apartments",
        "North Hill Apartments"
      ],
      "ReadableName": "Housing Company"
    },
    {
      "Name": "Day",
      "Type": "Categorical",
      "Categories": [
        "Sunday",
        "Monday",
        "Tuesday",
        "Wednesday",
        "Thursday",
        "Friday",
        "Saturday"
      ],
      "ReadableName": "Day"
    },
    {
      "Name": "StartTimeHour",
      "Type": "Categorical",
      "Categories": [
        "12 am",
        "1 am",
        "2 am",
        "3 am",
        "4 am",
        "5 am",
        "6 am",
        "7 am",
        "8 am",
        "9 am",
        "10 am",
        "11 am",
        "12 pm",
        "1 pm",
        "2 pm",
        "3 pm",
        "4 pm",
        "5 pm",
        "6 pm",
        "7 pm",
        "8 pm",
        "9 pm",
        "10 pm",
        "11 pm"
      ],
      "ReadableName": "Start Time Hour"
    },
    {
      "Name": "RenterName",
      "Type": "ShortString",
      "ReadableName": "Renter Name"
    },
    {
      "Name": "ApplicationFeePaid",
      "Type": "Categorical",
      "ReadableName": "Application Fee Paid",
      "Categories": ["Yes", "No"]
    },
    {
      "Name": "Message",
      "Type": "LongString",
      "ReadableName": "Message"
    },
    {
      "Name": "RequestType",
      "Type": "RequestType",
      "Categories": ["Check", "Book"],
      "ReadableName": "Request Type"
    }
  ],
  "output": [
    {
      "Name": "Message",
      "Type": "ShortString",
      "ReadableName": "Message"
    }
  ],
  "required": [
    "Name",
    "RenterName",
    "Day",
    "StartTimeHour",
    "ApplicationFeePaid",
    "RequestType"
  ],
  "db": "schedule",
  "function": "book_apartment_viewing",
  "returns_count": false
}
