{
  "input": [
    {
      "Name": "BankName",
      "Type": "Categorical",
      "Categories": [
        "Chase",
        "Bank of America",
        "PNC",
        "Wells Fargo"
      ],
      "ReadableName": "Bank Name"
    },
    {
      "Name": "AccountNumber",
      "Type": "ShortString",
      "ReadableName": "Account Number"
    },
    {
      "Name": "FullName",
      "Type": "ShortString",
      "ReadableName": "Full Name"
    },
    {
      "Name": "DateOfBirth",
      "Type": "ShortString",
      "ReadableName": "Date Of Birth"
    },
    {
      "Name": "PIN",
      "Type": "ShortString",
      "ReadableName": "PIN"
    },
    {
      "Name": "SecurityAnswer1",
      "Type": "ShortString",
      "ReadableName": "Mother's Maiden Name"
    },
    {
      "Name": "SecurityAnswer2",
      "Type": "ShortString",
      "ReadableName": "Name Of Childhood Pet"
    }
  ],
  "output": [
    {
      "Name": "BankName",
      "Type": "Categorical",
      "Categories": [
        "Chase",
        "Bank of America",
        "PNC",
        "Wells Fargo"
      ],
      "ReadableName": "Bank Name"
    },
    {
      "Name": "BankBalance",
      "Type": "Integer",
      "Min": 0,
      "Max": 10000,
      "ReadableName": "Bank Balance"
    }
  ],
  "required": [
    "AccountNumber",
    "FullName",
    "PIN"
  ],
  "db": "bank",
  "function": "bank_balance",
  "returns_count": false
}
