{
  "input": [
    {
      "Name": "Name",
      "Type": "Categorical",
      "Categories": [
        "Shadyside Inn",
        "Hilton Hotel",
        "Hyatt Hotel",
        "Old Town Inn"
      ],
      "ReadableName": "Hotel Name"
    },
    {
      "Name": "StartDate",
      "Type": "Categorical",
      "Categories": [
        "1st",
        "2nd",
        "3rd",
        "4th",
        "5th",
        "6th",
        "7th",
        "8th",
        "9th",
        "10th",
        "11th",
        "12th",
        "13th",
        "14th",
        "15th",
        "16th",
        "17th",
        "18th",
        "19th",
        "20th",
        "21st",
        "22nd",
        "23rd",
        "24th",
        "25th",
        "26th",
        "27th",
        "28th",
        "29th",
        "30th",
        "31st"
      ],
      "ReadableName": "Start Day (1 - 31)"
    },
    {
      "Name": "EndDate",
      "Type": "Categorical",
      "Categories": [
        "1st",
        "2nd",
        "3rd",
        "4th",
        "5th",
        "6th",
        "7th",
        "8th",
        "9th",
        "10th",
        "11th",
        "12th",
        "13th",
        "14th",
        "15th",
        "16th",
        "17th",
        "18th",
        "19th",
        "20th",
        "21st",
        "22nd",
        "23rd",
        "24th",
        "25th",
        "26th",
        "27th",
        "28th",
        "29th",
        "30th",
        "31st"
      ],
      "ReadableName": "End Day (1 - 31)"
    },
    {
      "Name": "CustomerName",
      "Type": "ShortString",
      "ReadableName": "Customer Name"
    },
    {
      "Name": "CustomerRequest",
      "Type": "LongString",
      "ReadableName": "Customer Request"
    },
    {
      "Name": "RequestType",
      "Type": "RequestType",
      "Categories": ["Check", "Book"],
      "ReadableName": "Request Type"
    }
  ],
  "output": [
    {
      "Name": "Message",
      "Type": "Categorical",
      "Categories": ["Reservation Confirmed", "Reservation Failed"],
      "ReadableName": "Message"
    }
  ],
  "required": ["Name", "StartDate", "EndDate", "CustomerName", "RequestType"],
  "db": "hotel",
  "function": "hotel_reserve",
  "returns_count": false
}
