{
  "input": [
    {
      "Name": "Name",
      "Type": "Categorical",
      "Categories": ["John", "Michael", "Fred", "George"],
      "ReadableName": "name of the person to schedule a meeting with"
    },
    {
      "Name": "Day",
      "Type": "Categorical",
      "Categories": [
        "Sunday",
        "Monday",
        "Tuesday",
        "Wednesday",
        "Thursday",
        "Friday",
        "Saturday"
      ],
      "ReadableName": "meeting day"
    },
    {
      "Name": "StartTimeHour",
      "Type": "Categorical",
      "Categories": [
        "12 am",
        "1 am",
        "2 am",
        "3 am",
        "4 am",
        "5 am",
        "6 am",
        "7 am",
        "8 am",
        "9 am",
        "10 am",
        "11 am",
        "12 pm",
        "1 pm",
        "2 pm",
        "3 pm",
        "4 pm",
        "5 pm",
        "6 pm",
        "7 pm",
        "8 pm",
        "9 pm",
        "10 pm",
        "11 pm"
      ],
      "ReadableName": "time the meeting will start"
    },
    {
      "Name": "EndTimeHour",
      "Type": "Categorical",
      "Categories": [
        "12 am",
        "1 am",
        "2 am",
        "3 am",
        "4 am",
        "5 am",
        "6 am",
        "7 am",
        "8 am",
        "9 am",
        "10 am",
        "11 am",
        "12 pm",
        "1 pm",
        "2 pm",
        "3 pm",
        "4 pm",
        "5 pm",
        "6 pm",
        "7 pm",
        "8 pm",
        "9 pm",
        "10 pm",
        "11 pm"
      ],
      "ReadableName": "time the meeting will end"
    },
    {
      "Name": "UserName",
      "Type": "ShortString",
      "ReadableName": "name of the user"
    },
    {
      "Name": "MeetingReason",
      "Type": "LongString",
      "ReadableName": "reason for the meeting"
    }
  ],
  "output": [
    {
      "Name": "Message",
      "Type": "ShortString",
      "ReadableName": "Message"
    }
  ],
  "required": ["Name", "UserName", "Day", "StartTimeHour", "EndTimeHour"],
  "db": "schedule",
  "function": "meeting_schedule",
  "returns_count": false
}
