{
  "input": [
    {
      "Name": "Name",
      "Type": "Categorical",
      "Categories": [
        "The Joker",
        "Lion King",
        "Ford v Ferrari",
        "Now You See Me",
        "Forrest Gump",
        "Harry Potter",
        "Titanic",
        "Good Will Hunting"
      ],
      "ReadableName": "Name"
    },
    {
      "Name": "Actors",
      "Type": "CategoricalMultiple",
      "Categories": [
        "Leonardo DiCaprio",
        "Matt Damon",
        "Emma Watson",
        "Jennifer Lawrence",
        "Ben Afleck",
        "Tom Cruise",
        "Brad Pitt"
      ],
      "ReadableName": "Actors"
    },
    {
      "Name": "Director",
      "Type": "Categorical",
      "Categories": [
        "Steven Spielberg",
        "Quentin Tarantino",
        "Christopher Nolan",
        "George Lucas",
        "Michael Bay",
        "Ron Howard"
      ],
      "ReadableName": "Director"
    },
    {
      "Name": "DurationMinutes",
      "Type": "Integer",
      "Min": 90,
      "Max": 150,
      "ReadableName": "Duration Minutes"
    },
    {
      "Name": "Genre",
      "Type": "Categorical",
      "Categories": [
        "Comedy",
        "Drama",
        "Fantasy",
        "SciFi",
        "Romance",
        "Action"
      ],
      "ReadableName": "Genre"
    },
    {
      "Name": "Platforms",
      "Type": "Categorical",
      "Categories": [
        "Netflix",
        "Hulu",
        "Amazon Prime",
        "DVD"
      ],
      "ReadableName": "Platforms"
    }
  ],
  "output": [
    {
      "Name": "Name",
      "Type": "Categorical",
      "Categories": [
        "The Joker",
        "Lion King",
        "Ford v Ferrari",
        "Now You See Me",
        "Forrest Gump",
        "Harry Potter",
        "Titanic",
        "Good Will Hunting"
      ],
      "ReadableName": "Name"
    },
    {
      "Name": "Actors",
      "Type": "CategoricalMultiple",
      "Categories": [
        "Leonardo DiCaprio",
        "Matt Damon",
        "Emma Watson",
        "Jennifer Lawrence",
        "Ben Afleck",
        "Tom Cruise",
        "Brad Pitt"
      ],
      "ReadableName": "Actors"
    },
    {
      "Name": "Director",
      "Type": "Categorical",
      "Categories": [
        "Steven Spielberg",
        "Quentin Tarantino",
        "Christopher Nolan",
        "George Lucas",
        "Michael Bay",
        "Ron Howard"
      ],
      "ReadableName": "Director"
    },
    {
      "Name": "DurationMinutes",
      "Type": "Integer",
      "Min": 90,
      "Max": 150,
      "ReadableName": "Duration Minutes"
    },
    {
      "Name": "Genre",
      "Type": "Categorical",
      "Categories": [
        "Comedy",
        "Drama",
        "Fantasy",
        "SciFi",
        "Romance",
        "Action"
      ],
      "ReadableName": "Genre"
    },
    {
      "Name": "Platforms",
      "Type": "Categorical",
      "Categories": [
        "Netflix",
        "Hulu",
        "Amazon Prime",
        "DVD"
      ],
      "ReadableName": "Platforms"
    }
  ],
  "required": [],
  "db": "movie",
  "function": "generic_sample",
  "returns_count": true
}