{
  "input": [
    {
      "Name": "Name",
      "Type": "Categorical",
      "Categories": [
        "Southside Venue",
        "North Heights Venue",
        "West Bay Venue"
      ],
      "ReadableName": "Venue Name"
    },
    {
      "Name": "ArrivalTime",
      "Type": "Categorical",
      "Categories": [
        "12 am",
        "1 am",
        "2 am",
        "3 am",
        "4 am",
        "5 am",
        "6 am",
        "7 am",
        "8 am",
        "9 am",
        "10 am",
        "11 am",
        "12 pm",
        "1 pm",
        "2 pm",
        "3 pm",
        "4 pm",
        "5 pm",
        "6 pm",
        "7 pm",
        "8 pm",
        "9 pm",
        "10 pm",
        "11 pm"
      ],
      "ReadableName": "Arrival Time"
    },
    {
      "Name": "HostName",
      "Type": "ShortString",
      "ReadableName": "Host Name"
    },
    {
      "Name": "GuestName",
      "Type": "ShortString",
      "ReadableName": "Guest Name"
    },
    {
      "Name": "NumberGuests",
      "Type": "Integer",
      "Min": 3,
      "Max": 10,
      "ReadableName": "Number Guests"
    },
    {
      "Name": "NeedParking",
      "Type": "Categorical",
      "ReadableName": "Need Parking",
      "Categories": ["Yes", "No"]
    },
    {
      "Name": "DietaryRestrictions",
      "Type": "LongString",
      "ReadableName": "Dietary Restrictions"
    }
  ],
  "output": [
    {
      "Name": "Message",
      "Type": "ShortString",
      "ReadableName": "Message"
    }
  ],
  "required": [
    "Name",
    "HostName",
    "GuestName",
    "ArrivalTime",
    "NumberGuests",
    "NeedParking"
  ],
  "db": "schedule",
  "function": "party_rsvp",
  "returns_count": false
}
