{
  "input": [
    {
      "Name": "DepartureCity",
      "Type": "Categorical",
      "Categories": [
        "Los Angeles",
        "San Francisco",
        "Chicago",
        "Detroit",
        "New York City",
        "Pittsburgh"
      ],
      "ReadableName": "Departure City"
    },
    {
      "Name": "ArrivalCity",
      "Type": "Categorical",
      "Categories": [
        "Los Angeles",
        "San Francisco",
        "Chicago",
        "Detroit",
        "New York City",
        "Pittsburgh"
      ],
      "ReadableName": "Arrival City"
    },
    {
      "Name": "Price",
      "Type": "Integer",
      "Min": 150,
      "Max": 500,
      "ReadableName": "Price"
    },
    {
      "Name": "Date",
      "Type": "Categorical",
      "Categories": [
        "1st",
        "2nd",
        "3rd",
        "4th",
        "5th",
        "6th",
        "7th",
        "8th",
        "9th",
        "10th",
        "11th",
        "12th",
        "13th",
        "14th",
        "15th",
        "16th",
        "17th",
        "18th",
        "19th",
        "20th",
        "21st",
        "22nd",
        "23rd",
        "24th",
        "25th",
        "26th",
        "27th",
        "28th",
        "29th",
        "30th",
        "31st"
      ],
      "ReadableName": "Date"
    },
    {
      "Name": "ArrivalTime",
      "Type": "Categorical",
      "Categories": [
        "12 am",
        "1 am",
        "2 am",
        "3 am",
        "4 am",
        "5 am",
        "6 am",
        "7 am",
        "8 am",
        "9 am",
        "10 am",
        "11 am",
        "12 pm",
        "1 pm",
        "2 pm",
        "3 pm",
        "4 pm",
        "5 pm",
        "6 pm",
        "7 pm",
        "8 pm",
        "9 pm",
        "10 pm",
        "11 pm"
      ],
      "ReadableName": "Arrival Time"
    },
    {
      "Name": "Class",
      "Type": "Categorical",
      "Categories": ["First", "Business", "Economy"],
      "ReadableName": "Class"
    },
    {
      "Name": "DurationHours",
      "Type": "Integer",
      "Min": 1,
      "Max": 8,
      "ReadableName": "Duration Hours"
    },
    {
      "Name": "Airline",
      "Type": "Categorical",
      "Categories": ["American", "United", "Delta", "Virgin"],
      "ReadableName": "Airline"
    },
    {
      "Name": "id",
      "Type": "Integer",
      "Min": 1,
      "Max": 1000,
      "ReadableName": "id"
    }
  ],
  "output": [
    {
      "Name": "DepartureCity",
      "Type": "Categorical",
      "Categories": [
        "Los Angeles",
        "San Francisco",
        "Chicago",
        "Detroit",
        "New York City",
        "Pittsburgh"
      ],
      "ReadableName": "Departure City"
    },
    {
      "Name": "ArrivalCity",
      "Type": "Categorical",
      "Categories": [
        "Los Angeles",
        "San Francisco",
        "Chicago",
        "Detroit",
        "New York City",
        "Pittsburgh"
      ],
      "ReadableName": "Arrival City"
    },
    {
      "Name": "Price",
      "Type": "Integer",
      "Min": 150,
      "Max": 500,
      "ReadableName": "Price"
    },
    {
      "Name": "Date",
      "Type": "Categorical",
      "Categories": [
        "1st",
        "2nd",
        "3rd",
        "4th",
        "5th",
        "6th",
        "7th",
        "8th",
        "9th",
        "10th",
        "11th",
        "12th",
        "13th",
        "14th",
        "15th",
        "16th",
        "17th",
        "18th",
        "19th",
        "20th",
        "21st",
        "22nd",
        "23rd",
        "24th",
        "25th",
        "26th",
        "27th",
        "28th",
        "29th",
        "30th",
        "31st"
      ],
      "ReadableName": "Date"
    },
    {
      "Name": "ArrivalTime",
      "Type": "Categorical",
      "Categories": [
        "12 am",
        "1 am",
        "2 am",
        "3 am",
        "4 am",
        "5 am",
        "6 am",
        "7 am",
        "8 am",
        "9 am",
        "10 am",
        "11 am",
        "12 pm",
        "1 pm",
        "2 pm",
        "3 pm",
        "4 pm",
        "5 pm",
        "6 pm",
        "7 pm",
        "8 pm",
        "9 pm",
        "10 pm",
        "11 pm"
      ],
      "ReadableName": "Arrival Time"
    },
    {
      "Name": "Class",
      "Type": "Categorical",
      "Categories": ["First", "Business", "Economy"],
      "ReadableName": "Class"
    },
    {
      "Name": "DurationHours",
      "Type": "Integer",
      "Min": 1,
      "Max": 8,
      "ReadableName": "Duration Hours"
    },
    {
      "Name": "Airline",
      "Type": "Categorical",
      "Categories": ["American", "United", "Delta", "Virgin"],
      "ReadableName": "Airline"
    },
    {
      "Name": "id",
      "Type": "Integer",
      "Min": 1,
      "Max": 1000,
      "ReadableName": "id"
    }
  ],
  "required": ["DepartureCity", "ArrivalCity", "Date"],
  "db": "plane",
  "function": "plane_search",
  "returns_count": true
}
