{
  "input": [
    {
      "Name": "id",
      "Type": "Integer",
      "Min": 1,
      "Max": 1000,
      "ReadableName": "id"
    },
    {
      "Name": "CustomerName",
      "Type": "ShortString",
      "ReadableName": "Customer Name"
    },
    {
      "Name": "RequestType",
      "Type": "RequestType",
      "Categories": ["Check", "Book"],
      "ReadableName": "Request Type"
    }
  ],
  "output": [
    {
      "Name": "ReservationStatus",
      "Type": "Categorical",
      "Categories": ["Request Confirmed", "Request Failed"],
      "ReadableName": "Reservation Status"
    }
  ],
  "required": ["id", "CustomerName", "RequestType"],
  "db": "plane",
  "function": "plane_book",
  "returns_count": false
}
