{
  "input": [
    {
      "Name": "Name",
      "Type": "Categorical",
      "Categories": ["Cactus Club", "Tamarind", "Legume", "Lucca", "The Porch"],
      "ReadableName": "Restaurant Name"
    },
    {
      "Name": "Cost",
      "Type": "Categorical",
      "Categories": ["Cheap", "Moderate", "Expensive"],
      "ReadableName": "Cost"
    },
    {
      "Name": "TakesReservations",
      "Type": "Boolean",
      "ReadableName": "Takes Reservations"
    },
    {
      "Name": "DoesDelivery",
      "Type": "Boolean",
      "ReadableName": "Does Delivery"
    },
    {
      "Name": "AverageRating",
      "Type": "Integer",
      "Min": 1,
      "Max": 5,
      "ReadableName": "Average Rating"
    },
    {
      "Name": "Food",
      "Type": "Categorical",
      "Categories": [
        "Pizza",
        "Chinese",
        "Indian",
        "Burgers",
        "Italian",
        "Thai",
        "Steak"
      ],
      "ReadableName": "Food"
    },
    {
      "Name": "AverageWaitMinutes",
      "Type": "Integer",
      "Min": 0,
      "Max": 60,
      "ReadableName": "Average Wait Minutes"
    },
    {
      "Name": "OpenTimeHour",
      "Type": "Categorical",
      "Categories": [
        "12 am",
        "1 am",
        "2 am",
        "3 am",
        "4 am",
        "5 am",
        "6 am",
        "7 am",
        "8 am",
        "9 am",
        "10 am",
        "11 am",
        "12 pm",
        "1 pm",
        "2 pm",
        "3 pm",
        "4 pm",
        "5 pm",
        "6 pm",
        "7 pm",
        "8 pm",
        "9 pm",
        "10 pm",
        "11 pm"
      ],
      "ReadableName": "Open Time Hour"
    },
    {
      "Name": "CloseTimeHour",
      "Type": "Categorical",
      "Categories": [
        "12 am",
        "1 am",
        "2 am",
        "3 am",
        "4 am",
        "5 am",
        "6 am",
        "7 am",
        "8 am",
        "9 am",
        "10 am",
        "11 am",
        "12 pm",
        "1 pm",
        "2 pm",
        "3 pm",
        "4 pm",
        "5 pm",
        "6 pm",
        "7 pm",
        "8 pm",
        "9 pm",
        "10 pm",
        "11 pm"
      ],
      "ReadableName": "Close Time Hour"
    },
    {
      "Name": "MaxPartySize",
      "Type": "Integer",
      "Min": 2,
      "Max": 50,
      "ReadableName": "Max Party Size"
    },
    {
      "Name": "Location",
      "Type": "Categorical",
      "Categories": ["South", "West", "East", "North", "Center"],
      "ReadableName": "Location"
    }
  ],
  "output": [
    {
      "Name": "Name",
      "Type": "Categorical",
      "Categories": ["Cactus Club", "Tamarind", "Legume", "Lucca", "The Porch"],
      "ReadableName": "Name"
    },
    {
      "Name": "Cost",
      "Type": "Categorical",
      "Categories": ["Cheap", "Moderate", "Expensive"],
      "ReadableName": "Cost"
    },
    {
      "Name": "TakesReservations",
      "Type": "Boolean",
      "ReadableName": "Takes Reservations"
    },
    {
      "Name": "DoesDelivery",
      "Type": "Boolean",
      "ReadableName": "Does Delivery"
    },
    {
      "Name": "AverageRating",
      "Type": "Integer",
      "Min": 1,
      "Max": 5,
      "ReadableName": "Average Rating"
    },
    {
      "Name": "Food",
      "Type": "Categorical",
      "Categories": [
        "Pizza",
        "Chinese",
        "Indian",
        "Burgers",
        "Italian",
        "Thai",
        "Steak"
      ],
      "ReadableName": "Food"
    },
    {
      "Name": "AverageWaitMinutes",
      "Type": "Integer",
      "Min": 0,
      "Max": 60,
      "ReadableName": "Average Wait Minutes"
    },
    {
      "Name": "OpenTimeHour",
      "Type": "Categorical",
      "Categories": [
        "12 am",
        "1 am",
        "2 am",
        "3 am",
        "4 am",
        "5 am",
        "6 am",
        "7 am",
        "8 am",
        "9 am",
        "10 am",
        "11 am",
        "12 pm",
        "1 pm",
        "2 pm",
        "3 pm",
        "4 pm",
        "5 pm",
        "6 pm",
        "7 pm",
        "8 pm",
        "9 pm",
        "10 pm",
        "11 pm"
      ],
      "ReadableName": "Open Time Hour"
    },
    {
      "Name": "CloseTimeHour",
      "Type": "Categorical",
      "Categories": [
        "12 am",
        "1 am",
        "2 am",
        "3 am",
        "4 am",
        "5 am",
        "6 am",
        "7 am",
        "8 am",
        "9 am",
        "10 am",
        "11 am",
        "12 pm",
        "1 pm",
        "2 pm",
        "3 pm",
        "4 pm",
        "5 pm",
        "6 pm",
        "7 pm",
        "8 pm",
        "9 pm",
        "10 pm",
        "11 pm"
      ],
      "ReadableName": "Close Time Hour"
    },
    {
      "Name": "MaxPartySize",
      "Type": "Integer",
      "Min": 2,
      "Max": 50,
      "ReadableName": "Max Party Size"
    },
    {
      "Name": "Location",
      "Type": "Categorical",
      "Categories": ["South", "West", "East", "North", "Center"],
      "ReadableName": "Location"
    }
  ],
  "required": [],
  "db": "restaurant",
  "function": "generic_sample",
  "returns_count": true
}
