{
  "input": [
    {
      "Name": "id",
      "Type": "Integer",
      "Min": 1,
      "Max": 1000,
      "ReadableName": "id"
    },
    {
      "Name": "CustomerName",
      "Type": "ShortString",
      "ReadableName": "Customer Name"
    }
  ],
  "output": [
    {
      "Name": "Price",
      "Type": "Integer",
      "Min": 5,
      "Max": 50,
      "ReadableName": "Price"
    },
    {
      "Name": "AllowsChanges",
      "Type": "Boolean",
      "ReadableName": "Allows Changes"
    },
    {
      "Name": "DurationMinutes",
      "Type": "Integer",
      "Min": 5,
      "Max": 30,
      "ReadableName": "Duration Minutes"
    },
    {
      "Name": "ServiceProvider",
      "Type": "Categorical",
      "Categories": ["Uber", "Lyft", "Taxi"],
      "ReadableName": "Service Provider"
    },
    {
      "Name": "DriverName",
      "Type": "Categorical",
      "Categories": ["Mark", "John", "Dave", "Connor", "Alex"],
      "ReadableName": "Driver Name"
    },
    {
      "Name": "CarModel",
      "Type": "Categorical",
      "Categories": ["Honda", "Toyota", "Corolla", "Tesla", "BMW", "Ford"],
      "ReadableName": "Car Model"
    },
    {
      "Name": "LicensePlate",
      "Type": "Categorical",
      "Categories": ["432 LSA", "313 EA9", "901 FSA", "019 EAS", "031 NGA"],
      "ReadableName": "License Plate"
    },
    {
      "Name": "id",
      "Type": "Integer",
      "Min": 1,
      "Max": 1000,
      "ReadableName": "id"
    },
    {
      "Name": "RideStatus",
      "Type": "ShortString",
      "ReadableName": "Ride Status"
    },
    {
      "Name": "RideWait",
      "Type": "ShortString",
      "ReadableName": "Ride Wait"
    }
  ],
  "required": ["id", "CustomerName"],
  "db": "ride",
  "function": "ride_status",
  "returns_count": false
}
