{
  "input": [
    {
      "Name": "Price",
      "Type": "Integer",
      "Min": 5,
      "Max": 50,
      "ReadableName": "Price"
    },
    {
      "Name": "AllowsChanges",
      "Type": "Boolean",
      "ReadableName": "Allows Changes"
    },
    {
      "Name": "MinutesTillPickup",
      "Type": "Integer",
      "Min": 5,
      "Max": 30,
      "ReadableName": "Minutes until pickup"
    },
    {
      "Name": "ServiceProvider",
      "Type": "Categorical",
      "Categories": ["Uber", "Lyft", "Taxi"],
      "ReadableName": "Service Provider"
    },
    {
      "Name": "DriverName",
      "Type": "Categorical",
      "Categories": ["Mark", "Ella", "Dave", "Zoe", "Alex", "Sirius"],
      "ReadableName": "Driver Name"
    },
    {
      "Name": "CarModel",
      "Type": "Categorical",
      "Categories": ["Honda", "Toyota", "Corolla", "Tesla", "BMW", "Ford"],
      "ReadableName": "Car Model"
    },
    {
      "Name": "RequestType",
      "Type": "RequestType",
      "Categories": ["Check", "Book"],
      "ReadableName": "Request Type"
    },
    {
      "Name": "LicensePlate",
      "Type": "Categorical",
      "Categories": ["432 LSA", "313 EA9", "901 FSA", "019 EAS", "031 NGA"],
      "ReadableName": "License Plate"
    },
    {
      "Name": "DepartureLocation",
      "Type": "ShortString",
      "ReadableName": "Departure Location"
    },
    {
      "Name": "ArrivalLocation",
      "Type": "ShortString",
      "ReadableName": "Arrival Location"
    },
    {
      "Name": "CustomerName",
      "Type": "ShortString",
      "ReadableName": "Customer Name"
    }
  ],
  "output": [
    {
      "Name": "Price",
      "Type": "Integer",
      "Min": 5,
      "Max": 50,
      "ReadableName": "Price"
    },
    {
      "Name": "AllowsChanges",
      "Type": "Boolean",
      "ReadableName": "Allows Changes"
    },
    {
      "Name": "DurationMinutes",
      "Type": "Integer",
      "Min": 5,
      "Max": 30,
      "ReadableName": "Duration Minutes"
    },
    {
      "Name": "ServiceProvider",
      "Type": "Categorical",
      "Categories": ["Uber", "Lyft", "Taxi"],
      "ReadableName": "Service Provider"
    },
    {
      "Name": "DriverName",
      "Type": "Categorical",
      "Categories": ["Mark", "John", "Dave", "Connor", "Alex"],
      "ReadableName": "Driver Name"
    },
    {
      "Name": "CarModel",
      "Type": "Categorical",
      "Categories": ["Honda", "Toyota", "Corolla", "Tesla", "BMW", "Ford"],
      "ReadableName": "Car Model"
    },
    {
      "Name": "LicensePlate",
      "Type": "Categorical",
      "Categories": ["432 LSA", "313 EA9", "901 FSA", "019 EAS", "031 NGA"],
      "ReadableName": "License Plate"
    },
    {
      "Name": "id",
      "Type": "Integer",
      "Min": 1,
      "Max": 1000,
      "ReadableName": "id"
    }
  ],
  "required": [
    "CustomerName",
    "DepartureLocation",
    "ArrivalLocation",
    "RequestType"
  ],
  "db": "ride",
  "function": "ride_book",
  "returns_count": false
}
