{
  "input": [
    {
      "Name": "LockManufacturer",
      "Type": "ShortString",
      "ReadableName": "Lock Manufacturer"
    },
    {
      "Name": "ColorOfTopCable",
      "Type": "ShortString",
      "ReadableName": "Color Of Top Cable"
    },
    {
      "Name": "ColorOfSecondCable",
      "Type": "ShortString",
      "ReadableName": "Color Of Second Cable"
    }
  ],
  "output": [
    {
      "Name": "Message",
      "Type": "ShortString",
      "ReadableName": "Message"
    }
  ],
  "required": [
    "LockManufacturer",
    "ColorOfTopCable",
    "ColorOfSecondCable"
  ],
  "db": "null",
  "function": "spaceship_life_support",
  "returns_count": false
}