{
  "input": [
    {
      "Name": "City",
      "Type": "Categorical",
      "Categories": [
        "Los Angeles",
        "San Francisco",
        "Chicago",
        "Detroit",
        "New York City",
        "Pittsburgh"
      ],
      "ReadableName": "City"
    },
    {
      "Name": "Weather",
      "Type": "Categorical",
      "Categories": [
        "Raining",
        "Snowing",
        "Sunny",
        "Partly Cloudy",
        "Cloudy"
      ],
      "ReadableName": "Weather"
    },
    {
      "Name": "TemperatureCelsius",
      "Type": "Integer",
      "Min": -5,
      "Max": 30,
      "ReadableName": "Temperature Celsius"
    },
    {
      "Name": "Day",
      "Type": "Categorical",
      "Categories": [
        "Sunday",
        "Monday",
        "Tuesday",
        "Wednesday",
        "Thursday",
        "Friday",
        "Saturday"
      ],
      "ReadableName": "Day"
    }
  ],
  "output": [
    {
      "Name": "City",
      "Type": "Categorical",
      "Categories": [
        "Los Angeles",
        "San Francisco",
        "Chicago",
        "Detroit",
        "New York City",
        "Pittsburgh"
      ],
      "ReadableName": "City"
    },
    {
      "Name": "Weather",
      "Type": "Categorical",
      "Categories": [
        "Raining",
        "Snowing",
        "Sunny",
        "Partly Cloudy",
        "Cloudy"
      ],
      "ReadableName": "Weather"
    },
    {
      "Name": "TemperatureCelsius",
      "Type": "Integer",
      "Min": -5,
      "Max": 30,
      "ReadableName": "Temperature Celsius"
    },
    {
      "Name": "Day",
      "Type": "Categorical",
      "Categories": [
        "Sunday",
        "Monday",
        "Tuesday",
        "Wednesday",
        "Thursday",
        "Friday",
        "Saturday"
      ],
      "ReadableName": "Day"
    }
  ],
  "required": [
    "Day"
  ],
  "db": "weather",
  "function": "generic_sample",
  "returns_count": false
}
