{
    "task": "doctor_followup",
    "replies": {
        "user_hello": "Hello.",
        "hello": "Hello, how can I help?",
        "user_doctor_ask_followup": "I'd like to follow up on my doctors appointment",
        "ask_name": "Could I get your name, please?",
        "user_doctor_inform_name": "My name is [NAME]",
        "doctor_ask_doctor_name": "Who is your doctor?",
        "user_doctor_inform_doctor_name": "My doctor's name is [NAME]",
        "query": "[QUERY]",
        "db_doctor_inform_doctors_instructions": "[RESULT] APIName = doctor_followup ; Message = [MESSAGE] ; ",
        "doctor_inform_doctors_instructions": "Your instructions are: {instructions:s}.",
        "user_doctor_thanks": "Ok, thank you",
        "anything_else": "Is there anything else that I can do for you?",
        "user_doctor_nothing_else": "No, nothing else.",
        "goodbye_1": "Thank you and goodbye.",
        "user_doctor_followup_goodbye": "Goodbye",
        "doctor_inform_nothing_found": "Unfortunately there is currently no doctor available.",
        "out_of_scope": "I am sorry, I don't quite understand what you mean. I am only able to help schedule a followup appointment with your doctor."
    },
    "slot_actions": {
        "PatientName": [
            "ask_name"
        ],
        "Name": [
            "doctor_ask_doctor_name"
        ]
    },
    "graph": {
        "user_hello": "hello",
        "user_doctor_ask_followup": "ask_name",
        "user_doctor_inform_name": "doctor_ask_doctor_name",
        "user_doctor_inform_doctor_name": "query",
        "db_doctor_inform_doctors_instructions": "doctor_inform_doctors_instructions",
        "user_doctor_thanks": "anything_else",
        "user_doctor_nothing_else": "goodbye_1"
    },
    "r_graph": {
        "user_doctor_ask_followup": "hello",
        "user_doctor_inform_name": "ask_name",
        "user_doctor_inform_doctor_name": "doctor_ask_doctor_name",
        "user_doctor_thanks": "doctor_inform_doctors_instructions",
        "user_doctor_nothing_else": "anything_else",
        "db_doctor_inform_doctors_instructions": "query"
    },
    "useract_descs": {
        "user_hello": "user is saying hello",
        "user_doctor_ask_followup": "user wants to followup about their doctor's instructions",
        "user_doctor_inform_name": "user is informing Patient Name",
        "user_doctor_inform_doctor_name": "user is informing Doctor Name",
        "db_doctor_inform_doctors_instructions": "query result: doctor's instructions",
        "user_doctor_thanks": "user is saying thanks",
        "user_doctor_nothing_else": "user doesn't need anything else",
        "user_doctor_followup_goodbye": "user is saying goodbye"
    },
    "sysact_descs": {
        "hello": "say hello to the user",
        "ask_name": "request Patient Name from user",
        "doctor_ask_doctor_name": "request Doctor Name from user",
        "query": "query api to get doctor's instructions",
        "doctor_inform_doctors_instructions": "inform user their doctor's instructions",
        "anything_else": "ask the user if they need anything else",
        "goodbye_1": "say goodbye to the user",
        "doctor_inform_nothing_found": "tell the user you weren't able to find anything",
        "out_of_scope": "tell the user that you're not sure what they'd like to do"
    }
}