{
    "task": "ride_status",
    "replies": {
        "user_hello": "Hello",
        "hello": "Hello, how can I help?",
        "user_ride_status_ask_ride_status": "I'd like to find out the status of my ride",
        "ask_name": "May I have your name, please?",
        "user_ride_status_inform_name": "My name is [NAME]",
        "ride_ask_booking_number": "Could you provide your booking ID, please?",
        "user_ride_status_inform_id": "My booking ID is [NUMBER]",
        "query": "[QUERY]",
        "db_ride_provide_booking_status": "[RESULT] APIName = ride_status ; RideStatus = Your ride is on its way. ; RideWait = [NUMBER] minutes away ; ",
        "ride_provide_booking_status": "Your driver will be with you in about {minutes_till_pickup:d} minutes.",
        "user_ride_status_thanks": "Thanks",
        "anything_else": "Is there anything else that I can do for you?",
        "user_ride_status_goodbye": "Goodbye",
        "ride_bye": "Goodbye. Enjoy your ride!",
        "ride_inform_nothing_found": "Unfortunately I cannot find your ride. Please check your name and booking ID.",
        "out_of_scope": "I am sorry, I don't quite understand what you mean. I am only able to help you check that status of your ride."
    },
    "slot_actions": {
        "CustomerName": [
            "ask_name"
        ],
        "id": [
            "ride_ask_booking_number"
        ]
    },
    "graph": {
        "user_hello": "hello",
        "user_ride_status_ask_ride_status": "ask_name",
        "user_ride_status_inform_name": "ride_ask_booking_number",
        "user_ride_status_inform_id": "query",
        "db_ride_provide_booking_status": "ride_provide_booking_status",
        "user_ride_status_thanks": "anything_else",
        "user_ride_status_goodbye": "ride_bye"
    },
    "r_graph": {
        "user_ride_status_ask_ride_status": "hello",
        "user_ride_status_inform_name": "ask_name",
        "user_ride_status_inform_id": "ride_ask_booking_number",
        "user_ride_status_thanks": "ride_provide_booking_status",
        "user_ride_status_goodbye": "anything_else",
        "db_ride_provide_booking_status": "query"
    },
    "useract_descs": {
        "user_hello": "user is saying hello",
        "user_ride_status_ask_ride_status": "user wants to find the status of their ride",
        "user_ride_status_inform_name": "user is informing Customer Name",
        "user_ride_status_inform_id": "user is informing id",
        "db_ride_provide_booking_status": "query result: ride is coming and is x minutes away",
        "user_ride_status_thanks": "user is saying thanks",
        "user_ride_status_goodbye": "user is saying goodbye"
    },
    "sysact_descs": {
        "hello": "say hello to user",
        "ask_name": "request Customer Name from user",
        "ride_ask_booking_number": "request id from user",
        "query": "query ride api to get minutes until pickup",
        "ride_provide_booking_status": "inform user how many minutes until ride arrives",
        "anything_else": "ask user if they need anything else",
        "ride_bye": "say goodbye to user",
        "ride_inform_nothing_found": "inform user you couldn't find their ride",
        "out_of_scope": "tell the user that you're not sure what they'd like to do"
    }
}