[
  {
    "Name": "Name",
    "Type": "Categorical",
    "Categories": [
      "Shadyside Inn",
      "Hilton Hotel",
      "Hyatt Hotel",
      "Old Town Inn"
    ]
  },
  {
    "Name": "Cost",
    "Type": "Categorical",
    "Categories": ["Cheap", "Moderate", "Expensive"]
  },
  { "Name": "TakesReservations", "Type": "Boolean" },
  { "Name": "Service", "Type": "Boolean" },
  { "Name": "AverageRating", "Type": "Integer", "Min": 1, "Max": 5 },
  {
    "Name": "ServiceStartHour",
    "Type": "Categorical",
    "Categories": [
      "12 am",
      "1 am",
      "2 am",
      "3 am",
      "4 am",
      "5 am",
      "6 am",
      "7 am",
      "8 am",
      "9 am"
    ],
    "Enabled": "!lambda p: p[\"Service\"]"
  },
  {
    "Name": "ServiceStopHour",
    "Type": "Categorical",
    "Categories": [
      "3 pm",
      "4 pm",
      "5 pm",
      "6 pm",
      "7 pm",
      "8 pm",
      "9 pm",
      "10 pm",
      "11 pm"
    ],
    "Enabled": "!lambda p: p[\"Service\"]"
  },
  {
    "Name": "Location",
    "Type": "Categorical",
    "Categories": ["South", "West", "East", "North", "Center"]
  }
]
