[
    {
        "Name": "City",
        "Type": "Categorical",
        "Categories": [
            "Los Angeles",
            "San Francisco",
            "Chicago",
            "Detroit",
            "New York City",
            "Pittsburgh"
        ]
    },
    {
        "Name": "Weather",
        "Type": "Categorical",
        "Categories": ["Raining", "Snowing", "Sunny", "Partly Cloudy", "Cloudy"]
    },
    {"Name": "TemperatureCelsius", "Type": "Integer", "Min": -5, "Max": 30},
    {
        "Name": "Day",
        "Type": "Categorical",
        "Categories": [
            "Sunday",
            "Monday",
            "Tuesday",
            "Wednesday",
            "Thursday",
            "Friday",
            "Saturday"
        ]
    }
]
